ISO-10303-21;
HEADER;
/* Generated by software containing ST-Developer
 * from STEP Tools, Inc. (www.steptools.com) 
 */
/* OPTION: using custom renumber hook */

FILE_DESCRIPTION(
/* description */ (
'CAx-IF Rec.Pracs.---Representation and Presentation of Product Manufa
cturing Information (PMI)---4.0---2014-10-13',
'CAx-IF Rec.Pracs.---3D Tessellated Geometry---0.4---2014-09-14','2;1'),

/* implementation_level */ '2;1');

FILE_NAME(
/* name */ 'Assieme',
/* time_stamp */ '2026-06-04T12:24:47+02:00',
/* author */ (''),
/* organization */ (''),
/* preprocessor_version */ 'ST-DEVELOPER v20',
/* originating_system */ 'SIEMENS PLM Software NX2506.8700',
/* authorisation */ $);

FILE_SCHEMA (('AP242_MANAGED_MODEL_BASED_3D_ENGINEERING_MIM_LF { 1 0 10303 442 3 1 4 }'));
ENDSEC;

DATA;
#10=VERTEX_LOOP('',#2914);
#11=VERTEX_LOOP('',#2916);
#12=CONTEXT_DEPENDENT_SHAPE_REPRESENTATION(#18,#7751);
#13=CONTEXT_DEPENDENT_SHAPE_REPRESENTATION(#19,#7753);
#14=CONTEXT_DEPENDENT_SHAPE_REPRESENTATION(#20,#7755);
#15=NEXT_ASSEMBLY_USAGE_OCCURRENCE('Lancetta','Lancetta','Lancetta',#7756,
#7757,'');
#16=NEXT_ASSEMBLY_USAGE_OCCURRENCE('Motorino','Motorino','Motorino',#7756,
#7758,'');
#17=NEXT_ASSEMBLY_USAGE_OCCURRENCE('Supporto','Supporto','Supporto',#7756,
#7759,'');
#18=(
REPRESENTATION_RELATIONSHIP(' ',' ',#4557,#4556)
REPRESENTATION_RELATIONSHIP_WITH_TRANSFORMATION(#21)
SHAPE_REPRESENTATION_RELATIONSHIP()
);
#19=(
REPRESENTATION_RELATIONSHIP(' ',' ',#4558,#4556)
REPRESENTATION_RELATIONSHIP_WITH_TRANSFORMATION(#22)
SHAPE_REPRESENTATION_RELATIONSHIP()
);
#20=(
REPRESENTATION_RELATIONSHIP(' ',' ',#4559,#4556)
REPRESENTATION_RELATIONSHIP_WITH_TRANSFORMATION(#23)
SHAPE_REPRESENTATION_RELATIONSHIP()
);
#21=ITEM_DEFINED_TRANSFORMATION(' ',' ',#4560,#4699);
#22=ITEM_DEFINED_TRANSFORMATION(' ',' ',#4560,#4818);
#23=ITEM_DEFINED_TRANSFORMATION(' ',' ',#4560,#5057);
#24=DEFAULT_MODEL_GEOMETRIC_VIEW('Trimetric','',#194,#96,'','',#7750,*);
#25=DEFAULT_MODEL_GEOMETRIC_VIEW('Trimetric','',#202,#104,'','',#7752,*);
#26=DEFAULT_MODEL_GEOMETRIC_VIEW('Trimetric','',#210,#112,'','',#7754,*);
#27=DEFAULT_MODEL_GEOMETRIC_VIEW('Trimetric','',#218,#120,'','',#7755,*);
#28=MECHANICAL_DESIGN_AND_DRAUGHTING_RELATIONSHIP('','',#88,#89);
#29=MECHANICAL_DESIGN_AND_DRAUGHTING_RELATIONSHIP('','',#90,#89);
#30=MECHANICAL_DESIGN_AND_DRAUGHTING_RELATIONSHIP('','',#91,#89);
#31=MECHANICAL_DESIGN_AND_DRAUGHTING_RELATIONSHIP('','',#92,#89);
#32=MECHANICAL_DESIGN_AND_DRAUGHTING_RELATIONSHIP('','',#93,#89);
#33=MECHANICAL_DESIGN_AND_DRAUGHTING_RELATIONSHIP('','',#94,#89);
#34=MECHANICAL_DESIGN_AND_DRAUGHTING_RELATIONSHIP('','',#95,#89);
#35=MECHANICAL_DESIGN_AND_DRAUGHTING_RELATIONSHIP('','',#96,#89);
#36=MECHANICAL_DESIGN_AND_DRAUGHTING_RELATIONSHIP('','',#97,#89);
#37=MECHANICAL_DESIGN_AND_DRAUGHTING_RELATIONSHIP('','',#98,#89);
#38=MECHANICAL_DESIGN_AND_DRAUGHTING_RELATIONSHIP('','',#99,#89);
#39=MECHANICAL_DESIGN_AND_DRAUGHTING_RELATIONSHIP('','',#100,#89);
#40=MECHANICAL_DESIGN_AND_DRAUGHTING_RELATIONSHIP('','',#101,#89);
#41=MECHANICAL_DESIGN_AND_DRAUGHTING_RELATIONSHIP('','',#102,#89);
#42=MECHANICAL_DESIGN_AND_DRAUGHTING_RELATIONSHIP('','',#103,#89);
#43=MECHANICAL_DESIGN_AND_DRAUGHTING_RELATIONSHIP('','',#104,#89);
#44=MECHANICAL_DESIGN_AND_DRAUGHTING_RELATIONSHIP('','',#105,#89);
#45=MECHANICAL_DESIGN_AND_DRAUGHTING_RELATIONSHIP('','',#106,#89);
#46=MECHANICAL_DESIGN_AND_DRAUGHTING_RELATIONSHIP('','',#107,#89);
#47=MECHANICAL_DESIGN_AND_DRAUGHTING_RELATIONSHIP('','',#108,#89);
#48=MECHANICAL_DESIGN_AND_DRAUGHTING_RELATIONSHIP('','',#109,#89);
#49=MECHANICAL_DESIGN_AND_DRAUGHTING_RELATIONSHIP('','',#110,#89);
#50=MECHANICAL_DESIGN_AND_DRAUGHTING_RELATIONSHIP('','',#111,#89);
#51=MECHANICAL_DESIGN_AND_DRAUGHTING_RELATIONSHIP('','',#112,#89);
#52=MECHANICAL_DESIGN_AND_DRAUGHTING_RELATIONSHIP('','',#113,#89);
#53=MECHANICAL_DESIGN_AND_DRAUGHTING_RELATIONSHIP('','',#114,#89);
#54=MECHANICAL_DESIGN_AND_DRAUGHTING_RELATIONSHIP('','',#115,#89);
#55=MECHANICAL_DESIGN_AND_DRAUGHTING_RELATIONSHIP('','',#116,#89);
#56=MECHANICAL_DESIGN_AND_DRAUGHTING_RELATIONSHIP('','',#117,#89);
#57=MECHANICAL_DESIGN_AND_DRAUGHTING_RELATIONSHIP('','',#118,#89);
#58=MECHANICAL_DESIGN_AND_DRAUGHTING_RELATIONSHIP('','',#119,#89);
#59=MECHANICAL_DESIGN_AND_DRAUGHTING_RELATIONSHIP('','',#120,#89);
#60=MODEL_GEOMETRIC_VIEW('Top','',#187,#88);
#61=MODEL_GEOMETRIC_VIEW('Front','',#188,#90);
#62=MODEL_GEOMETRIC_VIEW('Right','',#189,#91);
#63=MODEL_GEOMETRIC_VIEW('Back','',#190,#92);
#64=MODEL_GEOMETRIC_VIEW('Bottom','',#191,#93);
#65=MODEL_GEOMETRIC_VIEW('Left','',#192,#94);
#66=MODEL_GEOMETRIC_VIEW('Isometric','',#193,#95);
#67=MODEL_GEOMETRIC_VIEW('Top','',#195,#97);
#68=MODEL_GEOMETRIC_VIEW('Front','',#196,#98);
#69=MODEL_GEOMETRIC_VIEW('Right','',#197,#99);
#70=MODEL_GEOMETRIC_VIEW('Back','',#198,#100);
#71=MODEL_GEOMETRIC_VIEW('Bottom','',#199,#101);
#72=MODEL_GEOMETRIC_VIEW('Left','',#200,#102);
#73=MODEL_GEOMETRIC_VIEW('Isometric','',#201,#103);
#74=MODEL_GEOMETRIC_VIEW('Top','',#203,#105);
#75=MODEL_GEOMETRIC_VIEW('Front','',#204,#106);
#76=MODEL_GEOMETRIC_VIEW('Right','',#205,#107);
#77=MODEL_GEOMETRIC_VIEW('Back','',#206,#108);
#78=MODEL_GEOMETRIC_VIEW('Bottom','',#207,#109);
#79=MODEL_GEOMETRIC_VIEW('Left','',#208,#110);
#80=MODEL_GEOMETRIC_VIEW('Isometric','',#209,#111);
#81=MODEL_GEOMETRIC_VIEW('Top','',#211,#113);
#82=MODEL_GEOMETRIC_VIEW('Front','',#212,#114);
#83=MODEL_GEOMETRIC_VIEW('Right','',#213,#115);
#84=MODEL_GEOMETRIC_VIEW('Back','',#214,#116);
#85=MODEL_GEOMETRIC_VIEW('Bottom','',#215,#117);
#86=MODEL_GEOMETRIC_VIEW('Left','',#216,#118);
#87=MODEL_GEOMETRIC_VIEW('Isometric','',#217,#119);
#88=DRAUGHTING_MODEL('Top',(#187,#154),#7739);
#89=DRAUGHTING_MODEL('',(#155),#7738);
#90=DRAUGHTING_MODEL('Front',(#188,#156),#7739);
#91=DRAUGHTING_MODEL('Right',(#189,#157),#7739);
#92=DRAUGHTING_MODEL('Back',(#190,#158),#7739);
#93=DRAUGHTING_MODEL('Bottom',(#191,#159),#7739);
#94=DRAUGHTING_MODEL('Left',(#192,#160),#7739);
#95=DRAUGHTING_MODEL('Isometric',(#193,#161),#7739);
#96=DRAUGHTING_MODEL('Trimetric',(#194,#162),#7739);
#97=DRAUGHTING_MODEL('Top',(#195,#163),#7740);
#98=DRAUGHTING_MODEL('Front',(#196,#164),#7740);
#99=DRAUGHTING_MODEL('Right',(#197,#165),#7740);
#100=DRAUGHTING_MODEL('Back',(#198,#166),#7740);
#101=DRAUGHTING_MODEL('Bottom',(#199,#167),#7740);
#102=DRAUGHTING_MODEL('Left',(#200,#168),#7740);
#103=DRAUGHTING_MODEL('Isometric',(#201,#169),#7740);
#104=DRAUGHTING_MODEL('Trimetric',(#202,#170),#7740);
#105=DRAUGHTING_MODEL('Top',(#203,#171),#7741);
#106=DRAUGHTING_MODEL('Front',(#204,#172),#7741);
#107=DRAUGHTING_MODEL('Right',(#205,#173),#7741);
#108=DRAUGHTING_MODEL('Back',(#206,#174),#7741);
#109=DRAUGHTING_MODEL('Bottom',(#207,#175),#7741);
#110=DRAUGHTING_MODEL('Left',(#208,#176),#7741);
#111=DRAUGHTING_MODEL('Isometric',(#209,#177),#7741);
#112=DRAUGHTING_MODEL('Trimetric',(#210,#178),#7741);
#113=DRAUGHTING_MODEL('Top',(#211,#179),#7738);
#114=DRAUGHTING_MODEL('Front',(#212,#180),#7738);
#115=DRAUGHTING_MODEL('Right',(#213,#181),#7738);
#116=DRAUGHTING_MODEL('Back',(#214,#182),#7738);
#117=DRAUGHTING_MODEL('Bottom',(#215,#183),#7738);
#118=DRAUGHTING_MODEL('Left',(#216,#184),#7738);
#119=DRAUGHTING_MODEL('Isometric',(#217,#185),#7738);
#120=DRAUGHTING_MODEL('Trimetric',(#218,#186),#7738);
#121=REPRESENTATION_MAP(#4560,#287);
#122=REPRESENTATION_MAP(#4560,#287);
#123=REPRESENTATION_MAP(#4560,#287);
#124=REPRESENTATION_MAP(#4560,#287);
#125=REPRESENTATION_MAP(#4560,#287);
#126=REPRESENTATION_MAP(#4560,#287);
#127=REPRESENTATION_MAP(#4560,#287);
#128=REPRESENTATION_MAP(#4560,#287);
#129=REPRESENTATION_MAP(#4560,#287);
#130=REPRESENTATION_MAP(#4560,#288);
#131=REPRESENTATION_MAP(#4560,#288);
#132=REPRESENTATION_MAP(#4560,#288);
#133=REPRESENTATION_MAP(#4560,#288);
#134=REPRESENTATION_MAP(#4560,#288);
#135=REPRESENTATION_MAP(#4560,#288);
#136=REPRESENTATION_MAP(#4560,#288);
#137=REPRESENTATION_MAP(#4560,#288);
#138=REPRESENTATION_MAP(#4560,#289);
#139=REPRESENTATION_MAP(#4560,#289);
#140=REPRESENTATION_MAP(#4560,#289);
#141=REPRESENTATION_MAP(#4560,#289);
#142=REPRESENTATION_MAP(#4560,#289);
#143=REPRESENTATION_MAP(#4560,#289);
#144=REPRESENTATION_MAP(#4560,#289);
#145=REPRESENTATION_MAP(#4560,#289);
#146=REPRESENTATION_MAP(#4560,#4556);
#147=REPRESENTATION_MAP(#4560,#4556);
#148=REPRESENTATION_MAP(#4560,#4556);
#149=REPRESENTATION_MAP(#4560,#4556);
#150=REPRESENTATION_MAP(#4560,#4556);
#151=REPRESENTATION_MAP(#4560,#4556);
#152=REPRESENTATION_MAP(#4560,#4556);
#153=REPRESENTATION_MAP(#4560,#4556);
#154=MAPPED_ITEM('',#121,#4560);
#155=MAPPED_ITEM('',#122,#4560);
#156=MAPPED_ITEM('',#123,#4560);
#157=MAPPED_ITEM('',#124,#4560);
#158=MAPPED_ITEM('',#125,#4560);
#159=MAPPED_ITEM('',#126,#4560);
#160=MAPPED_ITEM('',#127,#4560);
#161=MAPPED_ITEM('',#128,#4560);
#162=MAPPED_ITEM('',#129,#4560);
#163=MAPPED_ITEM('',#130,#4560);
#164=MAPPED_ITEM('',#131,#4560);
#165=MAPPED_ITEM('',#132,#4560);
#166=MAPPED_ITEM('',#133,#4560);
#167=MAPPED_ITEM('',#134,#4560);
#168=MAPPED_ITEM('',#135,#4560);
#169=MAPPED_ITEM('',#136,#4560);
#170=MAPPED_ITEM('',#137,#4560);
#171=MAPPED_ITEM('',#138,#4560);
#172=MAPPED_ITEM('',#139,#4560);
#173=MAPPED_ITEM('',#140,#4560);
#174=MAPPED_ITEM('',#141,#4560);
#175=MAPPED_ITEM('',#142,#4560);
#176=MAPPED_ITEM('',#143,#4560);
#177=MAPPED_ITEM('',#144,#4560);
#178=MAPPED_ITEM('',#145,#4560);
#179=MAPPED_ITEM('',#146,#4560);
#180=MAPPED_ITEM('',#147,#4560);
#181=MAPPED_ITEM('',#148,#4560);
#182=MAPPED_ITEM('',#149,#4560);
#183=MAPPED_ITEM('',#150,#4560);
#184=MAPPED_ITEM('',#151,#4560);
#185=MAPPED_ITEM('',#152,#4560);
#186=MAPPED_ITEM('',#153,#4560);
#187=CAMERA_MODEL_D3('Top',#4683,#219);
#188=CAMERA_MODEL_D3('Front',#4685,#220);
#189=CAMERA_MODEL_D3('Right',#4687,#221);
#190=CAMERA_MODEL_D3('Back',#4689,#222);
#191=CAMERA_MODEL_D3('Bottom',#4691,#223);
#192=CAMERA_MODEL_D3('Left',#4693,#224);
#193=CAMERA_MODEL_D3('Isometric',#4695,#225);
#194=CAMERA_MODEL_D3('Trimetric',#4697,#226);
#195=CAMERA_MODEL_D3('Top',#4802,#227);
#196=CAMERA_MODEL_D3('Front',#4804,#228);
#197=CAMERA_MODEL_D3('Right',#4806,#229);
#198=CAMERA_MODEL_D3('Back',#4808,#230);
#199=CAMERA_MODEL_D3('Bottom',#4810,#231);
#200=CAMERA_MODEL_D3('Left',#4812,#232);
#201=CAMERA_MODEL_D3('Isometric',#4814,#233);
#202=CAMERA_MODEL_D3('Trimetric',#4816,#234);
#203=CAMERA_MODEL_D3('Top',#5041,#235);
#204=CAMERA_MODEL_D3('Front',#5043,#236);
#205=CAMERA_MODEL_D3('Right',#5045,#237);
#206=CAMERA_MODEL_D3('Back',#5047,#238);
#207=CAMERA_MODEL_D3('Bottom',#5049,#239);
#208=CAMERA_MODEL_D3('Left',#5051,#240);
#209=CAMERA_MODEL_D3('Isometric',#5053,#241);
#210=CAMERA_MODEL_D3('Trimetric',#5055,#242);
#211=CAMERA_MODEL_D3('Top',#5058,#243);
#212=CAMERA_MODEL_D3('Front',#5060,#244);
#213=CAMERA_MODEL_D3('Right',#5062,#245);
#214=CAMERA_MODEL_D3('Back',#5064,#246);
#215=CAMERA_MODEL_D3('Bottom',#5066,#247);
#216=CAMERA_MODEL_D3('Left',#5068,#248);
#217=CAMERA_MODEL_D3('Isometric',#5070,#249);
#218=CAMERA_MODEL_D3('Trimetric',#5072,#250);
#219=VIEW_VOLUME(.PARALLEL.,#6775,347.082183837891,0.,.F.,0.,.F.,.F.,#251);
#220=VIEW_VOLUME(.PARALLEL.,#6778,2223.30786132812,0.,.F.,0.,.F.,.F.,#252);
#221=VIEW_VOLUME(.PARALLEL.,#6781,2223.30786132812,0.,.F.,0.,.F.,.F.,#253);
#222=VIEW_VOLUME(.PARALLEL.,#6784,2223.30786132812,0.,.F.,0.,.F.,.F.,#254);
#223=VIEW_VOLUME(.PARALLEL.,#6787,347.082183837891,0.,.F.,0.,.F.,.F.,#255);
#224=VIEW_VOLUME(.PARALLEL.,#6790,2223.30786132812,0.,.F.,0.,.F.,.F.,#256);
#225=VIEW_VOLUME(.PARALLEL.,#6793,2183.69827874526,0.,.F.,0.,.F.,.F.,#257);
#226=VIEW_VOLUME(.PARALLEL.,#6796,2304.60841666063,0.,.F.,0.,.F.,.F.,#258);
#227=VIEW_VOLUME(.PARALLEL.,#7076,347.082183837891,0.,.F.,0.,.F.,.F.,#259);
#228=VIEW_VOLUME(.PARALLEL.,#7079,2223.30786132812,0.,.F.,0.,.F.,.F.,#260);
#229=VIEW_VOLUME(.PARALLEL.,#7082,2223.30786132812,0.,.F.,0.,.F.,.F.,#261);
#230=VIEW_VOLUME(.PARALLEL.,#7085,2223.30786132812,0.,.F.,0.,.F.,.F.,#262);
#231=VIEW_VOLUME(.PARALLEL.,#7088,347.082183837891,0.,.F.,0.,.F.,.F.,#263);
#232=VIEW_VOLUME(.PARALLEL.,#7091,2223.30786132812,0.,.F.,0.,.F.,.F.,#264);
#233=VIEW_VOLUME(.PARALLEL.,#7094,2183.69827874526,0.,.F.,0.,.F.,.F.,#265);
#234=VIEW_VOLUME(.PARALLEL.,#7097,2304.60841666063,0.,.F.,0.,.F.,.F.,#266);
#235=VIEW_VOLUME(.PARALLEL.,#7689,347.082183837891,0.,.F.,0.,.F.,.F.,#267);
#236=VIEW_VOLUME(.PARALLEL.,#7692,2223.30786132812,0.,.F.,0.,.F.,.F.,#268);
#237=VIEW_VOLUME(.PARALLEL.,#7695,2223.30786132812,0.,.F.,0.,.F.,.F.,#269);
#238=VIEW_VOLUME(.PARALLEL.,#7698,2223.30786132812,0.,.F.,0.,.F.,.F.,#270);
#239=VIEW_VOLUME(.PARALLEL.,#7701,347.082183837891,0.,.F.,0.,.F.,.F.,#271);
#240=VIEW_VOLUME(.PARALLEL.,#7704,2223.30786132812,0.,.F.,0.,.F.,.F.,#272);
#241=VIEW_VOLUME(.PARALLEL.,#7707,2183.69827874526,0.,.F.,0.,.F.,.F.,#273);
#242=VIEW_VOLUME(.PARALLEL.,#7710,2304.60841666063,0.,.F.,0.,.F.,.F.,#274);
#243=VIEW_VOLUME(.PARALLEL.,#7714,188.998947143555,0.,.F.,0.,.F.,.F.,#275);
#244=VIEW_VOLUME(.PARALLEL.,#7717,89.4473495483398,0.,.F.,0.,.F.,.F.,#276);
#245=VIEW_VOLUME(.PARALLEL.,#7720,89.4473495483398,0.,.F.,0.,.F.,.F.,#277);
#246=VIEW_VOLUME(.PARALLEL.,#7723,89.4473495483398,0.,.F.,0.,.F.,.F.,#278);
#247=VIEW_VOLUME(.PARALLEL.,#7726,188.998947143555,0.,.F.,0.,.F.,.F.,#279);
#248=VIEW_VOLUME(.PARALLEL.,#7729,89.4473495483398,0.,.F.,0.,.F.,.F.,#280);
#249=VIEW_VOLUME(.PARALLEL.,#7732,193.294493276807,0.,.F.,0.,.F.,.F.,#281);
#250=VIEW_VOLUME(.PARALLEL.,#7735,158.434380834644,0.,.F.,0.,.F.,.F.,#282);
#251=PLANAR_BOX('',173.074615083798,173.074615083798,#4684);
#252=PLANAR_BOX('',1108.66581527524,1108.66581527524,#4686);
#253=PLANAR_BOX('',1108.66581527524,1108.66581527524,#4688);
#254=PLANAR_BOX('',1108.66581527524,1108.66581527524,#4690);
#255=PLANAR_BOX('',173.074615083798,173.074615083798,#4692);
#256=PLANAR_BOX('',1108.66581527524,1108.66581527524,#4694);
#257=PLANAR_BOX('',1088.91425907793,1088.91425907793,#4696);
#258=PLANAR_BOX('',1149.20682537458,1149.20682537458,#4698);
#259=PLANAR_BOX('',173.074615083798,173.074615083798,#4803);
#260=PLANAR_BOX('',1108.66581527524,1108.66581527524,#4805);
#261=PLANAR_BOX('',1108.66581527524,1108.66581527524,#4807);
#262=PLANAR_BOX('',1108.66581527524,1108.66581527524,#4809);
#263=PLANAR_BOX('',173.074615083798,173.074615083798,#4811);
#264=PLANAR_BOX('',1108.66581527524,1108.66581527524,#4813);
#265=PLANAR_BOX('',1088.91425907793,1088.91425907793,#4815);
#266=PLANAR_BOX('',1149.20682537458,1149.20682537458,#4817);
#267=PLANAR_BOX('',173.074615083798,173.074615083798,#5042);
#268=PLANAR_BOX('',1108.66581527524,1108.66581527524,#5044);
#269=PLANAR_BOX('',1108.66581527524,1108.66581527524,#5046);
#270=PLANAR_BOX('',1108.66581527524,1108.66581527524,#5048);
#271=PLANAR_BOX('',173.074615083798,173.074615083798,#5050);
#272=PLANAR_BOX('',1108.66581527524,1108.66581527524,#5052);
#273=PLANAR_BOX('',1088.91425907793,1088.91425907793,#5054);
#274=PLANAR_BOX('',1149.20682537458,1149.20682537458,#5056);
#275=PLANAR_BOX('',94.2454598689278,94.2454598689278,#5059);
#276=PLANAR_BOX('',44.603457953853,44.603457953853,#5061);
#277=PLANAR_BOX('',44.603457953853,44.603457953853,#5063);
#278=PLANAR_BOX('',44.603457953853,44.603457953853,#5065);
#279=PLANAR_BOX('',94.2454598689278,94.2454598689278,#5067);
#280=PLANAR_BOX('',44.603457953853,44.603457953853,#5069);
#281=PLANAR_BOX('',96.3874597415995,96.3874597415995,#5071);
#282=PLANAR_BOX('',79.0042553489381,79.0042553489381,#5073);
#283=DRAUGHTING_PRE_DEFINED_COLOUR('black');
#284=SHAPE_REPRESENTATION_RELATIONSHIP('','',#4557,#287);
#285=SHAPE_REPRESENTATION_RELATIONSHIP('','',#4558,#288);
#286=SHAPE_REPRESENTATION_RELATIONSHIP('','',#4559,#289);
#287=ADVANCED_BREP_SHAPE_REPRESENTATION('',(#4547,#4548,#4549),#7739);
#288=ADVANCED_BREP_SHAPE_REPRESENTATION('',(#4550),#7740);
#289=ADVANCED_BREP_SHAPE_REPRESENTATION('',(#4551),#7741);
#290=TOROIDAL_SURFACE('',#4662,8.,3.);
#291=TOROIDAL_SURFACE('',#4853,27.2,3.00000000000001);
#292=ELLIPSE('',#4635,0.282842712474611,0.199999999999995);
#293=ELLIPSE('',#4834,34.223968209429,24.2);
#294=ELLIPSE('',#4835,34.223968209429,24.2);
#295=ELLIPSE('',#4839,34.2239682094287,24.2);
#296=ELLIPSE('',#4840,34.2239682094289,24.2);
#297=CYLINDRICAL_SURFACE('',#4585,2.75);
#298=CYLINDRICAL_SURFACE('',#4594,0.5);
#299=CYLINDRICAL_SURFACE('',#4597,6.34661428173794);
#300=CYLINDRICAL_SURFACE('',#4600,2.);
#301=CYLINDRICAL_SURFACE('',#4603,25.);
#302=CYLINDRICAL_SURFACE('',#4606,2.);
#303=CYLINDRICAL_SURFACE('',#4609,6.34661428173794);
#304=CYLINDRICAL_SURFACE('',#4620,5.);
#305=CYLINDRICAL_SURFACE('',#4625,16.55);
#306=CYLINDRICAL_SURFACE('',#4627,16.55);
#307=CYLINDRICAL_SURFACE('',#4633,0.199999999999995);
#308=CYLINDRICAL_SURFACE('',#4640,1.);
#309=CYLINDRICAL_SURFACE('',#4642,1.);
#310=CYLINDRICAL_SURFACE('',#4644,1.);
#311=CYLINDRICAL_SURFACE('',#4646,1.);
#312=CYLINDRICAL_SURFACE('',#4671,14.95);
#313=CYLINDRICAL_SURFACE('',#4673,0.199999999999995);
#314=CYLINDRICAL_SURFACE('',#4682,14.95);
#315=CYLINDRICAL_SURFACE('',#4700,14.);
#316=CYLINDRICAL_SURFACE('',#4744,3.44999999999998);
#317=CYLINDRICAL_SURFACE('',#4747,2.1);
#318=CYLINDRICAL_SURFACE('',#4750,3.44999999999998);
#319=CYLINDRICAL_SURFACE('',#4754,2.1);
#320=CYLINDRICAL_SURFACE('',#4757,4.65);
#321=CYLINDRICAL_SURFACE('',#4761,2.44);
#322=CYLINDRICAL_SURFACE('',#4775,0.65);
#323=CYLINDRICAL_SURFACE('',#4778,0.65);
#324=CYLINDRICAL_SURFACE('',#4779,0.45);
#325=CYLINDRICAL_SURFACE('',#4782,0.45);
#326=CYLINDRICAL_SURFACE('',#4785,0.45);
#327=CYLINDRICAL_SURFACE('',#4788,0.45);
#328=CYLINDRICAL_SURFACE('',#4791,0.45);
#329=CYLINDRICAL_SURFACE('',#4794,14.2);
#330=CYLINDRICAL_SURFACE('',#4798,14.2);
#331=CYLINDRICAL_SURFACE('',#4819,14.2);
#332=CYLINDRICAL_SURFACE('',#4829,24.2);
#333=CYLINDRICAL_SURFACE('',#4857,49.2);
#334=CYLINDRICAL_SURFACE('',#4868,6.);
#335=CYLINDRICAL_SURFACE('',#4872,6.);
#336=CYLINDRICAL_SURFACE('',#4876,6.);
#337=CYLINDRICAL_SURFACE('',#4880,6.);
#338=CYLINDRICAL_SURFACE('',#4893,29.2);
#339=CYLINDRICAL_SURFACE('',#4897,26.2);
#340=CYLINDRICAL_SURFACE('',#4915,29.2);
#341=CYLINDRICAL_SURFACE('',#4919,26.2);
#342=CYLINDRICAL_SURFACE('',#4941,29.2);
#343=CYLINDRICAL_SURFACE('',#4945,1.1);
#344=CYLINDRICAL_SURFACE('',#4948,1.1);
#345=CYLINDRICAL_SURFACE('',#4985,1.);
#346=CYLINDRICAL_SURFACE('',#4988,1.);
#347=CYLINDRICAL_SURFACE('',#4991,1.);
#348=CYLINDRICAL_SURFACE('',#4994,1.);
#349=CYLINDRICAL_SURFACE('',#4997,1.);
#350=CYLINDRICAL_SURFACE('',#5000,1.);
#351=CYLINDRICAL_SURFACE('',#5003,2.);
#352=CYLINDRICAL_SURFACE('',#5006,2.);
#353=B_SPLINE_SURFACE_WITH_KNOTS('',3,1,((#6443,#6444),(#6445,#6446),(#6447,
#6448),(#6449,#6450)),.SURF_OF_LINEAR_EXTRUSION.,.F.,.F.,.F.,(4,4),(2,2),
(0.280994141674419,1.),(0.,1.),.PIECEWISE_BEZIER_KNOTS.);
#354=B_SPLINE_SURFACE_WITH_KNOTS('',3,1,((#6474,#6475),(#6476,#6477),(#6478,
#6479),(#6480,#6481)),.SURF_OF_LINEAR_EXTRUSION.,.F.,.F.,.F.,(4,4),(2,2),
(0.,0.00829225414385805),(0.,1.),.PIECEWISE_BEZIER_KNOTS.);
#355=B_SPLINE_SURFACE_WITH_KNOTS('',1,3,((#6663,#6664,#6665,#6666),(#6667,
#6668,#6669,#6670)),.SURF_OF_LINEAR_EXTRUSION.,.F.,.F.,.F.,(2,2),(4,4),
(0.,1.),(0.301769311315032,0.496531431092205),.PIECEWISE_BEZIER_KNOTS.);
#356=B_SPLINE_SURFACE_WITH_KNOTS('',1,3,((#6692,#6693,#6694,#6695),(#6696,
#6697,#6698,#6699)),.SURF_OF_LINEAR_EXTRUSION.,.F.,.F.,.F.,(2,2),(4,4),
(0.,1.),(0.0977376725937055,0.0982755900693914),
 .PIECEWISE_BEZIER_KNOTS.);
#357=B_SPLINE_CURVE_WITH_KNOTS('',3,(#6418,#6419,#6420,#6421),
 .UNSPECIFIED.,.F.,.F.,(4,4),(0.00040401274204942,0.000604134672431716),
 .UNSPECIFIED.);
#358=B_SPLINE_CURVE_WITH_KNOTS('',3,(#6426,#6427,#6428,#6429),
 .UNSPECIFIED.,.F.,.F.,(4,4),(0.0012849115320741,0.00148503346245639),
 .UNSPECIFIED.);
#359=B_SPLINE_CURVE_WITH_KNOTS('',3,(#6433,#6434,#6435,#6436),
 .UNSPECIFIED.,.F.,.F.,(4,4),(0.00130126770270763,0.00150138963308992),
 .UNSPECIFIED.);
#360=B_SPLINE_CURVE_WITH_KNOTS('',3,(#6437,#6438,#6439,#6440),
 .UNSPECIFIED.,.F.,.F.,(4,4),(0.0012849115320741,0.0014850334624564),
 .UNSPECIFIED.);
#361=B_SPLINE_CURVE_WITH_KNOTS('',3,(#6454,#6455,#6456,#6457),
 .UNSPECIFIED.,.F.,.F.,(4,4),(0.,1.),.UNSPECIFIED.);
#362=B_SPLINE_CURVE_WITH_KNOTS('',3,(#6461,#6462,#6463,#6464),
 .UNSPECIFIED.,.F.,.F.,(4,4),(0.,1.),.PIECEWISE_BEZIER_KNOTS.);
#363=B_SPLINE_CURVE_WITH_KNOTS('',3,(#6485,#6486,#6487,#6488),
 .UNSPECIFIED.,.F.,.F.,(4,4),(0.,1.),.UNSPECIFIED.);
#364=B_SPLINE_CURVE_WITH_KNOTS('',3,(#6492,#6493,#6494,#6495),
 .UNSPECIFIED.,.F.,.F.,(4,4),(0.,1.),.PIECEWISE_BEZIER_KNOTS.);
#365=B_SPLINE_CURVE_WITH_KNOTS('',3,(#6500,#6501,#6502,#6503),
 .UNSPECIFIED.,.F.,.F.,(4,4),(0.,1.),.UNSPECIFIED.);
#366=B_SPLINE_CURVE_WITH_KNOTS('',3,(#6514,#6515,#6516,#6517),
 .UNSPECIFIED.,.F.,.F.,(4,4),(0.,1.),.UNSPECIFIED.);
#367=B_SPLINE_CURVE_WITH_KNOTS('',3,(#6623,#6624,#6625,#6626),
 .UNSPECIFIED.,.F.,.F.,(4,4),(0.,1.),.UNSPECIFIED.);
#368=B_SPLINE_CURVE_WITH_KNOTS('',3,(#6636,#6637,#6638,#6639),
 .UNSPECIFIED.,.F.,.F.,(4,4),(0.,0.000282847348898372),.UNSPECIFIED.);
#369=B_SPLINE_CURVE_WITH_KNOTS('',3,(#6641,#6642,#6643,#6644),
 .UNSPECIFIED.,.F.,.F.,(4,4),(4.9065389333868E-18,0.000282847348898373),
 .UNSPECIFIED.);
#370=B_SPLINE_CURVE_WITH_KNOTS('',3,(#6659,#6660,#6661,#6662),
 .UNSPECIFIED.,.F.,.F.,(4,4),(0.,1.),.UNSPECIFIED.);
#371=B_SPLINE_CURVE_WITH_KNOTS('',3,(#6671,#6672,#6673,#6674),
 .UNSPECIFIED.,.F.,.F.,(4,4),(0.,1.),.UNSPECIFIED.);
#372=B_SPLINE_CURVE_WITH_KNOTS('',3,(#6686,#6687,#6688,#6689),
 .UNSPECIFIED.,.F.,.F.,(4,4),(0.,1.),.UNSPECIFIED.);
#373=B_SPLINE_CURVE_WITH_KNOTS('',3,(#6700,#6701,#6702,#6703),
 .UNSPECIFIED.,.F.,.F.,(4,4),(0.,1.),.UNSPECIFIED.);
#374=B_SPLINE_CURVE_WITH_KNOTS('',3,(#6720,#6721,#6722,#6723),
 .UNSPECIFIED.,.F.,.F.,(4,4),(0.,0.000282847348898372),.UNSPECIFIED.);
#375=B_SPLINE_CURVE_WITH_KNOTS('',3,(#6732,#6733,#6734,#6735),
 .UNSPECIFIED.,.F.,.F.,(4,4),(0.,0.000282847348898376),.UNSPECIFIED.);
#376=B_SPLINE_CURVE_WITH_KNOTS('',3,(#7014,#7015,#7016,#7017),
 .UNSPECIFIED.,.F.,.F.,(4,4),(0.,0.000452972355314831),.UNSPECIFIED.);
#377=B_SPLINE_CURVE_WITH_KNOTS('',3,(#7018,#7019,#7020,#7021),
 .UNSPECIFIED.,.F.,.F.,(4,4),(0.,0.000452972355314594),.UNSPECIFIED.);
#378=B_SPLINE_CURVE_WITH_KNOTS('',3,(#7023,#7024,#7025,#7026),
 .UNSPECIFIED.,.F.,.F.,(4,4),(0.,0.00045297235531483),.UNSPECIFIED.);
#379=B_SPLINE_CURVE_WITH_KNOTS('',3,(#7028,#7029,#7030,#7031),
 .UNSPECIFIED.,.F.,.F.,(4,4),(4.35345232431219E-16,0.000452972355314394),
 .UNSPECIFIED.);
#380=B_SPLINE_CURVE_WITH_KNOTS('',3,(#7119,#7120,#7121,#7122),
 .UNSPECIFIED.,.F.,.F.,(4,4),(2.4532694666934E-18,0.000150767277893671),
 .UNSPECIFIED.);
#381=B_SPLINE_CURVE_WITH_KNOTS('',3,(#7171,#7172,#7173,#7174),
 .UNSPECIFIED.,.F.,.F.,(4,4),(0.,0.000150767277717175),.UNSPECIFIED.);
#382=B_SPLINE_CURVE_WITH_KNOTS('',3,(#7190,#7191,#7192,#7193),
 .UNSPECIFIED.,.F.,.F.,(4,4),(0.,0.00105174494799845),.UNSPECIFIED.);
#383=B_SPLINE_CURVE_WITH_KNOTS('',3,(#7197,#7198,#7199,#7200),
 .UNSPECIFIED.,.F.,.F.,(4,4),(8.67361737988404E-19,0.00105633555782499),
 .UNSPECIFIED.);
#384=B_SPLINE_CURVE_WITH_KNOTS('',3,(#7214,#7215,#7216,#7217),
 .UNSPECIFIED.,.F.,.F.,(4,4),(0.,0.00105174494799844),.UNSPECIFIED.);
#385=B_SPLINE_CURVE_WITH_KNOTS('',3,(#7221,#7222,#7223,#7224),
 .UNSPECIFIED.,.F.,.F.,(4,4),(0.,0.00105633555782499),.UNSPECIFIED.);
#386=B_SPLINE_CURVE_WITH_KNOTS('',3,(#7332,#7333,#7334,#7335),
 .UNSPECIFIED.,.F.,.F.,(4,4),(0.,1.07791355018668E-5),.UNSPECIFIED.);
#387=B_SPLINE_CURVE_WITH_KNOTS('',3,(#7348,#7349,#7350,#7351),
 .UNSPECIFIED.,.F.,.F.,(4,4),(0.,1.07791355018668E-5),.UNSPECIFIED.);
#388=B_SPLINE_CURVE_WITH_KNOTS('',3,(#7521,#7522,#7523,#7524),
 .UNSPECIFIED.,.F.,.F.,(4,4),(0.,0.000649993824289064),.UNSPECIFIED.);
#389=B_SPLINE_CURVE_WITH_KNOTS('',3,(#7536,#7537,#7538,#7539),
 .UNSPECIFIED.,.F.,.F.,(4,4),(0.,0.000570138319987777),.UNSPECIFIED.);
#390=B_SPLINE_CURVE_WITH_KNOTS('',3,(#7541,#7542,#7543,#7544),
 .UNSPECIFIED.,.F.,.F.,(4,4),(0.,0.000649993824289053),.UNSPECIFIED.);
#391=B_SPLINE_CURVE_WITH_KNOTS('',3,(#7549,#7550,#7551,#7552),
 .UNSPECIFIED.,.F.,.F.,(4,4),(0.,0.000795686162334773),.UNSPECIFIED.);
#392=B_SPLINE_CURVE_WITH_KNOTS('',3,(#7556,#7557,#7558,#7559),
 .UNSPECIFIED.,.F.,.F.,(4,4),(0.,0.000570138319987775),.UNSPECIFIED.);
#393=B_SPLINE_CURVE_WITH_KNOTS('',3,(#7565,#7566,#7567,#7568),
 .UNSPECIFIED.,.F.,.F.,(4,4),(0.,0.00079568616233477),.UNSPECIFIED.);
#394=B_SPLINE_CURVE_WITH_KNOTS('',3,(#7570,#7571,#7572,#7573),
 .UNSPECIFIED.,.F.,.F.,(4,4),(0.,0.000607371284863497),.UNSPECIFIED.);
#395=B_SPLINE_CURVE_WITH_KNOTS('',3,(#7581,#7582,#7583,#7584),
 .UNSPECIFIED.,.F.,.F.,(4,4),(0.,0.000607371284863496),.UNSPECIFIED.);
#396=CONICAL_SURFACE('',#4570,14.95,0.0349065850398866);
#397=CONICAL_SURFACE('',#4648,0.5,0.785398163397448);
#398=CONICAL_SURFACE('',#4650,1.4,0.785398163397449);
#399=CONICAL_SURFACE('',#4651,1.4,0.785398163397449);
#400=CONICAL_SURFACE('',#4652,16.55,0.785398163397449);
#401=CONICAL_SURFACE('',#4653,16.55,0.785398163397449);
#402=CONICAL_SURFACE('',#4654,1.4,0.785398163397448);
#403=CONICAL_SURFACE('',#4655,1.4,0.785398163397449);
#404=CONICAL_SURFACE('',#4657,6.74661428173794,0.785398163397444);
#405=CONICAL_SURFACE('',#4658,6.74661428173794,0.785398163397448);
#406=CONICAL_SURFACE('',#4659,1.6,0.785398163397445);
#407=CONICAL_SURFACE('',#4660,1.6,0.785398163397447);
#408=CONICAL_SURFACE('',#4661,24.6,0.785398163397441);
#409=CONICAL_SURFACE('',#4672,24.6,0.785398163397454);
#410=CONICAL_SURFACE('',#4772,2.14,0.785398163397446);
#411=CONICAL_SURFACE('',#4773,2.14,0.785398163397446);
#412=CONICAL_SURFACE('',#4860,1.95,0.174532925199433);
#413=CONICAL_SURFACE('',#4864,1.95,0.174532925199433);
#414=CONICAL_SURFACE('',#4884,6.6,0.785398163397448);
#415=CONICAL_SURFACE('',#4885,6.6,0.785398163397447);
#416=CONICAL_SURFACE('',#4886,6.6,0.785398163397448);
#417=CONICAL_SURFACE('',#4887,6.,0.78539816339745);
#418=CONICAL_SURFACE('',#4943,1.1,0.785398163397448);
#419=CONICAL_SURFACE('',#4946,1.1,0.785398163397448);
#420=CONICAL_SURFACE('',#4949,1.95,0.785398163397444);
#421=CONICAL_SURFACE('',#4950,1.55,0.785398163397452);
#422=CONICAL_SURFACE('',#4951,29.2,0.785398163397446);
#423=CONICAL_SURFACE('',#4952,48.8,0.785398163397445);
#424=CONICAL_SURFACE('',#4953,49.2,0.785398163397446);
#425=CONICAL_SURFACE('',#4962,24.2,0.785398163676479);
#426=CONICAL_SURFACE('',#4966,24.2,0.785398163397453);
#427=CONICAL_SURFACE('',#4969,14.5999999997938,0.785398163139675);
#428=CONICAL_SURFACE('',#4974,14.6,0.78539816339745);
#429=CONICAL_SURFACE('',#5010,1.6,0.785398163397447);
#430=CONICAL_SURFACE('',#5011,29.2,0.785398163397448);
#431=CONICAL_SURFACE('',#5012,0.600000000000001,0.785398163397446);
#432=CONICAL_SURFACE('',#5014,0.599999999999998,0.78539816339745);
#433=CONICAL_SURFACE('',#5015,26.2,0.785398163397448);
#434=CONICAL_SURFACE('',#5016,1.4,0.785398163397449);
#435=CONICAL_SURFACE('',#5018,1.6,0.785398163397447);
#436=CONICAL_SURFACE('',#5019,28.8,0.785398163397448);
#437=CONICAL_SURFACE('',#5020,0.600000000000001,0.785398163397446);
#438=CONICAL_SURFACE('',#5022,0.599999999999998,0.78539816339745);
#439=CONICAL_SURFACE('',#5023,26.6,0.785398163397444);
#440=CONICAL_SURFACE('',#5024,1.4,0.785398163397449);
#441=CONICAL_SURFACE('',#5026,1.6,0.785398163397448);
#442=CONICAL_SURFACE('',#5027,28.8,0.785398163397453);
#443=CONICAL_SURFACE('',#5028,0.6,0.785398163397448);
#444=CONICAL_SURFACE('',#5030,0.599999999999999,0.785398163397448);
#445=CONICAL_SURFACE('',#5031,26.6,0.785398163397448);
#446=CONICAL_SURFACE('',#5032,1.4,0.785398163397449);
#447=CONICAL_SURFACE('',#5034,1.6,0.785398163397452);
#448=CONICAL_SURFACE('',#5035,29.2,0.785398163397453);
#449=CONICAL_SURFACE('',#5036,0.6,0.785398163397452);
#450=CONICAL_SURFACE('',#5038,0.599999999999999,0.785398163397452);
#451=CONICAL_SURFACE('',#5039,26.2,0.785398163397453);
#452=CONICAL_SURFACE('',#5040,1.4,0.785398163397453);
#453=LINE('',#6389,#733);
#454=LINE('',#6393,#734);
#455=LINE('',#6395,#735);
#456=LINE('',#6403,#736);
#457=LINE('',#6407,#737);
#458=LINE('',#6410,#738);
#459=LINE('',#6412,#739);
#460=LINE('',#6414,#740);
#461=LINE('',#6451,#741);
#462=LINE('',#6459,#742);
#463=LINE('',#6466,#743);
#464=LINE('',#6469,#744);
#465=LINE('',#6471,#745);
#466=LINE('',#6473,#746);
#467=LINE('',#6482,#747);
#468=LINE('',#6490,#748);
#469=LINE('',#6505,#749);
#470=LINE('',#6506,#750);
#471=LINE('',#6523,#751);
#472=LINE('',#6526,#752);
#473=LINE('',#6528,#753);
#474=LINE('',#6530,#754);
#475=LINE('',#6532,#755);
#476=LINE('',#6535,#756);
#477=LINE('',#6537,#757);
#478=LINE('',#6539,#758);
#479=LINE('',#6554,#759);
#480=LINE('',#6560,#760);
#481=LINE('',#6570,#761);
#482=LINE('',#6572,#762);
#483=LINE('',#6601,#763);
#484=LINE('',#6605,#764);
#485=LINE('',#6607,#765);
#486=LINE('',#6611,#766);
#487=LINE('',#6613,#767);
#488=LINE('',#6617,#768);
#489=LINE('',#6619,#769);
#490=LINE('',#6621,#770);
#491=LINE('',#6628,#771);
#492=LINE('',#6634,#772);
#493=LINE('',#6646,#773);
#494=LINE('',#6658,#774);
#495=LINE('',#6676,#775);
#496=LINE('',#6678,#776);
#497=LINE('',#6680,#777);
#498=LINE('',#6682,#778);
#499=LINE('',#6684,#779);
#500=LINE('',#6691,#780);
#501=LINE('',#6705,#781);
#502=LINE('',#6707,#782);
#503=LINE('',#6709,#783);
#504=LINE('',#6711,#784);
#505=LINE('',#6713,#785);
#506=LINE('',#6717,#786);
#507=LINE('',#6725,#787);
#508=LINE('',#6727,#788);
#509=LINE('',#6729,#789);
#510=LINE('',#6737,#790);
#511=LINE('',#6739,#791);
#512=LINE('',#6752,#792);
#513=LINE('',#6756,#793);
#514=LINE('',#6761,#794);
#515=LINE('',#6762,#795);
#516=LINE('',#6764,#796);
#517=LINE('',#6768,#797);
#518=LINE('',#6770,#798);
#519=LINE('',#6772,#799);
#520=LINE('',#6802,#800);
#521=LINE('',#6807,#801);
#522=LINE('',#6811,#802);
#523=LINE('',#6815,#803);
#524=LINE('',#6819,#804);
#525=LINE('',#6823,#805);
#526=LINE('',#6827,#806);
#527=LINE('',#6831,#807);
#528=LINE('',#6835,#808);
#529=LINE('',#6839,#809);
#530=LINE('',#6843,#810);
#531=LINE('',#6848,#811);
#532=LINE('',#6849,#812);
#533=LINE('',#6853,#813);
#534=LINE('',#6855,#814);
#535=LINE('',#6857,#815);
#536=LINE('',#6859,#816);
#537=LINE('',#6861,#817);
#538=LINE('',#6863,#818);
#539=LINE('',#6870,#819);
#540=LINE('',#6874,#820);
#541=LINE('',#6887,#821);
#542=LINE('',#6889,#822);
#543=LINE('',#6891,#823);
#544=LINE('',#6892,#824);
#545=LINE('',#6894,#825);
#546=LINE('',#6896,#826);
#547=LINE('',#6898,#827);
#548=LINE('',#6899,#828);
#549=LINE('',#6901,#829);
#550=LINE('',#6905,#830);
#551=LINE('',#6909,#831);
#552=LINE('',#6910,#832);
#553=LINE('',#6914,#833);
#554=LINE('',#6915,#834);
#555=LINE('',#6922,#835);
#556=LINE('',#6927,#836);
#557=LINE('',#6931,#837);
#558=LINE('',#6933,#838);
#559=LINE('',#6935,#839);
#560=LINE('',#6937,#840);
#561=LINE('',#6938,#841);
#562=LINE('',#6941,#842);
#563=LINE('',#6943,#843);
#564=LINE('',#6944,#844);
#565=LINE('',#6946,#845);
#566=LINE('',#6948,#846);
#567=LINE('',#6951,#847);
#568=LINE('',#6953,#848);
#569=LINE('',#6957,#849);
#570=LINE('',#6959,#850);
#571=LINE('',#6965,#851);
#572=LINE('',#6969,#852);
#573=LINE('',#6971,#853);
#574=LINE('',#6973,#854);
#575=LINE('',#6985,#855);
#576=LINE('',#6989,#856);
#577=LINE('',#6993,#857);
#578=LINE('',#6997,#858);
#579=LINE('',#6999,#859);
#580=LINE('',#7001,#860);
#581=LINE('',#7003,#861);
#582=LINE('',#7008,#862);
#583=LINE('',#7012,#863);
#584=LINE('',#7034,#864);
#585=LINE('',#7035,#865);
#586=LINE('',#7037,#866);
#587=LINE('',#7039,#867);
#588=LINE('',#7062,#868);
#589=LINE('',#7066,#869);
#590=LINE('',#7071,#870);
#591=LINE('',#7073,#871);
#592=LINE('',#7104,#872);
#593=LINE('',#7108,#873);
#594=LINE('',#7110,#874);
#595=LINE('',#7113,#875);
#596=LINE('',#7115,#876);
#597=LINE('',#7117,#877);
#598=LINE('',#7124,#878);
#599=LINE('',#7126,#879);
#600=LINE('',#7128,#880);
#601=LINE('',#7130,#881);
#602=LINE('',#7133,#882);
#603=LINE('',#7135,#883);
#604=LINE('',#7137,#884);
#605=LINE('',#7139,#885);
#606=LINE('',#7142,#886);
#607=LINE('',#7144,#887);
#608=LINE('',#7146,#888);
#609=LINE('',#7147,#889);
#610=LINE('',#7149,#890);
#611=LINE('',#7151,#891);
#612=LINE('',#7153,#892);
#613=LINE('',#7155,#893);
#614=LINE('',#7157,#894);
#615=LINE('',#7159,#895);
#616=LINE('',#7162,#896);
#617=LINE('',#7164,#897);
#618=LINE('',#7166,#898);
#619=LINE('',#7168,#899);
#620=LINE('',#7176,#900);
#621=LINE('',#7177,#901);
#622=LINE('',#7182,#902);
#623=LINE('',#7186,#903);
#624=LINE('',#7195,#904);
#625=LINE('',#7206,#905);
#626=LINE('',#7219,#906);
#627=LINE('',#7230,#907);
#628=LINE('',#7234,#908);
#629=LINE('',#7237,#909);
#630=LINE('',#7239,#910);
#631=LINE('',#7241,#911);
#632=LINE('',#7245,#912);
#633=LINE('',#7247,#913);
#634=LINE('',#7249,#914);
#635=LINE('',#7251,#915);
#636=LINE('',#7253,#916);
#637=LINE('',#7257,#917);
#638=LINE('',#7327,#918);
#639=LINE('',#7330,#919);
#640=LINE('',#7337,#920);
#641=LINE('',#7339,#921);
#642=LINE('',#7341,#922);
#643=LINE('',#7344,#923);
#644=LINE('',#7346,#924);
#645=LINE('',#7353,#925);
#646=LINE('',#7356,#926);
#647=LINE('',#7358,#927);
#648=LINE('',#7361,#928);
#649=LINE('',#7362,#929);
#650=LINE('',#7364,#930);
#651=LINE('',#7369,#931);
#652=LINE('',#7373,#932);
#653=LINE('',#7376,#933);
#654=LINE('',#7378,#934);
#655=LINE('',#7380,#935);
#656=LINE('',#7382,#936);
#657=LINE('',#7387,#937);
#658=LINE('',#7395,#938);
#659=LINE('',#7403,#939);
#660=LINE('',#7413,#940);
#661=LINE('',#7421,#941);
#662=LINE('',#7423,#942);
#663=LINE('',#7425,#943);
#664=LINE('',#7427,#944);
#665=LINE('',#7429,#945);
#666=LINE('',#7434,#946);
#667=LINE('',#7438,#947);
#668=LINE('',#7441,#948);
#669=LINE('',#7443,#949);
#670=LINE('',#7445,#950);
#671=LINE('',#7447,#951);
#672=LINE('',#7452,#952);
#673=LINE('',#7462,#953);
#674=LINE('',#7470,#954);
#675=LINE('',#7476,#955);
#676=LINE('',#7484,#956);
#677=LINE('',#7494,#957);
#678=LINE('',#7496,#958);
#679=LINE('',#7516,#959);
#680=LINE('',#7518,#960);
#681=LINE('',#7519,#961);
#682=LINE('',#7525,#962);
#683=LINE('',#7527,#963);
#684=LINE('',#7529,#964);
#685=LINE('',#7530,#965);
#686=LINE('',#7532,#966);
#687=LINE('',#7534,#967);
#688=LINE('',#7546,#968);
#689=LINE('',#7548,#969);
#690=LINE('',#7554,#970);
#691=LINE('',#7561,#971);
#692=LINE('',#7563,#972);
#693=LINE('',#7575,#973);
#694=LINE('',#7577,#974);
#695=LINE('',#7579,#975);
#696=LINE('',#7586,#976);
#697=LINE('',#7588,#977);
#698=LINE('',#7590,#978);
#699=LINE('',#7592,#979);
#700=LINE('',#7594,#980);
#701=LINE('',#7596,#981);
#702=LINE('',#7598,#982);
#703=LINE('',#7600,#983);
#704=LINE('',#7602,#984);
#705=LINE('',#7629,#985);
#706=LINE('',#7631,#986);
#707=LINE('',#7633,#987);
#708=LINE('',#7635,#988);
#709=LINE('',#7637,#989);
#710=LINE('',#7639,#990);
#711=LINE('',#7641,#991);
#712=LINE('',#7644,#992);
#713=LINE('',#7646,#993);
#714=LINE('',#7648,#994);
#715=LINE('',#7650,#995);
#716=LINE('',#7652,#996);
#717=LINE('',#7654,#997);
#718=LINE('',#7656,#998);
#719=LINE('',#7659,#999);
#720=LINE('',#7661,#1000);
#721=LINE('',#7663,#1001);
#722=LINE('',#7665,#1002);
#723=LINE('',#7667,#1003);
#724=LINE('',#7669,#1004);
#725=LINE('',#7671,#1005);
#726=LINE('',#7674,#1006);
#727=LINE('',#7676,#1007);
#728=LINE('',#7678,#1008);
#729=LINE('',#7680,#1009);
#730=LINE('',#7682,#1010);
#731=LINE('',#7684,#1011);
#732=LINE('',#7686,#1012);
#733=VECTOR('',#5082,1000.);
#734=VECTOR('',#5085,1000.);
#735=VECTOR('',#5086,1000.);
#736=VECTOR('',#5093,1000.);
#737=VECTOR('',#5098,1000.);
#738=VECTOR('',#5099,1000.);
#739=VECTOR('',#5100,1000.);
#740=VECTOR('',#5101,1000.);
#741=VECTOR('',#5112,1000.);
#742=VECTOR('',#5113,1000.);
#743=VECTOR('',#5116,1000.);
#744=VECTOR('',#5117,1000.);
#745=VECTOR('',#5118,1000.);
#746=VECTOR('',#5119,1000.);
#747=VECTOR('',#5120,1000.);
#748=VECTOR('',#5121,1000.);
#749=VECTOR('',#5126,1000.);
#750=VECTOR('',#5127,1000.);
#751=VECTOR('',#5140,1000.);
#752=VECTOR('',#5141,1000.);
#753=VECTOR('',#5142,1000.);
#754=VECTOR('',#5143,1000.);
#755=VECTOR('',#5146,1000.);
#756=VECTOR('',#5147,1000.);
#757=VECTOR('',#5148,1000.);
#758=VECTOR('',#5149,1000.);
#759=VECTOR('',#5176,1000.);
#760=VECTOR('',#5183,1000.);
#761=VECTOR('',#5194,1000.);
#762=VECTOR('',#5197,1000.);
#763=VECTOR('',#5236,1000.);
#764=VECTOR('',#5239,1000.);
#765=VECTOR('',#5242,1000.);
#766=VECTOR('',#5245,1000.);
#767=VECTOR('',#5248,1000.);
#768=VECTOR('',#5251,1000.);
#769=VECTOR('',#5254,1000.);
#770=VECTOR('',#5255,1000.);
#771=VECTOR('',#5258,1000.);
#772=VECTOR('',#5267,1000.);
#773=VECTOR('',#5270,1000.);
#774=VECTOR('',#5293,1000.);
#775=VECTOR('',#5296,1000.);
#776=VECTOR('',#5299,1000.);
#777=VECTOR('',#5302,1000.);
#778=VECTOR('',#5305,1000.);
#779=VECTOR('',#5308,1000.);
#780=VECTOR('',#5313,1000.);
#781=VECTOR('',#5316,1000.);
#782=VECTOR('',#5319,1000.);
#783=VECTOR('',#5322,1000.);
#784=VECTOR('',#5325,1000.);
#785=VECTOR('',#5328,1000.);
#786=VECTOR('',#5335,1000.);
#787=VECTOR('',#5336,1000.);
#788=VECTOR('',#5337,1000.);
#789=VECTOR('',#5340,1000.);
#790=VECTOR('',#5341,1000.);
#791=VECTOR('',#5342,1000.);
#792=VECTOR('',#5363,1000.);
#793=VECTOR('',#5366,1000.);
#794=VECTOR('',#5371,1000.);
#795=VECTOR('',#5372,1000.);
#796=VECTOR('',#5375,1000.);
#797=VECTOR('',#5378,1000.);
#798=VECTOR('',#5381,1000.);
#799=VECTOR('',#5384,1000.);
#800=VECTOR('',#5425,1000.);
#801=VECTOR('',#5428,1000.);
#802=VECTOR('',#5431,1000.);
#803=VECTOR('',#5434,1000.);
#804=VECTOR('',#5437,1000.);
#805=VECTOR('',#5440,1000.);
#806=VECTOR('',#5443,1000.);
#807=VECTOR('',#5446,1000.);
#808=VECTOR('',#5449,1000.);
#809=VECTOR('',#5452,1000.);
#810=VECTOR('',#5457,1000.);
#811=VECTOR('',#5460,1000.);
#812=VECTOR('',#5461,1000.);
#813=VECTOR('',#5464,1000.);
#814=VECTOR('',#5465,1000.);
#815=VECTOR('',#5466,1000.);
#816=VECTOR('',#5467,1000.);
#817=VECTOR('',#5468,1000.);
#818=VECTOR('',#5469,1000.);
#819=VECTOR('',#5476,1000.);
#820=VECTOR('',#5479,1000.);
#821=VECTOR('',#5492,1000.);
#822=VECTOR('',#5495,1000.);
#823=VECTOR('',#5496,1000.);
#824=VECTOR('',#5497,1000.);
#825=VECTOR('',#5498,1000.);
#826=VECTOR('',#5501,1000.);
#827=VECTOR('',#5502,1000.);
#828=VECTOR('',#5503,1000.);
#829=VECTOR('',#5504,1000.);
#830=VECTOR('',#5509,1000.);
#831=VECTOR('',#5512,1000.);
#832=VECTOR('',#5513,1000.);
#833=VECTOR('',#5516,1000.);
#834=VECTOR('',#5517,1000.);
#835=VECTOR('',#5526,1000.);
#836=VECTOR('',#5529,1000.);
#837=VECTOR('',#5534,1000.);
#838=VECTOR('',#5535,1000.);
#839=VECTOR('',#5538,1000.);
#840=VECTOR('',#5539,1000.);
#841=VECTOR('',#5540,1000.);
#842=VECTOR('',#5545,1000.);
#843=VECTOR('',#5546,1000.);
#844=VECTOR('',#5547,1000.);
#845=VECTOR('',#5548,1000.);
#846=VECTOR('',#5551,1000.);
#847=VECTOR('',#5556,1000.);
#848=VECTOR('',#5557,1000.);
#849=VECTOR('',#5562,1000.);
#850=VECTOR('',#5565,1000.);
#851=VECTOR('',#5574,1000.);
#852=VECTOR('',#5577,1000.);
#853=VECTOR('',#5580,1000.);
#854=VECTOR('',#5583,1000.);
#855=VECTOR('',#5600,1000.);
#856=VECTOR('',#5603,1000.);
#857=VECTOR('',#5606,1000.);
#858=VECTOR('',#5609,1000.);
#859=VECTOR('',#5612,1000.);
#860=VECTOR('',#5615,1000.);
#861=VECTOR('',#5618,1000.);
#862=VECTOR('',#5623,1000.);
#863=VECTOR('',#5626,1000.);
#864=VECTOR('',#5637,1000.);
#865=VECTOR('',#5638,1000.);
#866=VECTOR('',#5641,1000.);
#867=VECTOR('',#5644,1000.);
#868=VECTOR('',#5679,1000.);
#869=VECTOR('',#5684,1000.);
#870=VECTOR('',#5691,1000.);
#871=VECTOR('',#5694,1000.);
#872=VECTOR('',#5735,1000.);
#873=VECTOR('',#5738,1000.);
#874=VECTOR('',#5741,1000.);
#875=VECTOR('',#5742,1000.);
#876=VECTOR('',#5743,1000.);
#877=VECTOR('',#5744,1000.);
#878=VECTOR('',#5747,1000.);
#879=VECTOR('',#5748,1000.);
#880=VECTOR('',#5749,1000.);
#881=VECTOR('',#5752,1000.);
#882=VECTOR('',#5753,1000.);
#883=VECTOR('',#5754,1000.);
#884=VECTOR('',#5755,1000.);
#885=VECTOR('',#5758,1000.);
#886=VECTOR('',#5759,1000.);
#887=VECTOR('',#5760,1000.);
#888=VECTOR('',#5761,1000.);
#889=VECTOR('',#5762,1000.);
#890=VECTOR('',#5763,1000.);
#891=VECTOR('',#5764,1000.);
#892=VECTOR('',#5767,1000.);
#893=VECTOR('',#5768,1000.);
#894=VECTOR('',#5769,1000.);
#895=VECTOR('',#5772,1000.);
#896=VECTOR('',#5773,1000.);
#897=VECTOR('',#5774,1000.);
#898=VECTOR('',#5775,1000.);
#899=VECTOR('',#5778,1000.);
#900=VECTOR('',#5779,1000.);
#901=VECTOR('',#5780,1000.);
#902=VECTOR('',#5785,1000.);
#903=VECTOR('',#5788,1000.);
#904=VECTOR('',#5791,1000.);
#905=VECTOR('',#5796,1000.);
#906=VECTOR('',#5803,1000.);
#907=VECTOR('',#5808,1000.);
#908=VECTOR('',#5813,1000.);
#909=VECTOR('',#5814,1000.);
#910=VECTOR('',#5815,1000.);
#911=VECTOR('',#5816,1000.);
#912=VECTOR('',#5819,1000.);
#913=VECTOR('',#5820,1000.);
#914=VECTOR('',#5821,1000.);
#915=VECTOR('',#5822,1000.);
#916=VECTOR('',#5823,1000.);
#917=VECTOR('',#5826,1000.);
#918=VECTOR('',#5917,1000.);
#919=VECTOR('',#5918,1000.);
#920=VECTOR('',#5919,1000.);
#921=VECTOR('',#5920,1000.);
#922=VECTOR('',#5923,1000.);
#923=VECTOR('',#5924,1000.);
#924=VECTOR('',#5925,1000.);
#925=VECTOR('',#5926,1000.);
#926=VECTOR('',#5931,1000.);
#927=VECTOR('',#5934,1000.);
#928=VECTOR('',#5935,1000.);
#929=VECTOR('',#5936,1000.);
#930=VECTOR('',#5939,1000.);
#931=VECTOR('',#5942,1000.);
#932=VECTOR('',#5947,1000.);
#933=VECTOR('',#5948,1000.);
#934=VECTOR('',#5949,1000.);
#935=VECTOR('',#5950,1000.);
#936=VECTOR('',#5953,1000.);
#937=VECTOR('',#5956,1000.);
#938=VECTOR('',#5965,1000.);
#939=VECTOR('',#5972,1000.);
#940=VECTOR('',#5983,1000.);
#941=VECTOR('',#5990,1000.);
#942=VECTOR('',#5993,1000.);
#943=VECTOR('',#5994,1000.);
#944=VECTOR('',#5995,1000.);
#945=VECTOR('',#5998,1000.);
#946=VECTOR('',#6001,1000.);
#947=VECTOR('',#6006,1000.);
#948=VECTOR('',#6007,1000.);
#949=VECTOR('',#6008,1000.);
#950=VECTOR('',#6009,1000.);
#951=VECTOR('',#6012,1000.);
#952=VECTOR('',#6015,1000.);
#953=VECTOR('',#6026,1000.);
#954=VECTOR('',#6033,1000.);
#955=VECTOR('',#6040,1000.);
#956=VECTOR('',#6047,1000.);
#957=VECTOR('',#6058,1000.);
#958=VECTOR('',#6061,1000.);
#959=VECTOR('',#6090,1000.);
#960=VECTOR('',#6093,1000.);
#961=VECTOR('',#6094,1000.);
#962=VECTOR('',#6097,1000.);
#963=VECTOR('',#6100,1000.);
#964=VECTOR('',#6103,1000.);
#965=VECTOR('',#6104,1000.);
#966=VECTOR('',#6107,1000.);
#967=VECTOR('',#6110,1000.);
#968=VECTOR('',#6117,1000.);
#969=VECTOR('',#6120,1000.);
#970=VECTOR('',#6123,1000.);
#971=VECTOR('',#6128,1000.);
#972=VECTOR('',#6131,1000.);
#973=VECTOR('',#6138,1000.);
#974=VECTOR('',#6141,1000.);
#975=VECTOR('',#6144,1000.);
#976=VECTOR('',#6149,1000.);
#977=VECTOR('',#6152,1000.);
#978=VECTOR('',#6155,1000.);
#979=VECTOR('',#6158,1000.);
#980=VECTOR('',#6161,1000.);
#981=VECTOR('',#6164,1000.);
#982=VECTOR('',#6167,1000.);
#983=VECTOR('',#6170,1000.);
#984=VECTOR('',#6173,1000.);
#985=VECTOR('',#6226,1000.);
#986=VECTOR('',#6229,1000.);
#987=VECTOR('',#6232,1000.);
#988=VECTOR('',#6235,1000.);
#989=VECTOR('',#6238,1000.);
#990=VECTOR('',#6241,1000.);
#991=VECTOR('',#6244,1000.);
#992=VECTOR('',#6249,1000.);
#993=VECTOR('',#6252,1000.);
#994=VECTOR('',#6255,1000.);
#995=VECTOR('',#6258,1000.);
#996=VECTOR('',#6261,1000.);
#997=VECTOR('',#6264,1000.);
#998=VECTOR('',#6267,1000.);
#999=VECTOR('',#6272,1000.);
#1000=VECTOR('',#6275,1000.);
#1001=VECTOR('',#6278,1000.);
#1002=VECTOR('',#6281,1000.);
#1003=VECTOR('',#6284,1000.);
#1004=VECTOR('',#6287,1000.);
#1005=VECTOR('',#6290,1000.);
#1006=VECTOR('',#6295,1000.);
#1007=VECTOR('',#6298,1000.);
#1008=VECTOR('',#6301,1000.);
#1009=VECTOR('',#6304,1000.);
#1010=VECTOR('',#6307,1000.);
#1011=VECTOR('',#6310,1000.);
#1012=VECTOR('',#6313,1000.);
#1013=ORIENTED_EDGE('',*,*,#2055,.T.);
#1014=ORIENTED_EDGE('',*,*,#2056,.T.);
#1015=ORIENTED_EDGE('',*,*,#2057,.T.);
#1016=ORIENTED_EDGE('',*,*,#2058,.F.);
#1017=ORIENTED_EDGE('',*,*,#2059,.T.);
#1018=ORIENTED_EDGE('',*,*,#2060,.T.);
#1019=ORIENTED_EDGE('',*,*,#2061,.T.);
#1020=ORIENTED_EDGE('',*,*,#2062,.T.);
#1021=ORIENTED_EDGE('',*,*,#2063,.T.);
#1022=ORIENTED_EDGE('',*,*,#2064,.T.);
#1023=ORIENTED_EDGE('',*,*,#2065,.T.);
#1024=ORIENTED_EDGE('',*,*,#2066,.F.);
#1025=ORIENTED_EDGE('',*,*,#2067,.T.);
#1026=ORIENTED_EDGE('',*,*,#2068,.T.);
#1027=ORIENTED_EDGE('',*,*,#2069,.F.);
#1028=ORIENTED_EDGE('',*,*,#2070,.T.);
#1029=ORIENTED_EDGE('',*,*,#2071,.T.);
#1030=ORIENTED_EDGE('',*,*,#2072,.T.);
#1031=ORIENTED_EDGE('',*,*,#2073,.T.);
#1032=ORIENTED_EDGE('',*,*,#2074,.T.);
#1033=ORIENTED_EDGE('',*,*,#2075,.T.);
#1034=ORIENTED_EDGE('',*,*,#2058,.T.);
#1035=ORIENTED_EDGE('',*,*,#2076,.T.);
#1036=ORIENTED_EDGE('',*,*,#2077,.T.);
#1037=ORIENTED_EDGE('',*,*,#2078,.T.);
#1038=ORIENTED_EDGE('',*,*,#2079,.T.);
#1039=ORIENTED_EDGE('',*,*,#2080,.T.);
#1040=ORIENTED_EDGE('',*,*,#2081,.F.);
#1041=ORIENTED_EDGE('',*,*,#2082,.T.);
#1042=ORIENTED_EDGE('',*,*,#2083,.T.);
#1043=ORIENTED_EDGE('',*,*,#2084,.F.);
#1044=ORIENTED_EDGE('',*,*,#2085,.F.);
#1045=ORIENTED_EDGE('',*,*,#2086,.T.);
#1046=ORIENTED_EDGE('',*,*,#2087,.T.);
#1047=ORIENTED_EDGE('',*,*,#2088,.T.);
#1048=ORIENTED_EDGE('',*,*,#2089,.T.);
#1049=ORIENTED_EDGE('',*,*,#2090,.T.);
#1050=ORIENTED_EDGE('',*,*,#2091,.T.);
#1051=ORIENTED_EDGE('',*,*,#2092,.T.);
#1052=ORIENTED_EDGE('',*,*,#2072,.F.);
#1053=ORIENTED_EDGE('',*,*,#2093,.T.);
#1054=ORIENTED_EDGE('',*,*,#2094,.T.);
#1055=ORIENTED_EDGE('',*,*,#2095,.T.);
#1056=ORIENTED_EDGE('',*,*,#2096,.T.);
#1057=ORIENTED_EDGE('',*,*,#2097,.T.);
#1058=ORIENTED_EDGE('',*,*,#2098,.T.);
#1059=ORIENTED_EDGE('',*,*,#2099,.T.);
#1060=ORIENTED_EDGE('',*,*,#2100,.F.);
#1061=ORIENTED_EDGE('',*,*,#2101,.F.);
#1062=ORIENTED_EDGE('',*,*,#2102,.F.);
#1063=ORIENTED_EDGE('',*,*,#2103,.T.);
#1064=ORIENTED_EDGE('',*,*,#2104,.T.);
#1065=ORIENTED_EDGE('',*,*,#2105,.F.);
#1066=ORIENTED_EDGE('',*,*,#2106,.T.);
#1067=ORIENTED_EDGE('',*,*,#2107,.T.);
#1068=ORIENTED_EDGE('',*,*,#2108,.F.);
#1069=ORIENTED_EDGE('',*,*,#2104,.F.);
#1070=ORIENTED_EDGE('',*,*,#2109,.T.);
#1071=ORIENTED_EDGE('',*,*,#2102,.T.);
#1072=ORIENTED_EDGE('',*,*,#2110,.F.);
#1073=ORIENTED_EDGE('',*,*,#2100,.T.);
#1074=ORIENTED_EDGE('',*,*,#2111,.T.);
#1075=ORIENTED_EDGE('',*,*,#2106,.F.);
#1076=ORIENTED_EDGE('',*,*,#2112,.T.);
#1077=ORIENTED_EDGE('',*,*,#2103,.F.);
#1078=ORIENTED_EDGE('',*,*,#2109,.F.);
#1079=ORIENTED_EDGE('',*,*,#2107,.F.);
#1080=ORIENTED_EDGE('',*,*,#2111,.F.);
#1081=ORIENTED_EDGE('',*,*,#2110,.T.);
#1082=ORIENTED_EDGE('',*,*,#2101,.T.);
#1083=ORIENTED_EDGE('',*,*,#2108,.T.);
#1084=ORIENTED_EDGE('',*,*,#2105,.T.);
#1085=ORIENTED_EDGE('',*,*,#2084,.T.);
#1086=ORIENTED_EDGE('',*,*,#2113,.T.);
#1087=ORIENTED_EDGE('',*,*,#2078,.F.);
#1088=ORIENTED_EDGE('',*,*,#2114,.F.);
#1089=ORIENTED_EDGE('',*,*,#2115,.F.);
#1090=ORIENTED_EDGE('',*,*,#2116,.T.);
#1091=ORIENTED_EDGE('',*,*,#2066,.T.);
#1092=ORIENTED_EDGE('',*,*,#2117,.T.);
#1093=ORIENTED_EDGE('',*,*,#2118,.F.);
#1094=ORIENTED_EDGE('',*,*,#2119,.T.);
#1095=ORIENTED_EDGE('',*,*,#2115,.T.);
#1096=ORIENTED_EDGE('',*,*,#2120,.T.);
#1097=ORIENTED_EDGE('',*,*,#2121,.T.);
#1098=ORIENTED_EDGE('',*,*,#2118,.T.);
#1099=ORIENTED_EDGE('',*,*,#2122,.T.);
#1100=ORIENTED_EDGE('',*,*,#2123,.F.);
#1101=ORIENTED_EDGE('',*,*,#2124,.F.);
#1102=ORIENTED_EDGE('',*,*,#2125,.T.);
#1103=ORIENTED_EDGE('',*,*,#2123,.T.);
#1104=ORIENTED_EDGE('',*,*,#2126,.T.);
#1105=ORIENTED_EDGE('',*,*,#2088,.F.);
#1106=ORIENTED_EDGE('',*,*,#2127,.T.);
#1107=ORIENTED_EDGE('',*,*,#2124,.T.);
#1108=ORIENTED_EDGE('',*,*,#2128,.T.);
#1109=ORIENTED_EDGE('',*,*,#2129,.T.);
#1110=ORIENTED_EDGE('',*,*,#2069,.T.);
#1111=ORIENTED_EDGE('',*,*,#2130,.T.);
#1112=ORIENTED_EDGE('',*,*,#2131,.T.);
#1113=ORIENTED_EDGE('',*,*,#2132,.T.);
#1114=ORIENTED_EDGE('',*,*,#2085,.T.);
#1115=ORIENTED_EDGE('',*,*,#2114,.T.);
#1116=ORIENTED_EDGE('',*,*,#2081,.T.);
#1117=ORIENTED_EDGE('',*,*,#2133,.T.);
#1118=ORIENTED_EDGE('',*,*,#2134,.T.);
#1119=ORIENTED_EDGE('',*,*,#2135,.T.);
#1120=ORIENTED_EDGE('',*,*,#2089,.F.);
#1121=ORIENTED_EDGE('',*,*,#2128,.F.);
#1122=ORIENTED_EDGE('',*,*,#2126,.F.);
#1123=ORIENTED_EDGE('',*,*,#2122,.F.);
#1124=ORIENTED_EDGE('',*,*,#2120,.F.);
#1125=ORIENTED_EDGE('',*,*,#2117,.F.);
#1126=ORIENTED_EDGE('',*,*,#2136,.T.);
#1127=ORIENTED_EDGE('',*,*,#2137,.T.);
#1128=ORIENTED_EDGE('',*,*,#2112,.F.);
#1129=ORIENTED_EDGE('',*,*,#2137,.F.);
#1130=ORIENTED_EDGE('',*,*,#2070,.F.);
#1131=ORIENTED_EDGE('',*,*,#2138,.T.);
#1132=ORIENTED_EDGE('',*,*,#2139,.T.);
#1133=ORIENTED_EDGE('',*,*,#2140,.T.);
#1134=ORIENTED_EDGE('',*,*,#2134,.F.);
#1135=ORIENTED_EDGE('',*,*,#2141,.T.);
#1136=ORIENTED_EDGE('',*,*,#2142,.T.);
#1137=ORIENTED_EDGE('',*,*,#2143,.T.);
#1138=ORIENTED_EDGE('',*,*,#2131,.F.);
#1139=ORIENTED_EDGE('',*,*,#2074,.F.);
#1140=ORIENTED_EDGE('',*,*,#2144,.T.);
#1141=ORIENTED_EDGE('',*,*,#2145,.T.);
#1142=ORIENTED_EDGE('',*,*,#2146,.T.);
#1143=ORIENTED_EDGE('',*,*,#2147,.F.);
#1144=ORIENTED_EDGE('',*,*,#2148,.T.);
#1145=ORIENTED_EDGE('',*,*,#2059,.F.);
#1146=ORIENTED_EDGE('',*,*,#2075,.F.);
#1147=ORIENTED_EDGE('',*,*,#2146,.F.);
#1148=ORIENTED_EDGE('',*,*,#2092,.F.);
#1149=ORIENTED_EDGE('',*,*,#2149,.T.);
#1150=ORIENTED_EDGE('',*,*,#2150,.T.);
#1151=ORIENTED_EDGE('',*,*,#2144,.F.);
#1152=ORIENTED_EDGE('',*,*,#2073,.F.);
#1153=ORIENTED_EDGE('',*,*,#2150,.F.);
#1154=ORIENTED_EDGE('',*,*,#2151,.T.);
#1155=ORIENTED_EDGE('',*,*,#2152,.T.);
#1156=ORIENTED_EDGE('',*,*,#2147,.T.);
#1157=ORIENTED_EDGE('',*,*,#2145,.F.);
#1158=ORIENTED_EDGE('',*,*,#2153,.F.);
#1159=ORIENTED_EDGE('',*,*,#2154,.T.);
#1160=ORIENTED_EDGE('',*,*,#2093,.F.);
#1161=ORIENTED_EDGE('',*,*,#2071,.F.);
#1162=ORIENTED_EDGE('',*,*,#2057,.F.);
#1163=ORIENTED_EDGE('',*,*,#2155,.T.);
#1164=ORIENTED_EDGE('',*,*,#2156,.F.);
#1165=ORIENTED_EDGE('',*,*,#2076,.F.);
#1166=ORIENTED_EDGE('',*,*,#2156,.T.);
#1167=ORIENTED_EDGE('',*,*,#2157,.T.);
#1168=ORIENTED_EDGE('',*,*,#2153,.T.);
#1169=ORIENTED_EDGE('',*,*,#2077,.F.);
#1170=ORIENTED_EDGE('',*,*,#2140,.F.);
#1171=ORIENTED_EDGE('',*,*,#2158,.T.);
#1172=ORIENTED_EDGE('',*,*,#2086,.F.);
#1173=ORIENTED_EDGE('',*,*,#2135,.F.);
#1174=ORIENTED_EDGE('',*,*,#2143,.F.);
#1175=ORIENTED_EDGE('',*,*,#2159,.T.);
#1176=ORIENTED_EDGE('',*,*,#2082,.F.);
#1177=ORIENTED_EDGE('',*,*,#2132,.F.);
#1178=ORIENTED_EDGE('',*,*,#2068,.F.);
#1179=ORIENTED_EDGE('',*,*,#2160,.T.);
#1180=ORIENTED_EDGE('',*,*,#2141,.F.);
#1181=ORIENTED_EDGE('',*,*,#2130,.F.);
#1182=ORIENTED_EDGE('',*,*,#2080,.F.);
#1183=ORIENTED_EDGE('',*,*,#2161,.T.);
#1184=ORIENTED_EDGE('',*,*,#2138,.F.);
#1185=ORIENTED_EDGE('',*,*,#2133,.F.);
#1186=ORIENTED_EDGE('',*,*,#2162,.F.);
#1187=ORIENTED_EDGE('',*,*,#2151,.F.);
#1188=ORIENTED_EDGE('',*,*,#2163,.T.);
#1189=ORIENTED_EDGE('',*,*,#2113,.F.);
#1190=ORIENTED_EDGE('',*,*,#2149,.F.);
#1191=ORIENTED_EDGE('',*,*,#2091,.F.);
#1192=ORIENTED_EDGE('',*,*,#2164,.T.);
#1193=ORIENTED_EDGE('',*,*,#2079,.F.);
#1194=ORIENTED_EDGE('',*,*,#2163,.F.);
#1195=ORIENTED_EDGE('',*,*,#2162,.T.);
#1196=ORIENTED_EDGE('',*,*,#2083,.F.);
#1197=ORIENTED_EDGE('',*,*,#2165,.F.);
#1198=ORIENTED_EDGE('',*,*,#2060,.F.);
#1199=ORIENTED_EDGE('',*,*,#2148,.F.);
#1200=ORIENTED_EDGE('',*,*,#2152,.F.);
#1201=ORIENTED_EDGE('',*,*,#2164,.F.);
#1202=ORIENTED_EDGE('',*,*,#2090,.F.);
#1203=ORIENTED_EDGE('',*,*,#2166,.T.);
#1204=ORIENTED_EDGE('',*,*,#2161,.F.);
#1205=ORIENTED_EDGE('',*,*,#2165,.T.);
#1206=ORIENTED_EDGE('',*,*,#2159,.F.);
#1207=ORIENTED_EDGE('',*,*,#2167,.T.);
#1208=ORIENTED_EDGE('',*,*,#2061,.F.);
#1209=ORIENTED_EDGE('',*,*,#2166,.F.);
#1210=ORIENTED_EDGE('',*,*,#2099,.F.);
#1211=ORIENTED_EDGE('',*,*,#2168,.F.);
#1212=ORIENTED_EDGE('',*,*,#2139,.F.);
#1213=ORIENTED_EDGE('',*,*,#2167,.F.);
#1214=ORIENTED_EDGE('',*,*,#2142,.F.);
#1215=ORIENTED_EDGE('',*,*,#2169,.T.);
#1216=ORIENTED_EDGE('',*,*,#2062,.F.);
#1217=ORIENTED_EDGE('',*,*,#2168,.T.);
#1218=ORIENTED_EDGE('',*,*,#2098,.F.);
#1219=ORIENTED_EDGE('',*,*,#2170,.F.);
#1220=ORIENTED_EDGE('',*,*,#2158,.F.);
#1221=ORIENTED_EDGE('',*,*,#2169,.F.);
#1222=ORIENTED_EDGE('',*,*,#2160,.F.);
#1223=ORIENTED_EDGE('',*,*,#2171,.T.);
#1224=ORIENTED_EDGE('',*,*,#2063,.F.);
#1225=ORIENTED_EDGE('',*,*,#2170,.T.);
#1226=ORIENTED_EDGE('',*,*,#2097,.F.);
#1227=ORIENTED_EDGE('',*,*,#2172,.T.);
#1228=ORIENTED_EDGE('',*,*,#2087,.F.);
#1229=ORIENTED_EDGE('',*,*,#2171,.F.);
#1230=ORIENTED_EDGE('',*,*,#2067,.F.);
#1231=ORIENTED_EDGE('',*,*,#2173,.T.);
#1232=ORIENTED_EDGE('',*,*,#2064,.F.);
#1233=ORIENTED_EDGE('',*,*,#2172,.F.);
#1234=ORIENTED_EDGE('',*,*,#2096,.F.);
#1235=ORIENTED_EDGE('',*,*,#2174,.T.);
#1236=ORIENTED_EDGE('',*,*,#2127,.F.);
#1237=ORIENTED_EDGE('',*,*,#2173,.F.);
#1238=ORIENTED_EDGE('',*,*,#2116,.F.);
#1239=ORIENTED_EDGE('',*,*,#2175,.F.);
#1240=ORIENTED_EDGE('',*,*,#2065,.F.);
#1241=ORIENTED_EDGE('',*,*,#2174,.F.);
#1242=ORIENTED_EDGE('',*,*,#2095,.F.);
#1243=ORIENTED_EDGE('',*,*,#2176,.T.);
#1244=ORIENTED_EDGE('',*,*,#2125,.F.);
#1245=ORIENTED_EDGE('',*,*,#2175,.T.);
#1246=ORIENTED_EDGE('',*,*,#2119,.F.);
#1247=ORIENTED_EDGE('',*,*,#2177,.F.);
#1248=ORIENTED_EDGE('',*,*,#2055,.F.);
#1249=ORIENTED_EDGE('',*,*,#2154,.F.);
#1250=ORIENTED_EDGE('',*,*,#2157,.F.);
#1251=ORIENTED_EDGE('',*,*,#2155,.F.);
#1252=ORIENTED_EDGE('',*,*,#2056,.F.);
#1253=ORIENTED_EDGE('',*,*,#2177,.T.);
#1254=ORIENTED_EDGE('',*,*,#2121,.F.);
#1255=ORIENTED_EDGE('',*,*,#2176,.F.);
#1256=ORIENTED_EDGE('',*,*,#2094,.F.);
#1257=ORIENTED_EDGE('',*,*,#2136,.F.);
#1258=ORIENTED_EDGE('',*,*,#2129,.F.);
#1259=ORIENTED_EDGE('',*,*,#2178,.T.);
#1260=ORIENTED_EDGE('',*,*,#2179,.T.);
#1261=ORIENTED_EDGE('',*,*,#2180,.F.);
#1262=ORIENTED_EDGE('',*,*,#2181,.F.);
#1263=ORIENTED_EDGE('',*,*,#2182,.F.);
#1264=ORIENTED_EDGE('',*,*,#2183,.T.);
#1265=ORIENTED_EDGE('',*,*,#2184,.T.);
#1266=ORIENTED_EDGE('',*,*,#2185,.F.);
#1267=ORIENTED_EDGE('',*,*,#2184,.F.);
#1268=ORIENTED_EDGE('',*,*,#2186,.T.);
#1269=ORIENTED_EDGE('',*,*,#2178,.F.);
#1270=ORIENTED_EDGE('',*,*,#2187,.T.);
#1271=ORIENTED_EDGE('',*,*,#2180,.T.);
#1272=ORIENTED_EDGE('',*,*,#2188,.T.);
#1273=ORIENTED_EDGE('',*,*,#2182,.T.);
#1274=ORIENTED_EDGE('',*,*,#2189,.F.);
#1275=ORIENTED_EDGE('',*,*,#2181,.T.);
#1276=ORIENTED_EDGE('',*,*,#2189,.T.);
#1277=ORIENTED_EDGE('',*,*,#2185,.T.);
#1278=ORIENTED_EDGE('',*,*,#2187,.F.);
#1279=ORIENTED_EDGE('',*,*,#2183,.F.);
#1280=ORIENTED_EDGE('',*,*,#2188,.F.);
#1281=ORIENTED_EDGE('',*,*,#2179,.F.);
#1282=ORIENTED_EDGE('',*,*,#2186,.F.);
#1283=ORIENTED_EDGE('',*,*,#2190,.F.);
#1284=ORIENTED_EDGE('',*,*,#2191,.T.);
#1285=ORIENTED_EDGE('',*,*,#2192,.T.);
#1286=ORIENTED_EDGE('',*,*,#2193,.F.);
#1287=ORIENTED_EDGE('',*,*,#2194,.F.);
#1288=ORIENTED_EDGE('',*,*,#2195,.T.);
#1289=ORIENTED_EDGE('',*,*,#2190,.T.);
#1290=ORIENTED_EDGE('',*,*,#2196,.T.);
#1291=ORIENTED_EDGE('',*,*,#2197,.F.);
#1292=ORIENTED_EDGE('',*,*,#2198,.T.);
#1293=ORIENTED_EDGE('',*,*,#2199,.F.);
#1294=ORIENTED_EDGE('',*,*,#2192,.F.);
#1295=ORIENTED_EDGE('',*,*,#2200,.F.);
#1296=ORIENTED_EDGE('',*,*,#2197,.T.);
#1297=ORIENTED_EDGE('',*,*,#2191,.F.);
#1298=ORIENTED_EDGE('',*,*,#2195,.F.);
#1299=ORIENTED_EDGE('',*,*,#2201,.F.);
#1300=ORIENTED_EDGE('',*,*,#2196,.F.);
#1301=ORIENTED_EDGE('',*,*,#2193,.T.);
#1302=ORIENTED_EDGE('',*,*,#2199,.T.);
#1303=ORIENTED_EDGE('',*,*,#2200,.T.);
#1304=ORIENTED_EDGE('',*,*,#2194,.T.);
#1305=ORIENTED_EDGE('',*,*,#2201,.T.);
#1306=ORIENTED_EDGE('',*,*,#2198,.F.);
#1307=ORIENTED_EDGE('',*,*,#2202,.T.);
#1308=ORIENTED_EDGE('',*,*,#2203,.F.);
#1309=ORIENTED_EDGE('',*,*,#2204,.T.);
#1310=ORIENTED_EDGE('',*,*,#2205,.F.);
#1311=ORIENTED_EDGE('',*,*,#2206,.F.);
#1312=ORIENTED_EDGE('',*,*,#2207,.F.);
#1313=ORIENTED_EDGE('',*,*,#2208,.F.);
#1314=ORIENTED_EDGE('',*,*,#2209,.F.);
#1315=ORIENTED_EDGE('',*,*,#2210,.T.);
#1316=ORIENTED_EDGE('',*,*,#2211,.T.);
#1317=ORIENTED_EDGE('',*,*,#2212,.F.);
#1318=ORIENTED_EDGE('',*,*,#2213,.F.);
#1319=ORIENTED_EDGE('',*,*,#2214,.T.);
#1320=ORIENTED_EDGE('',*,*,#2215,.T.);
#1321=ORIENTED_EDGE('',*,*,#2216,.F.);
#1322=ORIENTED_EDGE('',*,*,#2217,.T.);
#1323=ORIENTED_EDGE('',*,*,#2218,.T.);
#1324=ORIENTED_EDGE('',*,*,#2219,.T.);
#1325=ORIENTED_EDGE('',*,*,#2220,.F.);
#1326=ORIENTED_EDGE('',*,*,#2221,.T.);
#1327=ORIENTED_EDGE('',*,*,#2222,.T.);
#1328=ORIENTED_EDGE('',*,*,#2223,.F.);
#1329=ORIENTED_EDGE('',*,*,#2224,.T.);
#1330=ORIENTED_EDGE('',*,*,#2225,.T.);
#1331=ORIENTED_EDGE('',*,*,#2222,.F.);
#1332=ORIENTED_EDGE('',*,*,#2226,.F.);
#1333=ORIENTED_EDGE('',*,*,#2227,.F.);
#1334=ORIENTED_EDGE('',*,*,#2228,.T.);
#1335=ORIENTED_EDGE('',*,*,#2229,.T.);
#1336=ORIENTED_EDGE('',*,*,#2230,.F.);
#1337=ORIENTED_EDGE('',*,*,#2231,.F.);
#1338=ORIENTED_EDGE('',*,*,#2232,.F.);
#1339=ORIENTED_EDGE('',*,*,#2233,.F.);
#1340=ORIENTED_EDGE('',*,*,#2234,.F.);
#1341=ORIENTED_EDGE('',*,*,#2235,.F.);
#1342=ORIENTED_EDGE('',*,*,#2236,.F.);
#1343=ORIENTED_EDGE('',*,*,#2237,.F.);
#1344=ORIENTED_EDGE('',*,*,#2238,.F.);
#1345=ORIENTED_EDGE('',*,*,#2239,.F.);
#1346=ORIENTED_EDGE('',*,*,#2240,.F.);
#1347=ORIENTED_EDGE('',*,*,#2241,.F.);
#1348=ORIENTED_EDGE('',*,*,#2242,.F.);
#1349=ORIENTED_EDGE('',*,*,#2243,.T.);
#1350=ORIENTED_EDGE('',*,*,#2244,.T.);
#1351=ORIENTED_EDGE('',*,*,#2245,.F.);
#1352=ORIENTED_EDGE('',*,*,#2246,.T.);
#1353=ORIENTED_EDGE('',*,*,#2217,.F.);
#1354=ORIENTED_EDGE('',*,*,#2247,.F.);
#1355=ORIENTED_EDGE('',*,*,#2248,.T.);
#1356=ORIENTED_EDGE('',*,*,#2230,.T.);
#1357=ORIENTED_EDGE('',*,*,#2249,.F.);
#1358=ORIENTED_EDGE('',*,*,#2250,.T.);
#1359=ORIENTED_EDGE('',*,*,#2232,.T.);
#1360=ORIENTED_EDGE('',*,*,#2251,.F.);
#1361=ORIENTED_EDGE('',*,*,#2252,.F.);
#1362=ORIENTED_EDGE('',*,*,#2207,.T.);
#1363=ORIENTED_EDGE('',*,*,#2253,.F.);
#1364=ORIENTED_EDGE('',*,*,#2216,.T.);
#1365=ORIENTED_EDGE('',*,*,#2254,.T.);
#1366=ORIENTED_EDGE('',*,*,#2255,.T.);
#1367=ORIENTED_EDGE('',*,*,#2256,.T.);
#1368=ORIENTED_EDGE('',*,*,#2212,.T.);
#1369=ORIENTED_EDGE('',*,*,#2257,.T.);
#1370=ORIENTED_EDGE('',*,*,#2258,.T.);
#1371=ORIENTED_EDGE('',*,*,#2259,.T.);
#1372=ORIENTED_EDGE('',*,*,#2208,.T.);
#1373=ORIENTED_EDGE('',*,*,#2252,.T.);
#1374=ORIENTED_EDGE('',*,*,#2260,.T.);
#1375=ORIENTED_EDGE('',*,*,#2247,.T.);
#1376=ORIENTED_EDGE('',*,*,#2261,.F.);
#1377=ORIENTED_EDGE('',*,*,#2262,.T.);
#1378=ORIENTED_EDGE('',*,*,#2202,.F.);
#1379=ORIENTED_EDGE('',*,*,#2263,.T.);
#1380=ORIENTED_EDGE('',*,*,#2264,.T.);
#1381=ORIENTED_EDGE('',*,*,#2265,.T.);
#1382=ORIENTED_EDGE('',*,*,#2266,.T.);
#1383=ORIENTED_EDGE('',*,*,#2231,.T.);
#1384=ORIENTED_EDGE('',*,*,#2248,.F.);
#1385=ORIENTED_EDGE('',*,*,#2260,.F.);
#1386=ORIENTED_EDGE('',*,*,#2251,.T.);
#1387=ORIENTED_EDGE('',*,*,#2229,.F.);
#1388=ORIENTED_EDGE('',*,*,#2267,.F.);
#1389=ORIENTED_EDGE('',*,*,#2268,.T.);
#1390=ORIENTED_EDGE('',*,*,#2245,.T.);
#1391=ORIENTED_EDGE('',*,*,#2228,.F.);
#1392=ORIENTED_EDGE('',*,*,#2269,.F.);
#1393=ORIENTED_EDGE('',*,*,#2270,.F.);
#1394=ORIENTED_EDGE('',*,*,#2219,.F.);
#1395=ORIENTED_EDGE('',*,*,#2271,.T.);
#1396=ORIENTED_EDGE('',*,*,#2267,.T.);
#1397=ORIENTED_EDGE('',*,*,#2268,.F.);
#1398=ORIENTED_EDGE('',*,*,#2271,.F.);
#1399=ORIENTED_EDGE('',*,*,#2218,.F.);
#1400=ORIENTED_EDGE('',*,*,#2246,.F.);
#1401=ORIENTED_EDGE('',*,*,#2205,.T.);
#1402=ORIENTED_EDGE('',*,*,#2272,.T.);
#1403=ORIENTED_EDGE('',*,*,#2273,.T.);
#1404=ORIENTED_EDGE('',*,*,#2223,.T.);
#1405=ORIENTED_EDGE('',*,*,#2274,.F.);
#1406=ORIENTED_EDGE('',*,*,#2275,.F.);
#1407=ORIENTED_EDGE('',*,*,#2233,.T.);
#1408=ORIENTED_EDGE('',*,*,#2250,.F.);
#1409=ORIENTED_EDGE('',*,*,#2276,.F.);
#1410=ORIENTED_EDGE('',*,*,#2274,.T.);
#1411=ORIENTED_EDGE('',*,*,#2249,.T.);
#1412=ORIENTED_EDGE('',*,*,#2206,.T.);
#1413=ORIENTED_EDGE('',*,*,#2275,.T.);
#1414=ORIENTED_EDGE('',*,*,#2276,.T.);
#1415=ORIENTED_EDGE('',*,*,#2257,.F.);
#1416=ORIENTED_EDGE('',*,*,#2211,.F.);
#1417=ORIENTED_EDGE('',*,*,#2277,.T.);
#1418=ORIENTED_EDGE('',*,*,#2278,.T.);
#1419=ORIENTED_EDGE('',*,*,#2258,.F.);
#1420=ORIENTED_EDGE('',*,*,#2278,.F.);
#1421=ORIENTED_EDGE('',*,*,#2279,.T.);
#1422=ORIENTED_EDGE('',*,*,#2280,.T.);
#1423=ORIENTED_EDGE('',*,*,#2259,.F.);
#1424=ORIENTED_EDGE('',*,*,#2280,.F.);
#1425=ORIENTED_EDGE('',*,*,#2281,.T.);
#1426=ORIENTED_EDGE('',*,*,#2209,.T.);
#1427=ORIENTED_EDGE('',*,*,#2282,.F.);
#1428=ORIENTED_EDGE('',*,*,#2261,.T.);
#1429=ORIENTED_EDGE('',*,*,#2210,.F.);
#1430=ORIENTED_EDGE('',*,*,#2281,.F.);
#1431=ORIENTED_EDGE('',*,*,#2279,.F.);
#1432=ORIENTED_EDGE('',*,*,#2277,.F.);
#1433=ORIENTED_EDGE('',*,*,#2282,.T.);
#1434=ORIENTED_EDGE('',*,*,#2255,.F.);
#1435=ORIENTED_EDGE('',*,*,#2283,.F.);
#1436=ORIENTED_EDGE('',*,*,#2284,.T.);
#1437=ORIENTED_EDGE('',*,*,#2285,.T.);
#1438=ORIENTED_EDGE('',*,*,#2256,.F.);
#1439=ORIENTED_EDGE('',*,*,#2285,.F.);
#1440=ORIENTED_EDGE('',*,*,#2286,.T.);
#1441=ORIENTED_EDGE('',*,*,#2213,.T.);
#1442=ORIENTED_EDGE('',*,*,#2254,.F.);
#1443=ORIENTED_EDGE('',*,*,#2215,.F.);
#1444=ORIENTED_EDGE('',*,*,#2287,.T.);
#1445=ORIENTED_EDGE('',*,*,#2283,.T.);
#1446=ORIENTED_EDGE('',*,*,#2288,.T.);
#1447=ORIENTED_EDGE('',*,*,#2262,.F.);
#1448=ORIENTED_EDGE('',*,*,#2284,.F.);
#1449=ORIENTED_EDGE('',*,*,#2287,.F.);
#1450=ORIENTED_EDGE('',*,*,#2214,.F.);
#1451=ORIENTED_EDGE('',*,*,#2286,.F.);
#1452=ORIENTED_EDGE('',*,*,#2288,.F.);
#1453=ORIENTED_EDGE('',*,*,#2289,.F.);
#1454=ORIENTED_EDGE('',*,*,#2253,.T.);
#1455=ORIENTED_EDGE('',*,*,#2290,.T.);
#1456=ORIENTED_EDGE('',*,*,#2289,.T.);
#1457=ORIENTED_EDGE('',*,*,#2290,.F.);
#1458=ORIENTED_EDGE('',*,*,#2291,.T.);
#1459=ORIENTED_EDGE('',*,*,#2292,.T.);
#1460=ORIENTED_EDGE('',*,*,#2293,.T.);
#1461=ORIENTED_EDGE('',*,*,#2294,.F.);
#1462=ORIENTED_EDGE('',*,*,#2295,.T.);
#1463=ORIENTED_EDGE('',*,*,#2296,.T.);
#1464=ORIENTED_EDGE('',*,*,#2297,.T.);
#1465=ORIENTED_EDGE('',*,*,#2243,.F.);
#1466=ORIENTED_EDGE('',*,*,#2294,.T.);
#1467=ORIENTED_EDGE('',*,*,#2298,.T.);
#1468=ORIENTED_EDGE('',*,*,#2297,.F.);
#1469=ORIENTED_EDGE('',*,*,#2299,.T.);
#1470=ORIENTED_EDGE('',*,*,#2291,.F.);
#1471=ORIENTED_EDGE('',*,*,#2244,.F.);
#1472=ORIENTED_EDGE('',*,*,#2293,.F.);
#1473=ORIENTED_EDGE('',*,*,#2300,.T.);
#1474=ORIENTED_EDGE('',*,*,#2295,.F.);
#1475=ORIENTED_EDGE('',*,*,#2298,.F.);
#1476=ORIENTED_EDGE('',*,*,#2301,.T.);
#1477=ORIENTED_EDGE('',*,*,#2302,.T.);
#1478=ORIENTED_EDGE('',*,*,#2303,.T.);
#1479=ORIENTED_EDGE('',*,*,#2304,.T.);
#1480=ORIENTED_EDGE('',*,*,#2305,.F.);
#1481=ORIENTED_EDGE('',*,*,#2300,.F.);
#1482=ORIENTED_EDGE('',*,*,#2306,.F.);
#1483=ORIENTED_EDGE('',*,*,#2304,.F.);
#1484=ORIENTED_EDGE('',*,*,#2306,.T.);
#1485=ORIENTED_EDGE('',*,*,#2292,.F.);
#1486=ORIENTED_EDGE('',*,*,#2307,.F.);
#1487=ORIENTED_EDGE('',*,*,#2301,.F.);
#1488=ORIENTED_EDGE('',*,*,#2305,.T.);
#1489=ORIENTED_EDGE('',*,*,#2303,.F.);
#1490=ORIENTED_EDGE('',*,*,#2308,.F.);
#1491=ORIENTED_EDGE('',*,*,#2296,.F.);
#1492=ORIENTED_EDGE('',*,*,#2307,.T.);
#1493=ORIENTED_EDGE('',*,*,#2299,.F.);
#1494=ORIENTED_EDGE('',*,*,#2308,.T.);
#1495=ORIENTED_EDGE('',*,*,#2302,.F.);
#1496=ORIENTED_EDGE('',*,*,#2309,.F.);
#1497=ORIENTED_EDGE('',*,*,#2266,.F.);
#1498=ORIENTED_EDGE('',*,*,#2310,.T.);
#1499=ORIENTED_EDGE('',*,*,#2235,.T.);
#1500=ORIENTED_EDGE('',*,*,#2311,.F.);
#1501=ORIENTED_EDGE('',*,*,#2263,.F.);
#1502=ORIENTED_EDGE('',*,*,#2309,.T.);
#1503=ORIENTED_EDGE('',*,*,#2238,.T.);
#1504=ORIENTED_EDGE('',*,*,#2310,.F.);
#1505=ORIENTED_EDGE('',*,*,#2265,.F.);
#1506=ORIENTED_EDGE('',*,*,#2312,.T.);
#1507=ORIENTED_EDGE('',*,*,#2236,.T.);
#1508=ORIENTED_EDGE('',*,*,#2312,.F.);
#1509=ORIENTED_EDGE('',*,*,#2264,.F.);
#1510=ORIENTED_EDGE('',*,*,#2311,.T.);
#1511=ORIENTED_EDGE('',*,*,#2237,.T.);
#1512=ORIENTED_EDGE('',*,*,#2313,.F.);
#1513=ORIENTED_EDGE('',*,*,#2239,.T.);
#1514=ORIENTED_EDGE('',*,*,#2313,.T.);
#1515=ORIENTED_EDGE('',*,*,#2314,.F.);
#1516=ORIENTED_EDGE('',*,*,#2240,.T.);
#1517=ORIENTED_EDGE('',*,*,#2314,.T.);
#1518=ORIENTED_EDGE('',*,*,#2315,.F.);
#1519=ORIENTED_EDGE('',*,*,#2241,.T.);
#1520=ORIENTED_EDGE('',*,*,#2315,.T.);
#1521=ORIENTED_EDGE('',*,*,#2316,.T.);
#1522=ORIENTED_EDGE('',*,*,#2242,.T.);
#1523=ORIENTED_EDGE('',*,*,#2316,.F.);
#1524=ORIENTED_EDGE('',*,*,#2317,.F.);
#1525=ORIENTED_EDGE('',*,*,#2234,.T.);
#1526=ORIENTED_EDGE('',*,*,#2317,.T.);
#1527=ORIENTED_EDGE('',*,*,#2227,.T.);
#1528=ORIENTED_EDGE('',*,*,#2318,.F.);
#1529=ORIENTED_EDGE('',*,*,#2319,.F.);
#1530=ORIENTED_EDGE('',*,*,#2269,.T.);
#1531=ORIENTED_EDGE('',*,*,#2226,.T.);
#1532=ORIENTED_EDGE('',*,*,#2221,.F.);
#1533=ORIENTED_EDGE('',*,*,#2320,.F.);
#1534=ORIENTED_EDGE('',*,*,#2318,.T.);
#1535=ORIENTED_EDGE('',*,*,#2319,.T.);
#1536=ORIENTED_EDGE('',*,*,#2320,.T.);
#1537=ORIENTED_EDGE('',*,*,#2220,.T.);
#1538=ORIENTED_EDGE('',*,*,#2270,.T.);
#1539=ORIENTED_EDGE('',*,*,#2224,.F.);
#1540=ORIENTED_EDGE('',*,*,#2273,.F.);
#1541=ORIENTED_EDGE('',*,*,#2321,.T.);
#1542=ORIENTED_EDGE('',*,*,#2322,.T.);
#1543=ORIENTED_EDGE('',*,*,#2225,.F.);
#1544=ORIENTED_EDGE('',*,*,#2322,.F.);
#1545=ORIENTED_EDGE('',*,*,#2323,.T.);
#1546=ORIENTED_EDGE('',*,*,#2203,.T.);
#1547=ORIENTED_EDGE('',*,*,#2204,.F.);
#1548=ORIENTED_EDGE('',*,*,#2323,.F.);
#1549=ORIENTED_EDGE('',*,*,#2321,.F.);
#1550=ORIENTED_EDGE('',*,*,#2272,.F.);
#1551=ORIENTED_EDGE('',*,*,#2324,.T.);
#1552=ORIENTED_EDGE('',*,*,#2325,.T.);
#1553=ORIENTED_EDGE('',*,*,#2326,.T.);
#1554=ORIENTED_EDGE('',*,*,#2327,.T.);
#1555=ORIENTED_EDGE('',*,*,#2328,.T.);
#1556=ORIENTED_EDGE('',*,*,#2329,.T.);
#1557=ORIENTED_EDGE('',*,*,#2330,.F.);
#1558=ORIENTED_EDGE('',*,*,#2331,.T.);
#1559=ORIENTED_EDGE('',*,*,#2332,.T.);
#1560=ORIENTED_EDGE('',*,*,#2333,.T.);
#1561=ORIENTED_EDGE('',*,*,#2334,.T.);
#1562=ORIENTED_EDGE('',*,*,#2335,.T.);
#1563=ORIENTED_EDGE('',*,*,#2330,.T.);
#1564=ORIENTED_EDGE('',*,*,#2336,.T.);
#1565=ORIENTED_EDGE('',*,*,#2337,.T.);
#1566=ORIENTED_EDGE('',*,*,#2338,.F.);
#1567=ORIENTED_EDGE('',*,*,#2339,.T.);
#1568=ORIENTED_EDGE('',*,*,#2340,.T.);
#1569=ORIENTED_EDGE('',*,*,#2341,.T.);
#1570=ORIENTED_EDGE('',*,*,#2342,.F.);
#1571=ORIENTED_EDGE('',*,*,#2343,.T.);
#1572=ORIENTED_EDGE('',*,*,#2338,.T.);
#1573=ORIENTED_EDGE('',*,*,#2344,.T.);
#1574=ORIENTED_EDGE('',*,*,#2345,.T.);
#1575=ORIENTED_EDGE('',*,*,#2346,.T.);
#1576=ORIENTED_EDGE('',*,*,#2347,.T.);
#1577=ORIENTED_EDGE('',*,*,#2348,.T.);
#1578=ORIENTED_EDGE('',*,*,#2349,.T.);
#1579=ORIENTED_EDGE('',*,*,#2342,.T.);
#1580=ORIENTED_EDGE('',*,*,#2350,.T.);
#1581=ORIENTED_EDGE('',*,*,#2351,.T.);
#1582=ORIENTED_EDGE('',*,*,#2352,.T.);
#1583=ORIENTED_EDGE('',*,*,#2353,.F.);
#1584=ORIENTED_EDGE('',*,*,#2354,.T.);
#1585=ORIENTED_EDGE('',*,*,#2355,.T.);
#1586=ORIENTED_EDGE('',*,*,#2356,.T.);
#1587=ORIENTED_EDGE('',*,*,#2353,.T.);
#1588=ORIENTED_EDGE('',*,*,#2357,.T.);
#1589=ORIENTED_EDGE('',*,*,#2358,.T.);
#1590=ORIENTED_EDGE('',*,*,#2359,.T.);
#1591=ORIENTED_EDGE('',*,*,#2360,.T.);
#1592=ORIENTED_EDGE('',*,*,#2361,.T.);
#1593=ORIENTED_EDGE('',*,*,#2362,.F.);
#1594=ORIENTED_EDGE('',*,*,#2363,.T.);
#1595=ORIENTED_EDGE('',*,*,#2364,.T.);
#1596=ORIENTED_EDGE('',*,*,#2365,.T.);
#1597=ORIENTED_EDGE('',*,*,#2366,.T.);
#1598=ORIENTED_EDGE('',*,*,#2367,.T.);
#1599=ORIENTED_EDGE('',*,*,#2368,.T.);
#1600=ORIENTED_EDGE('',*,*,#2369,.T.);
#1601=ORIENTED_EDGE('',*,*,#2370,.F.);
#1602=ORIENTED_EDGE('',*,*,#2371,.F.);
#1603=ORIENTED_EDGE('',*,*,#2372,.T.);
#1604=ORIENTED_EDGE('',*,*,#2373,.T.);
#1605=ORIENTED_EDGE('',*,*,#2374,.T.);
#1606=ORIENTED_EDGE('',*,*,#2375,.T.);
#1607=ORIENTED_EDGE('',*,*,#2376,.T.);
#1608=ORIENTED_EDGE('',*,*,#2377,.F.);
#1609=ORIENTED_EDGE('',*,*,#2378,.T.);
#1610=ORIENTED_EDGE('',*,*,#2379,.T.);
#1611=ORIENTED_EDGE('',*,*,#2380,.T.);
#1612=ORIENTED_EDGE('',*,*,#2381,.T.);
#1613=ORIENTED_EDGE('',*,*,#2382,.T.);
#1614=ORIENTED_EDGE('',*,*,#2383,.T.);
#1615=ORIENTED_EDGE('',*,*,#2384,.T.);
#1616=ORIENTED_EDGE('',*,*,#2385,.T.);
#1617=ORIENTED_EDGE('',*,*,#2386,.T.);
#1618=ORIENTED_EDGE('',*,*,#2387,.T.);
#1619=ORIENTED_EDGE('',*,*,#2388,.T.);
#1620=ORIENTED_EDGE('',*,*,#2389,.T.);
#1621=ORIENTED_EDGE('',*,*,#2390,.T.);
#1622=ORIENTED_EDGE('',*,*,#2391,.F.);
#1623=ORIENTED_EDGE('',*,*,#2392,.T.);
#1624=ORIENTED_EDGE('',*,*,#2393,.T.);
#1625=ORIENTED_EDGE('',*,*,#2394,.T.);
#1626=ORIENTED_EDGE('',*,*,#2395,.T.);
#1627=ORIENTED_EDGE('',*,*,#2396,.T.);
#1628=ORIENTED_EDGE('',*,*,#2397,.T.);
#1629=ORIENTED_EDGE('',*,*,#2398,.T.);
#1630=ORIENTED_EDGE('',*,*,#2399,.F.);
#1631=ORIENTED_EDGE('',*,*,#2370,.T.);
#1632=ORIENTED_EDGE('',*,*,#2400,.T.);
#1633=ORIENTED_EDGE('',*,*,#2399,.T.);
#1634=ORIENTED_EDGE('',*,*,#2401,.T.);
#1635=ORIENTED_EDGE('',*,*,#2402,.T.);
#1636=ORIENTED_EDGE('',*,*,#2403,.T.);
#1637=ORIENTED_EDGE('',*,*,#2392,.F.);
#1638=ORIENTED_EDGE('',*,*,#2404,.T.);
#1639=ORIENTED_EDGE('',*,*,#2405,.T.);
#1640=ORIENTED_EDGE('',*,*,#2391,.T.);
#1641=ORIENTED_EDGE('',*,*,#2406,.T.);
#1642=ORIENTED_EDGE('',*,*,#2407,.T.);
#1643=ORIENTED_EDGE('',*,*,#2408,.T.);
#1644=ORIENTED_EDGE('',*,*,#2408,.F.);
#1645=ORIENTED_EDGE('',*,*,#2409,.T.);
#1646=ORIENTED_EDGE('',*,*,#2410,.F.);
#1647=ORIENTED_EDGE('',*,*,#2410,.T.);
#1648=ORIENTED_EDGE('',*,*,#2411,.T.);
#1649=ORIENTED_EDGE('',*,*,#2412,.F.);
#1650=ORIENTED_EDGE('',*,*,#2412,.T.);
#1651=ORIENTED_EDGE('',*,*,#2413,.T.);
#1652=ORIENTED_EDGE('',*,*,#2414,.F.);
#1653=ORIENTED_EDGE('',*,*,#2414,.T.);
#1654=ORIENTED_EDGE('',*,*,#2413,.F.);
#1655=ORIENTED_EDGE('',*,*,#2395,.F.);
#1656=ORIENTED_EDGE('',*,*,#2409,.F.);
#1657=ORIENTED_EDGE('',*,*,#2396,.F.);
#1658=ORIENTED_EDGE('',*,*,#2411,.F.);
#1659=ORIENTED_EDGE('',*,*,#2397,.F.);
#1660=ORIENTED_EDGE('',*,*,#2398,.F.);
#1661=ORIENTED_EDGE('',*,*,#2407,.F.);
#1662=ORIENTED_EDGE('',*,*,#2415,.T.);
#1663=ORIENTED_EDGE('',*,*,#2416,.T.);
#1664=ORIENTED_EDGE('',*,*,#2417,.T.);
#1665=ORIENTED_EDGE('',*,*,#2418,.F.);
#1666=ORIENTED_EDGE('',*,*,#2419,.T.);
#1667=ORIENTED_EDGE('',*,*,#2420,.T.);
#1668=ORIENTED_EDGE('',*,*,#2421,.T.);
#1669=ORIENTED_EDGE('',*,*,#2422,.T.);
#1670=ORIENTED_EDGE('',*,*,#2423,.T.);
#1671=ORIENTED_EDGE('',*,*,#2424,.T.);
#1672=ORIENTED_EDGE('',*,*,#2418,.T.);
#1673=ORIENTED_EDGE('',*,*,#2425,.T.);
#1674=ORIENTED_EDGE('',*,*,#2422,.F.);
#1675=ORIENTED_EDGE('',*,*,#2426,.T.);
#1676=ORIENTED_EDGE('',*,*,#2427,.T.);
#1677=ORIENTED_EDGE('',*,*,#2428,.T.);
#1678=ORIENTED_EDGE('',*,*,#2377,.T.);
#1679=ORIENTED_EDGE('',*,*,#2429,.T.);
#1680=ORIENTED_EDGE('',*,*,#2430,.T.);
#1681=ORIENTED_EDGE('',*,*,#2431,.T.);
#1682=ORIENTED_EDGE('',*,*,#2432,.T.);
#1683=ORIENTED_EDGE('',*,*,#2433,.T.);
#1684=ORIENTED_EDGE('',*,*,#2434,.T.);
#1685=ORIENTED_EDGE('',*,*,#2435,.T.);
#1686=ORIENTED_EDGE('',*,*,#2436,.T.);
#1687=ORIENTED_EDGE('',*,*,#2437,.T.);
#1688=ORIENTED_EDGE('',*,*,#2438,.T.);
#1689=ORIENTED_EDGE('',*,*,#2439,.T.);
#1690=ORIENTED_EDGE('',*,*,#2440,.T.);
#1691=ORIENTED_EDGE('',*,*,#2441,.T.);
#1692=ORIENTED_EDGE('',*,*,#2442,.T.);
#1693=ORIENTED_EDGE('',*,*,#2443,.T.);
#1694=ORIENTED_EDGE('',*,*,#2371,.T.);
#1695=ORIENTED_EDGE('',*,*,#2444,.T.);
#1696=ORIENTED_EDGE('',*,*,#2445,.T.);
#1697=ORIENTED_EDGE('',*,*,#2446,.T.);
#1698=ORIENTED_EDGE('',*,*,#2447,.T.);
#1699=ORIENTED_EDGE('',*,*,#2448,.T.);
#1700=ORIENTED_EDGE('',*,*,#2449,.T.);
#1701=ORIENTED_EDGE('',*,*,#2375,.F.);
#1702=ORIENTED_EDGE('',*,*,#2450,.T.);
#1703=ORIENTED_EDGE('',*,*,#2451,.T.);
#1704=ORIENTED_EDGE('',*,*,#2452,.T.);
#1705=ORIENTED_EDGE('',*,*,#2453,.T.);
#1706=ORIENTED_EDGE('',*,*,#2454,.T.);
#1707=ORIENTED_EDGE('',*,*,#2455,.T.);
#1708=ORIENTED_EDGE('',*,*,#2456,.T.);
#1709=ORIENTED_EDGE('',*,*,#2457,.T.);
#1710=ORIENTED_EDGE('',*,*,#2368,.F.);
#1711=ORIENTED_EDGE('',*,*,#2458,.T.);
#1712=ORIENTED_EDGE('',*,*,#2459,.T.);
#1713=ORIENTED_EDGE('',*,*,#2460,.T.);
#1714=ORIENTED_EDGE('',*,*,#2461,.T.);
#1715=ORIENTED_EDGE('',*,*,#2462,.T.);
#1716=ORIENTED_EDGE('',*,*,#2463,.T.);
#1717=ORIENTED_EDGE('',*,*,#2464,.T.);
#1718=ORIENTED_EDGE('',*,*,#2465,.T.);
#1719=ORIENTED_EDGE('',*,*,#2466,.T.);
#1720=ORIENTED_EDGE('',*,*,#2467,.T.);
#1721=ORIENTED_EDGE('',*,*,#2468,.T.);
#1722=ORIENTED_EDGE('',*,*,#2469,.T.);
#1723=ORIENTED_EDGE('',*,*,#2470,.T.);
#1724=ORIENTED_EDGE('',*,*,#2471,.T.);
#1725=ORIENTED_EDGE('',*,*,#2472,.T.);
#1726=ORIENTED_EDGE('',*,*,#2366,.F.);
#1727=ORIENTED_EDGE('',*,*,#2473,.T.);
#1728=ORIENTED_EDGE('',*,*,#2474,.T.);
#1729=ORIENTED_EDGE('',*,*,#2475,.T.);
#1730=ORIENTED_EDGE('',*,*,#2476,.T.);
#1731=ORIENTED_EDGE('',*,*,#2477,.T.);
#1732=ORIENTED_EDGE('',*,*,#2478,.T.);
#1733=ORIENTED_EDGE('',*,*,#2479,.T.);
#1734=ORIENTED_EDGE('',*,*,#2480,.T.);
#1735=ORIENTED_EDGE('',*,*,#2481,.T.);
#1736=ORIENTED_EDGE('',*,*,#2482,.T.);
#1737=ORIENTED_EDGE('',*,*,#2362,.T.);
#1738=ORIENTED_EDGE('',*,*,#2483,.T.);
#1739=ORIENTED_EDGE('',*,*,#2484,.T.);
#1740=ORIENTED_EDGE('',*,*,#2485,.T.);
#1741=ORIENTED_EDGE('',*,*,#2486,.T.);
#1742=ORIENTED_EDGE('',*,*,#2487,.T.);
#1743=ORIENTED_EDGE('',*,*,#2488,.T.);
#1744=ORIENTED_EDGE('',*,*,#2489,.F.);
#1745=ORIENTED_EDGE('',*,*,#2490,.F.);
#1746=ORIENTED_EDGE('',*,*,#2491,.F.);
#1747=ORIENTED_EDGE('',*,*,#2349,.F.);
#1748=ORIENTED_EDGE('',*,*,#2492,.T.);
#1749=ORIENTED_EDGE('',*,*,#2350,.F.);
#1750=ORIENTED_EDGE('',*,*,#2356,.F.);
#1751=ORIENTED_EDGE('',*,*,#2493,.T.);
#1752=ORIENTED_EDGE('',*,*,#2331,.F.);
#1753=ORIENTED_EDGE('',*,*,#2335,.F.);
#1754=ORIENTED_EDGE('',*,*,#2494,.T.);
#1755=ORIENTED_EDGE('',*,*,#2339,.F.);
#1756=ORIENTED_EDGE('',*,*,#2343,.F.);
#1757=ORIENTED_EDGE('',*,*,#2495,.T.);
#1758=ORIENTED_EDGE('',*,*,#2491,.T.);
#1759=ORIENTED_EDGE('',*,*,#2496,.T.);
#1760=ORIENTED_EDGE('',*,*,#2490,.T.);
#1761=ORIENTED_EDGE('',*,*,#2496,.F.);
#1762=ORIENTED_EDGE('',*,*,#2497,.T.);
#1763=ORIENTED_EDGE('',*,*,#2489,.T.);
#1764=ORIENTED_EDGE('',*,*,#2497,.F.);
#1765=ORIENTED_EDGE('',*,*,#2404,.F.);
#1766=ORIENTED_EDGE('',*,*,#2403,.F.);
#1767=ORIENTED_EDGE('',*,*,#2405,.F.);
#1768=ORIENTED_EDGE('',*,*,#2406,.F.);
#1769=ORIENTED_EDGE('',*,*,#2393,.F.);
#1770=ORIENTED_EDGE('',*,*,#2495,.F.);
#1771=ORIENTED_EDGE('',*,*,#2401,.F.);
#1772=ORIENTED_EDGE('',*,*,#2394,.F.);
#1773=ORIENTED_EDGE('',*,*,#2400,.F.);
#1774=ORIENTED_EDGE('',*,*,#2402,.F.);
#1775=ORIENTED_EDGE('',*,*,#2494,.F.);
#1776=ORIENTED_EDGE('',*,*,#2334,.F.);
#1777=ORIENTED_EDGE('',*,*,#2498,.F.);
#1778=ORIENTED_EDGE('',*,*,#2336,.F.);
#1779=ORIENTED_EDGE('',*,*,#2499,.F.);
#1780=ORIENTED_EDGE('',*,*,#2337,.F.);
#1781=ORIENTED_EDGE('',*,*,#2500,.F.);
#1782=ORIENTED_EDGE('',*,*,#2386,.F.);
#1783=ORIENTED_EDGE('',*,*,#2501,.F.);
#1784=ORIENTED_EDGE('',*,*,#2416,.F.);
#1785=ORIENTED_EDGE('',*,*,#2502,.F.);
#1786=ORIENTED_EDGE('',*,*,#2361,.F.);
#1787=ORIENTED_EDGE('',*,*,#2500,.T.);
#1788=ORIENTED_EDGE('',*,*,#2498,.T.);
#1789=ORIENTED_EDGE('',*,*,#2503,.F.);
#1790=ORIENTED_EDGE('',*,*,#2504,.F.);
#1791=ORIENTED_EDGE('',*,*,#2384,.F.);
#1792=ORIENTED_EDGE('',*,*,#2505,.F.);
#1793=ORIENTED_EDGE('',*,*,#2415,.F.);
#1794=ORIENTED_EDGE('',*,*,#2499,.T.);
#1795=ORIENTED_EDGE('',*,*,#2385,.F.);
#1796=ORIENTED_EDGE('',*,*,#2506,.F.);
#1797=ORIENTED_EDGE('',*,*,#2344,.F.);
#1798=ORIENTED_EDGE('',*,*,#2503,.T.);
#1799=ORIENTED_EDGE('',*,*,#2333,.F.);
#1800=ORIENTED_EDGE('',*,*,#2507,.F.);
#1801=ORIENTED_EDGE('',*,*,#2387,.F.);
#1802=ORIENTED_EDGE('',*,*,#2502,.T.);
#1803=ORIENTED_EDGE('',*,*,#2505,.T.);
#1804=ORIENTED_EDGE('',*,*,#2508,.F.);
#1805=ORIENTED_EDGE('',*,*,#2501,.T.);
#1806=ORIENTED_EDGE('',*,*,#2360,.F.);
#1807=ORIENTED_EDGE('',*,*,#2509,.F.);
#1808=ORIENTED_EDGE('',*,*,#2423,.F.);
#1809=ORIENTED_EDGE('',*,*,#2425,.F.);
#1810=ORIENTED_EDGE('',*,*,#2417,.F.);
#1811=ORIENTED_EDGE('',*,*,#2506,.T.);
#1812=ORIENTED_EDGE('',*,*,#2504,.T.);
#1813=ORIENTED_EDGE('',*,*,#2510,.F.);
#1814=ORIENTED_EDGE('',*,*,#2511,.F.);
#1815=ORIENTED_EDGE('',*,*,#2328,.F.);
#1816=ORIENTED_EDGE('',*,*,#2512,.F.);
#1817=ORIENTED_EDGE('',*,*,#2325,.F.);
#1818=ORIENTED_EDGE('',*,*,#2507,.T.);
#1819=ORIENTED_EDGE('',*,*,#2329,.F.);
#1820=ORIENTED_EDGE('',*,*,#2513,.F.);
#1821=ORIENTED_EDGE('',*,*,#2388,.F.);
#1822=ORIENTED_EDGE('',*,*,#2508,.T.);
#1823=ORIENTED_EDGE('',*,*,#2383,.F.);
#1824=ORIENTED_EDGE('',*,*,#2514,.F.);
#1825=ORIENTED_EDGE('',*,*,#2358,.F.);
#1826=ORIENTED_EDGE('',*,*,#2509,.T.);
#1827=ORIENTED_EDGE('',*,*,#2359,.F.);
#1828=ORIENTED_EDGE('',*,*,#2515,.F.);
#1829=ORIENTED_EDGE('',*,*,#2424,.F.);
#1830=ORIENTED_EDGE('',*,*,#2510,.T.);
#1831=ORIENTED_EDGE('',*,*,#2419,.F.);
#1832=ORIENTED_EDGE('',*,*,#2516,.F.);
#1833=ORIENTED_EDGE('',*,*,#2345,.F.);
#1834=ORIENTED_EDGE('',*,*,#2493,.F.);
#1835=ORIENTED_EDGE('',*,*,#2355,.F.);
#1836=ORIENTED_EDGE('',*,*,#2517,.F.);
#1837=ORIENTED_EDGE('',*,*,#2326,.F.);
#1838=ORIENTED_EDGE('',*,*,#2512,.T.);
#1839=ORIENTED_EDGE('',*,*,#2332,.F.);
#1840=ORIENTED_EDGE('',*,*,#2513,.T.);
#1841=ORIENTED_EDGE('',*,*,#2511,.T.);
#1842=ORIENTED_EDGE('',*,*,#2518,.F.);
#1843=ORIENTED_EDGE('',*,*,#2515,.T.);
#1844=ORIENTED_EDGE('',*,*,#2514,.T.);
#1845=ORIENTED_EDGE('',*,*,#2519,.F.);
#1846=ORIENTED_EDGE('',*,*,#2516,.T.);
#1847=ORIENTED_EDGE('',*,*,#2426,.F.);
#1848=ORIENTED_EDGE('',*,*,#2520,.F.);
#1849=ORIENTED_EDGE('',*,*,#2346,.F.);
#1850=ORIENTED_EDGE('',*,*,#2517,.T.);
#1851=ORIENTED_EDGE('',*,*,#2354,.F.);
#1852=ORIENTED_EDGE('',*,*,#2521,.F.);
#1853=ORIENTED_EDGE('',*,*,#2327,.F.);
#1854=ORIENTED_EDGE('',*,*,#2518,.T.);
#1855=ORIENTED_EDGE('',*,*,#2324,.F.);
#1856=ORIENTED_EDGE('',*,*,#2522,.F.);
#1857=ORIENTED_EDGE('',*,*,#2389,.F.);
#1858=ORIENTED_EDGE('',*,*,#2519,.T.);
#1859=ORIENTED_EDGE('',*,*,#2382,.F.);
#1860=ORIENTED_EDGE('',*,*,#2523,.F.);
#1861=ORIENTED_EDGE('',*,*,#2420,.F.);
#1862=ORIENTED_EDGE('',*,*,#2520,.T.);
#1863=ORIENTED_EDGE('',*,*,#2421,.F.);
#1864=ORIENTED_EDGE('',*,*,#2524,.F.);
#1865=ORIENTED_EDGE('',*,*,#2340,.F.);
#1866=ORIENTED_EDGE('',*,*,#2522,.T.);
#1867=ORIENTED_EDGE('',*,*,#2521,.T.);
#1868=ORIENTED_EDGE('',*,*,#2525,.F.);
#1869=ORIENTED_EDGE('',*,*,#2524,.T.);
#1870=ORIENTED_EDGE('',*,*,#2523,.T.);
#1871=ORIENTED_EDGE('',*,*,#2526,.F.);
#1872=ORIENTED_EDGE('',*,*,#2525,.T.);
#1873=ORIENTED_EDGE('',*,*,#2357,.F.);
#1874=ORIENTED_EDGE('',*,*,#2527,.F.);
#1875=ORIENTED_EDGE('',*,*,#2390,.F.);
#1876=ORIENTED_EDGE('',*,*,#2526,.T.);
#1877=ORIENTED_EDGE('',*,*,#2381,.F.);
#1878=ORIENTED_EDGE('',*,*,#2528,.F.);
#1879=ORIENTED_EDGE('',*,*,#2341,.F.);
#1880=ORIENTED_EDGE('',*,*,#2527,.T.);
#1881=ORIENTED_EDGE('',*,*,#2352,.F.);
#1882=ORIENTED_EDGE('',*,*,#2529,.F.);
#1883=ORIENTED_EDGE('',*,*,#2379,.F.);
#1884=ORIENTED_EDGE('',*,*,#2528,.T.);
#1885=ORIENTED_EDGE('',*,*,#2380,.F.);
#1886=ORIENTED_EDGE('',*,*,#2530,.F.);
#1887=ORIENTED_EDGE('',*,*,#2347,.F.);
#1888=ORIENTED_EDGE('',*,*,#2530,.T.);
#1889=ORIENTED_EDGE('',*,*,#2529,.T.);
#1890=ORIENTED_EDGE('',*,*,#2531,.F.);
#1891=ORIENTED_EDGE('',*,*,#2492,.F.);
#1892=ORIENTED_EDGE('',*,*,#2348,.F.);
#1893=ORIENTED_EDGE('',*,*,#2531,.T.);
#1894=ORIENTED_EDGE('',*,*,#2351,.F.);
#1895=ORIENTED_EDGE('',*,*,#2436,.F.);
#1896=ORIENTED_EDGE('',*,*,#2532,.T.);
#1897=ORIENTED_EDGE('',*,*,#2430,.F.);
#1898=ORIENTED_EDGE('',*,*,#2533,.T.);
#1899=ORIENTED_EDGE('',*,*,#2440,.F.);
#1900=ORIENTED_EDGE('',*,*,#2534,.T.);
#1901=ORIENTED_EDGE('',*,*,#2434,.F.);
#1902=ORIENTED_EDGE('',*,*,#2535,.T.);
#1903=ORIENTED_EDGE('',*,*,#2467,.F.);
#1904=ORIENTED_EDGE('',*,*,#2536,.T.);
#1905=ORIENTED_EDGE('',*,*,#2469,.F.);
#1906=ORIENTED_EDGE('',*,*,#2537,.T.);
#1907=ORIENTED_EDGE('',*,*,#2463,.F.);
#1908=ORIENTED_EDGE('',*,*,#2538,.T.);
#1909=ORIENTED_EDGE('',*,*,#2465,.F.);
#1910=ORIENTED_EDGE('',*,*,#2539,.T.);
#1911=ORIENTED_EDGE('',*,*,#2471,.F.);
#1912=ORIENTED_EDGE('',*,*,#2540,.T.);
#1913=ORIENTED_EDGE('',*,*,#2364,.F.);
#1914=ORIENTED_EDGE('',*,*,#2541,.T.);
#1915=ORIENTED_EDGE('',*,*,#2373,.F.);
#1916=ORIENTED_EDGE('',*,*,#2542,.T.);
#1917=ORIENTED_EDGE('',*,*,#2438,.F.);
#1918=ORIENTED_EDGE('',*,*,#2543,.T.);
#1919=ORIENTED_EDGE('',*,*,#2459,.F.);
#1920=ORIENTED_EDGE('',*,*,#2544,.T.);
#1921=ORIENTED_EDGE('',*,*,#2461,.F.);
#1922=ORIENTED_EDGE('',*,*,#2545,.T.);
#1923=ORIENTED_EDGE('',*,*,#2432,.F.);
#1924=ORIENTED_EDGE('',*,*,#2546,.T.);
#1925=ORIENTED_EDGE('',*,*,#2427,.F.);
#1926=ORIENTED_EDGE('',*,*,#2547,.T.);
#1927=ORIENTED_EDGE('',*,*,#2367,.F.);
#1928=ORIENTED_EDGE('',*,*,#2480,.F.);
#1929=ORIENTED_EDGE('',*,*,#2548,.F.);
#1930=ORIENTED_EDGE('',*,*,#2458,.F.);
#1931=ORIENTED_EDGE('',*,*,#2548,.T.);
#1932=ORIENTED_EDGE('',*,*,#2479,.F.);
#1933=ORIENTED_EDGE('',*,*,#2549,.F.);
#1934=ORIENTED_EDGE('',*,*,#2544,.F.);
#1935=ORIENTED_EDGE('',*,*,#2549,.T.);
#1936=ORIENTED_EDGE('',*,*,#2478,.F.);
#1937=ORIENTED_EDGE('',*,*,#2550,.F.);
#1938=ORIENTED_EDGE('',*,*,#2462,.F.);
#1939=ORIENTED_EDGE('',*,*,#2550,.T.);
#1940=ORIENTED_EDGE('',*,*,#2477,.F.);
#1941=ORIENTED_EDGE('',*,*,#2551,.F.);
#1942=ORIENTED_EDGE('',*,*,#2538,.F.);
#1943=ORIENTED_EDGE('',*,*,#2551,.T.);
#1944=ORIENTED_EDGE('',*,*,#2476,.F.);
#1945=ORIENTED_EDGE('',*,*,#2552,.F.);
#1946=ORIENTED_EDGE('',*,*,#2466,.F.);
#1947=ORIENTED_EDGE('',*,*,#2552,.T.);
#1948=ORIENTED_EDGE('',*,*,#2475,.F.);
#1949=ORIENTED_EDGE('',*,*,#2553,.F.);
#1950=ORIENTED_EDGE('',*,*,#2536,.F.);
#1951=ORIENTED_EDGE('',*,*,#2553,.T.);
#1952=ORIENTED_EDGE('',*,*,#2474,.F.);
#1953=ORIENTED_EDGE('',*,*,#2554,.F.);
#1954=ORIENTED_EDGE('',*,*,#2470,.F.);
#1955=ORIENTED_EDGE('',*,*,#2365,.F.);
#1956=ORIENTED_EDGE('',*,*,#2540,.F.);
#1957=ORIENTED_EDGE('',*,*,#2554,.T.);
#1958=ORIENTED_EDGE('',*,*,#2473,.F.);
#1959=ORIENTED_EDGE('',*,*,#2369,.F.);
#1960=ORIENTED_EDGE('',*,*,#2460,.F.);
#1961=ORIENTED_EDGE('',*,*,#2555,.F.);
#1962=ORIENTED_EDGE('',*,*,#2483,.F.);
#1963=ORIENTED_EDGE('',*,*,#2555,.T.);
#1964=ORIENTED_EDGE('',*,*,#2545,.F.);
#1965=ORIENTED_EDGE('',*,*,#2556,.F.);
#1966=ORIENTED_EDGE('',*,*,#2484,.F.);
#1967=ORIENTED_EDGE('',*,*,#2556,.T.);
#1968=ORIENTED_EDGE('',*,*,#2464,.F.);
#1969=ORIENTED_EDGE('',*,*,#2557,.F.);
#1970=ORIENTED_EDGE('',*,*,#2485,.F.);
#1971=ORIENTED_EDGE('',*,*,#2557,.T.);
#1972=ORIENTED_EDGE('',*,*,#2539,.F.);
#1973=ORIENTED_EDGE('',*,*,#2558,.F.);
#1974=ORIENTED_EDGE('',*,*,#2486,.F.);
#1975=ORIENTED_EDGE('',*,*,#2558,.T.);
#1976=ORIENTED_EDGE('',*,*,#2468,.F.);
#1977=ORIENTED_EDGE('',*,*,#2559,.F.);
#1978=ORIENTED_EDGE('',*,*,#2487,.F.);
#1979=ORIENTED_EDGE('',*,*,#2559,.T.);
#1980=ORIENTED_EDGE('',*,*,#2537,.F.);
#1981=ORIENTED_EDGE('',*,*,#2560,.F.);
#1982=ORIENTED_EDGE('',*,*,#2488,.F.);
#1983=ORIENTED_EDGE('',*,*,#2560,.T.);
#1984=ORIENTED_EDGE('',*,*,#2472,.F.);
#1985=ORIENTED_EDGE('',*,*,#2561,.F.);
#1986=ORIENTED_EDGE('',*,*,#2481,.F.);
#1987=ORIENTED_EDGE('',*,*,#2561,.T.);
#1988=ORIENTED_EDGE('',*,*,#2541,.F.);
#1989=ORIENTED_EDGE('',*,*,#2363,.F.);
#1990=ORIENTED_EDGE('',*,*,#2482,.F.);
#1991=ORIENTED_EDGE('',*,*,#2378,.F.);
#1992=ORIENTED_EDGE('',*,*,#2428,.F.);
#1993=ORIENTED_EDGE('',*,*,#2562,.F.);
#1994=ORIENTED_EDGE('',*,*,#2444,.F.);
#1995=ORIENTED_EDGE('',*,*,#2562,.T.);
#1996=ORIENTED_EDGE('',*,*,#2546,.F.);
#1997=ORIENTED_EDGE('',*,*,#2563,.F.);
#1998=ORIENTED_EDGE('',*,*,#2445,.F.);
#1999=ORIENTED_EDGE('',*,*,#2563,.T.);
#2000=ORIENTED_EDGE('',*,*,#2431,.F.);
#2001=ORIENTED_EDGE('',*,*,#2564,.F.);
#2002=ORIENTED_EDGE('',*,*,#2446,.F.);
#2003=ORIENTED_EDGE('',*,*,#2564,.T.);
#2004=ORIENTED_EDGE('',*,*,#2532,.F.);
#2005=ORIENTED_EDGE('',*,*,#2565,.F.);
#2006=ORIENTED_EDGE('',*,*,#2447,.F.);
#2007=ORIENTED_EDGE('',*,*,#2565,.T.);
#2008=ORIENTED_EDGE('',*,*,#2435,.F.);
#2009=ORIENTED_EDGE('',*,*,#2566,.F.);
#2010=ORIENTED_EDGE('',*,*,#2448,.F.);
#2011=ORIENTED_EDGE('',*,*,#2566,.T.);
#2012=ORIENTED_EDGE('',*,*,#2534,.F.);
#2013=ORIENTED_EDGE('',*,*,#2567,.F.);
#2014=ORIENTED_EDGE('',*,*,#2449,.F.);
#2015=ORIENTED_EDGE('',*,*,#2567,.T.);
#2016=ORIENTED_EDGE('',*,*,#2439,.F.);
#2017=ORIENTED_EDGE('',*,*,#2568,.F.);
#2018=ORIENTED_EDGE('',*,*,#2442,.F.);
#2019=ORIENTED_EDGE('',*,*,#2568,.T.);
#2020=ORIENTED_EDGE('',*,*,#2542,.F.);
#2021=ORIENTED_EDGE('',*,*,#2372,.F.);
#2022=ORIENTED_EDGE('',*,*,#2443,.F.);
#2023=ORIENTED_EDGE('',*,*,#2376,.F.);
#2024=ORIENTED_EDGE('',*,*,#2457,.F.);
#2025=ORIENTED_EDGE('',*,*,#2569,.F.);
#2026=ORIENTED_EDGE('',*,*,#2429,.F.);
#2027=ORIENTED_EDGE('',*,*,#2569,.T.);
#2028=ORIENTED_EDGE('',*,*,#2456,.F.);
#2029=ORIENTED_EDGE('',*,*,#2570,.F.);
#2030=ORIENTED_EDGE('',*,*,#2547,.F.);
#2031=ORIENTED_EDGE('',*,*,#2570,.T.);
#2032=ORIENTED_EDGE('',*,*,#2455,.F.);
#2033=ORIENTED_EDGE('',*,*,#2571,.F.);
#2034=ORIENTED_EDGE('',*,*,#2433,.F.);
#2035=ORIENTED_EDGE('',*,*,#2571,.T.);
#2036=ORIENTED_EDGE('',*,*,#2454,.F.);
#2037=ORIENTED_EDGE('',*,*,#2572,.F.);
#2038=ORIENTED_EDGE('',*,*,#2533,.F.);
#2039=ORIENTED_EDGE('',*,*,#2572,.T.);
#2040=ORIENTED_EDGE('',*,*,#2453,.F.);
#2041=ORIENTED_EDGE('',*,*,#2573,.F.);
#2042=ORIENTED_EDGE('',*,*,#2437,.F.);
#2043=ORIENTED_EDGE('',*,*,#2573,.T.);
#2044=ORIENTED_EDGE('',*,*,#2452,.F.);
#2045=ORIENTED_EDGE('',*,*,#2574,.F.);
#2046=ORIENTED_EDGE('',*,*,#2535,.F.);
#2047=ORIENTED_EDGE('',*,*,#2574,.T.);
#2048=ORIENTED_EDGE('',*,*,#2451,.F.);
#2049=ORIENTED_EDGE('',*,*,#2575,.F.);
#2050=ORIENTED_EDGE('',*,*,#2441,.F.);
#2051=ORIENTED_EDGE('',*,*,#2374,.F.);
#2052=ORIENTED_EDGE('',*,*,#2543,.F.);
#2053=ORIENTED_EDGE('',*,*,#2575,.T.);
#2054=ORIENTED_EDGE('',*,*,#2450,.F.);
#2055=EDGE_CURVE('',#2576,#2577,#2917,.F.);
#2056=EDGE_CURVE('',#2577,#2578,#2918,.F.);
#2057=EDGE_CURVE('',#2578,#2579,#453,.F.);
#2058=EDGE_CURVE('',#2580,#2579,#2919,.F.);
#2059=EDGE_CURVE('',#2580,#2581,#454,.F.);
#2060=EDGE_CURVE('',#2581,#2582,#455,.T.);
#2061=EDGE_CURVE('',#2582,#2583,#2920,.T.);
#2062=EDGE_CURVE('',#2583,#2584,#2921,.F.);
#2063=EDGE_CURVE('',#2584,#2585,#2922,.T.);
#2064=EDGE_CURVE('',#2585,#2586,#456,.T.);
#2065=EDGE_CURVE('',#2586,#2576,#2923,.T.);
#2066=EDGE_CURVE('',#2587,#2588,#457,.T.);
#2067=EDGE_CURVE('',#2587,#2589,#458,.T.);
#2068=EDGE_CURVE('',#2589,#2590,#459,.T.);
#2069=EDGE_CURVE('',#2588,#2590,#460,.F.);
#2070=EDGE_CURVE('',#2591,#2591,#2924,.F.);
#2071=EDGE_CURVE('',#2592,#2593,#357,.T.);
#2072=EDGE_CURVE('',#2593,#2594,#2925,.F.);
#2073=EDGE_CURVE('',#2594,#2595,#358,.T.);
#2074=EDGE_CURVE('',#2595,#2596,#2926,.T.);
#2075=EDGE_CURVE('',#2596,#2580,#359,.T.);
#2076=EDGE_CURVE('',#2579,#2597,#360,.T.);
#2077=EDGE_CURVE('',#2597,#2592,#2927,.T.);
#2078=EDGE_CURVE('',#2598,#2599,#461,.F.);
#2079=EDGE_CURVE('',#2599,#2600,#361,.T.);
#2080=EDGE_CURVE('',#2600,#2601,#462,.T.);
#2081=EDGE_CURVE('',#2598,#2601,#362,.F.);
#2082=EDGE_CURVE('',#2602,#2603,#463,.F.);
#2083=EDGE_CURVE('',#2603,#2604,#464,.T.);
#2084=EDGE_CURVE('',#2605,#2604,#465,.F.);
#2085=EDGE_CURVE('',#2602,#2605,#466,.F.);
#2086=EDGE_CURVE('',#2606,#2607,#467,.F.);
#2087=EDGE_CURVE('',#2607,#2608,#363,.T.);
#2088=EDGE_CURVE('',#2608,#2609,#468,.T.);
#2089=EDGE_CURVE('',#2609,#2606,#364,.T.);
#2090=EDGE_CURVE('',#2610,#2611,#2928,.T.);
#2091=EDGE_CURVE('',#2611,#2612,#365,.T.);
#2092=EDGE_CURVE('',#2612,#2594,#469,.F.);
#2093=EDGE_CURVE('',#2593,#2613,#470,.F.);
#2094=EDGE_CURVE('',#2613,#2614,#2929,.F.);
#2095=EDGE_CURVE('',#2614,#2615,#2930,.F.);
#2096=EDGE_CURVE('',#2615,#2616,#2931,.T.);
#2097=EDGE_CURVE('',#2616,#2617,#366,.T.);
#2098=EDGE_CURVE('',#2617,#2618,#2932,.T.);
#2099=EDGE_CURVE('',#2618,#2610,#2933,.F.);
#2100=EDGE_CURVE('',#2619,#2620,#471,.T.);
#2101=EDGE_CURVE('',#2621,#2619,#472,.F.);
#2102=EDGE_CURVE('',#2622,#2621,#473,.F.);
#2103=EDGE_CURVE('',#2622,#2620,#474,.F.);
#2104=EDGE_CURVE('',#2623,#2624,#475,.F.);
#2105=EDGE_CURVE('',#2625,#2624,#476,.F.);
#2106=EDGE_CURVE('',#2625,#2626,#477,.T.);
#2107=EDGE_CURVE('',#2626,#2623,#478,.F.);
#2108=EDGE_CURVE('',#2624,#2625,#2934,.T.);
#2109=EDGE_CURVE('',#2623,#2622,#2935,.F.);
#2110=EDGE_CURVE('',#2619,#2621,#2936,.T.);
#2111=EDGE_CURVE('',#2620,#2626,#2937,.F.);
#2112=EDGE_CURVE('',#2627,#2627,#2938,.T.);
#2113=EDGE_CURVE('',#2604,#2599,#2939,.T.);
#2114=EDGE_CURVE('',#2605,#2598,#2940,.F.);
#2115=EDGE_CURVE('',#2628,#2629,#479,.T.);
#2116=EDGE_CURVE('',#2628,#2587,#2941,.F.);
#2117=EDGE_CURVE('',#2588,#2629,#2942,.T.);
#2118=EDGE_CURVE('',#2630,#2631,#480,.T.);
#2119=EDGE_CURVE('',#2630,#2628,#2943,.T.);
#2120=EDGE_CURVE('',#2629,#2631,#2944,.T.);
#2121=EDGE_CURVE('',#2632,#2630,#2945,.T.);
#2122=EDGE_CURVE('',#2631,#2633,#2946,.T.);
#2123=EDGE_CURVE('',#2632,#2633,#481,.T.);
#2124=EDGE_CURVE('',#2634,#2635,#482,.T.);
#2125=EDGE_CURVE('',#2634,#2632,#2947,.T.);
#2126=EDGE_CURVE('',#2633,#2635,#2948,.T.);
#2127=EDGE_CURVE('',#2608,#2634,#2949,.F.);
#2128=EDGE_CURVE('',#2635,#2609,#2950,.T.);
#2129=EDGE_CURVE('',#2636,#2636,#2951,.F.);
#2130=EDGE_CURVE('',#2590,#2637,#2952,.F.);
#2131=EDGE_CURVE('',#2637,#2638,#2953,.T.);
#2132=EDGE_CURVE('',#2638,#2602,#2954,.F.);
#2133=EDGE_CURVE('',#2601,#2639,#2955,.F.);
#2134=EDGE_CURVE('',#2639,#2640,#2956,.T.);
#2135=EDGE_CURVE('',#2640,#2606,#2957,.F.);
#2136=EDGE_CURVE('',#2641,#2641,#2958,.T.);
#2137=EDGE_CURVE('',#2642,#2642,#2959,.T.);
#2138=EDGE_CURVE('',#2639,#2643,#483,.T.);
#2139=EDGE_CURVE('',#2643,#2644,#2960,.T.);
#2140=EDGE_CURVE('',#2644,#2640,#484,.F.);
#2141=EDGE_CURVE('',#2637,#2645,#485,.T.);
#2142=EDGE_CURVE('',#2645,#2646,#2961,.T.);
#2143=EDGE_CURVE('',#2646,#2638,#486,.F.);
#2144=EDGE_CURVE('',#2595,#2647,#487,.T.);
#2145=EDGE_CURVE('',#2647,#2648,#2962,.T.);
#2146=EDGE_CURVE('',#2648,#2596,#488,.T.);
#2147=EDGE_CURVE('',#2649,#2648,#489,.T.);
#2148=EDGE_CURVE('',#2649,#2581,#490,.F.);
#2149=EDGE_CURVE('',#2612,#2650,#367,.T.);
#2150=EDGE_CURVE('',#2650,#2647,#491,.T.);
#2151=EDGE_CURVE('',#2650,#2651,#2963,.F.);
#2152=EDGE_CURVE('',#2651,#2649,#292,.F.);
#2153=EDGE_CURVE('',#2652,#2592,#492,.T.);
#2154=EDGE_CURVE('',#2652,#2613,#368,.T.);
#2155=EDGE_CURVE('',#2578,#2653,#369,.T.);
#2156=EDGE_CURVE('',#2597,#2653,#493,.T.);
#2157=EDGE_CURVE('',#2653,#2652,#2964,.T.);
#2158=EDGE_CURVE('',#2644,#2607,#2965,.F.);
#2159=EDGE_CURVE('',#2646,#2603,#2966,.F.);
#2160=EDGE_CURVE('',#2589,#2645,#2967,.F.);
#2161=EDGE_CURVE('',#2600,#2643,#2968,.F.);
#2162=EDGE_CURVE('',#2651,#2604,#494,.T.);
#2163=EDGE_CURVE('',#2650,#2599,#370,.F.);
#2164=EDGE_CURVE('',#2611,#2600,#371,.F.);
#2165=EDGE_CURVE('',#2582,#2603,#495,.T.);
#2166=EDGE_CURVE('',#2610,#2643,#496,.F.);
#2167=EDGE_CURVE('',#2646,#2583,#497,.F.);
#2168=EDGE_CURVE('',#2644,#2618,#498,.T.);
#2169=EDGE_CURVE('',#2645,#2584,#499,.F.);
#2170=EDGE_CURVE('',#2607,#2617,#372,.F.);
#2171=EDGE_CURVE('',#2589,#2585,#500,.F.);
#2172=EDGE_CURVE('',#2616,#2608,#373,.F.);
#2173=EDGE_CURVE('',#2587,#2586,#501,.F.);
#2174=EDGE_CURVE('',#2615,#2634,#502,.F.);
#2175=EDGE_CURVE('',#2576,#2628,#503,.T.);
#2176=EDGE_CURVE('',#2614,#2632,#504,.F.);
#2177=EDGE_CURVE('',#2577,#2630,#505,.T.);
#2178=EDGE_CURVE('',#2654,#2655,#506,.F.);
#2179=EDGE_CURVE('',#2655,#2656,#374,.T.);
#2180=EDGE_CURVE('',#2657,#2656,#507,.F.);
#2181=EDGE_CURVE('',#2654,#2657,#508,.T.);
#2182=EDGE_CURVE('',#2658,#2659,#509,.F.);
#2183=EDGE_CURVE('',#2658,#2660,#375,.T.);
#2184=EDGE_CURVE('',#2660,#2661,#510,.F.);
#2185=EDGE_CURVE('',#2659,#2661,#511,.F.);
#2186=EDGE_CURVE('',#2660,#2655,#2969,.T.);
#2187=EDGE_CURVE('',#2654,#2661,#2970,.F.);
#2188=EDGE_CURVE('',#2656,#2658,#2971,.F.);
#2189=EDGE_CURVE('',#2657,#2659,#2972,.F.);
#2190=EDGE_CURVE('',#2662,#2663,#2973,.F.);
#2191=EDGE_CURVE('',#2662,#2664,#512,.F.);
#2192=EDGE_CURVE('',#2664,#2665,#2974,.F.);
#2193=EDGE_CURVE('',#2663,#2665,#513,.F.);
#2194=EDGE_CURVE('',#2666,#2667,#2975,.F.);
#2195=EDGE_CURVE('',#2666,#2662,#514,.F.);
#2196=EDGE_CURVE('',#2663,#2667,#515,.F.);
#2197=EDGE_CURVE('',#2668,#2664,#516,.F.);
#2198=EDGE_CURVE('',#2668,#2669,#2976,.F.);
#2199=EDGE_CURVE('',#2665,#2669,#517,.F.);
#2200=EDGE_CURVE('',#2668,#2666,#518,.T.);
#2201=EDGE_CURVE('',#2667,#2669,#519,.F.);
#2202=EDGE_CURVE('',#2670,#2670,#2977,.T.);
#2203=EDGE_CURVE('',#2671,#2672,#520,.T.);
#2204=EDGE_CURVE('',#2671,#2673,#2978,.T.);
#2205=EDGE_CURVE('',#2674,#2673,#521,.T.);
#2206=EDGE_CURVE('',#2675,#2674,#2979,.T.);
#2207=EDGE_CURVE('',#2676,#2675,#522,.T.);
#2208=EDGE_CURVE('',#2677,#2676,#2980,.T.);
#2209=EDGE_CURVE('',#2678,#2677,#523,.T.);
#2210=EDGE_CURVE('',#2678,#2679,#2981,.T.);
#2211=EDGE_CURVE('',#2679,#2680,#524,.T.);
#2212=EDGE_CURVE('',#2681,#2680,#2982,.T.);
#2213=EDGE_CURVE('',#2682,#2681,#525,.T.);
#2214=EDGE_CURVE('',#2682,#2683,#2983,.T.);
#2215=EDGE_CURVE('',#2683,#2684,#526,.T.);
#2216=EDGE_CURVE('',#2685,#2684,#2984,.T.);
#2217=EDGE_CURVE('',#2685,#2686,#527,.T.);
#2218=EDGE_CURVE('',#2686,#2687,#2985,.T.);
#2219=EDGE_CURVE('',#2687,#2688,#528,.T.);
#2220=EDGE_CURVE('',#2689,#2688,#2986,.T.);
#2221=EDGE_CURVE('',#2689,#2690,#529,.T.);
#2222=EDGE_CURVE('',#2690,#2672,#2987,.T.);
#2223=EDGE_CURVE('',#2691,#2692,#530,.T.);
#2224=EDGE_CURVE('',#2691,#2693,#2988,.T.);
#2225=EDGE_CURVE('',#2693,#2672,#531,.T.);
#2226=EDGE_CURVE('',#2694,#2690,#532,.T.);
#2227=EDGE_CURVE('',#2695,#2694,#2989,.T.);
#2228=EDGE_CURVE('',#2695,#2696,#533,.T.);
#2229=EDGE_CURVE('',#2696,#2697,#534,.T.);
#2230=EDGE_CURVE('',#2698,#2697,#535,.T.);
#2231=EDGE_CURVE('',#2699,#2698,#536,.T.);
#2232=EDGE_CURVE('',#2700,#2699,#537,.T.);
#2233=EDGE_CURVE('',#2692,#2700,#538,.T.);
#2234=EDGE_CURVE('',#2701,#2701,#2990,.F.);
#2235=EDGE_CURVE('',#2702,#2703,#2991,.T.);
#2236=EDGE_CURVE('',#2704,#2702,#539,.F.);
#2237=EDGE_CURVE('',#2705,#2704,#2992,.T.);
#2238=EDGE_CURVE('',#2703,#2705,#540,.F.);
#2239=EDGE_CURVE('',#2706,#2706,#2993,.F.);
#2240=EDGE_CURVE('',#2707,#2707,#2994,.F.);
#2241=EDGE_CURVE('',#2708,#2708,#2995,.F.);
#2242=EDGE_CURVE('',#2709,#2709,#2996,.F.);
#2243=EDGE_CURVE('',#2710,#2711,#2997,.T.);
#2244=EDGE_CURVE('',#2711,#2710,#541,.T.);
#2245=EDGE_CURVE('',#2712,#2697,#542,.T.);
#2246=EDGE_CURVE('',#2712,#2686,#543,.T.);
#2247=EDGE_CURVE('',#2713,#2685,#544,.T.);
#2248=EDGE_CURVE('',#2713,#2698,#545,.T.);
#2249=EDGE_CURVE('',#2714,#2675,#546,.T.);
#2250=EDGE_CURVE('',#2714,#2700,#547,.T.);
#2251=EDGE_CURVE('',#2715,#2699,#548,.T.);
#2252=EDGE_CURVE('',#2676,#2715,#549,.T.);
#2253=EDGE_CURVE('',#2716,#2716,#2998,.T.);
#2254=EDGE_CURVE('',#2684,#2717,#550,.T.);
#2255=EDGE_CURVE('',#2717,#2718,#2999,.T.);
#2256=EDGE_CURVE('',#2718,#2681,#551,.T.);
#2257=EDGE_CURVE('',#2680,#2719,#552,.T.);
#2258=EDGE_CURVE('',#2719,#2720,#3000,.T.);
#2259=EDGE_CURVE('',#2720,#2677,#553,.T.);
#2260=EDGE_CURVE('',#2715,#2713,#554,.T.);
#2261=EDGE_CURVE('',#2721,#2721,#3001,.T.);
#2262=EDGE_CURVE('',#2722,#2722,#3002,.T.);
#2263=EDGE_CURVE('',#2723,#2724,#555,.F.);
#2264=EDGE_CURVE('',#2724,#2725,#3003,.T.);
#2265=EDGE_CURVE('',#2725,#2726,#556,.F.);
#2266=EDGE_CURVE('',#2726,#2723,#3004,.T.);
#2267=EDGE_CURVE('',#2727,#2696,#557,.T.);
#2268=EDGE_CURVE('',#2727,#2712,#558,.T.);
#2269=EDGE_CURVE('',#2728,#2695,#559,.T.);
#2270=EDGE_CURVE('',#2688,#2728,#560,.T.);
#2271=EDGE_CURVE('',#2687,#2727,#561,.T.);
#2272=EDGE_CURVE('',#2673,#2729,#562,.T.);
#2273=EDGE_CURVE('',#2729,#2691,#563,.T.);
#2274=EDGE_CURVE('',#2730,#2692,#564,.T.);
#2275=EDGE_CURVE('',#2674,#2730,#565,.T.);
#2276=EDGE_CURVE('',#2730,#2714,#566,.T.);
#2277=EDGE_CURVE('',#2679,#2731,#567,.T.);
#2278=EDGE_CURVE('',#2731,#2719,#568,.T.);
#2279=EDGE_CURVE('',#2731,#2732,#3005,.T.);
#2280=EDGE_CURVE('',#2732,#2720,#569,.T.);
#2281=EDGE_CURVE('',#2732,#2678,#570,.T.);
#2282=EDGE_CURVE('',#2733,#2733,#3006,.T.);
#2283=EDGE_CURVE('',#2734,#2717,#571,.T.);
#2284=EDGE_CURVE('',#2734,#2735,#3007,.T.);
#2285=EDGE_CURVE('',#2735,#2718,#572,.T.);
#2286=EDGE_CURVE('',#2735,#2682,#573,.T.);
#2287=EDGE_CURVE('',#2683,#2734,#574,.T.);
#2288=EDGE_CURVE('',#2736,#2736,#3008,.T.);
#2289=EDGE_CURVE('',#2737,#2737,#3009,.T.);
#2290=EDGE_CURVE('',#2738,#2738,#3010,.F.);
#2291=EDGE_CURVE('',#2710,#2739,#575,.F.);
#2292=EDGE_CURVE('',#2739,#2740,#3011,.F.);
#2293=EDGE_CURVE('',#2740,#2741,#576,.T.);
#2294=EDGE_CURVE('',#2742,#2741,#3012,.T.);
#2295=EDGE_CURVE('',#2742,#2743,#577,.F.);
#2296=EDGE_CURVE('',#2743,#2744,#3013,.F.);
#2297=EDGE_CURVE('',#2744,#2711,#578,.T.);
#2298=EDGE_CURVE('',#2741,#2742,#579,.T.);
#2299=EDGE_CURVE('',#2744,#2739,#580,.T.);
#2300=EDGE_CURVE('',#2740,#2743,#581,.T.);
#2301=EDGE_CURVE('',#2745,#2746,#3014,.T.);
#2302=EDGE_CURVE('',#2746,#2747,#582,.T.);
#2303=EDGE_CURVE('',#2747,#2748,#3015,.T.);
#2304=EDGE_CURVE('',#2748,#2745,#583,.T.);
#2305=EDGE_CURVE('',#2743,#2748,#376,.T.);
#2306=EDGE_CURVE('',#2745,#2740,#377,.F.);
#2307=EDGE_CURVE('',#2746,#2739,#378,.F.);
#2308=EDGE_CURVE('',#2744,#2747,#379,.F.);
#2309=EDGE_CURVE('',#2723,#2703,#584,.F.);
#2310=EDGE_CURVE('',#2726,#2702,#585,.F.);
#2311=EDGE_CURVE('',#2724,#2705,#586,.F.);
#2312=EDGE_CURVE('',#2725,#2704,#587,.F.);
#2313=EDGE_CURVE('',#2749,#2749,#3016,.F.);
#2314=EDGE_CURVE('',#2750,#2750,#3017,.F.);
#2315=EDGE_CURVE('',#2751,#2751,#3018,.F.);
#2316=EDGE_CURVE('',#2752,#2752,#3019,.T.);
#2317=EDGE_CURVE('',#2753,#2753,#3020,.F.);
#2318=EDGE_CURVE('',#2754,#2694,#588,.T.);
#2319=EDGE_CURVE('',#2728,#2754,#3021,.T.);
#2320=EDGE_CURVE('',#2754,#2689,#589,.T.);
#2321=EDGE_CURVE('',#2729,#2755,#3022,.T.);
#2322=EDGE_CURVE('',#2755,#2693,#590,.T.);
#2323=EDGE_CURVE('',#2755,#2671,#591,.T.);
#2324=EDGE_CURVE('',#2756,#2757,#3023,.F.);
#2325=EDGE_CURVE('',#2757,#2758,#592,.T.);
#2326=EDGE_CURVE('',#2758,#2759,#3024,.T.);
#2327=EDGE_CURVE('',#2759,#2756,#593,.F.);
#2328=EDGE_CURVE('',#2760,#2761,#594,.T.);
#2329=EDGE_CURVE('',#2761,#2762,#595,.T.);
#2330=EDGE_CURVE('',#2763,#2762,#596,.F.);
#2331=EDGE_CURVE('',#2763,#2764,#597,.T.);
#2332=EDGE_CURVE('',#2764,#2760,#380,.T.);
#2333=EDGE_CURVE('',#2762,#2765,#598,.T.);
#2334=EDGE_CURVE('',#2765,#2766,#599,.T.);
#2335=EDGE_CURVE('',#2766,#2763,#600,.T.);
#2336=EDGE_CURVE('',#2767,#2768,#601,.T.);
#2337=EDGE_CURVE('',#2768,#2769,#602,.T.);
#2338=EDGE_CURVE('',#2770,#2769,#603,.F.);
#2339=EDGE_CURVE('',#2770,#2767,#604,.T.);
#2340=EDGE_CURVE('',#2771,#2772,#605,.T.);
#2341=EDGE_CURVE('',#2772,#2773,#606,.T.);
#2342=EDGE_CURVE('',#2774,#2773,#607,.F.);
#2343=EDGE_CURVE('',#2774,#2770,#608,.T.);
#2344=EDGE_CURVE('',#2769,#2775,#609,.T.);
#2345=EDGE_CURVE('',#2775,#2776,#610,.T.);
#2346=EDGE_CURVE('',#2776,#2771,#611,.T.);
#2347=EDGE_CURVE('',#2773,#2777,#612,.T.);
#2348=EDGE_CURVE('',#2777,#2778,#613,.T.);
#2349=EDGE_CURVE('',#2778,#2774,#614,.T.);
#2350=EDGE_CURVE('',#2779,#2780,#615,.T.);
#2351=EDGE_CURVE('',#2780,#2781,#616,.T.);
#2352=EDGE_CURVE('',#2781,#2782,#617,.T.);
#2353=EDGE_CURVE('',#2779,#2782,#618,.F.);
#2354=EDGE_CURVE('',#2783,#2784,#619,.T.);
#2355=EDGE_CURVE('',#2784,#2785,#381,.T.);
#2356=EDGE_CURVE('',#2785,#2779,#620,.T.);
#2357=EDGE_CURVE('',#2782,#2783,#621,.T.);
#2358=EDGE_CURVE('',#2786,#2787,#3025,.T.);
#2359=EDGE_CURVE('',#2787,#2788,#622,.T.);
#2360=EDGE_CURVE('',#2788,#2789,#3026,.T.);
#2361=EDGE_CURVE('',#2789,#2786,#623,.F.);
#2362=EDGE_CURVE('',#2790,#2791,#3027,.T.);
#2363=EDGE_CURVE('',#2790,#2792,#382,.T.);
#2364=EDGE_CURVE('',#2792,#2793,#624,.T.);
#2365=EDGE_CURVE('',#2793,#2794,#383,.T.);
#2366=EDGE_CURVE('',#2794,#2795,#3028,.T.);
#2367=EDGE_CURVE('',#2795,#2796,#293,.F.);
#2368=EDGE_CURVE('',#2796,#2797,#625,.T.);
#2369=EDGE_CURVE('',#2797,#2791,#294,.T.);
#2370=EDGE_CURVE('',#2798,#2798,#3029,.T.);
#2371=EDGE_CURVE('',#2799,#2800,#3030,.T.);
#2372=EDGE_CURVE('',#2799,#2801,#384,.T.);
#2373=EDGE_CURVE('',#2801,#2802,#626,.F.);
#2374=EDGE_CURVE('',#2802,#2803,#385,.T.);
#2375=EDGE_CURVE('',#2803,#2804,#3031,.T.);
#2376=EDGE_CURVE('',#2804,#2805,#295,.F.);
#2377=EDGE_CURVE('',#2806,#2805,#627,.T.);
#2378=EDGE_CURVE('',#2806,#2800,#296,.T.);
#2379=EDGE_CURVE('',#2807,#2808,#628,.T.);
#2380=EDGE_CURVE('',#2808,#2809,#629,.T.);
#2381=EDGE_CURVE('',#2809,#2810,#630,.T.);
#2382=EDGE_CURVE('',#2810,#2811,#631,.T.);
#2383=EDGE_CURVE('',#2811,#2812,#3032,.F.);
#2384=EDGE_CURVE('',#2812,#2813,#632,.T.);
#2385=EDGE_CURVE('',#2813,#2814,#633,.T.);
#2386=EDGE_CURVE('',#2814,#2815,#634,.T.);
#2387=EDGE_CURVE('',#2815,#2816,#635,.T.);
#2388=EDGE_CURVE('',#2816,#2817,#636,.T.);
#2389=EDGE_CURVE('',#2817,#2818,#3033,.T.);
#2390=EDGE_CURVE('',#2818,#2807,#637,.T.);
#2391=EDGE_CURVE('',#2819,#2819,#3034,.F.);
#2392=EDGE_CURVE('',#2820,#2820,#3035,.T.);
#2393=EDGE_CURVE('',#2821,#2821,#3036,.T.);
#2394=EDGE_CURVE('',#2822,#2822,#3037,.F.);
#2395=EDGE_CURVE('',#2823,#2823,#3038,.T.);
#2396=EDGE_CURVE('',#2824,#2824,#3039,.T.);
#2397=EDGE_CURVE('',#2825,#2825,#3040,.T.);
#2398=EDGE_CURVE('',#2826,#2826,#3041,.T.);
#2399=EDGE_CURVE('',#2827,#2827,#3042,.T.);
#2400=EDGE_CURVE('',#2828,#2828,#3043,.F.);
#2401=EDGE_CURVE('',#2829,#2829,#3044,.T.);
#2402=EDGE_CURVE('',#2830,#2830,#3045,.T.);
#2403=EDGE_CURVE('',#2831,#2831,#3046,.T.);
#2404=EDGE_CURVE('',#2832,#2832,#3047,.F.);
#2405=EDGE_CURVE('',#2833,#2833,#3048,.F.);
#2406=EDGE_CURVE('',#2834,#2834,#3049,.T.);
#2407=EDGE_CURVE('',#2835,#2835,#3050,.F.);
#2408=EDGE_CURVE('',#2836,#2836,#3051,.F.);
#2409=EDGE_CURVE('',#2837,#2837,#3052,.F.);
#2410=EDGE_CURVE('',#2838,#2838,#3053,.F.);
#2411=EDGE_CURVE('',#2839,#2839,#3054,.F.);
#2412=EDGE_CURVE('',#2840,#2840,#3055,.F.);
#2413=EDGE_CURVE('',#2841,#2841,#3056,.F.);
#2414=EDGE_CURVE('',#2842,#2842,#3057,.F.);
#2415=EDGE_CURVE('',#2843,#2844,#638,.T.);
#2416=EDGE_CURVE('',#2844,#2845,#639,.T.);
#2417=EDGE_CURVE('',#2845,#2846,#386,.T.);
#2418=EDGE_CURVE('',#2847,#2846,#640,.F.);
#2419=EDGE_CURVE('',#2847,#2843,#641,.T.);
#2420=EDGE_CURVE('',#2848,#2849,#642,.T.);
#2421=EDGE_CURVE('',#2849,#2850,#643,.T.);
#2422=EDGE_CURVE('',#2850,#2851,#644,.F.);
#2423=EDGE_CURVE('',#2851,#2852,#387,.T.);
#2424=EDGE_CURVE('',#2852,#2848,#645,.T.);
#2425=EDGE_CURVE('',#2846,#2851,#3058,.F.);
#2426=EDGE_CURVE('',#2850,#2847,#646,.T.);
#2427=EDGE_CURVE('',#2853,#2854,#647,.F.);
#2428=EDGE_CURVE('',#2854,#2806,#648,.T.);
#2429=EDGE_CURVE('',#2805,#2853,#649,.T.);
#2430=EDGE_CURVE('',#2855,#2856,#650,.F.);
#2431=EDGE_CURVE('',#2856,#2857,#3059,.F.);
#2432=EDGE_CURVE('',#2857,#2858,#651,.T.);
#2433=EDGE_CURVE('',#2858,#2855,#3060,.T.);
#2434=EDGE_CURVE('',#2859,#2860,#652,.F.);
#2435=EDGE_CURVE('',#2860,#2861,#653,.T.);
#2436=EDGE_CURVE('',#2861,#2862,#654,.T.);
#2437=EDGE_CURVE('',#2862,#2859,#655,.T.);
#2438=EDGE_CURVE('',#2863,#2864,#656,.F.);
#2439=EDGE_CURVE('',#2864,#2865,#3061,.T.);
#2440=EDGE_CURVE('',#2865,#2866,#657,.T.);
#2441=EDGE_CURVE('',#2866,#2863,#3062,.F.);
#2442=EDGE_CURVE('',#2867,#2868,#3063,.F.);
#2443=EDGE_CURVE('',#2868,#2799,#3064,.F.);
#2444=EDGE_CURVE('',#2800,#2869,#658,.T.);
#2445=EDGE_CURVE('',#2869,#2870,#3065,.T.);
#2446=EDGE_CURVE('',#2870,#2871,#3066,.T.);
#2447=EDGE_CURVE('',#2871,#2872,#3067,.T.);
#2448=EDGE_CURVE('',#2872,#2873,#659,.T.);
#2449=EDGE_CURVE('',#2873,#2867,#3068,.T.);
#2450=EDGE_CURVE('',#2803,#2874,#3069,.T.);
#2451=EDGE_CURVE('',#2874,#2875,#3070,.T.);
#2452=EDGE_CURVE('',#2875,#2876,#3071,.F.);
#2453=EDGE_CURVE('',#2876,#2877,#660,.T.);
#2454=EDGE_CURVE('',#2877,#2878,#3072,.F.);
#2455=EDGE_CURVE('',#2878,#2879,#3073,.F.);
#2456=EDGE_CURVE('',#2879,#2880,#3074,.F.);
#2457=EDGE_CURVE('',#2880,#2804,#661,.T.);
#2458=EDGE_CURVE('',#2796,#2881,#662,.T.);
#2459=EDGE_CURVE('',#2881,#2882,#663,.T.);
#2460=EDGE_CURVE('',#2882,#2797,#664,.T.);
#2461=EDGE_CURVE('',#2883,#2884,#665,.F.);
#2462=EDGE_CURVE('',#2884,#2885,#3075,.F.);
#2463=EDGE_CURVE('',#2885,#2886,#666,.T.);
#2464=EDGE_CURVE('',#2886,#2883,#3076,.T.);
#2465=EDGE_CURVE('',#2887,#2888,#667,.F.);
#2466=EDGE_CURVE('',#2888,#2889,#668,.T.);
#2467=EDGE_CURVE('',#2889,#2890,#669,.T.);
#2468=EDGE_CURVE('',#2890,#2887,#670,.T.);
#2469=EDGE_CURVE('',#2891,#2892,#671,.F.);
#2470=EDGE_CURVE('',#2892,#2893,#3077,.T.);
#2471=EDGE_CURVE('',#2893,#2894,#672,.T.);
#2472=EDGE_CURVE('',#2894,#2891,#3078,.F.);
#2473=EDGE_CURVE('',#2794,#2895,#3079,.F.);
#2474=EDGE_CURVE('',#2895,#2896,#3080,.F.);
#2475=EDGE_CURVE('',#2896,#2897,#3081,.T.);
#2476=EDGE_CURVE('',#2897,#2898,#673,.T.);
#2477=EDGE_CURVE('',#2898,#2899,#3082,.T.);
#2478=EDGE_CURVE('',#2899,#2900,#3083,.T.);
#2479=EDGE_CURVE('',#2900,#2901,#3084,.T.);
#2480=EDGE_CURVE('',#2901,#2795,#674,.T.);
#2481=EDGE_CURVE('',#2902,#2903,#3085,.T.);
#2482=EDGE_CURVE('',#2903,#2790,#3086,.T.);
#2483=EDGE_CURVE('',#2791,#2904,#675,.T.);
#2484=EDGE_CURVE('',#2904,#2905,#3087,.F.);
#2485=EDGE_CURVE('',#2905,#2906,#3088,.F.);
#2486=EDGE_CURVE('',#2906,#2907,#3089,.F.);
#2487=EDGE_CURVE('',#2907,#2908,#676,.T.);
#2488=EDGE_CURVE('',#2908,#2902,#3090,.F.);
#2489=EDGE_CURVE('',#2909,#2909,#3091,.T.);
#2490=EDGE_CURVE('',#2910,#2910,#3092,.T.);
#2491=EDGE_CURVE('',#2911,#2911,#3093,.F.);
#2492=EDGE_CURVE('',#2778,#2780,#677,.F.);
#2493=EDGE_CURVE('',#2785,#2764,#3094,.F.);
#2494=EDGE_CURVE('',#2766,#2767,#678,.F.);
#2495=EDGE_CURVE('',#2912,#2912,#3095,.F.);
#2496=EDGE_CURVE('',#2913,#2913,#3096,.F.);
#2497=EDGE_CURVE('',#2915,#2915,#3097,.F.);
#2498=EDGE_CURVE('',#2768,#2765,#679,.F.);
#2499=EDGE_CURVE('',#2769,#2814,#680,.F.);
#2500=EDGE_CURVE('',#2815,#2768,#681,.T.);
#2501=EDGE_CURVE('',#2845,#2789,#388,.F.);
#2502=EDGE_CURVE('',#2786,#2844,#682,.T.);
#2503=EDGE_CURVE('',#2815,#2765,#683,.F.);
#2504=EDGE_CURVE('',#2813,#2843,#684,.F.);
#2505=EDGE_CURVE('',#2844,#2812,#685,.F.);
#2506=EDGE_CURVE('',#2775,#2813,#686,.T.);
#2507=EDGE_CURVE('',#2816,#2762,#687,.T.);
#2508=EDGE_CURVE('',#2786,#2812,#389,.F.);
#2509=EDGE_CURVE('',#2852,#2788,#390,.F.);
#2510=EDGE_CURVE('',#2775,#2843,#688,.F.);
#2511=EDGE_CURVE('',#2761,#2757,#689,.F.);
#2512=EDGE_CURVE('',#2758,#2760,#391,.T.);
#2513=EDGE_CURVE('',#2817,#2761,#690,.T.);
#2514=EDGE_CURVE('',#2787,#2811,#392,.T.);
#2515=EDGE_CURVE('',#2848,#2787,#691,.F.);
#2516=EDGE_CURVE('',#2776,#2847,#692,.T.);
#2517=EDGE_CURVE('',#2759,#2784,#393,.T.);
#2518=EDGE_CURVE('',#2817,#2757,#394,.F.);
#2519=EDGE_CURVE('',#2848,#2811,#693,.T.);
#2520=EDGE_CURVE('',#2771,#2850,#694,.F.);
#2521=EDGE_CURVE('',#2756,#2783,#695,.F.);
#2522=EDGE_CURVE('',#2818,#2756,#395,.T.);
#2523=EDGE_CURVE('',#2849,#2810,#696,.F.);
#2524=EDGE_CURVE('',#2772,#2849,#697,.T.);
#2525=EDGE_CURVE('',#2818,#2783,#698,.F.);
#2526=EDGE_CURVE('',#2772,#2810,#699,.F.);
#2527=EDGE_CURVE('',#2807,#2782,#700,.T.);
#2528=EDGE_CURVE('',#2773,#2809,#701,.F.);
#2529=EDGE_CURVE('',#2808,#2781,#702,.T.);
#2530=EDGE_CURVE('',#2777,#2808,#703,.T.);
#2531=EDGE_CURVE('',#2777,#2781,#704,.T.);
#2532=EDGE_CURVE('',#2861,#2856,#3098,.F.);
#2533=EDGE_CURVE('',#2855,#2862,#3099,.T.);
#2534=EDGE_CURVE('',#2865,#2860,#3100,.F.);
#2535=EDGE_CURVE('',#2859,#2866,#3101,.T.);
#2536=EDGE_CURVE('',#2889,#2892,#3102,.F.);
#2537=EDGE_CURVE('',#2891,#2890,#3103,.T.);
#2538=EDGE_CURVE('',#2885,#2888,#3104,.F.);
#2539=EDGE_CURVE('',#2887,#2886,#3105,.T.);
#2540=EDGE_CURVE('',#2893,#2793,#3106,.T.);
#2541=EDGE_CURVE('',#2792,#2894,#3107,.F.);
#2542=EDGE_CURVE('',#2801,#2864,#3108,.T.);
#2543=EDGE_CURVE('',#2863,#2802,#3109,.F.);
#2544=EDGE_CURVE('',#2881,#2884,#3110,.F.);
#2545=EDGE_CURVE('',#2883,#2882,#3111,.T.);
#2546=EDGE_CURVE('',#2857,#2854,#3112,.F.);
#2547=EDGE_CURVE('',#2853,#2858,#3113,.T.);
#2548=EDGE_CURVE('',#2881,#2901,#705,.T.);
#2549=EDGE_CURVE('',#2884,#2900,#706,.T.);
#2550=EDGE_CURVE('',#2885,#2899,#707,.T.);
#2551=EDGE_CURVE('',#2888,#2898,#708,.T.);
#2552=EDGE_CURVE('',#2889,#2897,#709,.T.);
#2553=EDGE_CURVE('',#2892,#2896,#710,.T.);
#2554=EDGE_CURVE('',#2893,#2895,#711,.T.);
#2555=EDGE_CURVE('',#2904,#2882,#712,.T.);
#2556=EDGE_CURVE('',#2905,#2883,#713,.T.);
#2557=EDGE_CURVE('',#2906,#2886,#714,.T.);
#2558=EDGE_CURVE('',#2907,#2887,#715,.T.);
#2559=EDGE_CURVE('',#2908,#2890,#716,.T.);
#2560=EDGE_CURVE('',#2902,#2891,#717,.T.);
#2561=EDGE_CURVE('',#2903,#2894,#718,.T.);
#2562=EDGE_CURVE('',#2869,#2854,#719,.T.);
#2563=EDGE_CURVE('',#2870,#2857,#720,.T.);
#2564=EDGE_CURVE('',#2871,#2856,#721,.T.);
#2565=EDGE_CURVE('',#2872,#2861,#722,.T.);
#2566=EDGE_CURVE('',#2873,#2860,#723,.T.);
#2567=EDGE_CURVE('',#2867,#2865,#724,.T.);
#2568=EDGE_CURVE('',#2868,#2864,#725,.T.);
#2569=EDGE_CURVE('',#2853,#2880,#726,.T.);
#2570=EDGE_CURVE('',#2858,#2879,#727,.T.);
#2571=EDGE_CURVE('',#2855,#2878,#728,.T.);
#2572=EDGE_CURVE('',#2862,#2877,#729,.T.);
#2573=EDGE_CURVE('',#2859,#2876,#730,.T.);
#2574=EDGE_CURVE('',#2866,#2875,#731,.T.);
#2575=EDGE_CURVE('',#2863,#2874,#732,.T.);
#2576=VERTEX_POINT('',#6385);
#2577=VERTEX_POINT('',#6386);
#2578=VERTEX_POINT('',#6388);
#2579=VERTEX_POINT('',#6390);
#2580=VERTEX_POINT('',#6392);
#2581=VERTEX_POINT('',#6394);
#2582=VERTEX_POINT('',#6396);
#2583=VERTEX_POINT('',#6398);
#2584=VERTEX_POINT('',#6400);
#2585=VERTEX_POINT('',#6402);
#2586=VERTEX_POINT('',#6404);
#2587=VERTEX_POINT('',#6408);
#2588=VERTEX_POINT('',#6409);
#2589=VERTEX_POINT('',#6411);
#2590=VERTEX_POINT('',#6413);
#2591=VERTEX_POINT('',#6417);
#2592=VERTEX_POINT('',#6422);
#2593=VERTEX_POINT('',#6423);
#2594=VERTEX_POINT('',#6425);
#2595=VERTEX_POINT('',#6430);
#2596=VERTEX_POINT('',#6432);
#2597=VERTEX_POINT('',#6441);
#2598=VERTEX_POINT('',#6452);
#2599=VERTEX_POINT('',#6453);
#2600=VERTEX_POINT('',#6458);
#2601=VERTEX_POINT('',#6460);
#2602=VERTEX_POINT('',#6467);
#2603=VERTEX_POINT('',#6468);
#2604=VERTEX_POINT('',#6470);
#2605=VERTEX_POINT('',#6472);
#2606=VERTEX_POINT('',#6483);
#2607=VERTEX_POINT('',#6484);
#2608=VERTEX_POINT('',#6489);
#2609=VERTEX_POINT('',#6491);
#2610=VERTEX_POINT('',#6498);
#2611=VERTEX_POINT('',#6499);
#2612=VERTEX_POINT('',#6504);
#2613=VERTEX_POINT('',#6507);
#2614=VERTEX_POINT('',#6509);
#2615=VERTEX_POINT('',#6511);
#2616=VERTEX_POINT('',#6513);
#2617=VERTEX_POINT('',#6518);
#2618=VERTEX_POINT('',#6520);
#2619=VERTEX_POINT('',#6524);
#2620=VERTEX_POINT('',#6525);
#2621=VERTEX_POINT('',#6527);
#2622=VERTEX_POINT('',#6529);
#2623=VERTEX_POINT('',#6533);
#2624=VERTEX_POINT('',#6534);
#2625=VERTEX_POINT('',#6536);
#2626=VERTEX_POINT('',#6538);
#2627=VERTEX_POINT('',#6546);
#2628=VERTEX_POINT('',#6555);
#2629=VERTEX_POINT('',#6556);
#2630=VERTEX_POINT('',#6561);
#2631=VERTEX_POINT('',#6562);
#2632=VERTEX_POINT('',#6567);
#2633=VERTEX_POINT('',#6569);
#2634=VERTEX_POINT('',#6573);
#2635=VERTEX_POINT('',#6574);
#2636=VERTEX_POINT('',#6582);
#2637=VERTEX_POINT('',#6584);
#2638=VERTEX_POINT('',#6586);
#2639=VERTEX_POINT('',#6589);
#2640=VERTEX_POINT('',#6591);
#2641=VERTEX_POINT('',#6595);
#2642=VERTEX_POINT('',#6597);
#2643=VERTEX_POINT('',#6602);
#2644=VERTEX_POINT('',#6604);
#2645=VERTEX_POINT('',#6608);
#2646=VERTEX_POINT('',#6610);
#2647=VERTEX_POINT('',#6614);
#2648=VERTEX_POINT('',#6616);
#2649=VERTEX_POINT('',#6620);
#2650=VERTEX_POINT('',#6627);
#2651=VERTEX_POINT('',#6631);
#2652=VERTEX_POINT('',#6635);
#2653=VERTEX_POINT('',#6645);
#2654=VERTEX_POINT('',#6718);
#2655=VERTEX_POINT('',#6719);
#2656=VERTEX_POINT('',#6724);
#2657=VERTEX_POINT('',#6726);
#2658=VERTEX_POINT('',#6730);
#2659=VERTEX_POINT('',#6731);
#2660=VERTEX_POINT('',#6736);
#2661=VERTEX_POINT('',#6738);
#2662=VERTEX_POINT('',#6750);
#2663=VERTEX_POINT('',#6751);
#2664=VERTEX_POINT('',#6753);
#2665=VERTEX_POINT('',#6755);
#2666=VERTEX_POINT('',#6759);
#2667=VERTEX_POINT('',#6760);
#2668=VERTEX_POINT('',#6765);
#2669=VERTEX_POINT('',#6767);
#2670=VERTEX_POINT('',#6801);
#2671=VERTEX_POINT('',#6803);
#2672=VERTEX_POINT('',#6804);
#2673=VERTEX_POINT('',#6806);
#2674=VERTEX_POINT('',#6808);
#2675=VERTEX_POINT('',#6810);
#2676=VERTEX_POINT('',#6812);
#2677=VERTEX_POINT('',#6814);
#2678=VERTEX_POINT('',#6816);
#2679=VERTEX_POINT('',#6818);
#2680=VERTEX_POINT('',#6820);
#2681=VERTEX_POINT('',#6822);
#2682=VERTEX_POINT('',#6824);
#2683=VERTEX_POINT('',#6826);
#2684=VERTEX_POINT('',#6828);
#2685=VERTEX_POINT('',#6830);
#2686=VERTEX_POINT('',#6832);
#2687=VERTEX_POINT('',#6834);
#2688=VERTEX_POINT('',#6836);
#2689=VERTEX_POINT('',#6838);
#2690=VERTEX_POINT('',#6840);
#2691=VERTEX_POINT('',#6844);
#2692=VERTEX_POINT('',#6845);
#2693=VERTEX_POINT('',#6847);
#2694=VERTEX_POINT('',#6850);
#2695=VERTEX_POINT('',#6852);
#2696=VERTEX_POINT('',#6854);
#2697=VERTEX_POINT('',#6856);
#2698=VERTEX_POINT('',#6858);
#2699=VERTEX_POINT('',#6860);
#2700=VERTEX_POINT('',#6862);
#2701=VERTEX_POINT('',#6866);
#2702=VERTEX_POINT('',#6868);
#2703=VERTEX_POINT('',#6869);
#2704=VERTEX_POINT('',#6871);
#2705=VERTEX_POINT('',#6873);
#2706=VERTEX_POINT('',#6876);
#2707=VERTEX_POINT('',#6878);
#2708=VERTEX_POINT('',#6880);
#2709=VERTEX_POINT('',#6882);
#2710=VERTEX_POINT('',#6885);
#2711=VERTEX_POINT('',#6886);
#2712=VERTEX_POINT('',#6890);
#2713=VERTEX_POINT('',#6893);
#2714=VERTEX_POINT('',#6897);
#2715=VERTEX_POINT('',#6900);
#2716=VERTEX_POINT('',#6904);
#2717=VERTEX_POINT('',#6906);
#2718=VERTEX_POINT('',#6908);
#2719=VERTEX_POINT('',#6911);
#2720=VERTEX_POINT('',#6913);
#2721=VERTEX_POINT('',#6917);
#2722=VERTEX_POINT('',#6919);
#2723=VERTEX_POINT('',#6923);
#2724=VERTEX_POINT('',#6924);
#2725=VERTEX_POINT('',#6926);
#2726=VERTEX_POINT('',#6928);
#2727=VERTEX_POINT('',#6932);
#2728=VERTEX_POINT('',#6936);
#2729=VERTEX_POINT('',#6942);
#2730=VERTEX_POINT('',#6945);
#2731=VERTEX_POINT('',#6952);
#2732=VERTEX_POINT('',#6956);
#2733=VERTEX_POINT('',#6962);
#2734=VERTEX_POINT('',#6966);
#2735=VERTEX_POINT('',#6968);
#2736=VERTEX_POINT('',#6976);
#2737=VERTEX_POINT('',#6980);
#2738=VERTEX_POINT('',#6983);
#2739=VERTEX_POINT('',#6986);
#2740=VERTEX_POINT('',#6988);
#2741=VERTEX_POINT('',#6990);
#2742=VERTEX_POINT('',#6992);
#2743=VERTEX_POINT('',#6994);
#2744=VERTEX_POINT('',#6996);
#2745=VERTEX_POINT('',#7006);
#2746=VERTEX_POINT('',#7007);
#2747=VERTEX_POINT('',#7009);
#2748=VERTEX_POINT('',#7011);
#2749=VERTEX_POINT('',#7043);
#2750=VERTEX_POINT('',#7047);
#2751=VERTEX_POINT('',#7051);
#2752=VERTEX_POINT('',#7055);
#2753=VERTEX_POINT('',#7059);
#2754=VERTEX_POINT('',#7063);
#2755=VERTEX_POINT('',#7070);
#2756=VERTEX_POINT('',#7102);
#2757=VERTEX_POINT('',#7103);
#2758=VERTEX_POINT('',#7105);
#2759=VERTEX_POINT('',#7107);
#2760=VERTEX_POINT('',#7111);
#2761=VERTEX_POINT('',#7112);
#2762=VERTEX_POINT('',#7114);
#2763=VERTEX_POINT('',#7116);
#2764=VERTEX_POINT('',#7118);
#2765=VERTEX_POINT('',#7125);
#2766=VERTEX_POINT('',#7127);
#2767=VERTEX_POINT('',#7131);
#2768=VERTEX_POINT('',#7132);
#2769=VERTEX_POINT('',#7134);
#2770=VERTEX_POINT('',#7136);
#2771=VERTEX_POINT('',#7140);
#2772=VERTEX_POINT('',#7141);
#2773=VERTEX_POINT('',#7143);
#2774=VERTEX_POINT('',#7145);
#2775=VERTEX_POINT('',#7148);
#2776=VERTEX_POINT('',#7150);
#2777=VERTEX_POINT('',#7154);
#2778=VERTEX_POINT('',#7156);
#2779=VERTEX_POINT('',#7160);
#2780=VERTEX_POINT('',#7161);
#2781=VERTEX_POINT('',#7163);
#2782=VERTEX_POINT('',#7165);
#2783=VERTEX_POINT('',#7169);
#2784=VERTEX_POINT('',#7170);
#2785=VERTEX_POINT('',#7175);
#2786=VERTEX_POINT('',#7180);
#2787=VERTEX_POINT('',#7181);
#2788=VERTEX_POINT('',#7183);
#2789=VERTEX_POINT('',#7185);
#2790=VERTEX_POINT('',#7188);
#2791=VERTEX_POINT('',#7189);
#2792=VERTEX_POINT('',#7194);
#2793=VERTEX_POINT('',#7196);
#2794=VERTEX_POINT('',#7201);
#2795=VERTEX_POINT('',#7203);
#2796=VERTEX_POINT('',#7205);
#2797=VERTEX_POINT('',#7207);
#2798=VERTEX_POINT('',#7210);
#2799=VERTEX_POINT('',#7212);
#2800=VERTEX_POINT('',#7213);
#2801=VERTEX_POINT('',#7218);
#2802=VERTEX_POINT('',#7220);
#2803=VERTEX_POINT('',#7225);
#2804=VERTEX_POINT('',#7227);
#2805=VERTEX_POINT('',#7229);
#2806=VERTEX_POINT('',#7231);
#2807=VERTEX_POINT('',#7235);
#2808=VERTEX_POINT('',#7236);
#2809=VERTEX_POINT('',#7238);
#2810=VERTEX_POINT('',#7240);
#2811=VERTEX_POINT('',#7242);
#2812=VERTEX_POINT('',#7244);
#2813=VERTEX_POINT('',#7246);
#2814=VERTEX_POINT('',#7248);
#2815=VERTEX_POINT('',#7250);
#2816=VERTEX_POINT('',#7252);
#2817=VERTEX_POINT('',#7254);
#2818=VERTEX_POINT('',#7256);
#2819=VERTEX_POINT('',#7259);
#2820=VERTEX_POINT('',#7261);
#2821=VERTEX_POINT('',#7264);
#2822=VERTEX_POINT('',#7266);
#2823=VERTEX_POINT('',#7268);
#2824=VERTEX_POINT('',#7270);
#2825=VERTEX_POINT('',#7272);
#2826=VERTEX_POINT('',#7274);
#2827=VERTEX_POINT('',#7277);
#2828=VERTEX_POINT('',#7280);
#2829=VERTEX_POINT('',#7283);
#2830=VERTEX_POINT('',#7285);
#2831=VERTEX_POINT('',#7288);
#2832=VERTEX_POINT('',#7291);
#2833=VERTEX_POINT('',#7294);
#2834=VERTEX_POINT('',#7297);
#2835=VERTEX_POINT('',#7300);
#2836=VERTEX_POINT('',#7302);
#2837=VERTEX_POINT('',#7306);
#2838=VERTEX_POINT('',#7308);
#2839=VERTEX_POINT('',#7312);
#2840=VERTEX_POINT('',#7314);
#2841=VERTEX_POINT('',#7318);
#2842=VERTEX_POINT('',#7320);
#2843=VERTEX_POINT('',#7328);
#2844=VERTEX_POINT('',#7329);
#2845=VERTEX_POINT('',#7331);
#2846=VERTEX_POINT('',#7336);
#2847=VERTEX_POINT('',#7338);
#2848=VERTEX_POINT('',#7342);
#2849=VERTEX_POINT('',#7343);
#2850=VERTEX_POINT('',#7345);
#2851=VERTEX_POINT('',#7347);
#2852=VERTEX_POINT('',#7352);
#2853=VERTEX_POINT('',#7359);
#2854=VERTEX_POINT('',#7360);
#2855=VERTEX_POINT('',#7365);
#2856=VERTEX_POINT('',#7366);
#2857=VERTEX_POINT('',#7368);
#2858=VERTEX_POINT('',#7370);
#2859=VERTEX_POINT('',#7374);
#2860=VERTEX_POINT('',#7375);
#2861=VERTEX_POINT('',#7377);
#2862=VERTEX_POINT('',#7379);
#2863=VERTEX_POINT('',#7383);
#2864=VERTEX_POINT('',#7384);
#2865=VERTEX_POINT('',#7386);
#2866=VERTEX_POINT('',#7388);
#2867=VERTEX_POINT('',#7392);
#2868=VERTEX_POINT('',#7393);
#2869=VERTEX_POINT('',#7396);
#2870=VERTEX_POINT('',#7398);
#2871=VERTEX_POINT('',#7400);
#2872=VERTEX_POINT('',#7402);
#2873=VERTEX_POINT('',#7404);
#2874=VERTEX_POINT('',#7408);
#2875=VERTEX_POINT('',#7410);
#2876=VERTEX_POINT('',#7412);
#2877=VERTEX_POINT('',#7414);
#2878=VERTEX_POINT('',#7416);
#2879=VERTEX_POINT('',#7418);
#2880=VERTEX_POINT('',#7420);
#2881=VERTEX_POINT('',#7424);
#2882=VERTEX_POINT('',#7426);
#2883=VERTEX_POINT('',#7430);
#2884=VERTEX_POINT('',#7431);
#2885=VERTEX_POINT('',#7433);
#2886=VERTEX_POINT('',#7435);
#2887=VERTEX_POINT('',#7439);
#2888=VERTEX_POINT('',#7440);
#2889=VERTEX_POINT('',#7442);
#2890=VERTEX_POINT('',#7444);
#2891=VERTEX_POINT('',#7448);
#2892=VERTEX_POINT('',#7449);
#2893=VERTEX_POINT('',#7451);
#2894=VERTEX_POINT('',#7453);
#2895=VERTEX_POINT('',#7457);
#2896=VERTEX_POINT('',#7459);
#2897=VERTEX_POINT('',#7461);
#2898=VERTEX_POINT('',#7463);
#2899=VERTEX_POINT('',#7465);
#2900=VERTEX_POINT('',#7467);
#2901=VERTEX_POINT('',#7469);
#2902=VERTEX_POINT('',#7473);
#2903=VERTEX_POINT('',#7474);
#2904=VERTEX_POINT('',#7477);
#2905=VERTEX_POINT('',#7479);
#2906=VERTEX_POINT('',#7481);
#2907=VERTEX_POINT('',#7483);
#2908=VERTEX_POINT('',#7485);
#2909=VERTEX_POINT('',#7489);
#2910=VERTEX_POINT('',#7491);
#2911=VERTEX_POINT('',#7493);
#2912=VERTEX_POINT('',#7499);
#2913=VERTEX_POINT('',#7502);
#2914=VERTEX_POINT('',#7503);
#2915=VERTEX_POINT('',#7507);
#2916=VERTEX_POINT('',#7508);
#2917=CIRCLE('',#4562,1.6);
#2918=CIRCLE('',#4563,24.6);
#2919=CIRCLE('',#4564,15.0547623084752);
#2920=CIRCLE('',#4565,1.4);
#2921=CIRCLE('',#4566,16.15);
#2922=CIRCLE('',#4567,1.4);
#2923=CIRCLE('',#4568,6.74661428173794);
#2924=CIRCLE('',#4571,14.95);
#2925=CIRCLE('',#4572,15.0547623084752);
#2926=CIRCLE('',#4573,15.0477781545769);
#2927=CIRCLE('',#4574,15.0477781545769);
#2928=CIRCLE('',#4577,1.4);
#2929=CIRCLE('',#4578,24.6);
#2930=CIRCLE('',#4579,1.6);
#2931=CIRCLE('',#4580,6.74661428173794);
#2932=CIRCLE('',#4581,1.4);
#2933=CIRCLE('',#4582,16.15);
#2934=CIRCLE('',#4586,2.75);
#2935=CIRCLE('',#4587,2.75);
#2936=CIRCLE('',#4588,2.75);
#2937=CIRCLE('',#4589,2.75);
#2938=CIRCLE('',#4590,2.75);
#2939=CIRCLE('',#4595,0.5);
#2940=CIRCLE('',#4596,0.5);
#2941=CIRCLE('',#4598,6.34661428173794);
#2942=CIRCLE('',#4599,6.34661428173794);
#2943=CIRCLE('',#4601,2.);
#2944=CIRCLE('',#4602,2.);
#2945=CIRCLE('',#4604,25.);
#2946=CIRCLE('',#4605,25.);
#2947=CIRCLE('',#4607,2.);
#2948=CIRCLE('',#4608,2.);
#2949=CIRCLE('',#4610,6.34661428173794);
#2950=CIRCLE('',#4611,6.34661428173794);
#2951=CIRCLE('',#4613,8.);
#2952=CIRCLE('',#4614,1.);
#2953=CIRCLE('',#4615,16.55);
#2954=CIRCLE('',#4616,1.);
#2955=CIRCLE('',#4617,1.);
#2956=CIRCLE('',#4618,16.55);
#2957=CIRCLE('',#4619,1.);
#2958=CIRCLE('',#4621,5.);
#2959=CIRCLE('',#4622,5.);
#2960=CIRCLE('',#4626,16.55);
#2961=CIRCLE('',#4628,16.55);
#2962=CIRCLE('',#4630,0.199999999999995);
#2963=CIRCLE('',#4634,0.199999999999995);
#2964=CIRCLE('',#4639,24.8);
#2965=CIRCLE('',#4641,1.);
#2966=CIRCLE('',#4643,1.);
#2967=CIRCLE('',#4645,1.);
#2968=CIRCLE('',#4647,1.);
#2969=CIRCLE('',#4666,24.6);
#2970=CIRCLE('',#4667,14.95);
#2971=CIRCLE('',#4669,24.8);
#2972=CIRCLE('',#4670,14.95);
#2973=CIRCLE('',#4674,0.199999999999995);
#2974=CIRCLE('',#4675,0.199999999999995);
#2975=CIRCLE('',#4677,14.95);
#2976=CIRCLE('',#4679,14.95);
#2977=CIRCLE('',#4701,14.);
#2978=CIRCLE('',#4702,14.);
#2979=CIRCLE('',#4703,14.);
#2980=CIRCLE('',#4704,14.);
#2981=CIRCLE('',#4705,14.);
#2982=CIRCLE('',#4706,14.);
#2983=CIRCLE('',#4707,14.);
#2984=CIRCLE('',#4708,14.);
#2985=CIRCLE('',#4709,14.);
#2986=CIRCLE('',#4710,14.);
#2987=CIRCLE('',#4711,14.);
#2988=CIRCLE('',#4713,14.2);
#2989=CIRCLE('',#4714,14.2);
#2990=CIRCLE('',#4716,0.45);
#2991=CIRCLE('',#4717,0.65);
#2992=CIRCLE('',#4718,0.65);
#2993=CIRCLE('',#4719,0.45);
#2994=CIRCLE('',#4720,0.45);
#2995=CIRCLE('',#4721,0.45);
#2996=CIRCLE('',#4722,0.45);
#2997=CIRCLE('',#4724,2.44);
#2998=CIRCLE('',#4728,4.65);
#2999=CIRCLE('',#4729,3.44999999999998);
#3000=CIRCLE('',#4730,3.44999999999998);
#3001=CIRCLE('',#4731,2.1);
#3002=CIRCLE('',#4732,2.1);
#3003=CIRCLE('',#4735,0.65);
#3004=CIRCLE('',#4736,0.65);
#3005=CIRCLE('',#4745,3.44999999999998);
#3006=CIRCLE('',#4748,2.1);
#3007=CIRCLE('',#4751,3.44999999999998);
#3008=CIRCLE('',#4755,2.1);
#3009=CIRCLE('',#4758,4.65);
#3010=CIRCLE('',#4760,2.44);
#3011=CIRCLE('',#4762,2.44);
#3012=CIRCLE('',#4763,2.44);
#3013=CIRCLE('',#4764,2.44);
#3014=CIRCLE('',#4769,2.14);
#3015=CIRCLE('',#4770,2.14);
#3016=CIRCLE('',#4780,0.45);
#3017=CIRCLE('',#4783,0.45);
#3018=CIRCLE('',#4786,0.45);
#3019=CIRCLE('',#4789,0.45);
#3020=CIRCLE('',#4792,0.45);
#3021=CIRCLE('',#4795,14.2);
#3022=CIRCLE('',#4799,14.2);
#3023=CIRCLE('',#4820,14.2);
#3024=CIRCLE('',#4821,14.2);
#3025=CIRCLE('',#4830,24.2);
#3026=CIRCLE('',#4831,24.2);
#3027=CIRCLE('',#4832,24.2);
#3028=CIRCLE('',#4833,24.2);
#3029=CIRCLE('',#4836,24.2);
#3030=CIRCLE('',#4837,24.2);
#3031=CIRCLE('',#4838,24.2);
#3032=CIRCLE('',#4842,23.8);
#3033=CIRCLE('',#4843,14.6);
#3034=CIRCLE('',#4844,1.95);
#3035=CIRCLE('',#4845,1.95);
#3036=CIRCLE('',#4847,29.6);
#3037=CIRCLE('',#4848,48.8);
#3038=CIRCLE('',#4849,6.6);
#3039=CIRCLE('',#4850,6.6);
#3040=CIRCLE('',#4851,6.6);
#3041=CIRCLE('',#4852,6.6);
#3042=CIRCLE('',#4854,27.2);
#3043=CIRCLE('',#4856,48.8);
#3044=CIRCLE('',#4858,49.2);
#3045=CIRCLE('',#4859,49.2);
#3046=CIRCLE('',#4861,1.60748159460631);
#3047=CIRCLE('',#4863,1.55);
#3048=CIRCLE('',#4865,1.60748159460631);
#3049=CIRCLE('',#4867,1.55);
#3050=CIRCLE('',#4869,6.);
#3051=CIRCLE('',#4870,6.);
#3052=CIRCLE('',#4873,6.);
#3053=CIRCLE('',#4874,6.);
#3054=CIRCLE('',#4877,6.);
#3055=CIRCLE('',#4878,6.);
#3056=CIRCLE('',#4881,6.);
#3057=CIRCLE('',#4882,6.);
#3058=CIRCLE('',#4891,23.7999999997768);
#3059=CIRCLE('',#4894,29.2);
#3060=CIRCLE('',#4895,29.2);
#3061=CIRCLE('',#4898,26.2);
#3062=CIRCLE('',#4899,26.2);
#3063=CIRCLE('',#4901,26.6);
#3064=CIRCLE('',#4902,1.4);
#3065=CIRCLE('',#4903,1.6);
#3066=CIRCLE('',#4904,28.8);
#3067=CIRCLE('',#4905,0.6);
#3068=CIRCLE('',#4906,0.599999999999998);
#3069=CIRCLE('',#4908,1.4);
#3070=CIRCLE('',#4909,26.6);
#3071=CIRCLE('',#4910,0.599999999999999);
#3072=CIRCLE('',#4911,0.6);
#3073=CIRCLE('',#4912,28.8);
#3074=CIRCLE('',#4913,1.6);
#3075=CIRCLE('',#4916,29.2);
#3076=CIRCLE('',#4917,29.2);
#3077=CIRCLE('',#4920,26.2);
#3078=CIRCLE('',#4921,26.2);
#3079=CIRCLE('',#4923,1.4);
#3080=CIRCLE('',#4924,26.6);
#3081=CIRCLE('',#4925,0.599999999999998);
#3082=CIRCLE('',#4926,0.6);
#3083=CIRCLE('',#4927,28.8);
#3084=CIRCLE('',#4928,1.6);
#3085=CIRCLE('',#4930,26.6);
#3086=CIRCLE('',#4931,1.4);
#3087=CIRCLE('',#4932,1.6);
#3088=CIRCLE('',#4933,28.8);
#3089=CIRCLE('',#4934,0.600000000000001);
#3090=CIRCLE('',#4935,0.599999999999998);
#3091=CIRCLE('',#4937,1.1);
#3092=CIRCLE('',#4938,1.1);
#3093=CIRCLE('',#4939,29.2);
#3094=CIRCLE('',#4940,14.5999999997938);
#3095=CIRCLE('',#4942,29.2);
#3096=CIRCLE('',#4944,1.1);
#3097=CIRCLE('',#4947,1.1);
#3098=CIRCLE('',#4986,1.);
#3099=CIRCLE('',#4987,1.);
#3100=CIRCLE('',#4989,1.);
#3101=CIRCLE('',#4990,1.);
#3102=CIRCLE('',#4992,1.);
#3103=CIRCLE('',#4993,1.);
#3104=CIRCLE('',#4995,1.);
#3105=CIRCLE('',#4996,1.);
#3106=CIRCLE('',#4998,1.);
#3107=CIRCLE('',#4999,1.);
#3108=CIRCLE('',#5001,1.);
#3109=CIRCLE('',#5002,1.);
#3110=CIRCLE('',#5004,2.);
#3111=CIRCLE('',#5005,2.);
#3112=CIRCLE('',#5007,2.);
#3113=CIRCLE('',#5008,2.);
#3114=EDGE_LOOP('',(#1013,#1014,#1015,#1016,#1017,#1018,#1019,#1020,#1021,
#1022,#1023));
#3115=EDGE_LOOP('',(#1024,#1025,#1026,#1027));
#3116=EDGE_LOOP('',(#1028));
#3117=EDGE_LOOP('',(#1029,#1030,#1031,#1032,#1033,#1034,#1035,#1036));
#3118=EDGE_LOOP('',(#1037,#1038,#1039,#1040));
#3119=EDGE_LOOP('',(#1041,#1042,#1043,#1044));
#3120=EDGE_LOOP('',(#1045,#1046,#1047,#1048));
#3121=EDGE_LOOP('',(#1049,#1050,#1051,#1052,#1053,#1054,#1055,#1056,#1057,
#1058,#1059));
#3122=EDGE_LOOP('',(#1060,#1061,#1062,#1063));
#3123=EDGE_LOOP('',(#1064,#1065,#1066,#1067));
#3124=EDGE_LOOP('',(#1068,#1069,#1070,#1071,#1072,#1073,#1074,#1075));
#3125=EDGE_LOOP('',(#1076));
#3126=EDGE_LOOP('',(#1077,#1078,#1079,#1080));
#3127=EDGE_LOOP('',(#1081,#1082));
#3128=EDGE_LOOP('',(#1083,#1084));
#3129=EDGE_LOOP('',(#1085,#1086,#1087,#1088));
#3130=EDGE_LOOP('',(#1089,#1090,#1091,#1092));
#3131=EDGE_LOOP('',(#1093,#1094,#1095,#1096));
#3132=EDGE_LOOP('',(#1097,#1098,#1099,#1100));
#3133=EDGE_LOOP('',(#1101,#1102,#1103,#1104));
#3134=EDGE_LOOP('',(#1105,#1106,#1107,#1108));
#3135=EDGE_LOOP('',(#1109));
#3136=EDGE_LOOP('',(#1110,#1111,#1112,#1113,#1114,#1115,#1116,#1117,#1118,
#1119,#1120,#1121,#1122,#1123,#1124,#1125));
#3137=EDGE_LOOP('',(#1126));
#3138=EDGE_LOOP('',(#1127));
#3139=EDGE_LOOP('',(#1128));
#3140=EDGE_LOOP('',(#1129));
#3141=EDGE_LOOP('',(#1130));
#3142=EDGE_LOOP('',(#1131,#1132,#1133,#1134));
#3143=EDGE_LOOP('',(#1135,#1136,#1137,#1138));
#3144=EDGE_LOOP('',(#1139,#1140,#1141,#1142));
#3145=EDGE_LOOP('',(#1143,#1144,#1145,#1146,#1147));
#3146=EDGE_LOOP('',(#1148,#1149,#1150,#1151,#1152));
#3147=EDGE_LOOP('',(#1153,#1154,#1155,#1156,#1157));
#3148=EDGE_LOOP('',(#1158,#1159,#1160,#1161));
#3149=EDGE_LOOP('',(#1162,#1163,#1164,#1165));
#3150=EDGE_LOOP('',(#1166,#1167,#1168,#1169));
#3151=EDGE_LOOP('',(#1170,#1171,#1172,#1173));
#3152=EDGE_LOOP('',(#1174,#1175,#1176,#1177));
#3153=EDGE_LOOP('',(#1178,#1179,#1180,#1181));
#3154=EDGE_LOOP('',(#1182,#1183,#1184,#1185));
#3155=EDGE_LOOP('',(#1186,#1187,#1188,#1189));
#3156=EDGE_LOOP('',(#1190,#1191,#1192,#1193,#1194));
#3157=EDGE_LOOP('',(#1195,#1196,#1197,#1198,#1199,#1200));
#3158=EDGE_LOOP('',(#1201,#1202,#1203,#1204));
#3159=EDGE_LOOP('',(#1205,#1206,#1207,#1208));
#3160=EDGE_LOOP('',(#1209,#1210,#1211,#1212));
#3161=EDGE_LOOP('',(#1213,#1214,#1215,#1216));
#3162=EDGE_LOOP('',(#1217,#1218,#1219,#1220));
#3163=EDGE_LOOP('',(#1221,#1222,#1223,#1224));
#3164=EDGE_LOOP('',(#1225,#1226,#1227,#1228));
#3165=EDGE_LOOP('',(#1229,#1230,#1231,#1232));
#3166=EDGE_LOOP('',(#1233,#1234,#1235,#1236));
#3167=EDGE_LOOP('',(#1237,#1238,#1239,#1240));
#3168=EDGE_LOOP('',(#1241,#1242,#1243,#1244));
#3169=EDGE_LOOP('',(#1245,#1246,#1247,#1248));
#3170=EDGE_LOOP('',(#1249,#1250,#1251,#1252,#1253,#1254,#1255,#1256));
#3171=EDGE_LOOP('',(#1257));
#3172=EDGE_LOOP('',(#1258));
#3173=EDGE_LOOP('',(#1259,#1260,#1261,#1262));
#3174=EDGE_LOOP('',(#1263,#1264,#1265,#1266));
#3175=EDGE_LOOP('',(#1267,#1268,#1269,#1270));
#3176=EDGE_LOOP('',(#1271,#1272,#1273,#1274));
#3177=EDGE_LOOP('',(#1275,#1276,#1277,#1278));
#3178=EDGE_LOOP('',(#1279,#1280,#1281,#1282));
#3179=EDGE_LOOP('',(#1283,#1284,#1285,#1286));
#3180=EDGE_LOOP('',(#1287,#1288,#1289,#1290));
#3181=EDGE_LOOP('',(#1291,#1292,#1293,#1294));
#3182=EDGE_LOOP('',(#1295,#1296,#1297,#1298));
#3183=EDGE_LOOP('',(#1299,#1300,#1301,#1302));
#3184=EDGE_LOOP('',(#1303,#1304,#1305,#1306));
#3185=EDGE_LOOP('',(#1307));
#3186=EDGE_LOOP('',(#1308,#1309,#1310,#1311,#1312,#1313,#1314,#1315,#1316,
#1317,#1318,#1319,#1320,#1321,#1322,#1323,#1324,#1325,#1326,#1327));
#3187=EDGE_LOOP('',(#1328,#1329,#1330,#1331,#1332,#1333,#1334,#1335,#1336,
#1337,#1338,#1339));
#3188=EDGE_LOOP('',(#1340));
#3189=EDGE_LOOP('',(#1341,#1342,#1343,#1344));
#3190=EDGE_LOOP('',(#1345));
#3191=EDGE_LOOP('',(#1346));
#3192=EDGE_LOOP('',(#1347));
#3193=EDGE_LOOP('',(#1348));
#3194=EDGE_LOOP('',(#1349,#1350));
#3195=EDGE_LOOP('',(#1351,#1352,#1353,#1354,#1355,#1356));
#3196=EDGE_LOOP('',(#1357,#1358,#1359,#1360,#1361,#1362));
#3197=EDGE_LOOP('',(#1363));
#3198=EDGE_LOOP('',(#1364,#1365,#1366,#1367,#1368,#1369,#1370,#1371,#1372,
#1373,#1374,#1375));
#3199=EDGE_LOOP('',(#1376));
#3200=EDGE_LOOP('',(#1377));
#3201=EDGE_LOOP('',(#1378));
#3202=EDGE_LOOP('',(#1379,#1380,#1381,#1382));
#3203=EDGE_LOOP('',(#1383,#1384,#1385,#1386));
#3204=EDGE_LOOP('',(#1387,#1388,#1389,#1390));
#3205=EDGE_LOOP('',(#1391,#1392,#1393,#1394,#1395,#1396));
#3206=EDGE_LOOP('',(#1397,#1398,#1399,#1400));
#3207=EDGE_LOOP('',(#1401,#1402,#1403,#1404,#1405,#1406));
#3208=EDGE_LOOP('',(#1407,#1408,#1409,#1410));
#3209=EDGE_LOOP('',(#1411,#1412,#1413,#1414));
#3210=EDGE_LOOP('',(#1415,#1416,#1417,#1418));
#3211=EDGE_LOOP('',(#1419,#1420,#1421,#1422));
#3212=EDGE_LOOP('',(#1423,#1424,#1425,#1426));
#3213=EDGE_LOOP('',(#1427));
#3214=EDGE_LOOP('',(#1428));
#3215=EDGE_LOOP('',(#1429,#1430,#1431,#1432));
#3216=EDGE_LOOP('',(#1433));
#3217=EDGE_LOOP('',(#1434,#1435,#1436,#1437));
#3218=EDGE_LOOP('',(#1438,#1439,#1440,#1441));
#3219=EDGE_LOOP('',(#1442,#1443,#1444,#1445));
#3220=EDGE_LOOP('',(#1446));
#3221=EDGE_LOOP('',(#1447));
#3222=EDGE_LOOP('',(#1448,#1449,#1450,#1451));
#3223=EDGE_LOOP('',(#1452));
#3224=EDGE_LOOP('',(#1453));
#3225=EDGE_LOOP('',(#1454));
#3226=EDGE_LOOP('',(#1455));
#3227=EDGE_LOOP('',(#1456));
#3228=EDGE_LOOP('',(#1457));
#3229=EDGE_LOOP('',(#1458,#1459,#1460,#1461,#1462,#1463,#1464,#1465));
#3230=EDGE_LOOP('',(#1466,#1467));
#3231=EDGE_LOOP('',(#1468,#1469,#1470,#1471));
#3232=EDGE_LOOP('',(#1472,#1473,#1474,#1475));
#3233=EDGE_LOOP('',(#1476,#1477,#1478,#1479));
#3234=EDGE_LOOP('',(#1480,#1481,#1482,#1483));
#3235=EDGE_LOOP('',(#1484,#1485,#1486,#1487));
#3236=EDGE_LOOP('',(#1488,#1489,#1490,#1491));
#3237=EDGE_LOOP('',(#1492,#1493,#1494,#1495));
#3238=EDGE_LOOP('',(#1496,#1497,#1498,#1499));
#3239=EDGE_LOOP('',(#1500,#1501,#1502,#1503));
#3240=EDGE_LOOP('',(#1504,#1505,#1506,#1507));
#3241=EDGE_LOOP('',(#1508,#1509,#1510,#1511));
#3242=EDGE_LOOP('',(#1512));
#3243=EDGE_LOOP('',(#1513));
#3244=EDGE_LOOP('',(#1514));
#3245=EDGE_LOOP('',(#1515));
#3246=EDGE_LOOP('',(#1516));
#3247=EDGE_LOOP('',(#1517));
#3248=EDGE_LOOP('',(#1518));
#3249=EDGE_LOOP('',(#1519));
#3250=EDGE_LOOP('',(#1520));
#3251=EDGE_LOOP('',(#1521));
#3252=EDGE_LOOP('',(#1522));
#3253=EDGE_LOOP('',(#1523));
#3254=EDGE_LOOP('',(#1524));
#3255=EDGE_LOOP('',(#1525));
#3256=EDGE_LOOP('',(#1526));
#3257=EDGE_LOOP('',(#1527,#1528,#1529,#1530));
#3258=EDGE_LOOP('',(#1531,#1532,#1533,#1534));
#3259=EDGE_LOOP('',(#1535,#1536,#1537,#1538));
#3260=EDGE_LOOP('',(#1539,#1540,#1541,#1542));
#3261=EDGE_LOOP('',(#1543,#1544,#1545,#1546));
#3262=EDGE_LOOP('',(#1547,#1548,#1549,#1550));
#3263=EDGE_LOOP('',(#1551,#1552,#1553,#1554));
#3264=EDGE_LOOP('',(#1555,#1556,#1557,#1558,#1559));
#3265=EDGE_LOOP('',(#1560,#1561,#1562,#1563));
#3266=EDGE_LOOP('',(#1564,#1565,#1566,#1567));
#3267=EDGE_LOOP('',(#1568,#1569,#1570,#1571,#1572,#1573,#1574,#1575));
#3268=EDGE_LOOP('',(#1576,#1577,#1578,#1579));
#3269=EDGE_LOOP('',(#1580,#1581,#1582,#1583));
#3270=EDGE_LOOP('',(#1584,#1585,#1586,#1587,#1588));
#3271=EDGE_LOOP('',(#1589,#1590,#1591,#1592));
#3272=EDGE_LOOP('',(#1593,#1594,#1595,#1596,#1597,#1598,#1599,#1600));
#3273=EDGE_LOOP('',(#1601));
#3274=EDGE_LOOP('',(#1602,#1603,#1604,#1605,#1606,#1607,#1608,#1609));
#3275=EDGE_LOOP('',(#1610,#1611,#1612,#1613,#1614,#1615,#1616,#1617,#1618,
#1619,#1620,#1621));
#3276=EDGE_LOOP('',(#1622));
#3277=EDGE_LOOP('',(#1623));
#3278=EDGE_LOOP('',(#1624));
#3279=EDGE_LOOP('',(#1625));
#3280=EDGE_LOOP('',(#1626));
#3281=EDGE_LOOP('',(#1627));
#3282=EDGE_LOOP('',(#1628));
#3283=EDGE_LOOP('',(#1629));
#3284=EDGE_LOOP('',(#1630));
#3285=EDGE_LOOP('',(#1631));
#3286=EDGE_LOOP('',(#1632));
#3287=EDGE_LOOP('',(#1633));
#3288=EDGE_LOOP('',(#1634));
#3289=EDGE_LOOP('',(#1635));
#3290=EDGE_LOOP('',(#1636));
#3291=EDGE_LOOP('',(#1637));
#3292=EDGE_LOOP('',(#1638));
#3293=EDGE_LOOP('',(#1639));
#3294=EDGE_LOOP('',(#1640));
#3295=EDGE_LOOP('',(#1641));
#3296=EDGE_LOOP('',(#1642));
#3297=EDGE_LOOP('',(#1643));
#3298=EDGE_LOOP('',(#1644));
#3299=EDGE_LOOP('',(#1645));
#3300=EDGE_LOOP('',(#1646));
#3301=EDGE_LOOP('',(#1647));
#3302=EDGE_LOOP('',(#1648));
#3303=EDGE_LOOP('',(#1649));
#3304=EDGE_LOOP('',(#1650));
#3305=EDGE_LOOP('',(#1651));
#3306=EDGE_LOOP('',(#1652));
#3307=EDGE_LOOP('',(#1653));
#3308=EDGE_LOOP('',(#1654));
#3309=EDGE_LOOP('',(#1655));
#3310=EDGE_LOOP('',(#1656));
#3311=EDGE_LOOP('',(#1657));
#3312=EDGE_LOOP('',(#1658));
#3313=EDGE_LOOP('',(#1659));
#3314=EDGE_LOOP('',(#1660));
#3315=EDGE_LOOP('',(#1661));
#3316=EDGE_LOOP('',(#1662,#1663,#1664,#1665,#1666));
#3317=EDGE_LOOP('',(#1667,#1668,#1669,#1670,#1671));
#3318=EDGE_LOOP('',(#1672,#1673,#1674,#1675));
#3319=EDGE_LOOP('',(#1676,#1677,#1678,#1679));
#3320=EDGE_LOOP('',(#1680,#1681,#1682,#1683));
#3321=EDGE_LOOP('',(#1684,#1685,#1686,#1687));
#3322=EDGE_LOOP('',(#1688,#1689,#1690,#1691));
#3323=EDGE_LOOP('',(#1692,#1693,#1694,#1695,#1696,#1697,#1698,#1699,#1700));
#3324=EDGE_LOOP('',(#1701,#1702,#1703,#1704,#1705,#1706,#1707,#1708,#1709));
#3325=EDGE_LOOP('',(#1710,#1711,#1712,#1713));
#3326=EDGE_LOOP('',(#1714,#1715,#1716,#1717));
#3327=EDGE_LOOP('',(#1718,#1719,#1720,#1721));
#3328=EDGE_LOOP('',(#1722,#1723,#1724,#1725));
#3329=EDGE_LOOP('',(#1726,#1727,#1728,#1729,#1730,#1731,#1732,#1733,#1734));
#3330=EDGE_LOOP('',(#1735,#1736,#1737,#1738,#1739,#1740,#1741,#1742,#1743));
#3331=EDGE_LOOP('',(#1744));
#3332=EDGE_LOOP('',(#1745));
#3333=EDGE_LOOP('',(#1746));
#3334=EDGE_LOOP('',(#1747,#1748,#1749,#1750,#1751,#1752,#1753,#1754,#1755,
#1756));
#3335=EDGE_LOOP('',(#1757));
#3336=EDGE_LOOP('',(#1758));
#3337=EDGE_LOOP('',(#1759));
#3338=EDGE_LOOP('',(#1760));
#3339=EDGE_LOOP('',(#1761));
#3340=EDGE_LOOP('',(#1762));
#3341=EDGE_LOOP('',(#1763));
#3342=EDGE_LOOP('',(#1764));
#3343=EDGE_LOOP('',(#1765));
#3344=EDGE_LOOP('',(#1766));
#3345=EDGE_LOOP('',(#1767));
#3346=EDGE_LOOP('',(#1768));
#3347=EDGE_LOOP('',(#1769));
#3348=EDGE_LOOP('',(#1770));
#3349=EDGE_LOOP('',(#1771));
#3350=EDGE_LOOP('',(#1772));
#3351=EDGE_LOOP('',(#1773));
#3352=EDGE_LOOP('',(#1774));
#3353=EDGE_LOOP('',(#1775,#1776,#1777,#1778));
#3354=EDGE_LOOP('',(#1779,#1780,#1781,#1782));
#3355=EDGE_LOOP('',(#1783,#1784,#1785,#1786));
#3356=EDGE_LOOP('',(#1787,#1788,#1789));
#3357=EDGE_LOOP('',(#1790,#1791,#1792,#1793));
#3358=EDGE_LOOP('',(#1794,#1795,#1796,#1797));
#3359=EDGE_LOOP('',(#1798,#1799,#1800,#1801));
#3360=EDGE_LOOP('',(#1802,#1803,#1804));
#3361=EDGE_LOOP('',(#1805,#1806,#1807,#1808,#1809,#1810));
#3362=EDGE_LOOP('',(#1811,#1812,#1813));
#3363=EDGE_LOOP('',(#1814,#1815,#1816,#1817));
#3364=EDGE_LOOP('',(#1818,#1819,#1820,#1821));
#3365=EDGE_LOOP('',(#1822,#1823,#1824,#1825));
#3366=EDGE_LOOP('',(#1826,#1827,#1828,#1829));
#3367=EDGE_LOOP('',(#1830,#1831,#1832,#1833));
#3368=EDGE_LOOP('',(#1834,#1835,#1836,#1837,#1838,#1839));
#3369=EDGE_LOOP('',(#1840,#1841,#1842));
#3370=EDGE_LOOP('',(#1843,#1844,#1845));
#3371=EDGE_LOOP('',(#1846,#1847,#1848,#1849));
#3372=EDGE_LOOP('',(#1850,#1851,#1852,#1853));
#3373=EDGE_LOOP('',(#1854,#1855,#1856,#1857));
#3374=EDGE_LOOP('',(#1858,#1859,#1860,#1861));
#3375=EDGE_LOOP('',(#1862,#1863,#1864,#1865));
#3376=EDGE_LOOP('',(#1866,#1867,#1868));
#3377=EDGE_LOOP('',(#1869,#1870,#1871));
#3378=EDGE_LOOP('',(#1872,#1873,#1874,#1875));
#3379=EDGE_LOOP('',(#1876,#1877,#1878,#1879));
#3380=EDGE_LOOP('',(#1880,#1881,#1882,#1883));
#3381=EDGE_LOOP('',(#1884,#1885,#1886,#1887));
#3382=EDGE_LOOP('',(#1888,#1889,#1890));
#3383=EDGE_LOOP('',(#1891,#1892,#1893,#1894));
#3384=EDGE_LOOP('',(#1895,#1896,#1897,#1898));
#3385=EDGE_LOOP('',(#1899,#1900,#1901,#1902));
#3386=EDGE_LOOP('',(#1903,#1904,#1905,#1906));
#3387=EDGE_LOOP('',(#1907,#1908,#1909,#1910));
#3388=EDGE_LOOP('',(#1911,#1912,#1913,#1914));
#3389=EDGE_LOOP('',(#1915,#1916,#1917,#1918));
#3390=EDGE_LOOP('',(#1919,#1920,#1921,#1922));
#3391=EDGE_LOOP('',(#1923,#1924,#1925,#1926));
#3392=EDGE_LOOP('',(#1927,#1928,#1929,#1930));
#3393=EDGE_LOOP('',(#1931,#1932,#1933,#1934));
#3394=EDGE_LOOP('',(#1935,#1936,#1937,#1938));
#3395=EDGE_LOOP('',(#1939,#1940,#1941,#1942));
#3396=EDGE_LOOP('',(#1943,#1944,#1945,#1946));
#3397=EDGE_LOOP('',(#1947,#1948,#1949,#1950));
#3398=EDGE_LOOP('',(#1951,#1952,#1953,#1954));
#3399=EDGE_LOOP('',(#1955,#1956,#1957,#1958));
#3400=EDGE_LOOP('',(#1959,#1960,#1961,#1962));
#3401=EDGE_LOOP('',(#1963,#1964,#1965,#1966));
#3402=EDGE_LOOP('',(#1967,#1968,#1969,#1970));
#3403=EDGE_LOOP('',(#1971,#1972,#1973,#1974));
#3404=EDGE_LOOP('',(#1975,#1976,#1977,#1978));
#3405=EDGE_LOOP('',(#1979,#1980,#1981,#1982));
#3406=EDGE_LOOP('',(#1983,#1984,#1985,#1986));
#3407=EDGE_LOOP('',(#1987,#1988,#1989,#1990));
#3408=EDGE_LOOP('',(#1991,#1992,#1993,#1994));
#3409=EDGE_LOOP('',(#1995,#1996,#1997,#1998));
#3410=EDGE_LOOP('',(#1999,#2000,#2001,#2002));
#3411=EDGE_LOOP('',(#2003,#2004,#2005,#2006));
#3412=EDGE_LOOP('',(#2007,#2008,#2009,#2010));
#3413=EDGE_LOOP('',(#2011,#2012,#2013,#2014));
#3414=EDGE_LOOP('',(#2015,#2016,#2017,#2018));
#3415=EDGE_LOOP('',(#2019,#2020,#2021,#2022));
#3416=EDGE_LOOP('',(#2023,#2024,#2025,#2026));
#3417=EDGE_LOOP('',(#2027,#2028,#2029,#2030));
#3418=EDGE_LOOP('',(#2031,#2032,#2033,#2034));
#3419=EDGE_LOOP('',(#2035,#2036,#2037,#2038));
#3420=EDGE_LOOP('',(#2039,#2040,#2041,#2042));
#3421=EDGE_LOOP('',(#2043,#2044,#2045,#2046));
#3422=EDGE_LOOP('',(#2047,#2048,#2049,#2050));
#3423=EDGE_LOOP('',(#2051,#2052,#2053,#2054));
#3424=FACE_BOUND('',#3114,.T.);
#3425=FACE_BOUND('',#3115,.T.);
#3426=FACE_BOUND('',#3116,.T.);
#3427=FACE_BOUND('',#3117,.T.);
#3428=FACE_BOUND('',#3118,.T.);
#3429=FACE_BOUND('',#3119,.T.);
#3430=FACE_BOUND('',#3120,.T.);
#3431=FACE_BOUND('',#3121,.T.);
#3432=FACE_BOUND('',#3122,.T.);
#3433=FACE_BOUND('',#3123,.T.);
#3434=FACE_BOUND('',#3124,.T.);
#3435=FACE_BOUND('',#3125,.T.);
#3436=FACE_BOUND('',#3126,.T.);
#3437=FACE_BOUND('',#3127,.T.);
#3438=FACE_BOUND('',#3128,.T.);
#3439=FACE_BOUND('',#3129,.T.);
#3440=FACE_BOUND('',#3130,.T.);
#3441=FACE_BOUND('',#3131,.T.);
#3442=FACE_BOUND('',#3132,.T.);
#3443=FACE_BOUND('',#3133,.T.);
#3444=FACE_BOUND('',#3134,.T.);
#3445=FACE_BOUND('',#3135,.T.);
#3446=FACE_BOUND('',#3136,.T.);
#3447=FACE_BOUND('',#3137,.T.);
#3448=FACE_BOUND('',#3138,.T.);
#3449=FACE_BOUND('',#3139,.T.);
#3450=FACE_BOUND('',#3140,.T.);
#3451=FACE_BOUND('',#3141,.T.);
#3452=FACE_BOUND('',#3142,.T.);
#3453=FACE_BOUND('',#3143,.T.);
#3454=FACE_BOUND('',#3144,.T.);
#3455=FACE_BOUND('',#3145,.T.);
#3456=FACE_BOUND('',#3146,.T.);
#3457=FACE_BOUND('',#3147,.T.);
#3458=FACE_BOUND('',#3148,.T.);
#3459=FACE_BOUND('',#3149,.T.);
#3460=FACE_BOUND('',#3150,.T.);
#3461=FACE_BOUND('',#3151,.T.);
#3462=FACE_BOUND('',#3152,.T.);
#3463=FACE_BOUND('',#3153,.T.);
#3464=FACE_BOUND('',#3154,.T.);
#3465=FACE_BOUND('',#3155,.T.);
#3466=FACE_BOUND('',#3156,.T.);
#3467=FACE_BOUND('',#3157,.T.);
#3468=FACE_BOUND('',#3158,.T.);
#3469=FACE_BOUND('',#3159,.T.);
#3470=FACE_BOUND('',#3160,.T.);
#3471=FACE_BOUND('',#3161,.T.);
#3472=FACE_BOUND('',#3162,.T.);
#3473=FACE_BOUND('',#3163,.T.);
#3474=FACE_BOUND('',#3164,.T.);
#3475=FACE_BOUND('',#3165,.T.);
#3476=FACE_BOUND('',#3166,.T.);
#3477=FACE_BOUND('',#3167,.T.);
#3478=FACE_BOUND('',#3168,.T.);
#3479=FACE_BOUND('',#3169,.T.);
#3480=FACE_BOUND('',#3170,.T.);
#3481=FACE_BOUND('',#3171,.T.);
#3482=FACE_BOUND('',#3172,.T.);
#3483=FACE_BOUND('',#3173,.T.);
#3484=FACE_BOUND('',#3174,.T.);
#3485=FACE_BOUND('',#3175,.T.);
#3486=FACE_BOUND('',#3176,.T.);
#3487=FACE_BOUND('',#3177,.T.);
#3488=FACE_BOUND('',#3178,.T.);
#3489=FACE_BOUND('',#3179,.T.);
#3490=FACE_BOUND('',#3180,.T.);
#3491=FACE_BOUND('',#3181,.T.);
#3492=FACE_BOUND('',#3182,.T.);
#3493=FACE_BOUND('',#3183,.T.);
#3494=FACE_BOUND('',#3184,.T.);
#3495=FACE_BOUND('',#3185,.T.);
#3496=FACE_BOUND('',#3186,.T.);
#3497=FACE_BOUND('',#3187,.T.);
#3498=FACE_BOUND('',#3188,.T.);
#3499=FACE_BOUND('',#3189,.T.);
#3500=FACE_BOUND('',#3190,.T.);
#3501=FACE_BOUND('',#3191,.T.);
#3502=FACE_BOUND('',#3192,.T.);
#3503=FACE_BOUND('',#3193,.T.);
#3504=FACE_BOUND('',#3194,.T.);
#3505=FACE_BOUND('',#3195,.T.);
#3506=FACE_BOUND('',#3196,.T.);
#3507=FACE_BOUND('',#3197,.T.);
#3508=FACE_BOUND('',#3198,.T.);
#3509=FACE_BOUND('',#3199,.T.);
#3510=FACE_BOUND('',#3200,.T.);
#3511=FACE_BOUND('',#3201,.T.);
#3512=FACE_BOUND('',#3202,.T.);
#3513=FACE_BOUND('',#3203,.T.);
#3514=FACE_BOUND('',#3204,.T.);
#3515=FACE_BOUND('',#3205,.T.);
#3516=FACE_BOUND('',#3206,.T.);
#3517=FACE_BOUND('',#3207,.T.);
#3518=FACE_BOUND('',#3208,.T.);
#3519=FACE_BOUND('',#3209,.T.);
#3520=FACE_BOUND('',#3210,.T.);
#3521=FACE_BOUND('',#3211,.T.);
#3522=FACE_BOUND('',#3212,.T.);
#3523=FACE_BOUND('',#3213,.T.);
#3524=FACE_BOUND('',#3214,.T.);
#3525=FACE_BOUND('',#3215,.T.);
#3526=FACE_BOUND('',#3216,.T.);
#3527=FACE_BOUND('',#3217,.T.);
#3528=FACE_BOUND('',#3218,.T.);
#3529=FACE_BOUND('',#3219,.T.);
#3530=FACE_BOUND('',#3220,.T.);
#3531=FACE_BOUND('',#3221,.T.);
#3532=FACE_BOUND('',#3222,.T.);
#3533=FACE_BOUND('',#3223,.T.);
#3534=FACE_BOUND('',#3224,.T.);
#3535=FACE_BOUND('',#3225,.T.);
#3536=FACE_BOUND('',#3226,.T.);
#3537=FACE_BOUND('',#3227,.T.);
#3538=FACE_BOUND('',#3228,.T.);
#3539=FACE_BOUND('',#3229,.T.);
#3540=FACE_BOUND('',#3230,.T.);
#3541=FACE_BOUND('',#3231,.T.);
#3542=FACE_BOUND('',#3232,.T.);
#3543=FACE_BOUND('',#3233,.T.);
#3544=FACE_BOUND('',#3234,.T.);
#3545=FACE_BOUND('',#3235,.T.);
#3546=FACE_BOUND('',#3236,.T.);
#3547=FACE_BOUND('',#3237,.T.);
#3548=FACE_BOUND('',#3238,.T.);
#3549=FACE_BOUND('',#3239,.T.);
#3550=FACE_BOUND('',#3240,.T.);
#3551=FACE_BOUND('',#3241,.T.);
#3552=FACE_BOUND('',#3242,.T.);
#3553=FACE_BOUND('',#3243,.T.);
#3554=FACE_BOUND('',#3244,.T.);
#3555=FACE_BOUND('',#3245,.T.);
#3556=FACE_BOUND('',#3246,.T.);
#3557=FACE_BOUND('',#3247,.T.);
#3558=FACE_BOUND('',#3248,.T.);
#3559=FACE_BOUND('',#3249,.T.);
#3560=FACE_BOUND('',#3250,.T.);
#3561=FACE_BOUND('',#3251,.T.);
#3562=FACE_BOUND('',#3252,.T.);
#3563=FACE_BOUND('',#3253,.T.);
#3564=FACE_BOUND('',#3254,.T.);
#3565=FACE_BOUND('',#3255,.T.);
#3566=FACE_BOUND('',#3256,.T.);
#3567=FACE_BOUND('',#3257,.T.);
#3568=FACE_BOUND('',#3258,.T.);
#3569=FACE_BOUND('',#3259,.T.);
#3570=FACE_BOUND('',#3260,.T.);
#3571=FACE_BOUND('',#3261,.T.);
#3572=FACE_BOUND('',#3262,.T.);
#3573=FACE_BOUND('',#3263,.T.);
#3574=FACE_BOUND('',#3264,.T.);
#3575=FACE_BOUND('',#3265,.T.);
#3576=FACE_BOUND('',#3266,.T.);
#3577=FACE_BOUND('',#3267,.T.);
#3578=FACE_BOUND('',#3268,.T.);
#3579=FACE_BOUND('',#3269,.T.);
#3580=FACE_BOUND('',#3270,.T.);
#3581=FACE_BOUND('',#3271,.T.);
#3582=FACE_BOUND('',#3272,.T.);
#3583=FACE_BOUND('',#3273,.T.);
#3584=FACE_BOUND('',#3274,.T.);
#3585=FACE_BOUND('',#3275,.T.);
#3586=FACE_BOUND('',#3276,.T.);
#3587=FACE_BOUND('',#3277,.T.);
#3588=FACE_BOUND('',#3278,.T.);
#3589=FACE_BOUND('',#3279,.T.);
#3590=FACE_BOUND('',#3280,.T.);
#3591=FACE_BOUND('',#3281,.T.);
#3592=FACE_BOUND('',#3282,.T.);
#3593=FACE_BOUND('',#3283,.T.);
#3594=FACE_BOUND('',#3284,.T.);
#3595=FACE_BOUND('',#3285,.T.);
#3596=FACE_BOUND('',#3286,.T.);
#3597=FACE_BOUND('',#3287,.T.);
#3598=FACE_BOUND('',#3288,.T.);
#3599=FACE_BOUND('',#3289,.T.);
#3600=FACE_BOUND('',#3290,.T.);
#3601=FACE_BOUND('',#3291,.T.);
#3602=FACE_BOUND('',#3292,.T.);
#3603=FACE_BOUND('',#3293,.T.);
#3604=FACE_BOUND('',#3294,.T.);
#3605=FACE_BOUND('',#3295,.T.);
#3606=FACE_BOUND('',#3296,.T.);
#3607=FACE_BOUND('',#3297,.T.);
#3608=FACE_BOUND('',#3298,.T.);
#3609=FACE_BOUND('',#3299,.T.);
#3610=FACE_BOUND('',#3300,.T.);
#3611=FACE_BOUND('',#3301,.T.);
#3612=FACE_BOUND('',#3302,.T.);
#3613=FACE_BOUND('',#3303,.T.);
#3614=FACE_BOUND('',#3304,.T.);
#3615=FACE_BOUND('',#3305,.T.);
#3616=FACE_BOUND('',#3306,.T.);
#3617=FACE_BOUND('',#3307,.T.);
#3618=FACE_BOUND('',#3308,.T.);
#3619=FACE_BOUND('',#3309,.T.);
#3620=FACE_BOUND('',#3310,.T.);
#3621=FACE_BOUND('',#3311,.T.);
#3622=FACE_BOUND('',#3312,.T.);
#3623=FACE_BOUND('',#3313,.T.);
#3624=FACE_BOUND('',#3314,.T.);
#3625=FACE_BOUND('',#3315,.T.);
#3626=FACE_BOUND('',#3316,.T.);
#3627=FACE_BOUND('',#3317,.T.);
#3628=FACE_BOUND('',#3318,.T.);
#3629=FACE_BOUND('',#3319,.T.);
#3630=FACE_BOUND('',#3320,.T.);
#3631=FACE_BOUND('',#3321,.T.);
#3632=FACE_BOUND('',#3322,.T.);
#3633=FACE_BOUND('',#3323,.T.);
#3634=FACE_BOUND('',#3324,.T.);
#3635=FACE_BOUND('',#3325,.T.);
#3636=FACE_BOUND('',#3326,.T.);
#3637=FACE_BOUND('',#3327,.T.);
#3638=FACE_BOUND('',#3328,.T.);
#3639=FACE_BOUND('',#3329,.T.);
#3640=FACE_BOUND('',#3330,.T.);
#3641=FACE_BOUND('',#3331,.T.);
#3642=FACE_BOUND('',#3332,.T.);
#3643=FACE_BOUND('',#3333,.T.);
#3644=FACE_BOUND('',#3334,.T.);
#3645=FACE_BOUND('',#3335,.T.);
#3646=FACE_BOUND('',#3336,.T.);
#3647=FACE_BOUND('',#3337,.T.);
#3648=FACE_BOUND('',#10,.T.);
#3649=FACE_BOUND('',#3338,.T.);
#3650=FACE_BOUND('',#3339,.T.);
#3651=FACE_BOUND('',#3340,.T.);
#3652=FACE_BOUND('',#11,.T.);
#3653=FACE_BOUND('',#3341,.T.);
#3654=FACE_BOUND('',#3342,.T.);
#3655=FACE_BOUND('',#3343,.T.);
#3656=FACE_BOUND('',#3344,.T.);
#3657=FACE_BOUND('',#3345,.T.);
#3658=FACE_BOUND('',#3346,.T.);
#3659=FACE_BOUND('',#3347,.T.);
#3660=FACE_BOUND('',#3348,.T.);
#3661=FACE_BOUND('',#3349,.T.);
#3662=FACE_BOUND('',#3350,.T.);
#3663=FACE_BOUND('',#3351,.T.);
#3664=FACE_BOUND('',#3352,.T.);
#3665=FACE_BOUND('',#3353,.T.);
#3666=FACE_BOUND('',#3354,.T.);
#3667=FACE_BOUND('',#3355,.T.);
#3668=FACE_BOUND('',#3356,.T.);
#3669=FACE_BOUND('',#3357,.T.);
#3670=FACE_BOUND('',#3358,.T.);
#3671=FACE_BOUND('',#3359,.T.);
#3672=FACE_BOUND('',#3360,.T.);
#3673=FACE_BOUND('',#3361,.T.);
#3674=FACE_BOUND('',#3362,.T.);
#3675=FACE_BOUND('',#3363,.T.);
#3676=FACE_BOUND('',#3364,.T.);
#3677=FACE_BOUND('',#3365,.T.);
#3678=FACE_BOUND('',#3366,.T.);
#3679=FACE_BOUND('',#3367,.T.);
#3680=FACE_BOUND('',#3368,.T.);
#3681=FACE_BOUND('',#3369,.T.);
#3682=FACE_BOUND('',#3370,.T.);
#3683=FACE_BOUND('',#3371,.T.);
#3684=FACE_BOUND('',#3372,.T.);
#3685=FACE_BOUND('',#3373,.T.);
#3686=FACE_BOUND('',#3374,.T.);
#3687=FACE_BOUND('',#3375,.T.);
#3688=FACE_BOUND('',#3376,.T.);
#3689=FACE_BOUND('',#3377,.T.);
#3690=FACE_BOUND('',#3378,.T.);
#3691=FACE_BOUND('',#3379,.T.);
#3692=FACE_BOUND('',#3380,.T.);
#3693=FACE_BOUND('',#3381,.T.);
#3694=FACE_BOUND('',#3382,.T.);
#3695=FACE_BOUND('',#3383,.T.);
#3696=FACE_BOUND('',#3384,.T.);
#3697=FACE_BOUND('',#3385,.T.);
#3698=FACE_BOUND('',#3386,.T.);
#3699=FACE_BOUND('',#3387,.T.);
#3700=FACE_BOUND('',#3388,.T.);
#3701=FACE_BOUND('',#3389,.T.);
#3702=FACE_BOUND('',#3390,.T.);
#3703=FACE_BOUND('',#3391,.T.);
#3704=FACE_BOUND('',#3392,.T.);
#3705=FACE_BOUND('',#3393,.T.);
#3706=FACE_BOUND('',#3394,.T.);
#3707=FACE_BOUND('',#3395,.T.);
#3708=FACE_BOUND('',#3396,.T.);
#3709=FACE_BOUND('',#3397,.T.);
#3710=FACE_BOUND('',#3398,.T.);
#3711=FACE_BOUND('',#3399,.T.);
#3712=FACE_BOUND('',#3400,.T.);
#3713=FACE_BOUND('',#3401,.T.);
#3714=FACE_BOUND('',#3402,.T.);
#3715=FACE_BOUND('',#3403,.T.);
#3716=FACE_BOUND('',#3404,.T.);
#3717=FACE_BOUND('',#3405,.T.);
#3718=FACE_BOUND('',#3406,.T.);
#3719=FACE_BOUND('',#3407,.T.);
#3720=FACE_BOUND('',#3408,.T.);
#3721=FACE_BOUND('',#3409,.T.);
#3722=FACE_BOUND('',#3410,.T.);
#3723=FACE_BOUND('',#3411,.T.);
#3724=FACE_BOUND('',#3412,.T.);
#3725=FACE_BOUND('',#3413,.T.);
#3726=FACE_BOUND('',#3414,.T.);
#3727=FACE_BOUND('',#3415,.T.);
#3728=FACE_BOUND('',#3416,.T.);
#3729=FACE_BOUND('',#3417,.T.);
#3730=FACE_BOUND('',#3418,.T.);
#3731=FACE_BOUND('',#3419,.T.);
#3732=FACE_BOUND('',#3420,.T.);
#3733=FACE_BOUND('',#3421,.T.);
#3734=FACE_BOUND('',#3422,.T.);
#3735=FACE_BOUND('',#3423,.T.);
#3736=PLANE('',#4561);
#3737=PLANE('',#4569);
#3738=PLANE('',#4575);
#3739=PLANE('',#4576);
#3740=PLANE('',#4583);
#3741=PLANE('',#4584);
#3742=PLANE('',#4591);
#3743=PLANE('',#4592);
#3744=PLANE('',#4593);
#3745=PLANE('',#4612);
#3746=PLANE('',#4623);
#3747=PLANE('',#4624);
#3748=PLANE('',#4629);
#3749=PLANE('',#4631);
#3750=PLANE('',#4632);
#3751=PLANE('',#4636);
#3752=PLANE('',#4637);
#3753=PLANE('',#4638);
#3754=PLANE('',#4649);
#3755=PLANE('',#4656);
#3756=PLANE('',#4663);
#3757=PLANE('',#4664);
#3758=PLANE('',#4665);
#3759=PLANE('',#4668);
#3760=PLANE('',#4676);
#3761=PLANE('',#4678);
#3762=PLANE('',#4680);
#3763=PLANE('',#4681);
#3764=PLANE('',#4712);
#3765=PLANE('',#4715);
#3766=PLANE('',#4723);
#3767=PLANE('',#4725);
#3768=PLANE('',#4726);
#3769=PLANE('',#4727);
#3770=PLANE('',#4733);
#3771=PLANE('',#4734);
#3772=PLANE('',#4737);
#3773=PLANE('',#4738);
#3774=PLANE('',#4739);
#3775=PLANE('',#4740);
#3776=PLANE('',#4741);
#3777=PLANE('',#4742);
#3778=PLANE('',#4743);
#3779=PLANE('',#4746);
#3780=PLANE('',#4749);
#3781=PLANE('',#4752);
#3782=PLANE('',#4753);
#3783=PLANE('',#4756);
#3784=PLANE('',#4759);
#3785=PLANE('',#4765);
#3786=PLANE('',#4766);
#3787=PLANE('',#4767);
#3788=PLANE('',#4768);
#3789=PLANE('',#4771);
#3790=PLANE('',#4774);
#3791=PLANE('',#4776);
#3792=PLANE('',#4777);
#3793=PLANE('',#4781);
#3794=PLANE('',#4784);
#3795=PLANE('',#4787);
#3796=PLANE('',#4790);
#3797=PLANE('',#4793);
#3798=PLANE('',#4796);
#3799=PLANE('',#4797);
#3800=PLANE('',#4800);
#3801=PLANE('',#4801);
#3802=PLANE('',#4822);
#3803=PLANE('',#4823);
#3804=PLANE('',#4824);
#3805=PLANE('',#4825);
#3806=PLANE('',#4826);
#3807=PLANE('',#4827);
#3808=PLANE('',#4828);
#3809=PLANE('',#4841);
#3810=PLANE('',#4846);
#3811=PLANE('',#4855);
#3812=PLANE('',#4862);
#3813=PLANE('',#4866);
#3814=PLANE('',#4871);
#3815=PLANE('',#4875);
#3816=PLANE('',#4879);
#3817=PLANE('',#4883);
#3818=PLANE('',#4888);
#3819=PLANE('',#4889);
#3820=PLANE('',#4890);
#3821=PLANE('',#4892);
#3822=PLANE('',#4896);
#3823=PLANE('',#4900);
#3824=PLANE('',#4907);
#3825=PLANE('',#4914);
#3826=PLANE('',#4918);
#3827=PLANE('',#4922);
#3828=PLANE('',#4929);
#3829=PLANE('',#4936);
#3830=PLANE('',#4954);
#3831=PLANE('',#4955);
#3832=PLANE('',#4956);
#3833=PLANE('',#4957);
#3834=PLANE('',#4958);
#3835=PLANE('',#4959);
#3836=PLANE('',#4960);
#3837=PLANE('',#4961);
#3838=PLANE('',#4963);
#3839=PLANE('',#4964);
#3840=PLANE('',#4965);
#3841=PLANE('',#4967);
#3842=PLANE('',#4968);
#3843=PLANE('',#4970);
#3844=PLANE('',#4971);
#3845=PLANE('',#4972);
#3846=PLANE('',#4973);
#3847=PLANE('',#4975);
#3848=PLANE('',#4976);
#3849=PLANE('',#4977);
#3850=PLANE('',#4978);
#3851=PLANE('',#4979);
#3852=PLANE('',#4980);
#3853=PLANE('',#4981);
#3854=PLANE('',#4982);
#3855=PLANE('',#4983);
#3856=PLANE('',#4984);
#3857=PLANE('',#5009);
#3858=PLANE('',#5013);
#3859=PLANE('',#5017);
#3860=PLANE('',#5021);
#3861=PLANE('',#5025);
#3862=PLANE('',#5029);
#3863=PLANE('',#5033);
#3864=PLANE('',#5037);
#3865=ADVANCED_FACE('',(#3424),#3736,.F.);
#3866=ADVANCED_FACE('',(#3425),#3737,.F.);
#3867=ADVANCED_FACE('',(#3426,#3427),#396,.F.);
#3868=ADVANCED_FACE('',(#3428),#353,.F.);
#3869=ADVANCED_FACE('',(#3429),#3738,.F.);
#3870=ADVANCED_FACE('',(#3430),#354,.F.);
#3871=ADVANCED_FACE('',(#3431),#3739,.F.);
#3872=ADVANCED_FACE('',(#3432),#3740,.T.);
#3873=ADVANCED_FACE('',(#3433),#3741,.T.);
#3874=ADVANCED_FACE('',(#3434,#3435),#297,.F.);
#3875=ADVANCED_FACE('',(#3436),#3742,.T.);
#3876=ADVANCED_FACE('',(#3437),#3743,.T.);
#3877=ADVANCED_FACE('',(#3438),#3744,.T.);
#3878=ADVANCED_FACE('',(#3439),#298,.T.);
#3879=ADVANCED_FACE('',(#3440),#299,.F.);
#3880=ADVANCED_FACE('',(#3441),#300,.T.);
#3881=ADVANCED_FACE('',(#3442),#301,.T.);
#3882=ADVANCED_FACE('',(#3443),#302,.T.);
#3883=ADVANCED_FACE('',(#3444),#303,.F.);
#3884=ADVANCED_FACE('',(#3445,#3446),#3745,.T.);
#3885=ADVANCED_FACE('',(#3447,#3448),#304,.T.);
#3886=ADVANCED_FACE('',(#3449,#3450),#3746,.F.);
#3887=ADVANCED_FACE('',(#3451),#3747,.T.);
#3888=ADVANCED_FACE('',(#3452),#305,.T.);
#3889=ADVANCED_FACE('',(#3453),#306,.T.);
#3890=ADVANCED_FACE('',(#3454),#3748,.T.);
#3891=ADVANCED_FACE('',(#3455),#3749,.T.);
#3892=ADVANCED_FACE('',(#3456),#3750,.T.);
#3893=ADVANCED_FACE('',(#3457),#307,.F.);
#3894=ADVANCED_FACE('',(#3458),#3751,.T.);
#3895=ADVANCED_FACE('',(#3459),#3752,.T.);
#3896=ADVANCED_FACE('',(#3460),#3753,.T.);
#3897=ADVANCED_FACE('',(#3461),#308,.F.);
#3898=ADVANCED_FACE('',(#3462),#309,.F.);
#3899=ADVANCED_FACE('',(#3463),#310,.F.);
#3900=ADVANCED_FACE('',(#3464),#311,.F.);
#3901=ADVANCED_FACE('',(#3465),#397,.T.);
#3902=ADVANCED_FACE('',(#3466),#355,.T.);
#3903=ADVANCED_FACE('',(#3467),#3754,.F.);
#3904=ADVANCED_FACE('',(#3468),#398,.F.);
#3905=ADVANCED_FACE('',(#3469),#399,.F.);
#3906=ADVANCED_FACE('',(#3470),#400,.T.);
#3907=ADVANCED_FACE('',(#3471),#401,.T.);
#3908=ADVANCED_FACE('',(#3472),#402,.F.);
#3909=ADVANCED_FACE('',(#3473),#403,.F.);
#3910=ADVANCED_FACE('',(#3474),#356,.T.);
#3911=ADVANCED_FACE('',(#3475),#3755,.F.);
#3912=ADVANCED_FACE('',(#3476),#404,.F.);
#3913=ADVANCED_FACE('',(#3477),#405,.F.);
#3914=ADVANCED_FACE('',(#3478),#406,.T.);
#3915=ADVANCED_FACE('',(#3479),#407,.T.);
#3916=ADVANCED_FACE('',(#3480),#408,.T.);
#3917=ADVANCED_FACE('',(#3481,#3482),#290,.F.);
#3918=ADVANCED_FACE('',(#3483),#3756,.F.);
#3919=ADVANCED_FACE('',(#3484),#3757,.F.);
#3920=ADVANCED_FACE('',(#3485),#3758,.T.);
#3921=ADVANCED_FACE('',(#3486),#3759,.F.);
#3922=ADVANCED_FACE('',(#3487),#312,.F.);
#3923=ADVANCED_FACE('',(#3488),#409,.T.);
#3924=ADVANCED_FACE('',(#3489),#313,.T.);
#3925=ADVANCED_FACE('',(#3490),#3760,.F.);
#3926=ADVANCED_FACE('',(#3491),#3761,.T.);
#3927=ADVANCED_FACE('',(#3492),#3762,.F.);
#3928=ADVANCED_FACE('',(#3493),#3763,.F.);
#3929=ADVANCED_FACE('',(#3494),#314,.F.);
#3930=ADVANCED_FACE('',(#3495,#3496),#315,.T.);
#3931=ADVANCED_FACE('',(#3497),#3764,.T.);
#3932=ADVANCED_FACE('',(#3498,#3499,#3500,#3501,#3502,#3503),#3765,.F.);
#3933=ADVANCED_FACE('',(#3504),#3766,.T.);
#3934=ADVANCED_FACE('',(#3505),#3767,.F.);
#3935=ADVANCED_FACE('',(#3506),#3768,.F.);
#3936=ADVANCED_FACE('',(#3507,#3508,#3509,#3510),#3769,.T.);
#3937=ADVANCED_FACE('',(#3511),#3770,.F.);
#3938=ADVANCED_FACE('',(#3512,#3513),#3771,.F.);
#3939=ADVANCED_FACE('',(#3514),#3772,.T.);
#3940=ADVANCED_FACE('',(#3515),#3773,.T.);
#3941=ADVANCED_FACE('',(#3516),#3774,.T.);
#3942=ADVANCED_FACE('',(#3517),#3775,.F.);
#3943=ADVANCED_FACE('',(#3518),#3776,.F.);
#3944=ADVANCED_FACE('',(#3519),#3777,.F.);
#3945=ADVANCED_FACE('',(#3520),#3778,.T.);
#3946=ADVANCED_FACE('',(#3521),#316,.T.);
#3947=ADVANCED_FACE('',(#3522),#3779,.T.);
#3948=ADVANCED_FACE('',(#3523,#3524),#317,.F.);
#3949=ADVANCED_FACE('',(#3525,#3526),#3780,.T.);
#3950=ADVANCED_FACE('',(#3527),#318,.T.);
#3951=ADVANCED_FACE('',(#3528),#3781,.T.);
#3952=ADVANCED_FACE('',(#3529),#3782,.T.);
#3953=ADVANCED_FACE('',(#3530,#3531),#319,.F.);
#3954=ADVANCED_FACE('',(#3532,#3533),#3783,.F.);
#3955=ADVANCED_FACE('',(#3534,#3535),#320,.T.);
#3956=ADVANCED_FACE('',(#3536,#3537),#3784,.T.);
#3957=ADVANCED_FACE('',(#3538,#3539),#321,.T.);
#3958=ADVANCED_FACE('',(#3540),#3785,.T.);
#3959=ADVANCED_FACE('',(#3541),#3786,.F.);
#3960=ADVANCED_FACE('',(#3542),#3787,.F.);
#3961=ADVANCED_FACE('',(#3543),#3788,.T.);
#3962=ADVANCED_FACE('',(#3544),#3789,.T.);
#3963=ADVANCED_FACE('',(#3545),#410,.T.);
#3964=ADVANCED_FACE('',(#3546),#411,.T.);
#3965=ADVANCED_FACE('',(#3547),#3790,.T.);
#3966=ADVANCED_FACE('',(#3548),#322,.F.);
#3967=ADVANCED_FACE('',(#3549),#3791,.F.);
#3968=ADVANCED_FACE('',(#3550),#3792,.F.);
#3969=ADVANCED_FACE('',(#3551),#323,.F.);
#3970=ADVANCED_FACE('',(#3552,#3553),#324,.T.);
#3971=ADVANCED_FACE('',(#3554),#3793,.F.);
#3972=ADVANCED_FACE('',(#3555,#3556),#325,.T.);
#3973=ADVANCED_FACE('',(#3557),#3794,.F.);
#3974=ADVANCED_FACE('',(#3558,#3559),#326,.T.);
#3975=ADVANCED_FACE('',(#3560),#3795,.F.);
#3976=ADVANCED_FACE('',(#3561,#3562),#327,.T.);
#3977=ADVANCED_FACE('',(#3563),#3796,.F.);
#3978=ADVANCED_FACE('',(#3564,#3565),#328,.T.);
#3979=ADVANCED_FACE('',(#3566),#3797,.F.);
#3980=ADVANCED_FACE('',(#3567),#329,.T.);
#3981=ADVANCED_FACE('',(#3568),#3798,.F.);
#3982=ADVANCED_FACE('',(#3569),#3799,.T.);
#3983=ADVANCED_FACE('',(#3570),#330,.T.);
#3984=ADVANCED_FACE('',(#3571),#3800,.T.);
#3985=ADVANCED_FACE('',(#3572),#3801,.T.);
#3986=ADVANCED_FACE('',(#3573),#331,.F.);
#3987=ADVANCED_FACE('',(#3574),#3802,.T.);
#3988=ADVANCED_FACE('',(#3575),#3803,.T.);
#3989=ADVANCED_FACE('',(#3576),#3804,.T.);
#3990=ADVANCED_FACE('',(#3577),#3805,.T.);
#3991=ADVANCED_FACE('',(#3578),#3806,.T.);
#3992=ADVANCED_FACE('',(#3579),#3807,.T.);
#3993=ADVANCED_FACE('',(#3580),#3808,.T.);
#3994=ADVANCED_FACE('',(#3581,#3582,#3583,#3584),#332,.T.);
#3995=ADVANCED_FACE('',(#3585,#3586,#3587),#3809,.F.);
#3996=ADVANCED_FACE('',(#3588,#3589,#3590,#3591,#3592,#3593),#3810,.F.);
#3997=ADVANCED_FACE('',(#3594,#3595),#291,.F.);
#3998=ADVANCED_FACE('',(#3596,#3597),#3811,.F.);
#3999=ADVANCED_FACE('',(#3598,#3599),#333,.T.);
#4000=ADVANCED_FACE('',(#3600,#3601),#412,.T.);
#4001=ADVANCED_FACE('',(#3602),#3812,.F.);
#4002=ADVANCED_FACE('',(#3603,#3604),#413,.T.);
#4003=ADVANCED_FACE('',(#3605),#3813,.T.);
#4004=ADVANCED_FACE('',(#3606,#3607),#334,.F.);
#4005=ADVANCED_FACE('',(#3608),#3814,.T.);
#4006=ADVANCED_FACE('',(#3609,#3610),#335,.F.);
#4007=ADVANCED_FACE('',(#3611),#3815,.F.);
#4008=ADVANCED_FACE('',(#3612,#3613),#336,.F.);
#4009=ADVANCED_FACE('',(#3614),#3816,.F.);
#4010=ADVANCED_FACE('',(#3615,#3616),#337,.F.);
#4011=ADVANCED_FACE('',(#3617),#3817,.F.);
#4012=ADVANCED_FACE('',(#3618,#3619),#414,.F.);
#4013=ADVANCED_FACE('',(#3620,#3621),#415,.F.);
#4014=ADVANCED_FACE('',(#3622,#3623),#416,.F.);
#4015=ADVANCED_FACE('',(#3624,#3625),#417,.F.);
#4016=ADVANCED_FACE('',(#3626),#3818,.F.);
#4017=ADVANCED_FACE('',(#3627),#3819,.F.);
#4018=ADVANCED_FACE('',(#3628),#3820,.F.);
#4019=ADVANCED_FACE('',(#3629),#3821,.F.);
#4020=ADVANCED_FACE('',(#3630),#338,.T.);
#4021=ADVANCED_FACE('',(#3631),#3822,.F.);
#4022=ADVANCED_FACE('',(#3632),#339,.F.);
#4023=ADVANCED_FACE('',(#3633),#3823,.T.);
#4024=ADVANCED_FACE('',(#3634),#3824,.F.);
#4025=ADVANCED_FACE('',(#3635),#3825,.T.);
#4026=ADVANCED_FACE('',(#3636),#340,.T.);
#4027=ADVANCED_FACE('',(#3637),#3826,.T.);
#4028=ADVANCED_FACE('',(#3638),#341,.F.);
#4029=ADVANCED_FACE('',(#3639),#3827,.T.);
#4030=ADVANCED_FACE('',(#3640),#3828,.F.);
#4031=ADVANCED_FACE('',(#3641,#3642,#3643,#3644),#3829,.T.);
#4032=ADVANCED_FACE('',(#3645,#3646),#342,.F.);
#4033=ADVANCED_FACE('',(#3647,#3648),#418,.F.);
#4034=ADVANCED_FACE('',(#3649,#3650),#343,.F.);
#4035=ADVANCED_FACE('',(#3651,#3652),#419,.F.);
#4036=ADVANCED_FACE('',(#3653,#3654),#344,.F.);
#4037=ADVANCED_FACE('',(#3655,#3656),#420,.T.);
#4038=ADVANCED_FACE('',(#3657,#3658),#421,.T.);
#4039=ADVANCED_FACE('',(#3659,#3660),#422,.F.);
#4040=ADVANCED_FACE('',(#3661,#3662),#423,.T.);
#4041=ADVANCED_FACE('',(#3663,#3664),#424,.T.);
#4042=ADVANCED_FACE('',(#3665),#3830,.F.);
#4043=ADVANCED_FACE('',(#3666),#3831,.T.);
#4044=ADVANCED_FACE('',(#3667),#3832,.T.);
#4045=ADVANCED_FACE('',(#3668),#3833,.T.);
#4046=ADVANCED_FACE('',(#3669),#3834,.F.);
#4047=ADVANCED_FACE('',(#3670),#3835,.T.);
#4048=ADVANCED_FACE('',(#3671),#3836,.T.);
#4049=ADVANCED_FACE('',(#3672),#3837,.T.);
#4050=ADVANCED_FACE('',(#3673),#425,.T.);
#4051=ADVANCED_FACE('',(#3674),#3838,.T.);
#4052=ADVANCED_FACE('',(#3675),#3839,.F.);
#4053=ADVANCED_FACE('',(#3676),#3840,.T.);
#4054=ADVANCED_FACE('',(#3677),#426,.T.);
#4055=ADVANCED_FACE('',(#3678),#3841,.F.);
#4056=ADVANCED_FACE('',(#3679),#3842,.T.);
#4057=ADVANCED_FACE('',(#3680),#427,.F.);
#4058=ADVANCED_FACE('',(#3681),#3843,.T.);
#4059=ADVANCED_FACE('',(#3682),#3844,.T.);
#4060=ADVANCED_FACE('',(#3683),#3845,.T.);
#4061=ADVANCED_FACE('',(#3684),#3846,.F.);
#4062=ADVANCED_FACE('',(#3685),#428,.F.);
#4063=ADVANCED_FACE('',(#3686),#3847,.F.);
#4064=ADVANCED_FACE('',(#3687),#3848,.T.);
#4065=ADVANCED_FACE('',(#3688),#3849,.T.);
#4066=ADVANCED_FACE('',(#3689),#3850,.T.);
#4067=ADVANCED_FACE('',(#3690),#3851,.T.);
#4068=ADVANCED_FACE('',(#3691),#3852,.T.);
#4069=ADVANCED_FACE('',(#3692),#3853,.T.);
#4070=ADVANCED_FACE('',(#3693),#3854,.T.);
#4071=ADVANCED_FACE('',(#3694),#3855,.T.);
#4072=ADVANCED_FACE('',(#3695),#3856,.F.);
#4073=ADVANCED_FACE('',(#3696),#345,.T.);
#4074=ADVANCED_FACE('',(#3697),#346,.T.);
#4075=ADVANCED_FACE('',(#3698),#347,.T.);
#4076=ADVANCED_FACE('',(#3699),#348,.T.);
#4077=ADVANCED_FACE('',(#3700),#349,.F.);
#4078=ADVANCED_FACE('',(#3701),#350,.F.);
#4079=ADVANCED_FACE('',(#3702),#351,.T.);
#4080=ADVANCED_FACE('',(#3703),#352,.T.);
#4081=ADVANCED_FACE('',(#3704),#3857,.F.);
#4082=ADVANCED_FACE('',(#3705),#429,.T.);
#4083=ADVANCED_FACE('',(#3706),#430,.T.);
#4084=ADVANCED_FACE('',(#3707),#431,.T.);
#4085=ADVANCED_FACE('',(#3708),#3858,.F.);
#4086=ADVANCED_FACE('',(#3709),#432,.T.);
#4087=ADVANCED_FACE('',(#3710),#433,.F.);
#4088=ADVANCED_FACE('',(#3711),#434,.F.);
#4089=ADVANCED_FACE('',(#3712),#3859,.T.);
#4090=ADVANCED_FACE('',(#3713),#435,.T.);
#4091=ADVANCED_FACE('',(#3714),#436,.T.);
#4092=ADVANCED_FACE('',(#3715),#437,.T.);
#4093=ADVANCED_FACE('',(#3716),#3860,.T.);
#4094=ADVANCED_FACE('',(#3717),#438,.T.);
#4095=ADVANCED_FACE('',(#3718),#439,.F.);
#4096=ADVANCED_FACE('',(#3719),#440,.F.);
#4097=ADVANCED_FACE('',(#3720),#3861,.T.);
#4098=ADVANCED_FACE('',(#3721),#441,.T.);
#4099=ADVANCED_FACE('',(#3722),#442,.T.);
#4100=ADVANCED_FACE('',(#3723),#443,.T.);
#4101=ADVANCED_FACE('',(#3724),#3862,.T.);
#4102=ADVANCED_FACE('',(#3725),#444,.T.);
#4103=ADVANCED_FACE('',(#3726),#445,.F.);
#4104=ADVANCED_FACE('',(#3727),#446,.F.);
#4105=ADVANCED_FACE('',(#3728),#3863,.F.);
#4106=ADVANCED_FACE('',(#3729),#447,.T.);
#4107=ADVANCED_FACE('',(#3730),#448,.T.);
#4108=ADVANCED_FACE('',(#3731),#449,.T.);
#4109=ADVANCED_FACE('',(#3732),#3864,.F.);
#4110=ADVANCED_FACE('',(#3733),#450,.T.);
#4111=ADVANCED_FACE('',(#3734),#451,.F.);
#4112=ADVANCED_FACE('',(#3735),#452,.F.);
#4113=CLOSED_SHELL('',(#3865,#3866,#3867,#3868,#3869,#3870,#3871,#3872,
#3873,#3874,#3875,#3876,#3877,#3878,#3879,#3880,#3881,#3882,#3883,#3884,
#3885,#3886,#3887,#3888,#3889,#3890,#3891,#3892,#3893,#3894,#3895,#3896,
#3897,#3898,#3899,#3900,#3901,#3902,#3903,#3904,#3905,#3906,#3907,#3908,
#3909,#3910,#3911,#3912,#3913,#3914,#3915,#3916,#3917));
#4114=CLOSED_SHELL('',(#3918,#3919,#3920,#3921,#3922,#3923));
#4115=CLOSED_SHELL('',(#3924,#3925,#3926,#3927,#3928,#3929));
#4116=CLOSED_SHELL('',(#3930,#3931,#3932,#3933,#3934,#3935,#3936,#3937,
#3938,#3939,#3940,#3941,#3942,#3943,#3944,#3945,#3946,#3947,#3948,#3949,
#3950,#3951,#3952,#3953,#3954,#3955,#3956,#3957,#3958,#3959,#3960,#3961,
#3962,#3963,#3964,#3965,#3966,#3967,#3968,#3969,#3970,#3971,#3972,#3973,
#3974,#3975,#3976,#3977,#3978,#3979,#3980,#3981,#3982,#3983,#3984,#3985));
#4117=CLOSED_SHELL('',(#3986,#3987,#3988,#3989,#3990,#3991,#3992,#3993,
#3994,#3995,#3996,#3997,#3998,#3999,#4000,#4001,#4002,#4003,#4004,#4005,
#4006,#4007,#4008,#4009,#4010,#4011,#4012,#4013,#4014,#4015,#4016,#4017,
#4018,#4019,#4020,#4021,#4022,#4023,#4024,#4025,#4026,#4027,#4028,#4029,
#4030,#4031,#4032,#4033,#4034,#4035,#4036,#4037,#4038,#4039,#4040,#4041,
#4042,#4043,#4044,#4045,#4046,#4047,#4048,#4049,#4050,#4051,#4052,#4053,
#4054,#4055,#4056,#4057,#4058,#4059,#4060,#4061,#4062,#4063,#4064,#4065,
#4066,#4067,#4068,#4069,#4070,#4071,#4072,#4073,#4074,#4075,#4076,#4077,
#4078,#4079,#4080,#4081,#4082,#4083,#4084,#4085,#4086,#4087,#4088,#4089,
#4090,#4091,#4092,#4093,#4094,#4095,#4096,#4097,#4098,#4099,#4100,#4101,
#4102,#4103,#4104,#4105,#4106,#4107,#4108,#4109,#4110,#4111,#4112));
#4118=STYLED_ITEM('',(#4178),#4547);
#4119=STYLED_ITEM('',(#4179),#4548);
#4120=STYLED_ITEM('',(#4180),#4549);
#4121=STYLED_ITEM('',(#4181),#3930);
#4122=STYLED_ITEM('',(#4182),#3931);
#4123=STYLED_ITEM('',(#4183),#3932);
#4124=STYLED_ITEM('',(#4184),#3933);
#4125=STYLED_ITEM('',(#4185),#3934);
#4126=STYLED_ITEM('',(#4186),#3935);
#4127=STYLED_ITEM('',(#4187),#3936);
#4128=STYLED_ITEM('',(#4188),#3937);
#4129=STYLED_ITEM('',(#4189),#3938);
#4130=STYLED_ITEM('',(#4190),#3939);
#4131=STYLED_ITEM('',(#4191),#3940);
#4132=STYLED_ITEM('',(#4192),#3941);
#4133=STYLED_ITEM('',(#4193),#3942);
#4134=STYLED_ITEM('',(#4194),#3943);
#4135=STYLED_ITEM('',(#4195),#3944);
#4136=STYLED_ITEM('',(#4196),#3945);
#4137=STYLED_ITEM('',(#4197),#3946);
#4138=STYLED_ITEM('',(#4198),#3947);
#4139=STYLED_ITEM('',(#4199),#3948);
#4140=STYLED_ITEM('',(#4200),#3949);
#4141=STYLED_ITEM('',(#4201),#3950);
#4142=STYLED_ITEM('',(#4202),#3951);
#4143=STYLED_ITEM('',(#4203),#3952);
#4144=STYLED_ITEM('',(#4204),#3953);
#4145=STYLED_ITEM('',(#4205),#3954);
#4146=STYLED_ITEM('',(#4206),#3955);
#4147=STYLED_ITEM('',(#4207),#3956);
#4148=STYLED_ITEM('',(#4208),#3957);
#4149=STYLED_ITEM('',(#4209),#3958);
#4150=STYLED_ITEM('',(#4210),#3959);
#4151=STYLED_ITEM('',(#4211),#3960);
#4152=STYLED_ITEM('',(#4212),#3961);
#4153=STYLED_ITEM('',(#4213),#3962);
#4154=STYLED_ITEM('',(#4214),#3963);
#4155=STYLED_ITEM('',(#4215),#3964);
#4156=STYLED_ITEM('',(#4216),#3965);
#4157=STYLED_ITEM('',(#4217),#3966);
#4158=STYLED_ITEM('',(#4218),#3967);
#4159=STYLED_ITEM('',(#4219),#3968);
#4160=STYLED_ITEM('',(#4220),#3969);
#4161=STYLED_ITEM('',(#4221),#3970);
#4162=STYLED_ITEM('',(#4222),#3971);
#4163=STYLED_ITEM('',(#4223),#3972);
#4164=STYLED_ITEM('',(#4224),#3973);
#4165=STYLED_ITEM('',(#4225),#3974);
#4166=STYLED_ITEM('',(#4226),#3975);
#4167=STYLED_ITEM('',(#4227),#3976);
#4168=STYLED_ITEM('',(#4228),#3977);
#4169=STYLED_ITEM('',(#4229),#3978);
#4170=STYLED_ITEM('',(#4230),#3979);
#4171=STYLED_ITEM('',(#4231),#3980);
#4172=STYLED_ITEM('',(#4232),#3981);
#4173=STYLED_ITEM('',(#4233),#3982);
#4174=STYLED_ITEM('',(#4234),#3983);
#4175=STYLED_ITEM('',(#4235),#3984);
#4176=STYLED_ITEM('',(#4236),#3985);
#4177=STYLED_ITEM('',(#4237),#4551);
#4178=PRESENTATION_STYLE_ASSIGNMENT((#4238));
#4179=PRESENTATION_STYLE_ASSIGNMENT((#4239));
#4180=PRESENTATION_STYLE_ASSIGNMENT((#4240));
#4181=PRESENTATION_STYLE_ASSIGNMENT((#4241));
#4182=PRESENTATION_STYLE_ASSIGNMENT((#4242));
#4183=PRESENTATION_STYLE_ASSIGNMENT((#4243));
#4184=PRESENTATION_STYLE_ASSIGNMENT((#4244));
#4185=PRESENTATION_STYLE_ASSIGNMENT((#4245));
#4186=PRESENTATION_STYLE_ASSIGNMENT((#4246));
#4187=PRESENTATION_STYLE_ASSIGNMENT((#4247));
#4188=PRESENTATION_STYLE_ASSIGNMENT((#4248));
#4189=PRESENTATION_STYLE_ASSIGNMENT((#4249));
#4190=PRESENTATION_STYLE_ASSIGNMENT((#4250));
#4191=PRESENTATION_STYLE_ASSIGNMENT((#4251));
#4192=PRESENTATION_STYLE_ASSIGNMENT((#4252));
#4193=PRESENTATION_STYLE_ASSIGNMENT((#4253));
#4194=PRESENTATION_STYLE_ASSIGNMENT((#4254));
#4195=PRESENTATION_STYLE_ASSIGNMENT((#4255));
#4196=PRESENTATION_STYLE_ASSIGNMENT((#4256));
#4197=PRESENTATION_STYLE_ASSIGNMENT((#4257));
#4198=PRESENTATION_STYLE_ASSIGNMENT((#4258));
#4199=PRESENTATION_STYLE_ASSIGNMENT((#4259));
#4200=PRESENTATION_STYLE_ASSIGNMENT((#4260));
#4201=PRESENTATION_STYLE_ASSIGNMENT((#4261));
#4202=PRESENTATION_STYLE_ASSIGNMENT((#4262));
#4203=PRESENTATION_STYLE_ASSIGNMENT((#4263));
#4204=PRESENTATION_STYLE_ASSIGNMENT((#4264));
#4205=PRESENTATION_STYLE_ASSIGNMENT((#4265));
#4206=PRESENTATION_STYLE_ASSIGNMENT((#4266));
#4207=PRESENTATION_STYLE_ASSIGNMENT((#4267));
#4208=PRESENTATION_STYLE_ASSIGNMENT((#4268));
#4209=PRESENTATION_STYLE_ASSIGNMENT((#4269));
#4210=PRESENTATION_STYLE_ASSIGNMENT((#4270));
#4211=PRESENTATION_STYLE_ASSIGNMENT((#4271));
#4212=PRESENTATION_STYLE_ASSIGNMENT((#4272));
#4213=PRESENTATION_STYLE_ASSIGNMENT((#4273));
#4214=PRESENTATION_STYLE_ASSIGNMENT((#4274));
#4215=PRESENTATION_STYLE_ASSIGNMENT((#4275));
#4216=PRESENTATION_STYLE_ASSIGNMENT((#4276));
#4217=PRESENTATION_STYLE_ASSIGNMENT((#4277));
#4218=PRESENTATION_STYLE_ASSIGNMENT((#4278));
#4219=PRESENTATION_STYLE_ASSIGNMENT((#4279));
#4220=PRESENTATION_STYLE_ASSIGNMENT((#4280));
#4221=PRESENTATION_STYLE_ASSIGNMENT((#4281));
#4222=PRESENTATION_STYLE_ASSIGNMENT((#4282));
#4223=PRESENTATION_STYLE_ASSIGNMENT((#4283));
#4224=PRESENTATION_STYLE_ASSIGNMENT((#4284));
#4225=PRESENTATION_STYLE_ASSIGNMENT((#4285));
#4226=PRESENTATION_STYLE_ASSIGNMENT((#4286));
#4227=PRESENTATION_STYLE_ASSIGNMENT((#4287));
#4228=PRESENTATION_STYLE_ASSIGNMENT((#4288));
#4229=PRESENTATION_STYLE_ASSIGNMENT((#4289));
#4230=PRESENTATION_STYLE_ASSIGNMENT((#4290));
#4231=PRESENTATION_STYLE_ASSIGNMENT((#4291));
#4232=PRESENTATION_STYLE_ASSIGNMENT((#4292));
#4233=PRESENTATION_STYLE_ASSIGNMENT((#4293));
#4234=PRESENTATION_STYLE_ASSIGNMENT((#4294));
#4235=PRESENTATION_STYLE_ASSIGNMENT((#4295));
#4236=PRESENTATION_STYLE_ASSIGNMENT((#4296));
#4237=PRESENTATION_STYLE_ASSIGNMENT((#4297));
#4238=SURFACE_STYLE_USAGE(.BOTH.,#4298);
#4239=SURFACE_STYLE_USAGE(.BOTH.,#4299);
#4240=SURFACE_STYLE_USAGE(.BOTH.,#4300);
#4241=SURFACE_STYLE_USAGE(.BOTH.,#4301);
#4242=SURFACE_STYLE_USAGE(.BOTH.,#4302);
#4243=SURFACE_STYLE_USAGE(.BOTH.,#4303);
#4244=SURFACE_STYLE_USAGE(.BOTH.,#4304);
#4245=SURFACE_STYLE_USAGE(.BOTH.,#4305);
#4246=SURFACE_STYLE_USAGE(.BOTH.,#4306);
#4247=SURFACE_STYLE_USAGE(.BOTH.,#4307);
#4248=SURFACE_STYLE_USAGE(.BOTH.,#4308);
#4249=SURFACE_STYLE_USAGE(.BOTH.,#4309);
#4250=SURFACE_STYLE_USAGE(.BOTH.,#4310);
#4251=SURFACE_STYLE_USAGE(.BOTH.,#4311);
#4252=SURFACE_STYLE_USAGE(.BOTH.,#4312);
#4253=SURFACE_STYLE_USAGE(.BOTH.,#4313);
#4254=SURFACE_STYLE_USAGE(.BOTH.,#4314);
#4255=SURFACE_STYLE_USAGE(.BOTH.,#4315);
#4256=SURFACE_STYLE_USAGE(.BOTH.,#4316);
#4257=SURFACE_STYLE_USAGE(.BOTH.,#4317);
#4258=SURFACE_STYLE_USAGE(.BOTH.,#4318);
#4259=SURFACE_STYLE_USAGE(.BOTH.,#4319);
#4260=SURFACE_STYLE_USAGE(.BOTH.,#4320);
#4261=SURFACE_STYLE_USAGE(.BOTH.,#4321);
#4262=SURFACE_STYLE_USAGE(.BOTH.,#4322);
#4263=SURFACE_STYLE_USAGE(.BOTH.,#4323);
#4264=SURFACE_STYLE_USAGE(.BOTH.,#4324);
#4265=SURFACE_STYLE_USAGE(.BOTH.,#4325);
#4266=SURFACE_STYLE_USAGE(.BOTH.,#4326);
#4267=SURFACE_STYLE_USAGE(.BOTH.,#4327);
#4268=SURFACE_STYLE_USAGE(.BOTH.,#4328);
#4269=SURFACE_STYLE_USAGE(.BOTH.,#4329);
#4270=SURFACE_STYLE_USAGE(.BOTH.,#4330);
#4271=SURFACE_STYLE_USAGE(.BOTH.,#4331);
#4272=SURFACE_STYLE_USAGE(.BOTH.,#4332);
#4273=SURFACE_STYLE_USAGE(.BOTH.,#4333);
#4274=SURFACE_STYLE_USAGE(.BOTH.,#4334);
#4275=SURFACE_STYLE_USAGE(.BOTH.,#4335);
#4276=SURFACE_STYLE_USAGE(.BOTH.,#4336);
#4277=SURFACE_STYLE_USAGE(.BOTH.,#4337);
#4278=SURFACE_STYLE_USAGE(.BOTH.,#4338);
#4279=SURFACE_STYLE_USAGE(.BOTH.,#4339);
#4280=SURFACE_STYLE_USAGE(.BOTH.,#4340);
#4281=SURFACE_STYLE_USAGE(.BOTH.,#4341);
#4282=SURFACE_STYLE_USAGE(.BOTH.,#4342);
#4283=SURFACE_STYLE_USAGE(.BOTH.,#4343);
#4284=SURFACE_STYLE_USAGE(.BOTH.,#4344);
#4285=SURFACE_STYLE_USAGE(.BOTH.,#4345);
#4286=SURFACE_STYLE_USAGE(.BOTH.,#4346);
#4287=SURFACE_STYLE_USAGE(.BOTH.,#4347);
#4288=SURFACE_STYLE_USAGE(.BOTH.,#4348);
#4289=SURFACE_STYLE_USAGE(.BOTH.,#4349);
#4290=SURFACE_STYLE_USAGE(.BOTH.,#4350);
#4291=SURFACE_STYLE_USAGE(.BOTH.,#4351);
#4292=SURFACE_STYLE_USAGE(.BOTH.,#4352);
#4293=SURFACE_STYLE_USAGE(.BOTH.,#4353);
#4294=SURFACE_STYLE_USAGE(.BOTH.,#4354);
#4295=SURFACE_STYLE_USAGE(.BOTH.,#4355);
#4296=SURFACE_STYLE_USAGE(.BOTH.,#4356);
#4297=SURFACE_STYLE_USAGE(.BOTH.,#4357);
#4298=SURFACE_SIDE_STYLE('',(#4358));
#4299=SURFACE_SIDE_STYLE('',(#4359));
#4300=SURFACE_SIDE_STYLE('',(#4360));
#4301=SURFACE_SIDE_STYLE('',(#4361));
#4302=SURFACE_SIDE_STYLE('',(#4362));
#4303=SURFACE_SIDE_STYLE('',(#4363));
#4304=SURFACE_SIDE_STYLE('',(#4364));
#4305=SURFACE_SIDE_STYLE('',(#4365));
#4306=SURFACE_SIDE_STYLE('',(#4366));
#4307=SURFACE_SIDE_STYLE('',(#4367));
#4308=SURFACE_SIDE_STYLE('',(#4368));
#4309=SURFACE_SIDE_STYLE('',(#4369));
#4310=SURFACE_SIDE_STYLE('',(#4370));
#4311=SURFACE_SIDE_STYLE('',(#4371));
#4312=SURFACE_SIDE_STYLE('',(#4372));
#4313=SURFACE_SIDE_STYLE('',(#4373));
#4314=SURFACE_SIDE_STYLE('',(#4374));
#4315=SURFACE_SIDE_STYLE('',(#4375));
#4316=SURFACE_SIDE_STYLE('',(#4376));
#4317=SURFACE_SIDE_STYLE('',(#4377));
#4318=SURFACE_SIDE_STYLE('',(#4378));
#4319=SURFACE_SIDE_STYLE('',(#4379));
#4320=SURFACE_SIDE_STYLE('',(#4380));
#4321=SURFACE_SIDE_STYLE('',(#4381));
#4322=SURFACE_SIDE_STYLE('',(#4382));
#4323=SURFACE_SIDE_STYLE('',(#4383));
#4324=SURFACE_SIDE_STYLE('',(#4384));
#4325=SURFACE_SIDE_STYLE('',(#4385));
#4326=SURFACE_SIDE_STYLE('',(#4386));
#4327=SURFACE_SIDE_STYLE('',(#4387));
#4328=SURFACE_SIDE_STYLE('',(#4388));
#4329=SURFACE_SIDE_STYLE('',(#4389));
#4330=SURFACE_SIDE_STYLE('',(#4390));
#4331=SURFACE_SIDE_STYLE('',(#4391));
#4332=SURFACE_SIDE_STYLE('',(#4392));
#4333=SURFACE_SIDE_STYLE('',(#4393));
#4334=SURFACE_SIDE_STYLE('',(#4394));
#4335=SURFACE_SIDE_STYLE('',(#4395));
#4336=SURFACE_SIDE_STYLE('',(#4396));
#4337=SURFACE_SIDE_STYLE('',(#4397));
#4338=SURFACE_SIDE_STYLE('',(#4398));
#4339=SURFACE_SIDE_STYLE('',(#4399));
#4340=SURFACE_SIDE_STYLE('',(#4400));
#4341=SURFACE_SIDE_STYLE('',(#4401));
#4342=SURFACE_SIDE_STYLE('',(#4402));
#4343=SURFACE_SIDE_STYLE('',(#4403));
#4344=SURFACE_SIDE_STYLE('',(#4404));
#4345=SURFACE_SIDE_STYLE('',(#4405));
#4346=SURFACE_SIDE_STYLE('',(#4406));
#4347=SURFACE_SIDE_STYLE('',(#4407));
#4348=SURFACE_SIDE_STYLE('',(#4408));
#4349=SURFACE_SIDE_STYLE('',(#4409));
#4350=SURFACE_SIDE_STYLE('',(#4410));
#4351=SURFACE_SIDE_STYLE('',(#4411));
#4352=SURFACE_SIDE_STYLE('',(#4412));
#4353=SURFACE_SIDE_STYLE('',(#4413));
#4354=SURFACE_SIDE_STYLE('',(#4414));
#4355=SURFACE_SIDE_STYLE('',(#4415));
#4356=SURFACE_SIDE_STYLE('',(#4416));
#4357=SURFACE_SIDE_STYLE('',(#4417));
#4358=SURFACE_STYLE_FILL_AREA(#4418);
#4359=SURFACE_STYLE_FILL_AREA(#4419);
#4360=SURFACE_STYLE_FILL_AREA(#4420);
#4361=SURFACE_STYLE_FILL_AREA(#4421);
#4362=SURFACE_STYLE_FILL_AREA(#4422);
#4363=SURFACE_STYLE_FILL_AREA(#4423);
#4364=SURFACE_STYLE_FILL_AREA(#4424);
#4365=SURFACE_STYLE_FILL_AREA(#4425);
#4366=SURFACE_STYLE_FILL_AREA(#4426);
#4367=SURFACE_STYLE_FILL_AREA(#4427);
#4368=SURFACE_STYLE_FILL_AREA(#4428);
#4369=SURFACE_STYLE_FILL_AREA(#4429);
#4370=SURFACE_STYLE_FILL_AREA(#4430);
#4371=SURFACE_STYLE_FILL_AREA(#4431);
#4372=SURFACE_STYLE_FILL_AREA(#4432);
#4373=SURFACE_STYLE_FILL_AREA(#4433);
#4374=SURFACE_STYLE_FILL_AREA(#4434);
#4375=SURFACE_STYLE_FILL_AREA(#4435);
#4376=SURFACE_STYLE_FILL_AREA(#4436);
#4377=SURFACE_STYLE_FILL_AREA(#4437);
#4378=SURFACE_STYLE_FILL_AREA(#4438);
#4379=SURFACE_STYLE_FILL_AREA(#4439);
#4380=SURFACE_STYLE_FILL_AREA(#4440);
#4381=SURFACE_STYLE_FILL_AREA(#4441);
#4382=SURFACE_STYLE_FILL_AREA(#4442);
#4383=SURFACE_STYLE_FILL_AREA(#4443);
#4384=SURFACE_STYLE_FILL_AREA(#4444);
#4385=SURFACE_STYLE_FILL_AREA(#4445);
#4386=SURFACE_STYLE_FILL_AREA(#4446);
#4387=SURFACE_STYLE_FILL_AREA(#4447);
#4388=SURFACE_STYLE_FILL_AREA(#4448);
#4389=SURFACE_STYLE_FILL_AREA(#4449);
#4390=SURFACE_STYLE_FILL_AREA(#4450);
#4391=SURFACE_STYLE_FILL_AREA(#4451);
#4392=SURFACE_STYLE_FILL_AREA(#4452);
#4393=SURFACE_STYLE_FILL_AREA(#4453);
#4394=SURFACE_STYLE_FILL_AREA(#4454);
#4395=SURFACE_STYLE_FILL_AREA(#4455);
#4396=SURFACE_STYLE_FILL_AREA(#4456);
#4397=SURFACE_STYLE_FILL_AREA(#4457);
#4398=SURFACE_STYLE_FILL_AREA(#4458);
#4399=SURFACE_STYLE_FILL_AREA(#4459);
#4400=SURFACE_STYLE_FILL_AREA(#4460);
#4401=SURFACE_STYLE_FILL_AREA(#4461);
#4402=SURFACE_STYLE_FILL_AREA(#4462);
#4403=SURFACE_STYLE_FILL_AREA(#4463);
#4404=SURFACE_STYLE_FILL_AREA(#4464);
#4405=SURFACE_STYLE_FILL_AREA(#4465);
#4406=SURFACE_STYLE_FILL_AREA(#4466);
#4407=SURFACE_STYLE_FILL_AREA(#4467);
#4408=SURFACE_STYLE_FILL_AREA(#4468);
#4409=SURFACE_STYLE_FILL_AREA(#4469);
#4410=SURFACE_STYLE_FILL_AREA(#4470);
#4411=SURFACE_STYLE_FILL_AREA(#4471);
#4412=SURFACE_STYLE_FILL_AREA(#4472);
#4413=SURFACE_STYLE_FILL_AREA(#4473);
#4414=SURFACE_STYLE_FILL_AREA(#4474);
#4415=SURFACE_STYLE_FILL_AREA(#4475);
#4416=SURFACE_STYLE_FILL_AREA(#4476);
#4417=SURFACE_STYLE_FILL_AREA(#4477);
#4418=FILL_AREA_STYLE('',(#4478));
#4419=FILL_AREA_STYLE('',(#4479));
#4420=FILL_AREA_STYLE('',(#4480));
#4421=FILL_AREA_STYLE('',(#4481));
#4422=FILL_AREA_STYLE('',(#4482));
#4423=FILL_AREA_STYLE('',(#4483));
#4424=FILL_AREA_STYLE('',(#4484));
#4425=FILL_AREA_STYLE('',(#4485));
#4426=FILL_AREA_STYLE('',(#4486));
#4427=FILL_AREA_STYLE('',(#4487));
#4428=FILL_AREA_STYLE('',(#4488));
#4429=FILL_AREA_STYLE('',(#4489));
#4430=FILL_AREA_STYLE('',(#4490));
#4431=FILL_AREA_STYLE('',(#4491));
#4432=FILL_AREA_STYLE('',(#4492));
#4433=FILL_AREA_STYLE('',(#4493));
#4434=FILL_AREA_STYLE('',(#4494));
#4435=FILL_AREA_STYLE('',(#4495));
#4436=FILL_AREA_STYLE('',(#4496));
#4437=FILL_AREA_STYLE('',(#4497));
#4438=FILL_AREA_STYLE('',(#4498));
#4439=FILL_AREA_STYLE('',(#4499));
#4440=FILL_AREA_STYLE('',(#4500));
#4441=FILL_AREA_STYLE('',(#4501));
#4442=FILL_AREA_STYLE('',(#4502));
#4443=FILL_AREA_STYLE('',(#4503));
#4444=FILL_AREA_STYLE('',(#4504));
#4445=FILL_AREA_STYLE('',(#4505));
#4446=FILL_AREA_STYLE('',(#4506));
#4447=FILL_AREA_STYLE('',(#4507));
#4448=FILL_AREA_STYLE('',(#4508));
#4449=FILL_AREA_STYLE('',(#4509));
#4450=FILL_AREA_STYLE('',(#4510));
#4451=FILL_AREA_STYLE('',(#4511));
#4452=FILL_AREA_STYLE('',(#4512));
#4453=FILL_AREA_STYLE('',(#4513));
#4454=FILL_AREA_STYLE('',(#4514));
#4455=FILL_AREA_STYLE('',(#4515));
#4456=FILL_AREA_STYLE('',(#4516));
#4457=FILL_AREA_STYLE('',(#4517));
#4458=FILL_AREA_STYLE('',(#4518));
#4459=FILL_AREA_STYLE('',(#4519));
#4460=FILL_AREA_STYLE('',(#4520));
#4461=FILL_AREA_STYLE('',(#4521));
#4462=FILL_AREA_STYLE('',(#4522));
#4463=FILL_AREA_STYLE('',(#4523));
#4464=FILL_AREA_STYLE('',(#4524));
#4465=FILL_AREA_STYLE('',(#4525));
#4466=FILL_AREA_STYLE('',(#4526));
#4467=FILL_AREA_STYLE('',(#4527));
#4468=FILL_AREA_STYLE('',(#4528));
#4469=FILL_AREA_STYLE('',(#4529));
#4470=FILL_AREA_STYLE('',(#4530));
#4471=FILL_AREA_STYLE('',(#4531));
#4472=FILL_AREA_STYLE('',(#4532));
#4473=FILL_AREA_STYLE('',(#4533));
#4474=FILL_AREA_STYLE('',(#4534));
#4475=FILL_AREA_STYLE('',(#4535));
#4476=FILL_AREA_STYLE('',(#4536));
#4477=FILL_AREA_STYLE('',(#4537));
#4478=FILL_AREA_STYLE_COLOUR('',#4538);
#4479=FILL_AREA_STYLE_COLOUR('',#283);
#4480=FILL_AREA_STYLE_COLOUR('',#283);
#4481=FILL_AREA_STYLE_COLOUR('',#4539);
#4482=FILL_AREA_STYLE_COLOUR('',#4540);
#4483=FILL_AREA_STYLE_COLOUR('',#4540);
#4484=FILL_AREA_STYLE_COLOUR('',#4541);
#4485=FILL_AREA_STYLE_COLOUR('',#4540);
#4486=FILL_AREA_STYLE_COLOUR('',#4540);
#4487=FILL_AREA_STYLE_COLOUR('',#4539);
#4488=FILL_AREA_STYLE_COLOUR('',#4539);
#4489=FILL_AREA_STYLE_COLOUR('',#4540);
#4490=FILL_AREA_STYLE_COLOUR('',#4540);
#4491=FILL_AREA_STYLE_COLOUR('',#4540);
#4492=FILL_AREA_STYLE_COLOUR('',#4540);
#4493=FILL_AREA_STYLE_COLOUR('',#4540);
#4494=FILL_AREA_STYLE_COLOUR('',#4540);
#4495=FILL_AREA_STYLE_COLOUR('',#4540);
#4496=FILL_AREA_STYLE_COLOUR('',#4539);
#4497=FILL_AREA_STYLE_COLOUR('',#4539);
#4498=FILL_AREA_STYLE_COLOUR('',#4539);
#4499=FILL_AREA_STYLE_COLOUR('',#4539);
#4500=FILL_AREA_STYLE_COLOUR('',#4539);
#4501=FILL_AREA_STYLE_COLOUR('',#4539);
#4502=FILL_AREA_STYLE_COLOUR('',#4539);
#4503=FILL_AREA_STYLE_COLOUR('',#4539);
#4504=FILL_AREA_STYLE_COLOUR('',#4539);
#4505=FILL_AREA_STYLE_COLOUR('',#4539);
#4506=FILL_AREA_STYLE_COLOUR('',#4539);
#4507=FILL_AREA_STYLE_COLOUR('',#4539);
#4508=FILL_AREA_STYLE_COLOUR('',#4541);
#4509=FILL_AREA_STYLE_COLOUR('',#4541);
#4510=FILL_AREA_STYLE_COLOUR('',#4541);
#4511=FILL_AREA_STYLE_COLOUR('',#4541);
#4512=FILL_AREA_STYLE_COLOUR('',#4541);
#4513=FILL_AREA_STYLE_COLOUR('',#4541);
#4514=FILL_AREA_STYLE_COLOUR('',#4541);
#4515=FILL_AREA_STYLE_COLOUR('',#4541);
#4516=FILL_AREA_STYLE_COLOUR('',#4541);
#4517=FILL_AREA_STYLE_COLOUR('',#4540);
#4518=FILL_AREA_STYLE_COLOUR('',#4540);
#4519=FILL_AREA_STYLE_COLOUR('',#4540);
#4520=FILL_AREA_STYLE_COLOUR('',#4540);
#4521=FILL_AREA_STYLE_COLOUR('',#4542);
#4522=FILL_AREA_STYLE_COLOUR('',#4542);
#4523=FILL_AREA_STYLE_COLOUR('',#4543);
#4524=FILL_AREA_STYLE_COLOUR('',#4543);
#4525=FILL_AREA_STYLE_COLOUR('',#4544);
#4526=FILL_AREA_STYLE_COLOUR('',#4544);
#4527=FILL_AREA_STYLE_COLOUR('',#4545);
#4528=FILL_AREA_STYLE_COLOUR('',#4545);
#4529=FILL_AREA_STYLE_COLOUR('',#4538);
#4530=FILL_AREA_STYLE_COLOUR('',#4538);
#4531=FILL_AREA_STYLE_COLOUR('',#4540);
#4532=FILL_AREA_STYLE_COLOUR('',#4540);
#4533=FILL_AREA_STYLE_COLOUR('',#4540);
#4534=FILL_AREA_STYLE_COLOUR('',#4540);
#4535=FILL_AREA_STYLE_COLOUR('',#4540);
#4536=FILL_AREA_STYLE_COLOUR('',#4540);
#4537=FILL_AREA_STYLE_COLOUR('',#4546);
#4538=COLOUR_RGB('',1.,0.862745098039216,0.227450980392157);
#4539=COLOUR_RGB('',0.768627450980392,0.749019607843137,0.647058823529412);
#4540=COLOUR_RGB('',0.2,0.6,1.);
#4541=COLOUR_RGB('',0.8,0.6,0.2);
#4542=COLOUR_RGB('',1.,0.188235294117647,0.188235294117647);
#4543=COLOUR_RGB('',0.2,0.2,1.);
#4544=COLOUR_RGB('',1.,0.662745098039216,1.);
#4545=COLOUR_RGB('',1.,0.6,0.);
#4546=COLOUR_RGB('',0.,0.6,0.);
#4547=MANIFOLD_SOLID_BREP('Extrude (2)',#4113);
#4548=MANIFOLD_SOLID_BREP('Extrude (12)',#4114);
#4549=MANIFOLD_SOLID_BREP('Extrude (6)',#4115);
#4550=MANIFOLD_SOLID_BREP('Extrude (16)',#4116);
#4551=MANIFOLD_SOLID_BREP('Revolve (16)',#4117);
#4552=SHAPE_DEFINITION_REPRESENTATION(#7749,#4556);
#4553=SHAPE_DEFINITION_REPRESENTATION(#7750,#4557);
#4554=SHAPE_DEFINITION_REPRESENTATION(#7752,#4558);
#4555=SHAPE_DEFINITION_REPRESENTATION(#7754,#4559);
#4556=SHAPE_REPRESENTATION('Assieme',(#4560,#4699,#4818,#5057),#7738);
#4557=SHAPE_REPRESENTATION('Lancetta',(#4560),#7739);
#4558=SHAPE_REPRESENTATION('Motorino',(#4560),#7740);
#4559=SHAPE_REPRESENTATION('Supporto',(#4560),#7741);
#4560=AXIS2_PLACEMENT_3D('',#6382,#5074,#5075);
#4561=AXIS2_PLACEMENT_3D('',#6383,#5076,#5077);
#4562=AXIS2_PLACEMENT_3D('',#6384,#5078,#5079);
#4563=AXIS2_PLACEMENT_3D('',#6387,#5080,#5081);
#4564=AXIS2_PLACEMENT_3D('',#6391,#5083,#5084);
#4565=AXIS2_PLACEMENT_3D('',#6397,#5087,#5088);
#4566=AXIS2_PLACEMENT_3D('',#6399,#5089,#5090);
#4567=AXIS2_PLACEMENT_3D('',#6401,#5091,#5092);
#4568=AXIS2_PLACEMENT_3D('',#6405,#5094,#5095);
#4569=AXIS2_PLACEMENT_3D('',#6406,#5096,#5097);
#4570=AXIS2_PLACEMENT_3D('',#6415,#5102,#5103);
#4571=AXIS2_PLACEMENT_3D('',#6416,#5104,#5105);
#4572=AXIS2_PLACEMENT_3D('',#6424,#5106,#5107);
#4573=AXIS2_PLACEMENT_3D('',#6431,#5108,#5109);
#4574=AXIS2_PLACEMENT_3D('',#6442,#5110,#5111);
#4575=AXIS2_PLACEMENT_3D('',#6465,#5114,#5115);
#4576=AXIS2_PLACEMENT_3D('',#6496,#5122,#5123);
#4577=AXIS2_PLACEMENT_3D('',#6497,#5124,#5125);
#4578=AXIS2_PLACEMENT_3D('',#6508,#5128,#5129);
#4579=AXIS2_PLACEMENT_3D('',#6510,#5130,#5131);
#4580=AXIS2_PLACEMENT_3D('',#6512,#5132,#5133);
#4581=AXIS2_PLACEMENT_3D('',#6519,#5134,#5135);
#4582=AXIS2_PLACEMENT_3D('',#6521,#5136,#5137);
#4583=AXIS2_PLACEMENT_3D('',#6522,#5138,#5139);
#4584=AXIS2_PLACEMENT_3D('',#6531,#5144,#5145);
#4585=AXIS2_PLACEMENT_3D('',#6540,#5150,#5151);
#4586=AXIS2_PLACEMENT_3D('',#6541,#5152,#5153);
#4587=AXIS2_PLACEMENT_3D('',#6542,#5154,#5155);
#4588=AXIS2_PLACEMENT_3D('',#6543,#5156,#5157);
#4589=AXIS2_PLACEMENT_3D('',#6544,#5158,#5159);
#4590=AXIS2_PLACEMENT_3D('',#6545,#5160,#5161);
#4591=AXIS2_PLACEMENT_3D('',#6547,#5162,#5163);
#4592=AXIS2_PLACEMENT_3D('',#6548,#5164,#5165);
#4593=AXIS2_PLACEMENT_3D('',#6549,#5166,#5167);
#4594=AXIS2_PLACEMENT_3D('',#6550,#5168,#5169);
#4595=AXIS2_PLACEMENT_3D('',#6551,#5170,#5171);
#4596=AXIS2_PLACEMENT_3D('',#6552,#5172,#5173);
#4597=AXIS2_PLACEMENT_3D('',#6553,#5174,#5175);
#4598=AXIS2_PLACEMENT_3D('',#6557,#5177,#5178);
#4599=AXIS2_PLACEMENT_3D('',#6558,#5179,#5180);
#4600=AXIS2_PLACEMENT_3D('',#6559,#5181,#5182);
#4601=AXIS2_PLACEMENT_3D('',#6563,#5184,#5185);
#4602=AXIS2_PLACEMENT_3D('',#6564,#5186,#5187);
#4603=AXIS2_PLACEMENT_3D('',#6565,#5188,#5189);
#4604=AXIS2_PLACEMENT_3D('',#6566,#5190,#5191);
#4605=AXIS2_PLACEMENT_3D('',#6568,#5192,#5193);
#4606=AXIS2_PLACEMENT_3D('',#6571,#5195,#5196);
#4607=AXIS2_PLACEMENT_3D('',#6575,#5198,#5199);
#4608=AXIS2_PLACEMENT_3D('',#6576,#5200,#5201);
#4609=AXIS2_PLACEMENT_3D('',#6577,#5202,#5203);
#4610=AXIS2_PLACEMENT_3D('',#6578,#5204,#5205);
#4611=AXIS2_PLACEMENT_3D('',#6579,#5206,#5207);
#4612=AXIS2_PLACEMENT_3D('',#6580,#5208,#5209);
#4613=AXIS2_PLACEMENT_3D('',#6581,#5210,#5211);
#4614=AXIS2_PLACEMENT_3D('',#6583,#5212,#5213);
#4615=AXIS2_PLACEMENT_3D('',#6585,#5214,#5215);
#4616=AXIS2_PLACEMENT_3D('',#6587,#5216,#5217);
#4617=AXIS2_PLACEMENT_3D('',#6588,#5218,#5219);
#4618=AXIS2_PLACEMENT_3D('',#6590,#5220,#5221);
#4619=AXIS2_PLACEMENT_3D('',#6592,#5222,#5223);
#4620=AXIS2_PLACEMENT_3D('',#6593,#5224,#5225);
#4621=AXIS2_PLACEMENT_3D('',#6594,#5226,#5227);
#4622=AXIS2_PLACEMENT_3D('',#6596,#5228,#5229);
#4623=AXIS2_PLACEMENT_3D('',#6598,#5230,#5231);
#4624=AXIS2_PLACEMENT_3D('',#6599,#5232,#5233);
#4625=AXIS2_PLACEMENT_3D('',#6600,#5234,#5235);
#4626=AXIS2_PLACEMENT_3D('',#6603,#5237,#5238);
#4627=AXIS2_PLACEMENT_3D('',#6606,#5240,#5241);
#4628=AXIS2_PLACEMENT_3D('',#6609,#5243,#5244);
#4629=AXIS2_PLACEMENT_3D('',#6612,#5246,#5247);
#4630=AXIS2_PLACEMENT_3D('',#6615,#5249,#5250);
#4631=AXIS2_PLACEMENT_3D('',#6618,#5252,#5253);
#4632=AXIS2_PLACEMENT_3D('',#6622,#5256,#5257);
#4633=AXIS2_PLACEMENT_3D('',#6629,#5259,#5260);
#4634=AXIS2_PLACEMENT_3D('',#6630,#5261,#5262);
#4635=AXIS2_PLACEMENT_3D('',#6632,#5263,#5264);
#4636=AXIS2_PLACEMENT_3D('',#6633,#5265,#5266);
#4637=AXIS2_PLACEMENT_3D('',#6640,#5268,#5269);
#4638=AXIS2_PLACEMENT_3D('',#6647,#5271,#5272);
#4639=AXIS2_PLACEMENT_3D('',#6648,#5273,#5274);
#4640=AXIS2_PLACEMENT_3D('',#6649,#5275,#5276);
#4641=AXIS2_PLACEMENT_3D('',#6650,#5277,#5278);
#4642=AXIS2_PLACEMENT_3D('',#6651,#5279,#5280);
#4643=AXIS2_PLACEMENT_3D('',#6652,#5281,#5282);
#4644=AXIS2_PLACEMENT_3D('',#6653,#5283,#5284);
#4645=AXIS2_PLACEMENT_3D('',#6654,#5285,#5286);
#4646=AXIS2_PLACEMENT_3D('',#6655,#5287,#5288);
#4647=AXIS2_PLACEMENT_3D('',#6656,#5289,#5290);
#4648=AXIS2_PLACEMENT_3D('',#6657,#5291,#5292);
#4649=AXIS2_PLACEMENT_3D('',#6675,#5294,#5295);
#4650=AXIS2_PLACEMENT_3D('',#6677,#5297,#5298);
#4651=AXIS2_PLACEMENT_3D('',#6679,#5300,#5301);
#4652=AXIS2_PLACEMENT_3D('',#6681,#5303,#5304);
#4653=AXIS2_PLACEMENT_3D('',#6683,#5306,#5307);
#4654=AXIS2_PLACEMENT_3D('',#6685,#5309,#5310);
#4655=AXIS2_PLACEMENT_3D('',#6690,#5311,#5312);
#4656=AXIS2_PLACEMENT_3D('',#6704,#5314,#5315);
#4657=AXIS2_PLACEMENT_3D('',#6706,#5317,#5318);
#4658=AXIS2_PLACEMENT_3D('',#6708,#5320,#5321);
#4659=AXIS2_PLACEMENT_3D('',#6710,#5323,#5324);
#4660=AXIS2_PLACEMENT_3D('',#6712,#5326,#5327);
#4661=AXIS2_PLACEMENT_3D('',#6714,#5329,#5330);
#4662=AXIS2_PLACEMENT_3D('',#6715,#5331,#5332);
#4663=AXIS2_PLACEMENT_3D('',#6716,#5333,#5334);
#4664=AXIS2_PLACEMENT_3D('',#6728,#5338,#5339);
#4665=AXIS2_PLACEMENT_3D('',#6740,#5343,#5344);
#4666=AXIS2_PLACEMENT_3D('',#6741,#5345,#5346);
#4667=AXIS2_PLACEMENT_3D('',#6742,#5347,#5348);
#4668=AXIS2_PLACEMENT_3D('',#6743,#5349,#5350);
#4669=AXIS2_PLACEMENT_3D('',#6744,#5351,#5352);
#4670=AXIS2_PLACEMENT_3D('',#6745,#5353,#5354);
#4671=AXIS2_PLACEMENT_3D('',#6746,#5355,#5356);
#4672=AXIS2_PLACEMENT_3D('',#6747,#5357,#5358);
#4673=AXIS2_PLACEMENT_3D('',#6748,#5359,#5360);
#4674=AXIS2_PLACEMENT_3D('',#6749,#5361,#5362);
#4675=AXIS2_PLACEMENT_3D('',#6754,#5364,#5365);
#4676=AXIS2_PLACEMENT_3D('',#6757,#5367,#5368);
#4677=AXIS2_PLACEMENT_3D('',#6758,#5369,#5370);
#4678=AXIS2_PLACEMENT_3D('',#6763,#5373,#5374);
#4679=AXIS2_PLACEMENT_3D('',#6766,#5376,#5377);
#4680=AXIS2_PLACEMENT_3D('',#6769,#5379,#5380);
#4681=AXIS2_PLACEMENT_3D('',#6771,#5382,#5383);
#4682=AXIS2_PLACEMENT_3D('',#6773,#5385,#5386);
#4683=AXIS2_PLACEMENT_3D('',#6774,#5387,#5388);
#4684=AXIS2_PLACEMENT_3D('',#6776,#5389,#5390);
#4685=AXIS2_PLACEMENT_3D('',#6777,#5391,#5392);
#4686=AXIS2_PLACEMENT_3D('',#6779,#5393,#5394);
#4687=AXIS2_PLACEMENT_3D('',#6780,#5395,#5396);
#4688=AXIS2_PLACEMENT_3D('',#6782,#5397,#5398);
#4689=AXIS2_PLACEMENT_3D('',#6783,#5399,#5400);
#4690=AXIS2_PLACEMENT_3D('',#6785,#5401,#5402);
#4691=AXIS2_PLACEMENT_3D('',#6786,#5403,#5404);
#4692=AXIS2_PLACEMENT_3D('',#6788,#5405,#5406);
#4693=AXIS2_PLACEMENT_3D('',#6789,#5407,#5408);
#4694=AXIS2_PLACEMENT_3D('',#6791,#5409,#5410);
#4695=AXIS2_PLACEMENT_3D('',#6792,#5411,#5412);
#4696=AXIS2_PLACEMENT_3D('',#6794,#5413,#5414);
#4697=AXIS2_PLACEMENT_3D('',#6795,#5415,#5416);
#4698=AXIS2_PLACEMENT_3D('',#6797,#5417,#5418);
#4699=AXIS2_PLACEMENT_3D('',#6798,#5419,#5420);
#4700=AXIS2_PLACEMENT_3D('',#6799,#5421,#5422);
#4701=AXIS2_PLACEMENT_3D('',#6800,#5423,#5424);
#4702=AXIS2_PLACEMENT_3D('',#6805,#5426,#5427);
#4703=AXIS2_PLACEMENT_3D('',#6809,#5429,#5430);
#4704=AXIS2_PLACEMENT_3D('',#6813,#5432,#5433);
#4705=AXIS2_PLACEMENT_3D('',#6817,#5435,#5436);
#4706=AXIS2_PLACEMENT_3D('',#6821,#5438,#5439);
#4707=AXIS2_PLACEMENT_3D('',#6825,#5441,#5442);
#4708=AXIS2_PLACEMENT_3D('',#6829,#5444,#5445);
#4709=AXIS2_PLACEMENT_3D('',#6833,#5447,#5448);
#4710=AXIS2_PLACEMENT_3D('',#6837,#5450,#5451);
#4711=AXIS2_PLACEMENT_3D('',#6841,#5453,#5454);
#4712=AXIS2_PLACEMENT_3D('',#6842,#5455,#5456);
#4713=AXIS2_PLACEMENT_3D('',#6846,#5458,#5459);
#4714=AXIS2_PLACEMENT_3D('',#6851,#5462,#5463);
#4715=AXIS2_PLACEMENT_3D('',#6864,#5470,#5471);
#4716=AXIS2_PLACEMENT_3D('',#6865,#5472,#5473);
#4717=AXIS2_PLACEMENT_3D('',#6867,#5474,#5475);
#4718=AXIS2_PLACEMENT_3D('',#6872,#5477,#5478);
#4719=AXIS2_PLACEMENT_3D('',#6875,#5480,#5481);
#4720=AXIS2_PLACEMENT_3D('',#6877,#5482,#5483);
#4721=AXIS2_PLACEMENT_3D('',#6879,#5484,#5485);
#4722=AXIS2_PLACEMENT_3D('',#6881,#5486,#5487);
#4723=AXIS2_PLACEMENT_3D('',#6883,#5488,#5489);
#4724=AXIS2_PLACEMENT_3D('',#6884,#5490,#5491);
#4725=AXIS2_PLACEMENT_3D('',#6888,#5493,#5494);
#4726=AXIS2_PLACEMENT_3D('',#6895,#5499,#5500);
#4727=AXIS2_PLACEMENT_3D('',#6902,#5505,#5506);
#4728=AXIS2_PLACEMENT_3D('',#6903,#5507,#5508);
#4729=AXIS2_PLACEMENT_3D('',#6907,#5510,#5511);
#4730=AXIS2_PLACEMENT_3D('',#6912,#5514,#5515);
#4731=AXIS2_PLACEMENT_3D('',#6916,#5518,#5519);
#4732=AXIS2_PLACEMENT_3D('',#6918,#5520,#5521);
#4733=AXIS2_PLACEMENT_3D('',#6920,#5522,#5523);
#4734=AXIS2_PLACEMENT_3D('',#6921,#5524,#5525);
#4735=AXIS2_PLACEMENT_3D('',#6925,#5527,#5528);
#4736=AXIS2_PLACEMENT_3D('',#6929,#5530,#5531);
#4737=AXIS2_PLACEMENT_3D('',#6930,#5532,#5533);
#4738=AXIS2_PLACEMENT_3D('',#6934,#5536,#5537);
#4739=AXIS2_PLACEMENT_3D('',#6939,#5541,#5542);
#4740=AXIS2_PLACEMENT_3D('',#6940,#5543,#5544);
#4741=AXIS2_PLACEMENT_3D('',#6947,#5549,#5550);
#4742=AXIS2_PLACEMENT_3D('',#6949,#5552,#5553);
#4743=AXIS2_PLACEMENT_3D('',#6950,#5554,#5555);
#4744=AXIS2_PLACEMENT_3D('',#6954,#5558,#5559);
#4745=AXIS2_PLACEMENT_3D('',#6955,#5560,#5561);
#4746=AXIS2_PLACEMENT_3D('',#6958,#5563,#5564);
#4747=AXIS2_PLACEMENT_3D('',#6960,#5566,#5567);
#4748=AXIS2_PLACEMENT_3D('',#6961,#5568,#5569);
#4749=AXIS2_PLACEMENT_3D('',#6963,#5570,#5571);
#4750=AXIS2_PLACEMENT_3D('',#6964,#5572,#5573);
#4751=AXIS2_PLACEMENT_3D('',#6967,#5575,#5576);
#4752=AXIS2_PLACEMENT_3D('',#6970,#5578,#5579);
#4753=AXIS2_PLACEMENT_3D('',#6972,#5581,#5582);
#4754=AXIS2_PLACEMENT_3D('',#6974,#5584,#5585);
#4755=AXIS2_PLACEMENT_3D('',#6975,#5586,#5587);
#4756=AXIS2_PLACEMENT_3D('',#6977,#5588,#5589);
#4757=AXIS2_PLACEMENT_3D('',#6978,#5590,#5591);
#4758=AXIS2_PLACEMENT_3D('',#6979,#5592,#5593);
#4759=AXIS2_PLACEMENT_3D('',#6981,#5594,#5595);
#4760=AXIS2_PLACEMENT_3D('',#6982,#5596,#5597);
#4761=AXIS2_PLACEMENT_3D('',#6984,#5598,#5599);
#4762=AXIS2_PLACEMENT_3D('',#6987,#5601,#5602);
#4763=AXIS2_PLACEMENT_3D('',#6991,#5604,#5605);
#4764=AXIS2_PLACEMENT_3D('',#6995,#5607,#5608);
#4765=AXIS2_PLACEMENT_3D('',#6998,#5610,#5611);
#4766=AXIS2_PLACEMENT_3D('',#7000,#5613,#5614);
#4767=AXIS2_PLACEMENT_3D('',#7002,#5616,#5617);
#4768=AXIS2_PLACEMENT_3D('',#7004,#5619,#5620);
#4769=AXIS2_PLACEMENT_3D('',#7005,#5621,#5622);
#4770=AXIS2_PLACEMENT_3D('',#7010,#5624,#5625);
#4771=AXIS2_PLACEMENT_3D('',#7013,#5627,#5628);
#4772=AXIS2_PLACEMENT_3D('',#7022,#5629,#5630);
#4773=AXIS2_PLACEMENT_3D('',#7027,#5631,#5632);
#4774=AXIS2_PLACEMENT_3D('',#7032,#5633,#5634);
#4775=AXIS2_PLACEMENT_3D('',#7033,#5635,#5636);
#4776=AXIS2_PLACEMENT_3D('',#7036,#5639,#5640);
#4777=AXIS2_PLACEMENT_3D('',#7038,#5642,#5643);
#4778=AXIS2_PLACEMENT_3D('',#7040,#5645,#5646);
#4779=AXIS2_PLACEMENT_3D('',#7041,#5647,#5648);
#4780=AXIS2_PLACEMENT_3D('',#7042,#5649,#5650);
#4781=AXIS2_PLACEMENT_3D('',#7044,#5651,#5652);
#4782=AXIS2_PLACEMENT_3D('',#7045,#5653,#5654);
#4783=AXIS2_PLACEMENT_3D('',#7046,#5655,#5656);
#4784=AXIS2_PLACEMENT_3D('',#7048,#5657,#5658);
#4785=AXIS2_PLACEMENT_3D('',#7049,#5659,#5660);
#4786=AXIS2_PLACEMENT_3D('',#7050,#5661,#5662);
#4787=AXIS2_PLACEMENT_3D('',#7052,#5663,#5664);
#4788=AXIS2_PLACEMENT_3D('',#7053,#5665,#5666);
#4789=AXIS2_PLACEMENT_3D('',#7054,#5667,#5668);
#4790=AXIS2_PLACEMENT_3D('',#7056,#5669,#5670);
#4791=AXIS2_PLACEMENT_3D('',#7057,#5671,#5672);
#4792=AXIS2_PLACEMENT_3D('',#7058,#5673,#5674);
#4793=AXIS2_PLACEMENT_3D('',#7060,#5675,#5676);
#4794=AXIS2_PLACEMENT_3D('',#7061,#5677,#5678);
#4795=AXIS2_PLACEMENT_3D('',#7064,#5680,#5681);
#4796=AXIS2_PLACEMENT_3D('',#7065,#5682,#5683);
#4797=AXIS2_PLACEMENT_3D('',#7067,#5685,#5686);
#4798=AXIS2_PLACEMENT_3D('',#7068,#5687,#5688);
#4799=AXIS2_PLACEMENT_3D('',#7069,#5689,#5690);
#4800=AXIS2_PLACEMENT_3D('',#7072,#5692,#5693);
#4801=AXIS2_PLACEMENT_3D('',#7074,#5695,#5696);
#4802=AXIS2_PLACEMENT_3D('',#7075,#5697,#5698);
#4803=AXIS2_PLACEMENT_3D('',#7077,#5699,#5700);
#4804=AXIS2_PLACEMENT_3D('',#7078,#5701,#5702);
#4805=AXIS2_PLACEMENT_3D('',#7080,#5703,#5704);
#4806=AXIS2_PLACEMENT_3D('',#7081,#5705,#5706);
#4807=AXIS2_PLACEMENT_3D('',#7083,#5707,#5708);
#4808=AXIS2_PLACEMENT_3D('',#7084,#5709,#5710);
#4809=AXIS2_PLACEMENT_3D('',#7086,#5711,#5712);
#4810=AXIS2_PLACEMENT_3D('',#7087,#5713,#5714);
#4811=AXIS2_PLACEMENT_3D('',#7089,#5715,#5716);
#4812=AXIS2_PLACEMENT_3D('',#7090,#5717,#5718);
#4813=AXIS2_PLACEMENT_3D('',#7092,#5719,#5720);
#4814=AXIS2_PLACEMENT_3D('',#7093,#5721,#5722);
#4815=AXIS2_PLACEMENT_3D('',#7095,#5723,#5724);
#4816=AXIS2_PLACEMENT_3D('',#7096,#5725,#5726);
#4817=AXIS2_PLACEMENT_3D('',#7098,#5727,#5728);
#4818=AXIS2_PLACEMENT_3D('',#7099,#5729,#5730);
#4819=AXIS2_PLACEMENT_3D('',#7100,#5731,#5732);
#4820=AXIS2_PLACEMENT_3D('',#7101,#5733,#5734);
#4821=AXIS2_PLACEMENT_3D('',#7106,#5736,#5737);
#4822=AXIS2_PLACEMENT_3D('',#7109,#5739,#5740);
#4823=AXIS2_PLACEMENT_3D('',#7123,#5745,#5746);
#4824=AXIS2_PLACEMENT_3D('',#7129,#5750,#5751);
#4825=AXIS2_PLACEMENT_3D('',#7138,#5756,#5757);
#4826=AXIS2_PLACEMENT_3D('',#7152,#5765,#5766);
#4827=AXIS2_PLACEMENT_3D('',#7158,#5770,#5771);
#4828=AXIS2_PLACEMENT_3D('',#7167,#5776,#5777);
#4829=AXIS2_PLACEMENT_3D('',#7178,#5781,#5782);
#4830=AXIS2_PLACEMENT_3D('',#7179,#5783,#5784);
#4831=AXIS2_PLACEMENT_3D('',#7184,#5786,#5787);
#4832=AXIS2_PLACEMENT_3D('',#7187,#5789,#5790);
#4833=AXIS2_PLACEMENT_3D('',#7202,#5792,#5793);
#4834=AXIS2_PLACEMENT_3D('',#7204,#5794,#5795);
#4835=AXIS2_PLACEMENT_3D('',#7208,#5797,#5798);
#4836=AXIS2_PLACEMENT_3D('',#7209,#5799,#5800);
#4837=AXIS2_PLACEMENT_3D('',#7211,#5801,#5802);
#4838=AXIS2_PLACEMENT_3D('',#7226,#5804,#5805);
#4839=AXIS2_PLACEMENT_3D('',#7228,#5806,#5807);
#4840=AXIS2_PLACEMENT_3D('',#7232,#5809,#5810);
#4841=AXIS2_PLACEMENT_3D('',#7233,#5811,#5812);
#4842=AXIS2_PLACEMENT_3D('',#7243,#5817,#5818);
#4843=AXIS2_PLACEMENT_3D('',#7255,#5824,#5825);
#4844=AXIS2_PLACEMENT_3D('',#7258,#5827,#5828);
#4845=AXIS2_PLACEMENT_3D('',#7260,#5829,#5830);
#4846=AXIS2_PLACEMENT_3D('',#7262,#5831,#5832);
#4847=AXIS2_PLACEMENT_3D('',#7263,#5833,#5834);
#4848=AXIS2_PLACEMENT_3D('',#7265,#5835,#5836);
#4849=AXIS2_PLACEMENT_3D('',#7267,#5837,#5838);
#4850=AXIS2_PLACEMENT_3D('',#7269,#5839,#5840);
#4851=AXIS2_PLACEMENT_3D('',#7271,#5841,#5842);
#4852=AXIS2_PLACEMENT_3D('',#7273,#5843,#5844);
#4853=AXIS2_PLACEMENT_3D('',#7275,#5845,#5846);
#4854=AXIS2_PLACEMENT_3D('',#7276,#5847,#5848);
#4855=AXIS2_PLACEMENT_3D('',#7278,#5849,#5850);
#4856=AXIS2_PLACEMENT_3D('',#7279,#5851,#5852);
#4857=AXIS2_PLACEMENT_3D('',#7281,#5853,#5854);
#4858=AXIS2_PLACEMENT_3D('',#7282,#5855,#5856);
#4859=AXIS2_PLACEMENT_3D('',#7284,#5857,#5858);
#4860=AXIS2_PLACEMENT_3D('',#7286,#5859,#5860);
#4861=AXIS2_PLACEMENT_3D('',#7287,#5861,#5862);
#4862=AXIS2_PLACEMENT_3D('',#7289,#5863,#5864);
#4863=AXIS2_PLACEMENT_3D('',#7290,#5865,#5866);
#4864=AXIS2_PLACEMENT_3D('',#7292,#5867,#5868);
#4865=AXIS2_PLACEMENT_3D('',#7293,#5869,#5870);
#4866=AXIS2_PLACEMENT_3D('',#7295,#5871,#5872);
#4867=AXIS2_PLACEMENT_3D('',#7296,#5873,#5874);
#4868=AXIS2_PLACEMENT_3D('',#7298,#5875,#5876);
#4869=AXIS2_PLACEMENT_3D('',#7299,#5877,#5878);
#4870=AXIS2_PLACEMENT_3D('',#7301,#5879,#5880);
#4871=AXIS2_PLACEMENT_3D('',#7303,#5881,#5882);
#4872=AXIS2_PLACEMENT_3D('',#7304,#5883,#5884);
#4873=AXIS2_PLACEMENT_3D('',#7305,#5885,#5886);
#4874=AXIS2_PLACEMENT_3D('',#7307,#5887,#5888);
#4875=AXIS2_PLACEMENT_3D('',#7309,#5889,#5890);
#4876=AXIS2_PLACEMENT_3D('',#7310,#5891,#5892);
#4877=AXIS2_PLACEMENT_3D('',#7311,#5893,#5894);
#4878=AXIS2_PLACEMENT_3D('',#7313,#5895,#5896);
#4879=AXIS2_PLACEMENT_3D('',#7315,#5897,#5898);
#4880=AXIS2_PLACEMENT_3D('',#7316,#5899,#5900);
#4881=AXIS2_PLACEMENT_3D('',#7317,#5901,#5902);
#4882=AXIS2_PLACEMENT_3D('',#7319,#5903,#5904);
#4883=AXIS2_PLACEMENT_3D('',#7321,#5905,#5906);
#4884=AXIS2_PLACEMENT_3D('',#7322,#5907,#5908);
#4885=AXIS2_PLACEMENT_3D('',#7323,#5909,#5910);
#4886=AXIS2_PLACEMENT_3D('',#7324,#5911,#5912);
#4887=AXIS2_PLACEMENT_3D('',#7325,#5913,#5914);
#4888=AXIS2_PLACEMENT_3D('',#7326,#5915,#5916);
#4889=AXIS2_PLACEMENT_3D('',#7340,#5921,#5922);
#4890=AXIS2_PLACEMENT_3D('',#7354,#5927,#5928);
#4891=AXIS2_PLACEMENT_3D('',#7355,#5929,#5930);
#4892=AXIS2_PLACEMENT_3D('',#7357,#5932,#5933);
#4893=AXIS2_PLACEMENT_3D('',#7363,#5937,#5938);
#4894=AXIS2_PLACEMENT_3D('',#7367,#5940,#5941);
#4895=AXIS2_PLACEMENT_3D('',#7371,#5943,#5944);
#4896=AXIS2_PLACEMENT_3D('',#7372,#5945,#5946);
#4897=AXIS2_PLACEMENT_3D('',#7381,#5951,#5952);
#4898=AXIS2_PLACEMENT_3D('',#7385,#5954,#5955);
#4899=AXIS2_PLACEMENT_3D('',#7389,#5957,#5958);
#4900=AXIS2_PLACEMENT_3D('',#7390,#5959,#5960);
#4901=AXIS2_PLACEMENT_3D('',#7391,#5961,#5962);
#4902=AXIS2_PLACEMENT_3D('',#7394,#5963,#5964);
#4903=AXIS2_PLACEMENT_3D('',#7397,#5966,#5967);
#4904=AXIS2_PLACEMENT_3D('',#7399,#5968,#5969);
#4905=AXIS2_PLACEMENT_3D('',#7401,#5970,#5971);
#4906=AXIS2_PLACEMENT_3D('',#7405,#5973,#5974);
#4907=AXIS2_PLACEMENT_3D('',#7406,#5975,#5976);
#4908=AXIS2_PLACEMENT_3D('',#7407,#5977,#5978);
#4909=AXIS2_PLACEMENT_3D('',#7409,#5979,#5980);
#4910=AXIS2_PLACEMENT_3D('',#7411,#5981,#5982);
#4911=AXIS2_PLACEMENT_3D('',#7415,#5984,#5985);
#4912=AXIS2_PLACEMENT_3D('',#7417,#5986,#5987);
#4913=AXIS2_PLACEMENT_3D('',#7419,#5988,#5989);
#4914=AXIS2_PLACEMENT_3D('',#7422,#5991,#5992);
#4915=AXIS2_PLACEMENT_3D('',#7428,#5996,#5997);
#4916=AXIS2_PLACEMENT_3D('',#7432,#5999,#6000);
#4917=AXIS2_PLACEMENT_3D('',#7436,#6002,#6003);
#4918=AXIS2_PLACEMENT_3D('',#7437,#6004,#6005);
#4919=AXIS2_PLACEMENT_3D('',#7446,#6010,#6011);
#4920=AXIS2_PLACEMENT_3D('',#7450,#6013,#6014);
#4921=AXIS2_PLACEMENT_3D('',#7454,#6016,#6017);
#4922=AXIS2_PLACEMENT_3D('',#7455,#6018,#6019);
#4923=AXIS2_PLACEMENT_3D('',#7456,#6020,#6021);
#4924=AXIS2_PLACEMENT_3D('',#7458,#6022,#6023);
#4925=AXIS2_PLACEMENT_3D('',#7460,#6024,#6025);
#4926=AXIS2_PLACEMENT_3D('',#7464,#6027,#6028);
#4927=AXIS2_PLACEMENT_3D('',#7466,#6029,#6030);
#4928=AXIS2_PLACEMENT_3D('',#7468,#6031,#6032);
#4929=AXIS2_PLACEMENT_3D('',#7471,#6034,#6035);
#4930=AXIS2_PLACEMENT_3D('',#7472,#6036,#6037);
#4931=AXIS2_PLACEMENT_3D('',#7475,#6038,#6039);
#4932=AXIS2_PLACEMENT_3D('',#7478,#6041,#6042);
#4933=AXIS2_PLACEMENT_3D('',#7480,#6043,#6044);
#4934=AXIS2_PLACEMENT_3D('',#7482,#6045,#6046);
#4935=AXIS2_PLACEMENT_3D('',#7486,#6048,#6049);
#4936=AXIS2_PLACEMENT_3D('',#7487,#6050,#6051);
#4937=AXIS2_PLACEMENT_3D('',#7488,#6052,#6053);
#4938=AXIS2_PLACEMENT_3D('',#7490,#6054,#6055);
#4939=AXIS2_PLACEMENT_3D('',#7492,#6056,#6057);
#4940=AXIS2_PLACEMENT_3D('',#7495,#6059,#6060);
#4941=AXIS2_PLACEMENT_3D('',#7497,#6062,#6063);
#4942=AXIS2_PLACEMENT_3D('',#7498,#6064,#6065);
#4943=AXIS2_PLACEMENT_3D('',#7500,#6066,#6067);
#4944=AXIS2_PLACEMENT_3D('',#7501,#6068,#6069);
#4945=AXIS2_PLACEMENT_3D('',#7504,#6070,#6071);
#4946=AXIS2_PLACEMENT_3D('',#7505,#6072,#6073);
#4947=AXIS2_PLACEMENT_3D('',#7506,#6074,#6075);
#4948=AXIS2_PLACEMENT_3D('',#7509,#6076,#6077);
#4949=AXIS2_PLACEMENT_3D('',#7510,#6078,#6079);
#4950=AXIS2_PLACEMENT_3D('',#7511,#6080,#6081);
#4951=AXIS2_PLACEMENT_3D('',#7512,#6082,#6083);
#4952=AXIS2_PLACEMENT_3D('',#7513,#6084,#6085);
#4953=AXIS2_PLACEMENT_3D('',#7514,#6086,#6087);
#4954=AXIS2_PLACEMENT_3D('',#7515,#6088,#6089);
#4955=AXIS2_PLACEMENT_3D('',#7517,#6091,#6092);
#4956=AXIS2_PLACEMENT_3D('',#7520,#6095,#6096);
#4957=AXIS2_PLACEMENT_3D('',#7526,#6098,#6099);
#4958=AXIS2_PLACEMENT_3D('',#7528,#6101,#6102);
#4959=AXIS2_PLACEMENT_3D('',#7531,#6105,#6106);
#4960=AXIS2_PLACEMENT_3D('',#7533,#6108,#6109);
#4961=AXIS2_PLACEMENT_3D('',#7535,#6111,#6112);
#4962=AXIS2_PLACEMENT_3D('',#7540,#6113,#6114);
#4963=AXIS2_PLACEMENT_3D('',#7545,#6115,#6116);
#4964=AXIS2_PLACEMENT_3D('',#7547,#6118,#6119);
#4965=AXIS2_PLACEMENT_3D('',#7553,#6121,#6122);
#4966=AXIS2_PLACEMENT_3D('',#7555,#6124,#6125);
#4967=AXIS2_PLACEMENT_3D('',#7560,#6126,#6127);
#4968=AXIS2_PLACEMENT_3D('',#7562,#6129,#6130);
#4969=AXIS2_PLACEMENT_3D('',#7564,#6132,#6133);
#4970=AXIS2_PLACEMENT_3D('',#7569,#6134,#6135);
#4971=AXIS2_PLACEMENT_3D('',#7574,#6136,#6137);
#4972=AXIS2_PLACEMENT_3D('',#7576,#6139,#6140);
#4973=AXIS2_PLACEMENT_3D('',#7578,#6142,#6143);
#4974=AXIS2_PLACEMENT_3D('',#7580,#6145,#6146);
#4975=AXIS2_PLACEMENT_3D('',#7585,#6147,#6148);
#4976=AXIS2_PLACEMENT_3D('',#7587,#6150,#6151);
#4977=AXIS2_PLACEMENT_3D('',#7589,#6153,#6154);
#4978=AXIS2_PLACEMENT_3D('',#7591,#6156,#6157);
#4979=AXIS2_PLACEMENT_3D('',#7593,#6159,#6160);
#4980=AXIS2_PLACEMENT_3D('',#7595,#6162,#6163);
#4981=AXIS2_PLACEMENT_3D('',#7597,#6165,#6166);
#4982=AXIS2_PLACEMENT_3D('',#7599,#6168,#6169);
#4983=AXIS2_PLACEMENT_3D('',#7601,#6171,#6172);
#4984=AXIS2_PLACEMENT_3D('',#7603,#6174,#6175);
#4985=AXIS2_PLACEMENT_3D('',#7604,#6176,#6177);
#4986=AXIS2_PLACEMENT_3D('',#7605,#6178,#6179);
#4987=AXIS2_PLACEMENT_3D('',#7606,#6180,#6181);
#4988=AXIS2_PLACEMENT_3D('',#7607,#6182,#6183);
#4989=AXIS2_PLACEMENT_3D('',#7608,#6184,#6185);
#4990=AXIS2_PLACEMENT_3D('',#7609,#6186,#6187);
#4991=AXIS2_PLACEMENT_3D('',#7610,#6188,#6189);
#4992=AXIS2_PLACEMENT_3D('',#7611,#6190,#6191);
#4993=AXIS2_PLACEMENT_3D('',#7612,#6192,#6193);
#4994=AXIS2_PLACEMENT_3D('',#7613,#6194,#6195);
#4995=AXIS2_PLACEMENT_3D('',#7614,#6196,#6197);
#4996=AXIS2_PLACEMENT_3D('',#7615,#6198,#6199);
#4997=AXIS2_PLACEMENT_3D('',#7616,#6200,#6201);
#4998=AXIS2_PLACEMENT_3D('',#7617,#6202,#6203);
#4999=AXIS2_PLACEMENT_3D('',#7618,#6204,#6205);
#5000=AXIS2_PLACEMENT_3D('',#7619,#6206,#6207);
#5001=AXIS2_PLACEMENT_3D('',#7620,#6208,#6209);
#5002=AXIS2_PLACEMENT_3D('',#7621,#6210,#6211);
#5003=AXIS2_PLACEMENT_3D('',#7622,#6212,#6213);
#5004=AXIS2_PLACEMENT_3D('',#7623,#6214,#6215);
#5005=AXIS2_PLACEMENT_3D('',#7624,#6216,#6217);
#5006=AXIS2_PLACEMENT_3D('',#7625,#6218,#6219);
#5007=AXIS2_PLACEMENT_3D('',#7626,#6220,#6221);
#5008=AXIS2_PLACEMENT_3D('',#7627,#6222,#6223);
#5009=AXIS2_PLACEMENT_3D('',#7628,#6224,#6225);
#5010=AXIS2_PLACEMENT_3D('',#7630,#6227,#6228);
#5011=AXIS2_PLACEMENT_3D('',#7632,#6230,#6231);
#5012=AXIS2_PLACEMENT_3D('',#7634,#6233,#6234);
#5013=AXIS2_PLACEMENT_3D('',#7636,#6236,#6237);
#5014=AXIS2_PLACEMENT_3D('',#7638,#6239,#6240);
#5015=AXIS2_PLACEMENT_3D('',#7640,#6242,#6243);
#5016=AXIS2_PLACEMENT_3D('',#7642,#6245,#6246);
#5017=AXIS2_PLACEMENT_3D('',#7643,#6247,#6248);
#5018=AXIS2_PLACEMENT_3D('',#7645,#6250,#6251);
#5019=AXIS2_PLACEMENT_3D('',#7647,#6253,#6254);
#5020=AXIS2_PLACEMENT_3D('',#7649,#6256,#6257);
#5021=AXIS2_PLACEMENT_3D('',#7651,#6259,#6260);
#5022=AXIS2_PLACEMENT_3D('',#7653,#6262,#6263);
#5023=AXIS2_PLACEMENT_3D('',#7655,#6265,#6266);
#5024=AXIS2_PLACEMENT_3D('',#7657,#6268,#6269);
#5025=AXIS2_PLACEMENT_3D('',#7658,#6270,#6271);
#5026=AXIS2_PLACEMENT_3D('',#7660,#6273,#6274);
#5027=AXIS2_PLACEMENT_3D('',#7662,#6276,#6277);
#5028=AXIS2_PLACEMENT_3D('',#7664,#6279,#6280);
#5029=AXIS2_PLACEMENT_3D('',#7666,#6282,#6283);
#5030=AXIS2_PLACEMENT_3D('',#7668,#6285,#6286);
#5031=AXIS2_PLACEMENT_3D('',#7670,#6288,#6289);
#5032=AXIS2_PLACEMENT_3D('',#7672,#6291,#6292);
#5033=AXIS2_PLACEMENT_3D('',#7673,#6293,#6294);
#5034=AXIS2_PLACEMENT_3D('',#7675,#6296,#6297);
#5035=AXIS2_PLACEMENT_3D('',#7677,#6299,#6300);
#5036=AXIS2_PLACEMENT_3D('',#7679,#6302,#6303);
#5037=AXIS2_PLACEMENT_3D('',#7681,#6305,#6306);
#5038=AXIS2_PLACEMENT_3D('',#7683,#6308,#6309);
#5039=AXIS2_PLACEMENT_3D('',#7685,#6311,#6312);
#5040=AXIS2_PLACEMENT_3D('',#7687,#6314,#6315);
#5041=AXIS2_PLACEMENT_3D('',#7688,#6316,#6317);
#5042=AXIS2_PLACEMENT_3D('',#7690,#6318,#6319);
#5043=AXIS2_PLACEMENT_3D('',#7691,#6320,#6321);
#5044=AXIS2_PLACEMENT_3D('',#7693,#6322,#6323);
#5045=AXIS2_PLACEMENT_3D('',#7694,#6324,#6325);
#5046=AXIS2_PLACEMENT_3D('',#7696,#6326,#6327);
#5047=AXIS2_PLACEMENT_3D('',#7697,#6328,#6329);
#5048=AXIS2_PLACEMENT_3D('',#7699,#6330,#6331);
#5049=AXIS2_PLACEMENT_3D('',#7700,#6332,#6333);
#5050=AXIS2_PLACEMENT_3D('',#7702,#6334,#6335);
#5051=AXIS2_PLACEMENT_3D('',#7703,#6336,#6337);
#5052=AXIS2_PLACEMENT_3D('',#7705,#6338,#6339);
#5053=AXIS2_PLACEMENT_3D('',#7706,#6340,#6341);
#5054=AXIS2_PLACEMENT_3D('',#7708,#6342,#6343);
#5055=AXIS2_PLACEMENT_3D('',#7709,#6344,#6345);
#5056=AXIS2_PLACEMENT_3D('',#7711,#6346,#6347);
#5057=AXIS2_PLACEMENT_3D('',#7712,#6348,#6349);
#5058=AXIS2_PLACEMENT_3D('',#7713,#6350,#6351);
#5059=AXIS2_PLACEMENT_3D('',#7715,#6352,#6353);
#5060=AXIS2_PLACEMENT_3D('',#7716,#6354,#6355);
#5061=AXIS2_PLACEMENT_3D('',#7718,#6356,#6357);
#5062=AXIS2_PLACEMENT_3D('',#7719,#6358,#6359);
#5063=AXIS2_PLACEMENT_3D('',#7721,#6360,#6361);
#5064=AXIS2_PLACEMENT_3D('',#7722,#6362,#6363);
#5065=AXIS2_PLACEMENT_3D('',#7724,#6364,#6365);
#5066=AXIS2_PLACEMENT_3D('',#7725,#6366,#6367);
#5067=AXIS2_PLACEMENT_3D('',#7727,#6368,#6369);
#5068=AXIS2_PLACEMENT_3D('',#7728,#6370,#6371);
#5069=AXIS2_PLACEMENT_3D('',#7730,#6372,#6373);
#5070=AXIS2_PLACEMENT_3D('',#7731,#6374,#6375);
#5071=AXIS2_PLACEMENT_3D('',#7733,#6376,#6377);
#5072=AXIS2_PLACEMENT_3D('',#7734,#6378,#6379);
#5073=AXIS2_PLACEMENT_3D('',#7736,#6380,#6381);
#5074=DIRECTION('',(0.,0.,1.));
#5075=DIRECTION('',(1.,0.,0.));
#5076=DIRECTION('',(0.,0.,-1.));
#5077=DIRECTION('',(-1.,0.,0.));
#5078=DIRECTION('',(0.,0.,-1.));
#5079=DIRECTION('',(-1.,0.,0.));
#5080=DIRECTION('',(0.,0.,-1.));
#5081=DIRECTION('',(-1.,0.,0.));
#5082=DIRECTION('',(-5.55653613398821E-17,-1.,0.));
#5083=DIRECTION('',(0.,0.,-1.));
#5084=DIRECTION('',(-1.,0.,0.));
#5085=DIRECTION('',(-5.55653613398821E-17,-1.,0.));
#5086=DIRECTION('',(-0.0582202508390291,-0.998303762585437,0.));
#5087=DIRECTION('',(0.,0.,-1.));
#5088=DIRECTION('',(-1.,0.,0.));
#5089=DIRECTION('',(0.,0.,-1.));
#5090=DIRECTION('',(-1.,0.,0.));
#5091=DIRECTION('',(0.,0.,-1.));
#5092=DIRECTION('',(-1.,0.,0.));
#5093=DIRECTION('',(-0.0582202508390291,-0.998303762585437,0.));
#5094=DIRECTION('',(0.,0.,-1.));
#5095=DIRECTION('',(-1.,0.,0.));
#5096=DIRECTION('',(0.998303762585437,-0.0582202508390291,0.));
#5097=DIRECTION('',(0.0582202508390291,0.998303762585437,0.));
#5098=DIRECTION('',(0.,0.,-1.));
#5099=DIRECTION('',(0.0582202508390291,0.998303762585437,0.));
#5100=DIRECTION('',(0.,0.,-1.));
#5101=DIRECTION('',(-0.0582202508390291,-0.998303762585437,0.));
#5102=DIRECTION('',(0.,0.,1.));
#5103=DIRECTION('',(1.,0.,0.));
#5104=DIRECTION('',(0.,0.,1.));
#5105=DIRECTION('',(1.,0.,0.));
#5106=DIRECTION('',(0.,0.,-1.));
#5107=DIRECTION('',(-1.,0.,0.));
#5108=DIRECTION('',(0.,0.,1.));
#5109=DIRECTION('',(1.,0.,0.));
#5110=DIRECTION('',(0.,0.,1.));
#5111=DIRECTION('',(1.,0.,0.));
#5112=DIRECTION('',(0.,0.,-1.));
#5113=DIRECTION('',(0.,0.,-1.));
#5114=DIRECTION('',(0.998303762585437,-0.0582202508390291,0.));
#5115=DIRECTION('',(0.0582202508390291,0.998303762585437,0.));
#5116=DIRECTION('',(0.,0.,-1.));
#5117=DIRECTION('',(0.0582202508390291,0.998303762585437,0.));
#5118=DIRECTION('',(0.,0.,-1.));
#5119=DIRECTION('',(-0.0582202508390291,-0.998303762585437,0.));
#5120=DIRECTION('',(0.,0.,-1.));
#5121=DIRECTION('',(0.,0.,-1.));
#5122=DIRECTION('',(0.,0.,-1.));
#5123=DIRECTION('',(-1.,0.,0.));
#5124=DIRECTION('',(0.,0.,-1.));
#5125=DIRECTION('',(-1.,0.,0.));
#5126=DIRECTION('',(0.,1.,0.));
#5127=DIRECTION('',(0.,1.,0.));
#5128=DIRECTION('',(0.,0.,-1.));
#5129=DIRECTION('',(-1.,0.,0.));
#5130=DIRECTION('',(0.,0.,-1.));
#5131=DIRECTION('',(-1.,0.,0.));
#5132=DIRECTION('',(0.,0.,-1.));
#5133=DIRECTION('',(-1.,0.,0.));
#5134=DIRECTION('',(0.,0.,-1.));
#5135=DIRECTION('',(-1.,0.,0.));
#5136=DIRECTION('',(0.,0.,-1.));
#5137=DIRECTION('',(-1.,0.,0.));
#5138=DIRECTION('',(-1.,-5.01574695492409E-16,0.));
#5139=DIRECTION('',(5.01574695492409E-16,-1.,0.));
#5140=DIRECTION('',(0.,0.,1.));
#5141=DIRECTION('',(5.01574695492409E-16,-1.,0.));
#5142=DIRECTION('',(0.,0.,1.));
#5143=DIRECTION('',(5.01574695492409E-16,-1.,0.));
#5144=DIRECTION('',(1.,-3.00944817295445E-16,0.));
#5145=DIRECTION('',(3.00944817295445E-16,1.,0.));
#5146=DIRECTION('',(0.,0.,1.));
#5147=DIRECTION('',(3.00944817295445E-16,1.,0.));
#5148=DIRECTION('',(0.,0.,1.));
#5149=DIRECTION('',(3.00944817295445E-16,1.,0.));
#5150=DIRECTION('',(0.,0.,1.));
#5151=DIRECTION('',(1.,0.,0.));
#5152=DIRECTION('',(0.,0.,-1.));
#5153=DIRECTION('',(1.,1.22464679914735E-16,0.));
#5154=DIRECTION('',(0.,0.,-1.));
#5155=DIRECTION('',(1.,1.22464679914735E-16,0.));
#5156=DIRECTION('',(0.,0.,-1.));
#5157=DIRECTION('',(1.,1.22464679914735E-16,0.));
#5158=DIRECTION('',(0.,0.,-1.));
#5159=DIRECTION('',(1.,1.22464679914735E-16,0.));
#5160=DIRECTION('',(0.,0.,-1.));
#5161=DIRECTION('',(1.,1.22464679914735E-16,0.));
#5162=DIRECTION('',(0.,0.,-1.));
#5163=DIRECTION('',(-1.,0.,0.));
#5164=DIRECTION('',(0.,0.,-1.));
#5165=DIRECTION('',(-1.,0.,0.));
#5166=DIRECTION('',(0.,0.,-1.));
#5167=DIRECTION('',(-1.,0.,0.));
#5168=DIRECTION('',(0.,0.,-1.));
#5169=DIRECTION('',(-1.,0.,0.));
#5170=DIRECTION('',(0.,0.,-1.));
#5171=DIRECTION('',(-1.,0.,0.));
#5172=DIRECTION('',(0.,0.,1.));
#5173=DIRECTION('',(1.,0.,0.));
#5174=DIRECTION('',(0.,0.,-1.));
#5175=DIRECTION('',(-1.,0.,0.));
#5176=DIRECTION('',(0.,0.,-1.));
#5177=DIRECTION('',(0.,0.,-1.));
#5178=DIRECTION('',(-1.,0.,0.));
#5179=DIRECTION('',(0.,0.,-1.));
#5180=DIRECTION('',(1.,1.22464679914735E-16,0.));
#5181=DIRECTION('',(0.,0.,-1.));
#5182=DIRECTION('',(-1.,0.,0.));
#5183=DIRECTION('',(0.,0.,-1.));
#5184=DIRECTION('',(0.,0.,-1.));
#5185=DIRECTION('',(-1.,0.,0.));
#5186=DIRECTION('',(0.,0.,1.));
#5187=DIRECTION('',(1.,0.,0.));
#5188=DIRECTION('',(0.,0.,-1.));
#5189=DIRECTION('',(-1.,0.,0.));
#5190=DIRECTION('',(0.,0.,-1.));
#5191=DIRECTION('',(-1.,0.,0.));
#5192=DIRECTION('',(0.,0.,1.));
#5193=DIRECTION('',(1.,0.,0.));
#5194=DIRECTION('',(0.,0.,-1.));
#5195=DIRECTION('',(0.,0.,-1.));
#5196=DIRECTION('',(-1.,0.,0.));
#5197=DIRECTION('',(0.,0.,-1.));
#5198=DIRECTION('',(0.,0.,-1.));
#5199=DIRECTION('',(-1.,0.,0.));
#5200=DIRECTION('',(0.,0.,1.));
#5201=DIRECTION('',(1.,0.,0.));
#5202=DIRECTION('',(0.,0.,-1.));
#5203=DIRECTION('',(-1.,0.,0.));
#5204=DIRECTION('',(0.,0.,-1.));
#5205=DIRECTION('',(-1.,0.,0.));
#5206=DIRECTION('',(0.,0.,-1.));
#5207=DIRECTION('',(1.,1.22464679914735E-16,0.));
#5208=DIRECTION('',(0.,0.,-1.));
#5209=DIRECTION('',(-1.,0.,0.));
#5210=DIRECTION('',(0.,0.,-1.));
#5211=DIRECTION('',(-1.,0.,0.));
#5212=DIRECTION('',(0.,0.,-1.));
#5213=DIRECTION('',(-1.,0.,0.));
#5214=DIRECTION('',(0.,0.,-1.));
#5215=DIRECTION('',(1.,1.22464679914735E-16,0.));
#5216=DIRECTION('',(0.,0.,-1.));
#5217=DIRECTION('',(-1.,0.,0.));
#5218=DIRECTION('',(0.,0.,-1.));
#5219=DIRECTION('',(-1.,0.,0.));
#5220=DIRECTION('',(0.,0.,-1.));
#5221=DIRECTION('',(1.,1.22464679914735E-16,0.));
#5222=DIRECTION('',(0.,0.,-1.));
#5223=DIRECTION('',(-1.,0.,0.));
#5224=DIRECTION('',(0.,0.,1.));
#5225=DIRECTION('',(1.,0.,0.));
#5226=DIRECTION('',(0.,0.,-1.));
#5227=DIRECTION('',(-1.,0.,0.));
#5228=DIRECTION('',(0.,0.,1.));
#5229=DIRECTION('',(1.,0.,0.));
#5230=DIRECTION('',(0.,0.,1.));
#5231=DIRECTION('',(1.,0.,0.));
#5232=DIRECTION('',(0.,0.,1.));
#5233=DIRECTION('',(1.,0.,0.));
#5234=DIRECTION('',(0.,0.,1.));
#5235=DIRECTION('',(1.,0.,0.));
#5236=DIRECTION('',(0.,0.,1.));
#5237=DIRECTION('',(0.,0.,-1.));
#5238=DIRECTION('',(-1.,0.,0.));
#5239=DIRECTION('',(0.,0.,1.));
#5240=DIRECTION('',(0.,0.,1.));
#5241=DIRECTION('',(1.,0.,0.));
#5242=DIRECTION('',(0.,0.,1.));
#5243=DIRECTION('',(0.,0.,-1.));
#5244=DIRECTION('',(-1.,0.,0.));
#5245=DIRECTION('',(0.,0.,1.));
#5246=DIRECTION('',(0.,0.,1.));
#5247=DIRECTION('',(1.,0.,0.));
#5248=DIRECTION('',(5.55653613398821E-17,1.,0.));
#5249=DIRECTION('',(0.,0.,1.));
#5250=DIRECTION('',(1.,0.,0.));
#5251=DIRECTION('',(1.2035029241687E-16,-1.,0.));
#5252=DIRECTION('',(1.,1.2035029241687E-16,0.));
#5253=DIRECTION('',(-1.2035029241687E-16,1.,0.));
#5254=DIRECTION('',(0.,0.,-1.));
#5255=DIRECTION('',(-1.20146839955867E-16,0.998309497576476,-0.0581218293638875));
#5256=DIRECTION('',(-1.,5.55653613398821E-17,0.));
#5257=DIRECTION('',(-5.55653613398821E-17,-1.,0.));
#5258=DIRECTION('',(0.,0.,-1.));
#5259=DIRECTION('',(0.,0.,-1.));
#5260=DIRECTION('',(-1.,0.,0.));
#5261=DIRECTION('',(0.,0.,-1.));
#5262=DIRECTION('',(-1.,0.,0.));
#5263=DIRECTION('',(0.705907360208207,-0.0411679341706592,-0.707106781186549));
#5264=DIRECTION('',(-0.705907360208209,0.0411679341706593,-0.707106781186547));
#5265=DIRECTION('',(-1.,5.55653613398821E-17,0.));
#5266=DIRECTION('',(-5.55653613398821E-17,-1.,0.));
#5267=DIRECTION('',(5.55653613398821E-17,1.,0.));
#5268=DIRECTION('',(1.,1.2035029241687E-16,0.));
#5269=DIRECTION('',(-1.2035029241687E-16,1.,0.));
#5270=DIRECTION('',(1.2035029241687E-16,-1.,0.));
#5271=DIRECTION('',(0.,0.,1.));
#5272=DIRECTION('',(1.,0.,0.));
#5273=DIRECTION('',(0.,0.,1.));
#5274=DIRECTION('',(1.,0.,0.));
#5275=DIRECTION('',(0.,0.,-1.));
#5276=DIRECTION('',(-1.,0.,0.));
#5277=DIRECTION('',(0.,0.,-1.));
#5278=DIRECTION('',(-1.,0.,0.));
#5279=DIRECTION('',(0.,0.,1.));
#5280=DIRECTION('',(1.,0.,0.));
#5281=DIRECTION('',(0.,0.,-1.));
#5282=DIRECTION('',(-1.,0.,0.));
#5283=DIRECTION('',(0.,0.,1.));
#5284=DIRECTION('',(1.,0.,0.));
#5285=DIRECTION('',(0.,0.,-1.));
#5286=DIRECTION('',(-1.,0.,0.));
#5287=DIRECTION('',(0.,0.,-1.));
#5288=DIRECTION('',(-1.,0.,0.));
#5289=DIRECTION('',(0.,0.,-1.));
#5290=DIRECTION('',(-1.,0.,0.));
#5291=DIRECTION('',(0.,0.,-1.));
#5292=DIRECTION('',(-1.,0.,0.));
#5293=DIRECTION('',(-0.705907360208571,0.0411679341644271,-0.707106781186548));
#5294=DIRECTION('',(0.705907360208207,-0.0411679341706592,-0.707106781186549));
#5295=DIRECTION('',(0.0582202508390291,0.998303762585437,0.));
#5296=DIRECTION('',(-0.705907360208209,0.0411679341706583,-0.707106781186547));
#5297=DIRECTION('',(0.,0.,1.));
#5298=DIRECTION('',(1.,0.,0.));
#5299=DIRECTION('',(-0.16156266939746,-0.688402138184627,0.707106781186548));
#5300=DIRECTION('',(0.,0.,1.));
#5301=DIRECTION('',(1.,0.,0.));
#5302=DIRECTION('',(-0.161373754436693,0.688446447720523,-0.707106781186547));
#5303=DIRECTION('',(0.,0.,-1.));
#5304=DIRECTION('',(-1.,0.,0.));
#5305=DIRECTION('',(-0.240650343774285,0.664896542359274,0.707106781186548));
#5306=DIRECTION('',(0.,0.,-1.));
#5307=DIRECTION('',(-1.,0.,0.));
#5308=DIRECTION('',(-0.240306844439506,-0.665020766980646,-0.707106781186547));
#5309=DIRECTION('',(0.,0.,1.));
#5310=DIRECTION('',(1.,0.,0.));
#5311=DIRECTION('',(0.,0.,1.));
#5312=DIRECTION('',(1.,0.,0.));
#5313=DIRECTION('',(-0.705907360208208,0.0411679341706583,-0.707106781186547));
#5314=DIRECTION('',(0.705907360208207,-0.0411679341706592,-0.707106781186549));
#5315=DIRECTION('',(0.0582202508390291,0.998303762585437,0.));
#5316=DIRECTION('',(-0.705907360208209,0.0411679341706583,-0.707106781186547));
#5317=DIRECTION('',(0.,0.,1.));
#5318=DIRECTION('',(1.,0.,0.));
#5319=DIRECTION('',(-0.491707019845312,-0.508157659230715,0.70710678118655));
#5320=DIRECTION('',(0.,0.,1.));
#5321=DIRECTION('',(1.,0.,0.));
#5322=DIRECTION('',(-0.493559329219271,0.506358754778292,-0.707106781186548));
#5323=DIRECTION('',(0.,0.,-1.));
#5324=DIRECTION('',(-1.,0.,0.));
#5325=DIRECTION('',(-0.169535487996759,0.686482132549492,0.707106781186549));
#5326=DIRECTION('',(0.,0.,-1.));
#5327=DIRECTION('',(-1.,0.,0.));
#5328=DIRECTION('',(-0.168646016048981,-0.686701187759862,-0.707106781186548));
#5329=DIRECTION('',(0.,0.,-1.));
#5330=DIRECTION('',(-1.,0.,0.));
#5331=DIRECTION('',(0.,0.,-1.));
#5332=DIRECTION('',(-1.,0.,0.));
#5333=DIRECTION('',(-1.,5.55653613398821E-17,0.));
#5334=DIRECTION('',(-5.55653613398821E-17,-1.,0.));
#5335=DIRECTION('',(0.,1.,0.));
#5336=DIRECTION('',(5.55653613398821E-17,1.,0.));
#5337=DIRECTION('',(0.,0.,-1.));
#5338=DIRECTION('',(1.,1.2035029241687E-16,0.));
#5339=DIRECTION('',(-1.2035029241687E-16,1.,0.));
#5340=DIRECTION('',(1.2035029241687E-16,-1.,0.));
#5341=DIRECTION('',(-5.55653613398821E-17,-1.,0.));
#5342=DIRECTION('',(0.,0.,-1.));
#5343=DIRECTION('',(0.,0.,1.));
#5344=DIRECTION('',(1.,0.,0.));
#5345=DIRECTION('',(0.,0.,1.));
#5346=DIRECTION('',(1.,0.,0.));
#5347=DIRECTION('',(0.,0.,1.));
#5348=DIRECTION('',(1.,0.,0.));
#5349=DIRECTION('',(0.,0.,1.));
#5350=DIRECTION('',(1.,0.,0.));
#5351=DIRECTION('',(0.,0.,1.));
#5352=DIRECTION('',(1.,0.,0.));
#5353=DIRECTION('',(0.,0.,1.));
#5354=DIRECTION('',(1.,0.,0.));
#5355=DIRECTION('',(0.,0.,-1.));
#5356=DIRECTION('',(-1.,0.,0.));
#5357=DIRECTION('',(0.,0.,-1.));
#5358=DIRECTION('',(-1.,0.,0.));
#5359=DIRECTION('',(0.,0.,-1.));
#5360=DIRECTION('',(-1.,0.,0.));
#5361=DIRECTION('',(0.,0.,1.));
#5362=DIRECTION('',(1.,0.,0.));
#5363=DIRECTION('',(0.,0.,-1.));
#5364=DIRECTION('',(0.,0.,1.));
#5365=DIRECTION('',(1.,0.,0.));
#5366=DIRECTION('',(0.,0.,-1.));
#5367=DIRECTION('',(0.,0.,1.));
#5368=DIRECTION('',(1.,0.,0.));
#5369=DIRECTION('',(0.,0.,1.));
#5370=DIRECTION('',(1.,0.,0.));
#5371=DIRECTION('',(1.2035029241687E-16,-1.,0.));
#5372=DIRECTION('',(5.55653613398821E-17,1.,0.));
#5373=DIRECTION('',(0.,0.,1.));
#5374=DIRECTION('',(1.,0.,0.));
#5375=DIRECTION('',(-5.55653613398821E-17,-1.,0.));
#5376=DIRECTION('',(0.,0.,1.));
#5377=DIRECTION('',(1.,0.,0.));
#5378=DIRECTION('',(0.,1.,0.));
#5379=DIRECTION('',(1.,1.2035029241687E-16,0.));
#5380=DIRECTION('',(-1.2035029241687E-16,1.,0.));
#5381=DIRECTION('',(0.,0.,-1.));
#5382=DIRECTION('',(-1.,5.55653613398821E-17,0.));
#5383=DIRECTION('',(-5.55653613398821E-17,-1.,0.));
#5384=DIRECTION('',(0.,0.,-1.));
#5385=DIRECTION('',(0.,0.,-1.));
#5386=DIRECTION('',(-1.,0.,0.));
#5387=DIRECTION('',(0.,0.,-1.));
#5388=DIRECTION('',(-1.,0.,0.));
#5389=DIRECTION('',(0.,0.,1.));
#5390=DIRECTION('',(1.,0.,0.));
#5391=DIRECTION('',(0.,1.,0.));
#5392=DIRECTION('',(-1.,0.,0.));
#5393=DIRECTION('',(0.,0.,1.));
#5394=DIRECTION('',(1.,0.,0.));
#5395=DIRECTION('',(-1.,0.,0.));
#5396=DIRECTION('',(0.,-1.,0.));
#5397=DIRECTION('',(0.,0.,1.));
#5398=DIRECTION('',(1.,0.,0.));
#5399=DIRECTION('',(0.,-1.,0.));
#5400=DIRECTION('',(1.,0.,0.));
#5401=DIRECTION('',(0.,0.,1.));
#5402=DIRECTION('',(1.,0.,0.));
#5403=DIRECTION('',(0.,0.,1.));
#5404=DIRECTION('',(-1.,0.,0.));
#5405=DIRECTION('',(0.,0.,1.));
#5406=DIRECTION('',(1.,0.,0.));
#5407=DIRECTION('',(1.,0.,0.));
#5408=DIRECTION('',(0.,1.,0.));
#5409=DIRECTION('',(0.,0.,1.));
#5410=DIRECTION('',(1.,0.,0.));
#5411=DIRECTION('',(-0.577350269189626,0.577350269189626,-0.577350269189626));
#5412=DIRECTION('',(-0.707106781186548,-0.707106781186547,1.66533453693773E-16));
#5413=DIRECTION('',(0.,0.,1.));
#5414=DIRECTION('',(1.,0.,0.));
#5415=DIRECTION('',(-0.718873086818576,0.585048618558824,-0.375419230954334));
#5416=DIRECTION('',(-0.631219055717027,-0.775604605259473,-3.14659178435317E-8));
#5417=DIRECTION('',(0.,0.,1.));
#5418=DIRECTION('',(1.,0.,0.));
#5419=DIRECTION('',(0.,0.,1.));
#5420=DIRECTION('',(1.,0.,0.));
#5421=DIRECTION('',(0.,0.,-1.));
#5422=DIRECTION('',(-1.,0.,0.));
#5423=DIRECTION('',(0.,0.,1.));
#5424=DIRECTION('',(1.,0.,0.));
#5425=DIRECTION('',(0.,0.,1.));
#5426=DIRECTION('',(0.,0.,-1.));
#5427=DIRECTION('',(1.,1.22464679914735E-16,0.));
#5428=DIRECTION('',(0.,0.,-1.));
#5429=DIRECTION('',(0.,0.,-1.));
#5430=DIRECTION('',(1.,1.22464679914735E-16,0.));
#5431=DIRECTION('',(0.,0.,-1.));
#5432=DIRECTION('',(0.,0.,1.));
#5433=DIRECTION('',(1.,0.,0.));
#5434=DIRECTION('',(0.,0.,1.));
#5435=DIRECTION('',(0.,0.,-1.));
#5436=DIRECTION('',(1.,1.22464679914735E-16,0.));
#5437=DIRECTION('',(0.,0.,1.));
#5438=DIRECTION('',(0.,0.,1.));
#5439=DIRECTION('',(1.,0.,0.));
#5440=DIRECTION('',(0.,0.,1.));
#5441=DIRECTION('',(0.,0.,-1.));
#5442=DIRECTION('',(1.,1.22464679914735E-16,0.));
#5443=DIRECTION('',(0.,0.,1.));
#5444=DIRECTION('',(0.,0.,1.));
#5445=DIRECTION('',(1.,0.,0.));
#5446=DIRECTION('',(0.,0.,-1.));
#5447=DIRECTION('',(0.,0.,1.));
#5448=DIRECTION('',(1.,0.,0.));
#5449=DIRECTION('',(0.,0.,-1.));
#5450=DIRECTION('',(0.,0.,1.));
#5451=DIRECTION('',(1.,0.,0.));
#5452=DIRECTION('',(0.,0.,1.));
#5453=DIRECTION('',(0.,0.,-1.));
#5454=DIRECTION('',(1.,1.22464679914735E-16,0.));
#5455=DIRECTION('',(0.,0.,-1.));
#5456=DIRECTION('',(-1.,0.,0.));
#5457=DIRECTION('',(-1.0199957199094E-10,-1.,0.));
#5458=DIRECTION('',(0.,0.,1.));
#5459=DIRECTION('',(1.,0.,0.));
#5460=DIRECTION('',(0.,1.,0.));
#5461=DIRECTION('',(0.,1.,0.));
#5462=DIRECTION('',(0.,0.,-1.));
#5463=DIRECTION('',(1.,1.22464679914735E-16,0.));
#5464=DIRECTION('',(1.01990898373559E-10,-1.,0.));
#5465=DIRECTION('',(-0.912131137142855,-0.409898510188172,0.));
#5466=DIRECTION('',(3.37091399489515E-11,1.,0.));
#5467=DIRECTION('',(1.,0.,0.));
#5468=DIRECTION('',(3.37072887230931E-11,-1.,0.));
#5469=DIRECTION('',(0.912131137142855,-0.409898510188172,0.));
#5470=DIRECTION('',(0.,1.,0.));
#5471=DIRECTION('',(0.,0.,1.));
#5472=DIRECTION('',(0.,1.,0.));
#5473=DIRECTION('',(0.,0.,1.));
#5474=DIRECTION('',(0.,1.,0.));
#5475=DIRECTION('',(0.,0.,1.));
#5476=DIRECTION('',(1.,0.,0.));
#5477=DIRECTION('',(0.,1.,0.));
#5478=DIRECTION('',(0.,0.,1.));
#5479=DIRECTION('',(-1.,0.,0.));
#5480=DIRECTION('',(0.,1.,0.));
#5481=DIRECTION('',(0.,0.,1.));
#5482=DIRECTION('',(0.,1.,0.));
#5483=DIRECTION('',(0.,0.,1.));
#5484=DIRECTION('',(0.,1.,0.));
#5485=DIRECTION('',(0.,0.,1.));
#5486=DIRECTION('',(0.,1.,0.));
#5487=DIRECTION('',(0.,0.,1.));
#5488=DIRECTION('',(0.,0.,1.));
#5489=DIRECTION('',(1.,0.,0.));
#5490=DIRECTION('',(0.,0.,1.));
#5491=DIRECTION('',(1.,0.,0.));
#5492=DIRECTION('',(-3.30252155569432E-16,1.,0.));
#5493=DIRECTION('',(-1.,3.37091399489515E-11,0.));
#5494=DIRECTION('',(-3.37091399489515E-11,-1.,0.));
#5495=DIRECTION('',(0.,0.,-1.));
#5496=DIRECTION('',(1.6484854393604E-10,1.,0.));
#5497=DIRECTION('',(3.37091399489515E-11,1.,0.));
#5498=DIRECTION('',(0.,0.,-1.));
#5499=DIRECTION('',(1.,3.37072887230931E-11,0.));
#5500=DIRECTION('',(-3.37072887230931E-11,1.,0.));
#5501=DIRECTION('',(-1.64842782763538E-10,1.,0.));
#5502=DIRECTION('',(0.,0.,-1.));
#5503=DIRECTION('',(0.,0.,-1.));
#5504=DIRECTION('',(3.37072887230931E-11,-1.,0.));
#5505=DIRECTION('',(0.,0.,1.));
#5506=DIRECTION('',(1.,0.,0.));
#5507=DIRECTION('',(0.,0.,1.));
#5508=DIRECTION('',(1.,0.,0.));
#5509=DIRECTION('',(1.,3.9495355275316E-11,0.));
#5510=DIRECTION('',(0.,0.,1.));
#5511=DIRECTION('',(1.,0.,0.));
#5512=DIRECTION('',(-1.,3.94790710845137E-11,0.));
#5513=DIRECTION('',(-1.,-3.94932910821157E-11,0.));
#5514=DIRECTION('',(0.,0.,1.));
#5515=DIRECTION('',(1.,0.,0.));
#5516=DIRECTION('',(1.,-3.95010891453178E-11,0.));
#5517=DIRECTION('',(1.,0.,0.));
#5518=DIRECTION('',(0.,0.,1.));
#5519=DIRECTION('',(1.,0.,0.));
#5520=DIRECTION('',(0.,0.,-1.));
#5521=DIRECTION('',(-1.,0.,0.));
#5522=DIRECTION('',(0.,0.,1.));
#5523=DIRECTION('',(1.,0.,0.));
#5524=DIRECTION('',(0.,1.,0.));
#5525=DIRECTION('',(0.,0.,1.));
#5526=DIRECTION('',(-1.,0.,0.));
#5527=DIRECTION('',(0.,1.,0.));
#5528=DIRECTION('',(0.,0.,1.));
#5529=DIRECTION('',(1.,0.,0.));
#5530=DIRECTION('',(0.,1.,0.));
#5531=DIRECTION('',(0.,0.,1.));
#5532=DIRECTION('',(0.409898510188172,-0.912131137142855,0.));
#5533=DIRECTION('',(0.912131137142855,0.409898510188172,0.));
#5534=DIRECTION('',(0.,0.,-1.));
#5535=DIRECTION('',(-0.912131137142855,-0.409898510188172,0.));
#5536=DIRECTION('',(1.,1.01990898373559E-10,0.));
#5537=DIRECTION('',(-1.01990898373559E-10,1.,0.));
#5538=DIRECTION('',(0.,0.,1.));
#5539=DIRECTION('',(-2.87983661557717E-11,-1.,0.));
#5540=DIRECTION('',(1.01990898373559E-10,-1.,0.));
#5541=DIRECTION('',(0.,0.,1.));
#5542=DIRECTION('',(1.,0.,0.));
#5543=DIRECTION('',(1.,-1.0199957199094E-10,0.));
#5544=DIRECTION('',(1.0199957199094E-10,1.,0.));
#5545=DIRECTION('',(2.88049306340382E-11,-1.,0.));
#5546=DIRECTION('',(0.,0.,1.));
#5547=DIRECTION('',(0.,0.,-1.));
#5548=DIRECTION('',(-1.0199957199094E-10,-1.,0.));
#5549=DIRECTION('',(0.409898510188172,0.912131137142855,0.));
#5550=DIRECTION('',(-0.912131137142855,0.409898510188172,0.));
#5551=DIRECTION('',(0.912131137142855,-0.409898510188172,0.));
#5552=DIRECTION('',(0.,0.,-1.));
#5553=DIRECTION('',(-1.,0.,0.));
#5554=DIRECTION('',(-3.94932910821157E-11,1.,0.));
#5555=DIRECTION('',(-1.,-3.94932910821157E-11,0.));
#5556=DIRECTION('',(-1.,-3.94932910821157E-11,0.));
#5557=DIRECTION('',(0.,0.,1.));
#5558=DIRECTION('',(0.,0.,1.));
#5559=DIRECTION('',(1.,0.,0.));
#5560=DIRECTION('',(0.,0.,1.));
#5561=DIRECTION('',(1.,0.,0.));
#5562=DIRECTION('',(0.,0.,1.));
#5563=DIRECTION('',(-3.95010891453178E-11,-1.,0.));
#5564=DIRECTION('',(1.,-3.95010891453178E-11,0.));
#5565=DIRECTION('',(1.,-3.95010891453178E-11,0.));
#5566=DIRECTION('',(0.,0.,1.));
#5567=DIRECTION('',(1.,0.,0.));
#5568=DIRECTION('',(0.,0.,1.));
#5569=DIRECTION('',(1.,0.,0.));
#5570=DIRECTION('',(0.,0.,-1.));
#5571=DIRECTION('',(-1.,0.,0.));
#5572=DIRECTION('',(0.,0.,1.));
#5573=DIRECTION('',(1.,0.,0.));
#5574=DIRECTION('',(0.,0.,1.));
#5575=DIRECTION('',(0.,0.,1.));
#5576=DIRECTION('',(1.,0.,0.));
#5577=DIRECTION('',(0.,0.,1.));
#5578=DIRECTION('',(3.94790710845137E-11,1.,0.));
#5579=DIRECTION('',(-1.,3.94790710845137E-11,0.));
#5580=DIRECTION('',(-1.,3.94790710845137E-11,0.));
#5581=DIRECTION('',(3.9495355275316E-11,-1.,0.));
#5582=DIRECTION('',(1.,3.9495355275316E-11,0.));
#5583=DIRECTION('',(1.,3.9495355275316E-11,0.));
#5584=DIRECTION('',(0.,0.,1.));
#5585=DIRECTION('',(1.,0.,0.));
#5586=DIRECTION('',(0.,0.,-1.));
#5587=DIRECTION('',(-1.,0.,0.));
#5588=DIRECTION('',(0.,0.,1.));
#5589=DIRECTION('',(1.,0.,0.));
#5590=DIRECTION('',(0.,0.,-1.));
#5591=DIRECTION('',(-1.,0.,0.));
#5592=DIRECTION('',(0.,0.,1.));
#5593=DIRECTION('',(1.,0.,0.));
#5594=DIRECTION('',(0.,0.,1.));
#5595=DIRECTION('',(1.,0.,0.));
#5596=DIRECTION('',(0.,0.,1.));
#5597=DIRECTION('',(1.,0.,0.));
#5598=DIRECTION('',(0.,0.,-1.));
#5599=DIRECTION('',(-1.,0.,0.));
#5600=DIRECTION('',(0.,0.,-1.));
#5601=DIRECTION('',(0.,0.,1.));
#5602=DIRECTION('',(1.,0.,0.));
#5603=DIRECTION('',(0.,0.,-1.));
#5604=DIRECTION('',(0.,0.,1.));
#5605=DIRECTION('',(1.,0.,0.));
#5606=DIRECTION('',(0.,0.,-1.));
#5607=DIRECTION('',(0.,0.,1.));
#5608=DIRECTION('',(1.,0.,0.));
#5609=DIRECTION('',(0.,0.,-1.));
#5610=DIRECTION('',(0.,0.,1.));
#5611=DIRECTION('',(1.,0.,0.));
#5612=DIRECTION('',(8.80672414851819E-16,-1.,0.));
#5613=DIRECTION('',(1.,3.30252155569432E-16,0.));
#5614=DIRECTION('',(-3.30252155569432E-16,1.,0.));
#5615=DIRECTION('',(-3.30252155569432E-16,1.,0.));
#5616=DIRECTION('',(-1.,-8.80672414851819E-16,0.));
#5617=DIRECTION('',(8.80672414851819E-16,-1.,0.));
#5618=DIRECTION('',(8.80672414851819E-16,-1.,0.));
#5619=DIRECTION('',(0.,0.,1.));
#5620=DIRECTION('',(1.,0.,0.));
#5621=DIRECTION('',(0.,0.,1.));
#5622=DIRECTION('',(1.,0.,0.));
#5623=DIRECTION('',(3.30252155569432E-16,-1.,0.));
#5624=DIRECTION('',(0.,0.,1.));
#5625=DIRECTION('',(1.,0.,0.));
#5626=DIRECTION('',(-8.80672414851819E-16,1.,0.));
#5627=DIRECTION('',(0.70710678118655,6.22729436545656E-16,0.707106781186546));
#5628=DIRECTION('',(8.80672414851819E-16,-1.,0.));
#5629=DIRECTION('',(0.,0.,-1.));
#5630=DIRECTION('',(-1.,0.,0.));
#5631=DIRECTION('',(0.,0.,-1.));
#5632=DIRECTION('',(-1.,0.,0.));
#5633=DIRECTION('',(-0.70710678118655,-2.33523538704621E-16,0.707106781186546));
#5634=DIRECTION('',(-3.30252155569432E-16,1.,0.));
#5635=DIRECTION('',(0.,-1.,0.));
#5636=DIRECTION('',(0.,0.,-1.));
#5637=DIRECTION('',(0.,-1.,0.));
#5638=DIRECTION('',(0.,-1.,0.));
#5639=DIRECTION('',(0.,0.,1.));
#5640=DIRECTION('',(1.,0.,0.));
#5641=DIRECTION('',(0.,-1.,0.));
#5642=DIRECTION('',(0.,0.,-1.));
#5643=DIRECTION('',(-1.,0.,0.));
#5644=DIRECTION('',(0.,-1.,0.));
#5645=DIRECTION('',(0.,-1.,0.));
#5646=DIRECTION('',(0.,0.,-1.));
#5647=DIRECTION('',(0.,1.,0.));
#5648=DIRECTION('',(0.,0.,1.));
#5649=DIRECTION('',(0.,1.,0.));
#5650=DIRECTION('',(0.,0.,1.));
#5651=DIRECTION('',(0.,1.,0.));
#5652=DIRECTION('',(0.,0.,1.));
#5653=DIRECTION('',(0.,1.,0.));
#5654=DIRECTION('',(0.,0.,1.));
#5655=DIRECTION('',(0.,1.,0.));
#5656=DIRECTION('',(0.,0.,1.));
#5657=DIRECTION('',(0.,1.,0.));
#5658=DIRECTION('',(0.,0.,1.));
#5659=DIRECTION('',(0.,1.,0.));
#5660=DIRECTION('',(0.,0.,1.));
#5661=DIRECTION('',(0.,1.,0.));
#5662=DIRECTION('',(0.,0.,1.));
#5663=DIRECTION('',(0.,1.,0.));
#5664=DIRECTION('',(0.,0.,1.));
#5665=DIRECTION('',(0.,1.,0.));
#5666=DIRECTION('',(0.,0.,1.));
#5667=DIRECTION('',(0.,1.,0.));
#5668=DIRECTION('',(0.,0.,1.));
#5669=DIRECTION('',(0.,1.,0.));
#5670=DIRECTION('',(0.,0.,1.));
#5671=DIRECTION('',(0.,1.,0.));
#5672=DIRECTION('',(0.,0.,1.));
#5673=DIRECTION('',(0.,1.,0.));
#5674=DIRECTION('',(0.,0.,1.));
#5675=DIRECTION('',(0.,1.,0.));
#5676=DIRECTION('',(0.,0.,1.));
#5677=DIRECTION('',(0.,0.,1.));
#5678=DIRECTION('',(1.,0.,0.));
#5679=DIRECTION('',(0.,0.,1.));
#5680=DIRECTION('',(0.,0.,-1.));
#5681=DIRECTION('',(1.,1.22464679914735E-16,0.));
#5682=DIRECTION('',(1.,0.,0.));
#5683=DIRECTION('',(0.,0.,-1.));
#5684=DIRECTION('',(0.,1.,0.));
#5685=DIRECTION('',(0.,0.,-1.));
#5686=DIRECTION('',(-1.,0.,0.));
#5687=DIRECTION('',(0.,0.,1.));
#5688=DIRECTION('',(1.,0.,0.));
#5689=DIRECTION('',(0.,0.,1.));
#5690=DIRECTION('',(1.,0.,0.));
#5691=DIRECTION('',(0.,0.,1.));
#5692=DIRECTION('',(1.,0.,0.));
#5693=DIRECTION('',(0.,0.,-1.));
#5694=DIRECTION('',(0.,1.,0.));
#5695=DIRECTION('',(0.,0.,-1.));
#5696=DIRECTION('',(-1.,0.,0.));
#5697=DIRECTION('',(0.,0.,-1.));
#5698=DIRECTION('',(-1.,0.,0.));
#5699=DIRECTION('',(0.,0.,1.));
#5700=DIRECTION('',(1.,0.,0.));
#5701=DIRECTION('',(0.,1.,0.));
#5702=DIRECTION('',(-1.,0.,0.));
#5703=DIRECTION('',(0.,0.,1.));
#5704=DIRECTION('',(1.,0.,0.));
#5705=DIRECTION('',(-1.,0.,0.));
#5706=DIRECTION('',(0.,-1.,0.));
#5707=DIRECTION('',(0.,0.,1.));
#5708=DIRECTION('',(1.,0.,0.));
#5709=DIRECTION('',(0.,-1.,0.));
#5710=DIRECTION('',(1.,0.,0.));
#5711=DIRECTION('',(0.,0.,1.));
#5712=DIRECTION('',(1.,0.,0.));
#5713=DIRECTION('',(0.,0.,1.));
#5714=DIRECTION('',(-1.,0.,0.));
#5715=DIRECTION('',(0.,0.,1.));
#5716=DIRECTION('',(1.,0.,0.));
#5717=DIRECTION('',(1.,0.,0.));
#5718=DIRECTION('',(0.,1.,0.));
#5719=DIRECTION('',(0.,0.,1.));
#5720=DIRECTION('',(1.,0.,0.));
#5721=DIRECTION('',(-0.577350269189626,0.577350269189626,-0.577350269189626));
#5722=DIRECTION('',(-0.707106781186548,-0.707106781186547,1.66533453693773E-16));
#5723=DIRECTION('',(0.,0.,1.));
#5724=DIRECTION('',(1.,0.,0.));
#5725=DIRECTION('',(-0.718873086818576,0.585048618558824,-0.375419230954334));
#5726=DIRECTION('',(-0.631219055717027,-0.775604605259473,-3.14659178435317E-8));
#5727=DIRECTION('',(0.,0.,1.));
#5728=DIRECTION('',(1.,0.,0.));
#5729=DIRECTION('',(0.,0.,1.));
#5730=DIRECTION('',(1.,0.,0.));
#5731=DIRECTION('',(0.,0.,-1.));
#5732=DIRECTION('',(-1.,0.,0.));
#5733=DIRECTION('',(0.,0.,-1.));
#5734=DIRECTION('',(-1.,0.,0.));
#5735=DIRECTION('',(0.,0.,-1.));
#5736=DIRECTION('',(0.,0.,-1.));
#5737=DIRECTION('',(-1.,0.,0.));
#5738=DIRECTION('',(0.,0.,-1.));
#5739=DIRECTION('',(1.,-7.15135981878451E-11,0.));
#5740=DIRECTION('',(7.15135981878451E-11,1.,0.));
#5741=DIRECTION('',(0.,0.,1.));
#5742=DIRECTION('',(-7.15135981878451E-11,-1.,0.));
#5743=DIRECTION('',(0.,0.,-1.));
#5744=DIRECTION('',(7.15135981878451E-11,1.,0.));
#5745=DIRECTION('',(0.681099422968943,0.732190942330873,0.));
#5746=DIRECTION('',(-0.732190942330873,0.681099422968943,0.));
#5747=DIRECTION('',(0.732190942330873,-0.681099422968943,0.));
#5748=DIRECTION('',(0.,0.,-1.));
#5749=DIRECTION('',(-0.732190942330873,0.681099422968943,0.));
#5750=DIRECTION('',(1.,0.,0.));
#5751=DIRECTION('',(0.,0.,-1.));
#5752=DIRECTION('',(0.,0.,1.));
#5753=DIRECTION('',(0.,-1.,0.));
#5754=DIRECTION('',(0.,0.,-1.));
#5755=DIRECTION('',(0.,1.,0.));
#5756=DIRECTION('',(0.,1.,0.));
#5757=DIRECTION('',(0.,0.,1.));
#5758=DIRECTION('',(0.,0.,1.));
#5759=DIRECTION('',(1.,0.,0.));
#5760=DIRECTION('',(0.,0.,-1.));
#5761=DIRECTION('',(-1.,0.,0.));
#5762=DIRECTION('',(1.,0.,0.));
#5763=DIRECTION('',(0.,0.,-1.));
#5764=DIRECTION('',(1.,0.,0.));
#5765=DIRECTION('',(-1.,0.,0.));
#5766=DIRECTION('',(0.,0.,1.));
#5767=DIRECTION('',(0.,1.,0.));
#5768=DIRECTION('',(0.,0.,-1.));
#5769=DIRECTION('',(0.,-1.,0.));
#5770=DIRECTION('',(-0.681099422968943,0.732190942330873,0.));
#5771=DIRECTION('',(-0.732190942330873,-0.681099422968943,0.));
#5772=DIRECTION('',(-0.732190942330873,-0.681099422968943,0.));
#5773=DIRECTION('',(0.,0.,1.));
#5774=DIRECTION('',(0.732190942330873,0.681099422968943,0.));
#5775=DIRECTION('',(0.,0.,-1.));
#5776=DIRECTION('',(-1.,-7.15128439602466E-11,0.));
#5777=DIRECTION('',(7.15128439602466E-11,-1.,0.));
#5778=DIRECTION('',(0.,0.,-1.));
#5779=DIRECTION('',(7.15128439602466E-11,-1.,0.));
#5780=DIRECTION('',(-7.15128439602466E-11,1.,0.));
#5781=DIRECTION('',(0.,0.,-1.));
#5782=DIRECTION('',(-1.,0.,0.));
#5783=DIRECTION('',(0.,0.,-1.));
#5784=DIRECTION('',(-1.,0.,0.));
#5785=DIRECTION('',(0.,0.,-1.));
#5786=DIRECTION('',(0.,0.,-1.));
#5787=DIRECTION('',(-1.,0.,0.));
#5788=DIRECTION('',(0.,0.,-1.));
#5789=DIRECTION('',(0.,0.,-1.));
#5790=DIRECTION('',(1.,1.22464679914735E-16,0.));
#5791=DIRECTION('',(0.,0.,-1.));
#5792=DIRECTION('',(0.,0.,-1.));
#5793=DIRECTION('',(1.,1.22464679914735E-16,0.));
#5794=DIRECTION('',(0.672498511963959,-0.218508012224409,0.707106781186546));
#5795=DIRECTION('',(0.672498511963956,-0.218508012224408,-0.707106781186549));
#5796=DIRECTION('',(0.,0.,1.));
#5797=DIRECTION('',(-0.672498511963959,0.218508012224409,0.707106781186546));
#5798=DIRECTION('',(-0.672498511963956,0.218508012224408,-0.707106781186549));
#5799=DIRECTION('',(0.,0.,-1.));
#5800=DIRECTION('',(-1.,0.,0.));
#5801=DIRECTION('',(0.,0.,1.));
#5802=DIRECTION('',(1.,0.,0.));
#5803=DIRECTION('',(0.,0.,-1.));
#5804=DIRECTION('',(0.,0.,1.));
#5805=DIRECTION('',(1.,0.,0.));
#5806=DIRECTION('',(-0.672498511963954,-0.218508012224408,-0.707106781186551));
#5807=DIRECTION('',(0.672498511963961,0.21850801222441,-0.707106781186544));
#5808=DIRECTION('',(0.,0.,1.));
#5809=DIRECTION('',(0.672498511963957,0.218508012224409,-0.707106781186548));
#5810=DIRECTION('',(-0.672498511963958,-0.218508012224409,-0.707106781186547));
#5811=DIRECTION('',(0.,0.,-1.));
#5812=DIRECTION('',(-1.,0.,0.));
#5813=DIRECTION('',(-0.732190942330873,-0.681099422968943,0.));
#5814=DIRECTION('',(0.,-1.,0.));
#5815=DIRECTION('',(-1.,0.,0.));
#5816=DIRECTION('',(0.,-1.,0.));
#5817=DIRECTION('',(0.,0.,-1.));
#5818=DIRECTION('',(-1.,0.,0.));
#5819=DIRECTION('',(0.,1.,0.));
#5820=DIRECTION('',(-1.,0.,0.));
#5821=DIRECTION('',(0.,1.,0.));
#5822=DIRECTION('',(-0.732190942330873,0.681099422968943,0.));
#5823=DIRECTION('',(7.15135981878451E-11,1.,0.));
#5824=DIRECTION('',(0.,0.,-1.));
#5825=DIRECTION('',(-1.,0.,0.));
#5826=DIRECTION('',(7.15128439602466E-11,-1.,0.));
#5827=DIRECTION('',(0.,0.,-1.));
#5828=DIRECTION('',(-1.,0.,0.));
#5829=DIRECTION('',(0.,0.,-1.));
#5830=DIRECTION('',(-1.,0.,0.));
#5831=DIRECTION('',(0.,0.,1.));
#5832=DIRECTION('',(1.,0.,0.));
#5833=DIRECTION('',(0.,0.,1.));
#5834=DIRECTION('',(1.,0.,0.));
#5835=DIRECTION('',(0.,0.,1.));
#5836=DIRECTION('',(1.,0.,0.));
#5837=DIRECTION('',(0.,0.,1.));
#5838=DIRECTION('',(1.,0.,0.));
#5839=DIRECTION('',(0.,0.,1.));
#5840=DIRECTION('',(1.,0.,0.));
#5841=DIRECTION('',(0.,0.,1.));
#5842=DIRECTION('',(1.,0.,0.));
#5843=DIRECTION('',(0.,0.,1.));
#5844=DIRECTION('',(1.,0.,0.));
#5845=DIRECTION('',(0.,0.,-1.));
#5846=DIRECTION('',(-1.,0.,0.));
#5847=DIRECTION('',(0.,0.,-1.));
#5848=DIRECTION('',(-1.,0.,0.));
#5849=DIRECTION('',(0.,0.,-1.));
#5850=DIRECTION('',(-1.,0.,0.));
#5851=DIRECTION('',(0.,0.,-1.));
#5852=DIRECTION('',(-1.,0.,0.));
#5853=DIRECTION('',(0.,0.,-1.));
#5854=DIRECTION('',(-1.,0.,0.));
#5855=DIRECTION('',(0.,0.,1.));
#5856=DIRECTION('',(1.,0.,0.));
#5857=DIRECTION('',(0.,0.,-1.));
#5858=DIRECTION('',(-1.,0.,0.));
#5859=DIRECTION('',(0.,0.,-1.));
#5860=DIRECTION('',(1.,0.,0.));
#5861=DIRECTION('',(0.,0.,-1.));
#5862=DIRECTION('',(-1.,0.,0.));
#5863=DIRECTION('',(0.,0.,-1.));
#5864=DIRECTION('',(-1.,0.,0.));
#5865=DIRECTION('',(0.,0.,-1.));
#5866=DIRECTION('',(-1.,0.,0.));
#5867=DIRECTION('',(0.,0.,-1.));
#5868=DIRECTION('',(1.,0.,0.));
#5869=DIRECTION('',(0.,0.,1.));
#5870=DIRECTION('',(1.,0.,0.));
#5871=DIRECTION('',(0.,0.,1.));
#5872=DIRECTION('',(1.,0.,0.));
#5873=DIRECTION('',(0.,0.,1.));
#5874=DIRECTION('',(1.,0.,0.));
#5875=DIRECTION('',(0.,0.,-1.));
#5876=DIRECTION('',(-1.,0.,0.));
#5877=DIRECTION('',(0.,0.,1.));
#5878=DIRECTION('',(1.,0.,0.));
#5879=DIRECTION('',(0.,0.,-1.));
#5880=DIRECTION('',(1.,1.22464679914735E-16,0.));
#5881=DIRECTION('',(0.,0.,-1.));
#5882=DIRECTION('',(-1.,0.,0.));
#5883=DIRECTION('',(0.,0.,-1.));
#5884=DIRECTION('',(-1.,0.,0.));
#5885=DIRECTION('',(0.,0.,1.));
#5886=DIRECTION('',(1.,0.,0.));
#5887=DIRECTION('',(0.,0.,1.));
#5888=DIRECTION('',(-1.,1.22464679914735E-16,0.));
#5889=DIRECTION('',(0.,0.,1.));
#5890=DIRECTION('',(1.,0.,0.));
#5891=DIRECTION('',(0.,0.,-1.));
#5892=DIRECTION('',(-1.,0.,0.));
#5893=DIRECTION('',(0.,0.,1.));
#5894=DIRECTION('',(1.,0.,0.));
#5895=DIRECTION('',(0.,0.,1.));
#5896=DIRECTION('',(6.12323399573677E-17,1.,0.));
#5897=DIRECTION('',(0.,0.,1.));
#5898=DIRECTION('',(1.,0.,0.));
#5899=DIRECTION('',(0.,0.,-1.));
#5900=DIRECTION('',(-1.,0.,0.));
#5901=DIRECTION('',(0.,0.,1.));
#5902=DIRECTION('',(1.,0.,0.));
#5903=DIRECTION('',(0.,0.,1.));
#5904=DIRECTION('',(-1.83697019872103E-16,-1.,0.));
#5905=DIRECTION('',(0.,0.,1.));
#5906=DIRECTION('',(1.,0.,0.));
#5907=DIRECTION('',(0.,0.,-1.));
#5908=DIRECTION('',(-1.,0.,0.));
#5909=DIRECTION('',(0.,0.,-1.));
#5910=DIRECTION('',(-1.,0.,0.));
#5911=DIRECTION('',(0.,0.,-1.));
#5912=DIRECTION('',(-1.,0.,0.));
#5913=DIRECTION('',(0.,0.,-1.));
#5914=DIRECTION('',(-1.,0.,0.));
#5915=DIRECTION('',(-1.,0.,0.));
#5916=DIRECTION('',(0.,0.,1.));
#5917=DIRECTION('',(0.,-1.,0.));
#5918=DIRECTION('',(0.,0.,-1.));
#5919=DIRECTION('',(0.,1.,0.));
#5920=DIRECTION('',(0.,0.,1.));
#5921=DIRECTION('',(1.,0.,0.));
#5922=DIRECTION('',(0.,0.,-1.));
#5923=DIRECTION('',(0.,1.,0.));
#5924=DIRECTION('',(0.,0.,-1.));
#5925=DIRECTION('',(0.,1.,0.));
#5926=DIRECTION('',(0.,0.,1.));
#5927=DIRECTION('',(0.,0.,-1.));
#5928=DIRECTION('',(-1.,0.,0.));
#5929=DIRECTION('',(0.,0.,-1.));
#5930=DIRECTION('',(-1.,0.,0.));
#5931=DIRECTION('',(-1.,0.,0.));
#5932=DIRECTION('',(-0.951056516295154,-0.309016994374945,0.));
#5933=DIRECTION('',(0.309016994374945,-0.951056516295155,0.));
#5934=DIRECTION('',(0.,0.,1.));
#5935=DIRECTION('',(-0.309016994374945,0.951056516295155,0.));
#5936=DIRECTION('',(0.309016994374945,-0.951056516295155,0.));
#5937=DIRECTION('',(0.,0.,1.));
#5938=DIRECTION('',(1.,0.,0.));
#5939=DIRECTION('',(0.,0.,1.));
#5940=DIRECTION('',(0.,0.,-1.));
#5941=DIRECTION('',(-1.,0.,0.));
#5942=DIRECTION('',(0.,0.,1.));
#5943=DIRECTION('',(0.,0.,-1.));
#5944=DIRECTION('',(-1.,0.,0.));
#5945=DIRECTION('',(0.970295726273016,-0.241921895611622,0.));
#5946=DIRECTION('',(0.241921895611622,0.970295726273016,0.));
#5947=DIRECTION('',(0.,0.,1.));
#5948=DIRECTION('',(-0.241921895611622,-0.970295726273016,0.));
#5949=DIRECTION('',(0.,0.,1.));
#5950=DIRECTION('',(0.241921895611622,0.970295726273016,0.));
#5951=DIRECTION('',(0.,0.,1.));
#5952=DIRECTION('',(1.,0.,0.));
#5953=DIRECTION('',(0.,0.,1.));
#5954=DIRECTION('',(0.,0.,-1.));
#5955=DIRECTION('',(-1.,0.,0.));
#5956=DIRECTION('',(0.,0.,1.));
#5957=DIRECTION('',(0.,0.,-1.));
#5958=DIRECTION('',(-1.,0.,0.));
#5959=DIRECTION('',(0.,0.,-1.));
#5960=DIRECTION('',(-1.,0.,0.));
#5961=DIRECTION('',(0.,0.,-1.));
#5962=DIRECTION('',(-1.,0.,0.));
#5963=DIRECTION('',(0.,0.,-1.));
#5964=DIRECTION('',(-1.,0.,0.));
#5965=DIRECTION('',(0.309016994374945,-0.951056516295155,0.));
#5966=DIRECTION('',(0.,0.,-1.));
#5967=DIRECTION('',(-1.,0.,0.));
#5968=DIRECTION('',(0.,0.,-1.));
#5969=DIRECTION('',(-1.,0.,0.));
#5970=DIRECTION('',(0.,0.,-1.));
#5971=DIRECTION('',(-1.,0.,0.));
#5972=DIRECTION('',(0.241921895611622,0.970295726273016,0.));
#5973=DIRECTION('',(0.,0.,-1.));
#5974=DIRECTION('',(-1.,0.,0.));
#5975=DIRECTION('',(0.,0.,-1.));
#5976=DIRECTION('',(-1.,0.,0.));
#5977=DIRECTION('',(0.,0.,-1.));
#5978=DIRECTION('',(-1.,0.,0.));
#5979=DIRECTION('',(0.,0.,-1.));
#5980=DIRECTION('',(-1.,0.,0.));
#5981=DIRECTION('',(0.,0.,-1.));
#5982=DIRECTION('',(-1.,0.,0.));
#5983=DIRECTION('',(-0.241921895611622,-0.970295726273016,0.));
#5984=DIRECTION('',(0.,0.,-1.));
#5985=DIRECTION('',(-1.,0.,0.));
#5986=DIRECTION('',(0.,0.,-1.));
#5987=DIRECTION('',(-1.,0.,0.));
#5988=DIRECTION('',(0.,0.,-1.));
#5989=DIRECTION('',(-1.,0.,0.));
#5990=DIRECTION('',(-0.309016994374945,0.951056516295155,0.));
#5991=DIRECTION('',(-0.951056516295155,0.309016994374945,0.));
#5992=DIRECTION('',(-0.309016994374945,-0.951056516295155,0.));
#5993=DIRECTION('',(-0.309016994374945,-0.951056516295155,0.));
#5994=DIRECTION('',(0.,0.,1.));
#5995=DIRECTION('',(0.309016994374945,0.951056516295155,0.));
#5996=DIRECTION('',(0.,0.,1.));
#5997=DIRECTION('',(1.,0.,0.));
#5998=DIRECTION('',(0.,0.,1.));
#5999=DIRECTION('',(0.,0.,-1.));
#6000=DIRECTION('',(-1.,0.,0.));
#6001=DIRECTION('',(0.,0.,1.));
#6002=DIRECTION('',(0.,0.,-1.));
#6003=DIRECTION('',(-1.,0.,0.));
#6004=DIRECTION('',(0.97029572627302,0.241921895611608,0.));
#6005=DIRECTION('',(-0.241921895611608,0.97029572627302,0.));
#6006=DIRECTION('',(0.,0.,1.));
#6007=DIRECTION('',(-0.241921895611608,0.97029572627302,0.));
#6008=DIRECTION('',(0.,0.,1.));
#6009=DIRECTION('',(0.241921895611608,-0.97029572627302,0.));
#6010=DIRECTION('',(0.,0.,1.));
#6011=DIRECTION('',(1.,0.,0.));
#6012=DIRECTION('',(0.,0.,1.));
#6013=DIRECTION('',(0.,0.,-1.));
#6014=DIRECTION('',(-1.,0.,0.));
#6015=DIRECTION('',(0.,0.,1.));
#6016=DIRECTION('',(0.,0.,-1.));
#6017=DIRECTION('',(-1.,0.,0.));
#6018=DIRECTION('',(0.,0.,-1.));
#6019=DIRECTION('',(-1.,0.,0.));
#6020=DIRECTION('',(0.,0.,-1.));
#6021=DIRECTION('',(-1.,0.,0.));
#6022=DIRECTION('',(0.,0.,-1.));
#6023=DIRECTION('',(-1.,0.,0.));
#6024=DIRECTION('',(0.,0.,-1.));
#6025=DIRECTION('',(-1.,0.,0.));
#6026=DIRECTION('',(0.241921895611608,-0.97029572627302,0.));
#6027=DIRECTION('',(0.,0.,-1.));
#6028=DIRECTION('',(-1.,0.,0.));
#6029=DIRECTION('',(0.,0.,-1.));
#6030=DIRECTION('',(-1.,0.,0.));
#6031=DIRECTION('',(0.,0.,-1.));
#6032=DIRECTION('',(-1.,0.,0.));
#6033=DIRECTION('',(0.309016994374945,0.951056516295155,0.));
#6034=DIRECTION('',(0.,0.,-1.));
#6035=DIRECTION('',(-1.,0.,0.));
#6036=DIRECTION('',(0.,0.,-1.));
#6037=DIRECTION('',(-1.,0.,0.));
#6038=DIRECTION('',(0.,0.,-1.));
#6039=DIRECTION('',(-1.,0.,0.));
#6040=DIRECTION('',(-0.309016994374945,-0.951056516295155,0.));
#6041=DIRECTION('',(0.,0.,-1.));
#6042=DIRECTION('',(-1.,0.,0.));
#6043=DIRECTION('',(0.,0.,-1.));
#6044=DIRECTION('',(-1.,0.,0.));
#6045=DIRECTION('',(0.,0.,-1.));
#6046=DIRECTION('',(-1.,0.,0.));
#6047=DIRECTION('',(-0.241921895611608,0.97029572627302,0.));
#6048=DIRECTION('',(0.,0.,-1.));
#6049=DIRECTION('',(-1.,0.,0.));
#6050=DIRECTION('',(0.,0.,-1.));
#6051=DIRECTION('',(-1.,0.,0.));
#6052=DIRECTION('',(0.,0.,-1.));
#6053=DIRECTION('',(-1.,0.,0.));
#6054=DIRECTION('',(0.,0.,-1.));
#6055=DIRECTION('',(-1.,0.,0.));
#6056=DIRECTION('',(0.,0.,-1.));
#6057=DIRECTION('',(1.,1.22464679914735E-16,0.));
#6058=DIRECTION('',(-0.399312269427735,-0.916814982144419,0.));
#6059=DIRECTION('',(0.,0.,-1.));
#6060=DIRECTION('',(-1.,0.,0.));
#6061=DIRECTION('',(-0.399312269427735,0.916814982144419,0.));
#6062=DIRECTION('',(0.,0.,-1.));
#6063=DIRECTION('',(-1.,0.,0.));
#6064=DIRECTION('',(0.,0.,1.));
#6065=DIRECTION('',(1.,0.,0.));
#6066=DIRECTION('',(0.,0.,-1.));
#6067=DIRECTION('',(-1.,0.,0.));
#6068=DIRECTION('',(0.,0.,1.));
#6069=DIRECTION('',(1.,0.,0.));
#6070=DIRECTION('',(0.,0.,1.));
#6071=DIRECTION('',(1.,0.,0.));
#6072=DIRECTION('',(0.,0.,-1.));
#6073=DIRECTION('',(-1.,0.,0.));
#6074=DIRECTION('',(0.,0.,1.));
#6075=DIRECTION('',(1.,0.,0.));
#6076=DIRECTION('',(0.,0.,1.));
#6077=DIRECTION('',(1.,0.,0.));
#6078=DIRECTION('',(0.,0.,-1.));
#6079=DIRECTION('',(-1.,0.,0.));
#6080=DIRECTION('',(0.,0.,-1.));
#6081=DIRECTION('',(-1.,0.,0.));
#6082=DIRECTION('',(0.,0.,-1.));
#6083=DIRECTION('',(-1.,0.,0.));
#6084=DIRECTION('',(0.,0.,1.));
#6085=DIRECTION('',(1.,0.,0.));
#6086=DIRECTION('',(0.,0.,-1.));
#6087=DIRECTION('',(-1.,0.,0.));
#6088=DIRECTION('',(-0.916814982144419,-0.399312269427735,0.));
#6089=DIRECTION('',(0.,0.,1.));
#6090=DIRECTION('',(0.399312269427735,-0.916814982144419,1.24706776975002E-15));
#6091=DIRECTION('',(0.707106781186546,0.,0.707106781186549));
#6092=DIRECTION('',(0.,1.,0.));
#6093=DIRECTION('',(0.577350269189626,0.577350269189628,-0.577350269189623));
#6094=DIRECTION('',(0.656728674277331,-0.370695153412992,-0.656728674277328));
#6095=DIRECTION('',(0.647710756160311,-0.761886327711843,0.));
#6096=DIRECTION('',(0.,0.,-1.));
#6097=DIRECTION('',(0.761886327711843,0.647710756160311,-2.50958648212205E-16));
#6098=DIRECTION('',(0.754111150882974,0.328447768551418,0.568716480724404));
#6099=DIRECTION('',(0.602120860596904,0.,-0.798404953162269));
#6100=DIRECTION('',(-0.175877887402505,-0.733331041961795,0.656728674277331));
#6101=DIRECTION('',(-0.707106781186544,0.,-0.707106781186551));
#6102=DIRECTION('',(0.,1.,0.));
#6103=DIRECTION('',(-0.707106781186551,-6.02957688649261E-15,0.707106781186544));
#6104=DIRECTION('',(0.70166084445441,-0.123871379741488,-0.701660844454402));
#6105=DIRECTION('',(0.,0.707106781186544,0.707106781186551));
#6106=DIRECTION('',(-1.,0.,0.));
#6107=DIRECTION('',(-3.14513285691728E-15,-0.707106781186551,0.707106781186544));
#6108=DIRECTION('',(0.481610020643584,0.517737180445529,0.707106781186548));
#6109=DIRECTION('',(-0.732190942330873,0.681099422968943,0.));
#6110=DIRECTION('',(0.67578403220254,0.29433294696416,-0.675784032181487));
#6111=DIRECTION('',(0.510173086602307,-0.600104129431261,0.61611561865142));
#6112=DIRECTION('',(0.,-0.716353741324589,-0.697737283861386));
#6113=DIRECTION('',(0.,0.,-1.));
#6114=DIRECTION('',(-1.,0.,0.));
#6115=DIRECTION('',(0.577350269189621,0.577350269189624,0.577350269189632));
#6116=DIRECTION('',(0.,-0.707106781186552,0.707106781186543));
#6117=DIRECTION('',(-0.70710678118655,0.707106781186545,6.40987562127841E-17));
#6118=DIRECTION('',(-0.916847577593898,-0.399237422419543,0.));
#6119=DIRECTION('',(0.,0.,-1.));
#6120=DIRECTION('',(0.399237422419543,-0.916847577593898,1.84315253677371E-15));
#6121=DIRECTION('',(0.707106781186545,-5.05677502256751E-11,0.70710678118655));
#6122=DIRECTION('',(7.15135981878451E-11,1.,0.));
#6123=DIRECTION('',(0.655770120899717,-0.374073651885911,-0.655770120926464));
#6124=DIRECTION('',(0.,0.,-1.));
#6125=DIRECTION('',(-1.,0.,0.));
#6126=DIRECTION('',(0.647710756160327,0.76188632771183,0.));
#6127=DIRECTION('',(0.,0.,-1.));
#6128=DIRECTION('',(-0.76188632771183,0.647710756160327,0.));
#6129=DIRECTION('',(0.707106781186545,0.70710678118655,0.));
#6130=DIRECTION('',(0.,0.,-1.));
#6131=DIRECTION('',(0.577350269189628,-0.577350269189625,0.577350269189625));
#6132=DIRECTION('',(0.,0.,-1.));
#6133=DIRECTION('',(-1.,0.,0.));
#6134=DIRECTION('',(0.754953332449274,0.3287412541189,0.567428104400962));
#6135=DIRECTION('',(0.600821761544958,0.,-0.799383018867685));
#6136=DIRECTION('',(-0.510173086602317,-0.600104129431248,0.616115618651426));
#6137=DIRECTION('',(0.,-0.7163537413246,-0.697737283861375));
#6138=DIRECTION('',(0.701660844454408,0.123871379741488,0.701660844454404));
#6139=DIRECTION('',(0.,0.707106781186548,0.707106781186548));
#6140=DIRECTION('',(1.,0.,0.));
#6141=DIRECTION('',(0.577350269189628,0.577350269189625,-0.577350269189625));
#6142=DIRECTION('',(0.916847577593899,-0.399237422419543,0.));
#6143=DIRECTION('',(0.,0.,-1.));
#6144=DIRECTION('',(0.399237422419543,0.916847577593898,-1.6935549968297E-15));
#6145=DIRECTION('',(0.,0.,1.));
#6146=DIRECTION('',(1.,0.,0.));
#6147=DIRECTION('',(0.707106781186545,0.,-0.70710678118655));
#6148=DIRECTION('',(0.,1.,0.));
#6149=DIRECTION('',(-0.70710678118655,6.05733246210823E-15,-0.707106781186545));
#6150=DIRECTION('',(-0.707106781186545,0.70710678118655,0.));
#6151=DIRECTION('',(0.,0.,1.));
#6152=DIRECTION('',(-0.70710678118655,-0.707106781186545,-9.18543318284134E-17));
#6153=DIRECTION('',(-0.754953332449275,0.3287412541189,0.56742810440096));
#6154=DIRECTION('',(0.600821761544956,0.,0.799383018867687));
#6155=DIRECTION('',(0.655770120899715,0.374073651885915,0.655770120926463));
#6156=DIRECTION('',(-0.577350269189622,0.577350269189625,0.57735026918963));
#6157=DIRECTION('',(0.,-0.707106781186551,0.707106781186545));
#6158=DIRECTION('',(2.77555756156289E-17,0.707106781186551,-0.707106781186544));
#6159=DIRECTION('',(-0.707106781186546,-5.05672169062257E-11,0.707106781186549));
#6160=DIRECTION('',(7.15128439602466E-11,-1.,0.));
#6161=DIRECTION('',(-0.675784032202537,0.294332946964169,-0.675784032181486));
#6162=DIRECTION('',(0.,0.707106781186544,0.707106781186551));
#6163=DIRECTION('',(-1.,0.,0.));
#6164=DIRECTION('',(-0.577350269189627,0.577350269189627,-0.577350269189622));
#6165=DIRECTION('',(-0.481610020643582,0.517737180445527,0.707106781186551));
#6166=DIRECTION('',(-0.732190942330873,-0.681099422968943,0.));
#6167=DIRECTION('',(-0.175877887402507,0.733331041961797,-0.656728674277328));
#6168=DIRECTION('',(-0.707106781186544,0.,0.707106781186551));
#6169=DIRECTION('',(0.,-1.,0.));
#6170=DIRECTION('',(0.656728674277334,0.370695153412989,0.656728674277328));
#6171=DIRECTION('',(-0.754111150882972,0.328447768551416,0.568716480724407));
#6172=DIRECTION('',(0.602120860596907,0.,0.798404953162266));
#6173=DIRECTION('',(0.399312269427735,0.916814982144419,0.));
#6174=DIRECTION('',(0.916814982144419,-0.399312269427735,0.));
#6175=DIRECTION('',(0.,0.,1.));
#6176=DIRECTION('',(0.,0.,1.));
#6177=DIRECTION('',(1.,0.,0.));
#6178=DIRECTION('',(0.,0.,-1.));
#6179=DIRECTION('',(-1.,0.,0.));
#6180=DIRECTION('',(0.,0.,-1.));
#6181=DIRECTION('',(-1.,0.,0.));
#6182=DIRECTION('',(0.,0.,1.));
#6183=DIRECTION('',(1.,0.,0.));
#6184=DIRECTION('',(0.,0.,-1.));
#6185=DIRECTION('',(-1.,0.,0.));
#6186=DIRECTION('',(0.,0.,-1.));
#6187=DIRECTION('',(-1.,0.,0.));
#6188=DIRECTION('',(0.,0.,1.));
#6189=DIRECTION('',(1.,0.,0.));
#6190=DIRECTION('',(0.,0.,-1.));
#6191=DIRECTION('',(-1.,0.,0.));
#6192=DIRECTION('',(0.,0.,-1.));
#6193=DIRECTION('',(-1.,0.,0.));
#6194=DIRECTION('',(0.,0.,1.));
#6195=DIRECTION('',(1.,0.,0.));
#6196=DIRECTION('',(0.,0.,-1.));
#6197=DIRECTION('',(-1.,0.,0.));
#6198=DIRECTION('',(0.,0.,-1.));
#6199=DIRECTION('',(-1.,0.,0.));
#6200=DIRECTION('',(0.,0.,1.));
#6201=DIRECTION('',(1.,0.,0.));
#6202=DIRECTION('',(0.,0.,-1.));
#6203=DIRECTION('',(-1.,0.,0.));
#6204=DIRECTION('',(0.,0.,-1.));
#6205=DIRECTION('',(-1.,0.,0.));
#6206=DIRECTION('',(0.,0.,-1.));
#6207=DIRECTION('',(-1.,0.,0.));
#6208=DIRECTION('',(0.,0.,-1.));
#6209=DIRECTION('',(-1.,0.,0.));
#6210=DIRECTION('',(0.,0.,-1.));
#6211=DIRECTION('',(-1.,0.,0.));
#6212=DIRECTION('',(0.,0.,1.));
#6213=DIRECTION('',(1.,0.,0.));
#6214=DIRECTION('',(0.,0.,-1.));
#6215=DIRECTION('',(-1.,0.,0.));
#6216=DIRECTION('',(0.,0.,-1.));
#6217=DIRECTION('',(-1.,0.,0.));
#6218=DIRECTION('',(0.,0.,1.));
#6219=DIRECTION('',(1.,0.,0.));
#6220=DIRECTION('',(0.,0.,-1.));
#6221=DIRECTION('',(-1.,0.,0.));
#6222=DIRECTION('',(0.,0.,-1.));
#6223=DIRECTION('',(-1.,0.,0.));
#6224=DIRECTION('',(0.672498511963959,-0.218508012224409,0.707106781186546));
#6225=DIRECTION('',(-0.309016994374945,-0.951056516295155,0.));
#6226=DIRECTION('',(0.672498511963955,-0.218508012224411,-0.70710678118655));
#6227=DIRECTION('',(0.,0.,1.));
#6228=DIRECTION('',(1.,0.,0.));
#6229=DIRECTION('',(0.16846810174725,0.686744857056591,-0.707106781186548));
#6230=DIRECTION('',(0.,0.,1.));
#6231=DIRECTION('',(1.,0.,0.));
#6232=DIRECTION('',(-0.14662714118742,0.691737292233982,-0.70710678118655));
#6233=DIRECTION('',(0.,0.,1.));
#6234=DIRECTION('',(1.,0.,0.));
#6235=DIRECTION('',(-0.686102687803977,-0.171064612904474,-0.707106781186548));
#6236=DIRECTION('',(-0.686102687803978,-0.171064612904472,0.707106781186547));
#6237=DIRECTION('',(-0.241921895611608,0.97029572627302,0.));
#6238=DIRECTION('',(-0.686102687803978,-0.171064612904474,-0.707106781186547));
#6239=DIRECTION('',(0.,0.,1.));
#6240=DIRECTION('',(1.,0.,0.));
#6241=DIRECTION('',(0.145724601095758,-0.691927988041734,-0.707106781186548));
#6242=DIRECTION('',(0.,0.,-1.));
#6243=DIRECTION('',(-1.,0.,0.));
#6244=DIRECTION('',(-0.143703574642855,-0.69235054895253,-0.707106781186545));
#6245=DIRECTION('',(0.,0.,-1.));
#6246=DIRECTION('',(-1.,0.,0.));
#6247=DIRECTION('',(-0.672498511963959,0.218508012224409,0.707106781186546));
#6248=DIRECTION('',(0.309016994374945,0.951056516295155,0.));
#6249=DIRECTION('',(-0.672498511963955,0.218508012224411,-0.70710678118655));
#6250=DIRECTION('',(0.,0.,-1.));
#6251=DIRECTION('',(-1.,0.,0.));
#6252=DIRECTION('',(-0.16846810174725,-0.686744857056591,-0.707106781186548));
#6253=DIRECTION('',(0.,0.,-1.));
#6254=DIRECTION('',(-1.,0.,0.));
#6255=DIRECTION('',(0.146627141187419,-0.691737292233982,-0.70710678118655));
#6256=DIRECTION('',(0.,0.,-1.));
#6257=DIRECTION('',(-1.,0.,0.));
#6258=DIRECTION('',(0.686102687803976,0.171064612904475,-0.707106781186549));
#6259=DIRECTION('',(0.686102687803978,0.171064612904472,0.707106781186547));
#6260=DIRECTION('',(0.241921895611608,-0.97029572627302,0.));
#6261=DIRECTION('',(0.686102687803978,0.171064612904474,-0.707106781186547));
#6262=DIRECTION('',(0.,0.,-1.));
#6263=DIRECTION('',(-1.,0.,0.));
#6264=DIRECTION('',(-0.145724601095758,0.691927988041734,-0.707106781186548));
#6265=DIRECTION('',(0.,0.,1.));
#6266=DIRECTION('',(1.,0.,0.));
#6267=DIRECTION('',(0.143703574642854,0.692350548952527,-0.707106781186548));
#6268=DIRECTION('',(0.,0.,1.));
#6269=DIRECTION('',(1.,0.,0.));
#6270=DIRECTION('',(0.672498511963957,0.218508012224409,-0.707106781186548));
#6271=DIRECTION('',(-0.309016994374945,0.951056516295155,0.));
#6272=DIRECTION('',(0.672498511963957,0.21850801222441,0.707106781186548));
#6273=DIRECTION('',(0.,0.,1.));
#6274=DIRECTION('',(1.,0.,0.));
#6275=DIRECTION('',(0.16846810174725,-0.686744857056591,0.707106781186548));
#6276=DIRECTION('',(0.,0.,1.));
#6277=DIRECTION('',(1.,0.,0.));
#6278=DIRECTION('',(-0.146627141187421,-0.691737292233985,0.707106781186547));
#6279=DIRECTION('',(0.,0.,1.));
#6280=DIRECTION('',(1.,0.,0.));
#6281=DIRECTION('',(-0.686102687803975,0.171064612904481,0.707106781186548));
#6282=DIRECTION('',(-0.686102687803977,0.171064612904483,-0.707106781186546));
#6283=DIRECTION('',(-0.241921895611622,-0.970295726273016,0.));
#6284=DIRECTION('',(-0.686102687803974,0.171064612904481,0.707106781186549));
#6285=DIRECTION('',(0.,0.,1.));
#6286=DIRECTION('',(1.,0.,0.));
#6287=DIRECTION('',(0.145724601095758,0.691927988041734,0.707106781186548));
#6288=DIRECTION('',(0.,0.,-1.));
#6289=DIRECTION('',(-1.,0.,0.));
#6290=DIRECTION('',(-0.143703574642854,0.692350548952527,0.707106781186548));
#6291=DIRECTION('',(0.,0.,-1.));
#6292=DIRECTION('',(-1.,0.,0.));
#6293=DIRECTION('',(-0.672498511963954,-0.218508012224408,-0.707106781186551));
#6294=DIRECTION('',(0.309016994374945,-0.951056516295155,0.));
#6295=DIRECTION('',(-0.67249851196396,-0.218508012224411,0.707106781186545));
#6296=DIRECTION('',(0.,0.,-1.));
#6297=DIRECTION('',(-1.,0.,0.));
#6298=DIRECTION('',(-0.168468101747251,0.686744857056594,0.707106781186545));
#6299=DIRECTION('',(0.,0.,-1.));
#6300=DIRECTION('',(-1.,0.,0.));
#6301=DIRECTION('',(0.146627141187422,0.691737292233988,0.707106781186543));
#6302=DIRECTION('',(0.,0.,-1.));
#6303=DIRECTION('',(-1.,0.,0.));
#6304=DIRECTION('',(0.686102687803978,-0.171064612904481,0.707106781186545));
#6305=DIRECTION('',(0.686102687803974,-0.171064612904482,-0.707106781186549));
#6306=DIRECTION('',(0.241921895611622,0.970295726273016,0.));
#6307=DIRECTION('',(0.686102687803977,-0.171064612904482,0.707106781186546));
#6308=DIRECTION('',(0.,0.,-1.));
#6309=DIRECTION('',(-1.,0.,0.));
#6310=DIRECTION('',(-0.145724601095758,-0.691927988041737,0.707106781186545));
#6311=DIRECTION('',(0.,0.,1.));
#6312=DIRECTION('',(1.,0.,0.));
#6313=DIRECTION('',(0.143703574642854,-0.69235054895253,0.707106781186545));
#6314=DIRECTION('',(0.,0.,1.));
#6315=DIRECTION('',(1.,0.,0.));
#6316=DIRECTION('',(0.,0.,-1.));
#6317=DIRECTION('',(-1.,0.,0.));
#6318=DIRECTION('',(0.,0.,1.));
#6319=DIRECTION('',(1.,0.,0.));
#6320=DIRECTION('',(0.,1.,0.));
#6321=DIRECTION('',(-1.,0.,0.));
#6322=DIRECTION('',(0.,0.,1.));
#6323=DIRECTION('',(1.,0.,0.));
#6324=DIRECTION('',(-1.,0.,0.));
#6325=DIRECTION('',(0.,-1.,0.));
#6326=DIRECTION('',(0.,0.,1.));
#6327=DIRECTION('',(1.,0.,0.));
#6328=DIRECTION('',(0.,-1.,0.));
#6329=DIRECTION('',(1.,0.,0.));
#6330=DIRECTION('',(0.,0.,1.));
#6331=DIRECTION('',(1.,0.,0.));
#6332=DIRECTION('',(0.,0.,1.));
#6333=DIRECTION('',(-1.,0.,0.));
#6334=DIRECTION('',(0.,0.,1.));
#6335=DIRECTION('',(1.,0.,0.));
#6336=DIRECTION('',(1.,0.,0.));
#6337=DIRECTION('',(0.,1.,0.));
#6338=DIRECTION('',(0.,0.,1.));
#6339=DIRECTION('',(1.,0.,0.));
#6340=DIRECTION('',(-0.577350269189626,0.577350269189626,-0.577350269189626));
#6341=DIRECTION('',(-0.707106781186548,-0.707106781186547,1.66533453693773E-16));
#6342=DIRECTION('',(0.,0.,1.));
#6343=DIRECTION('',(1.,0.,0.));
#6344=DIRECTION('',(-0.718873086818576,0.585048618558824,-0.375419230954334));
#6345=DIRECTION('',(-0.631219055717027,-0.775604605259473,-3.14659178435317E-8));
#6346=DIRECTION('',(0.,0.,1.));
#6347=DIRECTION('',(1.,0.,0.));
#6348=DIRECTION('',(0.,0.,1.));
#6349=DIRECTION('',(1.,0.,0.));
#6350=DIRECTION('',(0.,0.,-1.));
#6351=DIRECTION('',(-1.,0.,0.));
#6352=DIRECTION('',(0.,0.,1.));
#6353=DIRECTION('',(1.,0.,0.));
#6354=DIRECTION('',(0.,1.,0.));
#6355=DIRECTION('',(-1.,0.,0.));
#6356=DIRECTION('',(0.,0.,1.));
#6357=DIRECTION('',(1.,0.,0.));
#6358=DIRECTION('',(-1.,0.,0.));
#6359=DIRECTION('',(0.,-1.,0.));
#6360=DIRECTION('',(0.,0.,1.));
#6361=DIRECTION('',(1.,0.,0.));
#6362=DIRECTION('',(0.,-1.,0.));
#6363=DIRECTION('',(1.,0.,0.));
#6364=DIRECTION('',(0.,0.,1.));
#6365=DIRECTION('',(1.,0.,0.));
#6366=DIRECTION('',(0.,0.,1.));
#6367=DIRECTION('',(-1.,0.,0.));
#6368=DIRECTION('',(0.,0.,1.));
#6369=DIRECTION('',(1.,0.,0.));
#6370=DIRECTION('',(1.,0.,0.));
#6371=DIRECTION('',(0.,1.,0.));
#6372=DIRECTION('',(0.,0.,1.));
#6373=DIRECTION('',(1.,0.,0.));
#6374=DIRECTION('',(-0.577350269189626,0.577350269189626,-0.577350269189626));
#6375=DIRECTION('',(-0.707106781186547,-0.707106781186547,1.94289029309402E-16));
#6376=DIRECTION('',(0.,0.,1.));
#6377=DIRECTION('',(1.,0.,0.));
#6378=DIRECTION('',(-0.718873086818576,0.585048618558824,-0.375419230954334));
#6379=DIRECTION('',(-0.631219056792722,-0.775604604384029,-2.80418376574776E-8));
#6380=DIRECTION('',(0.,0.,1.));
#6381=DIRECTION('',(1.,0.,0.));
#6382=CARTESIAN_POINT('',(0.,0.,0.));
#6383=CARTESIAN_POINT('',(2.24658650338466,30.116666209683,5.));
#6384=CARTESIAN_POINT('',(-5.4855341121432,-22.3362690596374,5.));
#6385=CARTESIAN_POINT('',(-6.60233138769145,-21.1905099901433,5.));
#6386=CARTESIAN_POINT('',(-5.86713648516185,-23.8900964724817,5.));
#6387=CARTESIAN_POINT('',(0.,0.,5.));
#6388=CARTESIAN_POINT('',(-0.200000000000007,-24.5991869784349,5.));
#6389=CARTESIAN_POINT('',(-0.200000000000002,60.,5.));
#6390=CARTESIAN_POINT('',(-0.200000000000006,-15.0534337665759,5.));
#6391=CARTESIAN_POINT('',(0.,0.,5.));
#6392=CARTESIAN_POINT('',(-0.200000000000005,15.0534337665759,5.));
#6393=CARTESIAN_POINT('',(-0.200000000000002,60.,5.));
#6394=CARTESIAN_POINT('',(-0.199999999999947,58.2882115573063,5.));
#6395=CARTESIAN_POINT('',(-1.82907940158143,30.3543556787767,5.));
#6396=CARTESIAN_POINT('',(-2.60758224235728,17.0053524723361,5.));
#6397=CARTESIAN_POINT('',(-4.00520750997689,17.0868608235107,5.));
#6398=CARTESIAN_POINT('',(-3.68570377698728,15.7238063988432,5.));
#6399=CARTESIAN_POINT('',(5.20417042793042E-15,-4.33680868994202E-16,5.));
#6400=CARTESIAN_POINT('',(-5.48849995637951,-15.1887744149692,5.));
#6401=CARTESIAN_POINT('',(-5.96428323433192,-16.5054483580625,5.));
#6402=CARTESIAN_POINT('',(-4.5666579667123,-16.5869567092371,5.));
#6403=CARTESIAN_POINT('',(-1.82907940158143,30.3543556787767,5.));
#6404=CARTESIAN_POINT('',(-4.57628624616011,-16.7520530023903,5.));
#6405=CARTESIAN_POINT('',(-11.3114566683289,-16.3592634265935,5.));
#6406=CARTESIAN_POINT('',(-4.,-3.5527136788005E-15,5.));
#6407=CARTESIAN_POINT('',(-4.97560775119429,-16.7287649020547,5.));
#6408=CARTESIAN_POINT('',(-4.97560775119429,-16.7287649020547,4.6));
#6409=CARTESIAN_POINT('',(-4.97560775119429,-16.7287649020547,0.));
#6410=CARTESIAN_POINT('',(-4.,-3.5527136788005E-15,4.6));
#6411=CARTESIAN_POINT('',(-4.96597947174648,-16.5636686089015,4.6));
#6412=CARTESIAN_POINT('',(-4.96597947174648,-16.5636686089015,0.));
#6413=CARTESIAN_POINT('',(-4.96597947174648,-16.5636686089015,0.));
#6414=CARTESIAN_POINT('',(-4.,-3.5527136788005E-15,0.));
#6415=CARTESIAN_POINT('',(0.,0.,2.));
#6416=CARTESIAN_POINT('',(0.,0.,2.));
#6417=CARTESIAN_POINT('',(14.95,0.,2.));
#6418=CARTESIAN_POINT('',(0.200000000000009,-15.0464489960044,4.8));
#6419=CARTESIAN_POINT('',(0.200000000000009,-15.0487772529569,4.86666666666334));
#6420=CARTESIAN_POINT('',(0.200000000000009,-15.051105509814,4.93333333333001));
#6421=CARTESIAN_POINT('',(0.200000000000009,-15.0534337665759,5.));
#6422=CARTESIAN_POINT('',(0.200000000000009,-15.0464489960044,4.8));
#6423=CARTESIAN_POINT('',(0.200000000000009,-15.0534337665759,5.));
#6424=CARTESIAN_POINT('',(0.,0.,5.));
#6425=CARTESIAN_POINT('',(0.200000000000009,15.0534337665759,5.));
#6426=CARTESIAN_POINT('',(0.20000000000001,15.0534337665759,5.));
#6427=CARTESIAN_POINT('',(0.20000000000001,15.051105509814,4.93333333333001));
#6428=CARTESIAN_POINT('',(0.20000000000001,15.0487772529569,4.86666666666334));
#6429=CARTESIAN_POINT('',(0.20000000000001,15.0464489960044,4.8));
#6430=CARTESIAN_POINT('',(0.20000000000001,15.0464489960044,4.8));
#6431=CARTESIAN_POINT('',(0.,0.,4.8));
#6432=CARTESIAN_POINT('',(-0.200000000000008,15.0464489960044,4.8));
#6433=CARTESIAN_POINT('',(-0.200000000000008,15.0464489960044,4.8));
#6434=CARTESIAN_POINT('',(-0.200000000000008,15.0487772529569,4.86666666666334));
#6435=CARTESIAN_POINT('',(-0.200000000000008,15.051105509814,4.93333333333001));
#6436=CARTESIAN_POINT('',(-0.200000000000008,15.0534337665759,5.));
#6437=CARTESIAN_POINT('',(-0.200000000000004,-15.0534337665759,5.));
#6438=CARTESIAN_POINT('',(-0.200000000000004,-15.051105509814,4.93333333333001));
#6439=CARTESIAN_POINT('',(-0.200000000000004,-15.0487772529569,4.86666666666334));
#6440=CARTESIAN_POINT('',(-0.200000000000004,-15.0464489960044,4.8));
#6441=CARTESIAN_POINT('',(-0.200000000000004,-15.0464489960044,4.8));
#6442=CARTESIAN_POINT('',(0.,0.,4.8));
#6443=CARTESIAN_POINT('',(3.01159984872101,17.027415175173,4.6));
#6444=CARTESIAN_POINT('',(3.01159984872101,17.027415175173,0.));
#6445=CARTESIAN_POINT('',(2.1744154000542,31.3516110227163,4.6));
#6446=CARTESIAN_POINT('',(2.1744154000542,31.3516110227163,0.));
#6447=CARTESIAN_POINT('',(1.3372077000271,45.6758055113582,4.6));
#6448=CARTESIAN_POINT('',(1.3372077000271,45.6758055113582,0.));
#6449=CARTESIAN_POINT('',(0.5,60.,4.6));
#6450=CARTESIAN_POINT('',(0.5,60.,0.));
#6451=CARTESIAN_POINT('',(0.5,60.,5.));
#6452=CARTESIAN_POINT('',(0.5,60.,0.));
#6453=CARTESIAN_POINT('',(0.5,60.,4.6));
#6454=CARTESIAN_POINT('',(0.5,60.,4.6));
#6455=CARTESIAN_POINT('',(1.33720770002693,45.675805511361,4.6));
#6456=CARTESIAN_POINT('',(2.17441540005387,31.351611022722,4.6));
#6457=CARTESIAN_POINT('',(3.01159984872051,17.0274151751816,4.6));
#6458=CARTESIAN_POINT('',(3.01159984872051,17.0274151751817,4.6));
#6459=CARTESIAN_POINT('',(3.01159984872051,17.0274151751817,5.));
#6460=CARTESIAN_POINT('',(3.01159984872051,17.0274151751817,0.));
#6461=CARTESIAN_POINT('',(3.99312609170217,0.233329677463943,0.));
#6462=CARTESIAN_POINT('',(2.82879243008336,20.1555555555556,0.));
#6463=CARTESIAN_POINT('',(1.66439621504168,40.0777777777778,0.));
#6464=CARTESIAN_POINT('',(0.5,60.,0.));
#6465=CARTESIAN_POINT('',(-4.,-3.5527136788005E-15,5.));
#6466=CARTESIAN_POINT('',(-3.00690374739145,17.0286405726717,5.));
#6467=CARTESIAN_POINT('',(-3.00690374739145,17.0286405726717,0.));
#6468=CARTESIAN_POINT('',(-3.00690374739145,17.0286405726717,4.6));
#6469=CARTESIAN_POINT('',(-4.,-3.5527136788005E-15,4.6));
#6470=CARTESIAN_POINT('',(-0.499151881292976,60.0291101254151,4.6));
#6471=CARTESIAN_POINT('',(-0.499151881292976,60.0291101254151,5.));
#6472=CARTESIAN_POINT('',(-0.499151881292976,60.0291101254151,0.));
#6473=CARTESIAN_POINT('',(-4.,-3.5527136788005E-15,0.));
#6474=CARTESIAN_POINT('',(4.98271695726178,-16.7011233240102,4.6));
#6475=CARTESIAN_POINT('',(4.98271695726178,-16.7011233240102,0.));
#6476=CARTESIAN_POINT('',(4.97998181717952,-16.6543150512133,4.6));
#6477=CARTESIAN_POINT('',(4.97998181717952,-16.6543150512133,0.));
#6478=CARTESIAN_POINT('',(4.97724667709726,-16.6075067784164,4.6));
#6479=CARTESIAN_POINT('',(4.97724667709726,-16.6075067784164,0.));
#6480=CARTESIAN_POINT('',(4.97451153697933,-16.5606985056215,4.6));
#6481=CARTESIAN_POINT('',(4.97451153697933,-16.5606985056215,0.));
#6482=CARTESIAN_POINT('',(4.97451153697946,-16.5606985056237,2.60208521396521E-15));
#6483=CARTESIAN_POINT('',(4.97451153697946,-16.5606985056237,0.));
#6484=CARTESIAN_POINT('',(4.97451153697946,-16.5606985056237,4.6));
#6485=CARTESIAN_POINT('',(4.97451153697933,-16.5606985056215,4.6));
#6486=CARTESIAN_POINT('',(4.97724667709726,-16.6075067784164,4.6));
#6487=CARTESIAN_POINT('',(4.97998181717952,-16.6543150512133,4.6));
#6488=CARTESIAN_POINT('',(4.98271695726178,-16.7011233240102,4.6));
#6489=CARTESIAN_POINT('',(4.98271695726178,-16.7011233240102,4.6));
#6490=CARTESIAN_POINT('',(4.98271695726178,-16.7011233240102,5.));
#6491=CARTESIAN_POINT('',(4.98271695726178,-16.7011233240102,0.));
#6492=CARTESIAN_POINT('',(4.98271695726178,-16.7011233240102,0.));
#6493=CARTESIAN_POINT('',(4.65287418654953,-11.0563044382291,0.));
#6494=CARTESIAN_POINT('',(4.32303141583729,-5.41148555244786,0.));
#6495=CARTESIAN_POINT('',(3.99312609170217,0.233329677463943,0.));
#6496=CARTESIAN_POINT('',(2.24658650338466,30.116666209683,5.));
#6497=CARTESIAN_POINT('',(4.00989627502578,17.0857610852878,5.));
#6498=CARTESIAN_POINT('',(3.69001850949666,15.7227943890255,5.));
#6499=CARTESIAN_POINT('',(2.6122812781984,17.0040768111392,5.));
#6500=CARTESIAN_POINT('',(2.6122812781984,17.0040768111392,5.));
#6501=CARTESIAN_POINT('',(1.80818751879896,30.7618418054711,5.));
#6502=CARTESIAN_POINT('',(1.00409375939951,44.5196067998031,5.));
#6503=CARTESIAN_POINT('',(0.200000000000064,58.277371794135,5.));
#6504=CARTESIAN_POINT('',(0.200000000000009,58.277371794135,5.));
#6505=CARTESIAN_POINT('',(0.200000000000009,-24.9991999871996,5.));
#6506=CARTESIAN_POINT('',(0.200000000000009,-24.9991999871996,5.));
#6507=CARTESIAN_POINT('',(0.200000000000009,-24.5991869784349,5.));
#6508=CARTESIAN_POINT('',(0.,0.,5.));
#6509=CARTESIAN_POINT('',(5.8980809061425,-23.8824756175862,5.));
#6510=CARTESIAN_POINT('',(5.5144658878568,-22.3291438701009,5.));
#6511=CARTESIAN_POINT('',(6.62707186574369,-21.1793143444883,5.));
#6512=CARTESIAN_POINT('',(11.3185239784678,-16.3309041575748,5.));
#6513=CARTESIAN_POINT('',(4.58339809274928,-16.7244566573436,5.));
#6514=CARTESIAN_POINT('',(4.58339809274928,-16.7244566573436,5.));
#6515=CARTESIAN_POINT('',(4.58066295266106,-16.6776483846488,5.));
#6516=CARTESIAN_POINT('',(4.57792781257283,-16.630840111954,5.));
#6517=CARTESIAN_POINT('',(4.57519267248461,-16.5840318392591,5.));
#6518=CARTESIAN_POINT('',(4.57519267248461,-16.5840318392591,5.));
#6519=CARTESIAN_POINT('',(5.97280869821627,-16.5023651715296,5.));
#6520=CARTESIAN_POINT('',(5.49634532627879,-15.1859371806383,5.));
#6521=CARTESIAN_POINT('',(5.20417042793042E-15,-4.33680868994202E-16,5.));
#6522=CARTESIAN_POINT('',(1.70000000012262,2.16159663202529,-6.4));
#6523=CARTESIAN_POINT('',(1.70000000012262,2.16159663202529,-6.4));
#6524=CARTESIAN_POINT('',(1.70000000012262,2.16159663202529,-6.2));
#6525=CARTESIAN_POINT('',(1.70000000012262,2.16159663202529,0.));
#6526=CARTESIAN_POINT('',(1.70000000012262,2.16159663202529,-6.2));
#6527=CARTESIAN_POINT('',(1.70000000012262,-2.16159663202529,-6.2));
#6528=CARTESIAN_POINT('',(1.70000000012262,-2.16159663202529,-6.4));
#6529=CARTESIAN_POINT('',(1.70000000012262,-2.16159663202529,0.));
#6530=CARTESIAN_POINT('',(1.70000000012262,2.16159663202529,0.));
#6531=CARTESIAN_POINT('',(-1.70000000012262,-2.1615966320253,-6.4));
#6532=CARTESIAN_POINT('',(-1.70000000012262,-2.1615966320253,-6.4));
#6533=CARTESIAN_POINT('',(-1.70000000012262,-2.1615966320253,0.));
#6534=CARTESIAN_POINT('',(-1.70000000012262,-2.1615966320253,-6.2));
#6535=CARTESIAN_POINT('',(-1.70000000012262,-2.1615966320253,-6.2));
#6536=CARTESIAN_POINT('',(-1.70000000012262,2.1615966320253,-6.2));
#6537=CARTESIAN_POINT('',(-1.70000000012262,2.1615966320253,-6.4));
#6538=CARTESIAN_POINT('',(-1.70000000012262,2.1615966320253,0.));
#6539=CARTESIAN_POINT('',(-1.70000000012262,-2.1615966320253,0.));
#6540=CARTESIAN_POINT('',(-8.67361737988403E-16,0.,-6.4));
#6541=CARTESIAN_POINT('',(-8.67361737988403E-16,0.,-6.2));
#6542=CARTESIAN_POINT('',(-8.67361737988403E-16,0.,0.));
#6543=CARTESIAN_POINT('',(-8.67361737988403E-16,0.,-6.2));
#6544=CARTESIAN_POINT('',(-8.67361737988403E-16,0.,0.));
#6545=CARTESIAN_POINT('',(-8.67361737988403E-16,0.,-7.6));
#6546=CARTESIAN_POINT('',(2.75,3.36777869765522E-16,-7.6));
#6547=CARTESIAN_POINT('',(-8.67361737988403E-16,0.,0.));
#6548=CARTESIAN_POINT('',(-8.67361737988403E-16,0.,-6.2));
#6549=CARTESIAN_POINT('',(-8.67361737988403E-16,0.,-6.2));
#6550=CARTESIAN_POINT('',(0.,60.,5.));
#6551=CARTESIAN_POINT('',(0.,60.,4.6));
#6552=CARTESIAN_POINT('',(0.,60.,0.));
#6553=CARTESIAN_POINT('',(-11.3114566683289,-16.3592634265935,5.));
#6554=CARTESIAN_POINT('',(-6.88153070657852,-20.9040702227697,5.));
#6555=CARTESIAN_POINT('',(-6.88153070657852,-20.9040702227697,4.6));
#6556=CARTESIAN_POINT('',(-6.88153070657852,-20.9040702227697,0.));
#6557=CARTESIAN_POINT('',(-11.3114566683289,-16.3592634265935,4.6));
#6558=CARTESIAN_POINT('',(-11.3114566683289,-16.3592634265935,0.));
#6559=CARTESIAN_POINT('',(-5.4855341121432,-22.3362690596374,5.));
#6560=CARTESIAN_POINT('',(-5.96253707841652,-24.2785533256928,5.));
#6561=CARTESIAN_POINT('',(-5.96253707841652,-24.2785533256928,4.6));
#6562=CARTESIAN_POINT('',(-5.96253707841652,-24.2785533256928,0.));
#6563=CARTESIAN_POINT('',(-5.4855341121432,-22.3362690596374,4.6));
#6564=CARTESIAN_POINT('',(-5.4855341121432,-22.3362690596374,0.));
#6565=CARTESIAN_POINT('',(0.,0.,5.));
#6566=CARTESIAN_POINT('',(0.,0.,4.6));
#6567=CARTESIAN_POINT('',(5.99398466071392,-24.2708085544575,4.6));
#6568=CARTESIAN_POINT('',(0.,0.,0.));
#6569=CARTESIAN_POINT('',(5.99398466071392,-24.2708085544575,0.));
#6570=CARTESIAN_POINT('',(5.99398466071392,-24.2708085544575,5.));
#6571=CARTESIAN_POINT('',(5.5144658878568,-22.3291438701009,5.));
#6572=CARTESIAN_POINT('',(6.90522336021541,-20.8918569630852,5.));
#6573=CARTESIAN_POINT('',(6.90522336021541,-20.8918569630852,4.6));
#6574=CARTESIAN_POINT('',(6.90522336021541,-20.8918569630852,0.));
#6575=CARTESIAN_POINT('',(5.5144658878568,-22.3291438701009,4.6));
#6576=CARTESIAN_POINT('',(5.5144658878568,-22.3291438701009,0.));
#6577=CARTESIAN_POINT('',(11.3185239784678,-16.3309041575748,5.));
#6578=CARTESIAN_POINT('',(11.3185239784678,-16.3309041575748,4.6));
#6579=CARTESIAN_POINT('',(11.3185239784678,-16.3309041575748,0.));
#6580=CARTESIAN_POINT('',(2.24658650338466,30.116666209683,0.));
#6581=CARTESIAN_POINT('',(0.,1.38777878078145E-14,0.));
#6582=CARTESIAN_POINT('',(-8.,1.38777878078145E-14,0.));
#6583=CARTESIAN_POINT('',(-5.96428323433192,-16.5054483580625,0.));
#6584=CARTESIAN_POINT('',(-5.62443803579448,-15.5649669701387,0.));
#6585=CARTESIAN_POINT('',(5.20417042793042E-15,-4.33680868994202E-16,0.));
#6586=CARTESIAN_POINT('',(-3.77699055784145,16.1132505201768,0.));
#6587=CARTESIAN_POINT('',(-4.00520750997689,17.0868608235107,0.));
#6588=CARTESIAN_POINT('',(4.00989627502579,17.0857610852878,0.));
#6589=CARTESIAN_POINT('',(3.7814121567907,16.1122134451004,0.));
#6590=CARTESIAN_POINT('',(5.20417042793042E-15,-4.33680868994202E-16,0.));
#6591=CARTESIAN_POINT('',(5.63247771826092,-15.5620594637501,0.));
#6592=CARTESIAN_POINT('',(5.97280869821627,-16.5023651715296,0.));
#6593=CARTESIAN_POINT('',(0.,1.38777878078145E-14,-7.6));
#6594=CARTESIAN_POINT('',(0.,1.38777878078145E-14,-3.));
#6595=CARTESIAN_POINT('',(-5.,1.38777878078145E-14,-3.));
#6596=CARTESIAN_POINT('',(0.,1.38777878078145E-14,-7.6));
#6597=CARTESIAN_POINT('',(5.,1.38777878078145E-14,-7.6));
#6598=CARTESIAN_POINT('',(0.,1.38777878078145E-14,-7.6));
#6599=CARTESIAN_POINT('',(0.,0.,2.));
#6600=CARTESIAN_POINT('',(5.20417042793042E-15,-4.33680868994202E-16,2.));
#6601=CARTESIAN_POINT('',(3.7814121567907,16.1122134451005,2.));
#6602=CARTESIAN_POINT('',(3.7814121567907,16.1122134451005,4.6));
#6603=CARTESIAN_POINT('',(5.20417042793042E-15,-4.33680868994202E-16,4.6));
#6604=CARTESIAN_POINT('',(5.63247771826092,-15.5620594637501,4.6));
#6605=CARTESIAN_POINT('',(5.63247771826092,-15.5620594637501,2.));
#6606=CARTESIAN_POINT('',(5.20417042793042E-15,-4.33680868994202E-16,2.));
#6607=CARTESIAN_POINT('',(-5.62443803579449,-15.5649669701387,2.));
#6608=CARTESIAN_POINT('',(-5.62443803579449,-15.5649669701387,4.6));
#6609=CARTESIAN_POINT('',(5.20417042793042E-15,-4.33680868994202E-16,4.6));
#6610=CARTESIAN_POINT('',(-3.77699055784146,16.1132505201768,4.6));
#6611=CARTESIAN_POINT('',(-3.77699055784146,16.1132505201768,2.));
#6612=CARTESIAN_POINT('',(0.,60.,4.8));
#6613=CARTESIAN_POINT('',(0.200000000000009,-9.1690494802445E-16,4.8));
#6614=CARTESIAN_POINT('',(0.200000000000013,60.,4.8));
#6615=CARTESIAN_POINT('',(0.,60.,4.8));
#6616=CARTESIAN_POINT('',(-0.199999999999995,60.,4.8));
#6617=CARTESIAN_POINT('',(-0.200000000000006,-9.16904948024448E-16,4.8));
#6618=CARTESIAN_POINT('',(-0.200000000000006,-9.16904948024448E-16,5.));
#6619=CARTESIAN_POINT('',(-0.199999999999995,60.,5.));
#6620=CARTESIAN_POINT('',(-0.200000000000004,60.,4.9003392474829));
#6621=CARTESIAN_POINT('',(-0.200000000000006,0.196906149840762,8.38209037238917));
#6622=CARTESIAN_POINT('',(0.200000000000009,-9.1690494802445E-16,5.));
#6623=CARTESIAN_POINT('',(0.200000000000013,58.277371794135,5.));
#6624=CARTESIAN_POINT('',(0.200000000000013,58.8493189650704,4.96662829541978));
#6625=CARTESIAN_POINT('',(0.200000000000013,59.4212661360058,4.93325659083956));
#6626=CARTESIAN_POINT('',(0.200000000000013,59.9932133069411,4.89988488625934));
#6627=CARTESIAN_POINT('',(0.199999999790446,59.9966354370318,4.89991390860424));
#6628=CARTESIAN_POINT('',(0.200000000000013,60.,5.));
#6629=CARTESIAN_POINT('',(0.,60.,5.));
#6630=CARTESIAN_POINT('',(0.,60.,4.9));
#6631=CARTESIAN_POINT('',(-0.199660752517082,60.0116440501678,4.90000000000001));
#6632=CARTESIAN_POINT('',(0.,60.,5.1));
#6633=CARTESIAN_POINT('',(0.200000000000009,-9.1690494802445E-16,5.));
#6634=CARTESIAN_POINT('',(0.200000000000009,-9.1690494802445E-16,4.8));
#6635=CARTESIAN_POINT('',(0.200000000000008,-24.7991935352745,4.8));
#6636=CARTESIAN_POINT('',(0.200000000000008,-24.7991935352745,4.8));
#6637=CARTESIAN_POINT('',(0.200000000000008,-24.7325246918077,4.86666667548006));
#6638=CARTESIAN_POINT('',(0.200000000000008,-24.6658558395995,4.93333334221838));
#6639=CARTESIAN_POINT('',(0.200000000000008,-24.5991869784349,5.));
#6640=CARTESIAN_POINT('',(-0.200000000000006,-9.16904948024448E-16,5.));
#6641=CARTESIAN_POINT('',(-0.200000000000007,-24.5991869784349,5.));
#6642=CARTESIAN_POINT('',(-0.200000000000007,-24.6658558395995,4.93333334221838));
#6643=CARTESIAN_POINT('',(-0.200000000000003,-24.7325246918077,4.86666667548006));
#6644=CARTESIAN_POINT('',(-0.200000000000003,-24.7991935352745,4.8));
#6645=CARTESIAN_POINT('',(-0.200000000000003,-24.7991935352745,4.8));
#6646=CARTESIAN_POINT('',(-0.200000000000006,-9.16904948024448E-16,4.8));
#6647=CARTESIAN_POINT('',(0.,60.,4.8));
#6648=CARTESIAN_POINT('',(0.,0.,4.8));
#6649=CARTESIAN_POINT('',(5.97280869821627,-16.5023651715296,2.5));
#6650=CARTESIAN_POINT('',(5.97280869821627,-16.5023651715296,4.6));
#6651=CARTESIAN_POINT('',(-4.00520750997689,17.0868608235107,2.));
#6652=CARTESIAN_POINT('',(-4.00520750997689,17.0868608235107,4.6));
#6653=CARTESIAN_POINT('',(-5.96428323433192,-16.5054483580625,2.));
#6654=CARTESIAN_POINT('',(-5.96428323433192,-16.5054483580625,4.6));
#6655=CARTESIAN_POINT('',(4.00989627502578,17.0857610852878,3.5));
#6656=CARTESIAN_POINT('',(4.00989627502578,17.0857610852878,4.6));
#6657=CARTESIAN_POINT('',(0.,60.,4.6));
#6658=CARTESIAN_POINT('',(-0.499151881292976,60.0291101254151,4.6));
#6659=CARTESIAN_POINT('',(0.499999999999992,60.0000000000001,4.60000000000001));
#6660=CARTESIAN_POINT('',(0.400038371345914,59.9943466019586,4.69996162865409));
#6661=CARTESIAN_POINT('',(0.299980861798266,59.9920845914098,4.79992325730817));
#6662=CARTESIAN_POINT('',(0.199999999577294,59.9932133192631,4.89988488596225));
#6663=CARTESIAN_POINT('',(2.6122812781984,17.0040768111392,5.));
#6664=CARTESIAN_POINT('',(1.77423137655458,31.3430805281316,5.));
#6665=CARTESIAN_POINT('',(0.937217343612407,45.6639610595235,5.));
#6666=CARTESIAN_POINT('',(0.0997392057162858,59.9927826014062,5.));
#6667=CARTESIAN_POINT('',(3.01159984872051,17.0274151751816,4.6));
#6668=CARTESIAN_POINT('',(2.17354992179121,31.3664193247106,4.59999999997802));
#6669=CARTESIAN_POINT('',(1.33653587624371,45.6873000718299,4.6));
#6670=CARTESIAN_POINT('',(0.499057738354512,60.0161216136315,4.6));
#6671=CARTESIAN_POINT('',(3.01159984872051,17.0274151751816,4.6));
#6672=CARTESIAN_POINT('',(2.87849365854647,17.0196357205008,4.73333333333333));
#6673=CARTESIAN_POINT('',(2.74538746837244,17.01185626582,4.86666666666667));
#6674=CARTESIAN_POINT('',(2.6122812781984,17.0040768111392,5.));
#6675=CARTESIAN_POINT('',(-4.,-3.5527136788005E-15,4.6));
#6676=CARTESIAN_POINT('',(-2.60758224235728,17.0053524723361,5.));
#6677=CARTESIAN_POINT('',(4.00989627502578,17.0857610852878,5.));
#6678=CARTESIAN_POINT('',(3.7814121567907,16.1122134451004,4.6));
#6679=CARTESIAN_POINT('',(-4.00520750997689,17.0868608235107,5.));
#6680=CARTESIAN_POINT('',(-3.68570377698728,15.7238063988432,5.));
#6681=CARTESIAN_POINT('',(5.20417042793042E-15,-4.33680868994202E-16,4.6));
#6682=CARTESIAN_POINT('',(5.63247771826092,-15.5620594637501,4.6));
#6683=CARTESIAN_POINT('',(5.20417042793042E-15,-4.33680868994202E-16,4.6));
#6684=CARTESIAN_POINT('',(-5.48849995637951,-15.1887744149692,5.));
#6685=CARTESIAN_POINT('',(5.97280869821627,-16.5023651715296,5.));
#6686=CARTESIAN_POINT('',(4.57519267248459,-16.5840318392588,5.));
#6687=CARTESIAN_POINT('',(4.70829896064951,-16.5762540613798,4.86666666666667));
#6688=CARTESIAN_POINT('',(4.84140524881444,-16.5684762835008,4.73333333333333));
#6689=CARTESIAN_POINT('',(4.97451153697936,-16.5606985056219,4.6));
#6690=CARTESIAN_POINT('',(-5.96428323433192,-16.5054483580625,5.));
#6691=CARTESIAN_POINT('',(-4.5666579667123,-16.5869567092371,5.));
#6692=CARTESIAN_POINT('',(4.58339809274928,-16.7244566573436,5.));
#6693=CARTESIAN_POINT('',(4.58071150736679,-16.6784793334424,5.));
#6694=CARTESIAN_POINT('',(4.57798002495391,-16.6317336567673,5.));
#6695=CARTESIAN_POINT('',(4.57519267248461,-16.5840318392591,5.));
#6696=CARTESIAN_POINT('',(4.98271695726178,-16.7011233240102,4.6));
#6697=CARTESIAN_POINT('',(4.98003037187926,-16.655146000109,4.59999999999995));
#6698=CARTESIAN_POINT('',(4.97729888946084,-16.6084003233363,4.60000000000015));
#6699=CARTESIAN_POINT('',(4.97451153697933,-16.5606985056215,4.6));
#6700=CARTESIAN_POINT('',(4.98271695726178,-16.7011233240103,4.6));
#6701=CARTESIAN_POINT('',(4.84961066909095,-16.708901101788,4.73333333333333));
#6702=CARTESIAN_POINT('',(4.71650438092012,-16.7166788795658,4.86666666666667));
#6703=CARTESIAN_POINT('',(4.58339809274928,-16.7244566573436,5.));
#6704=CARTESIAN_POINT('',(-4.,-3.5527136788005E-15,4.6));
#6705=CARTESIAN_POINT('',(-4.57628624616011,-16.7520530023903,5.));
#6706=CARTESIAN_POINT('',(11.3185239784678,-16.3309041575748,5.));
#6707=CARTESIAN_POINT('',(6.90522336021541,-20.8918569630852,4.6));
#6708=CARTESIAN_POINT('',(-11.3114566683289,-16.3592634265935,5.));
#6709=CARTESIAN_POINT('',(-6.60233138769145,-21.1905099901433,5.));
#6710=CARTESIAN_POINT('',(5.5144658878568,-22.3291438701009,5.));
#6711=CARTESIAN_POINT('',(5.99398466071392,-24.2708085544575,4.6));
#6712=CARTESIAN_POINT('',(-5.4855341121432,-22.3362690596374,5.));
#6713=CARTESIAN_POINT('',(-5.86713648516185,-23.8900964724817,5.));
#6714=CARTESIAN_POINT('',(0.,0.,5.));
#6715=CARTESIAN_POINT('',(0.,1.38777878078145E-14,-3.));
#6716=CARTESIAN_POINT('',(0.200000000000009,-9.1690494802445E-16,5.));
#6717=CARTESIAN_POINT('',(0.200000000000009,-24.9991999871996,5.));
#6718=CARTESIAN_POINT('',(0.200000000000009,-14.9486621474967,5.));
#6719=CARTESIAN_POINT('',(0.200000000000009,-24.5991869784349,5.));
#6720=CARTESIAN_POINT('',(0.200000000000009,-24.5991869784349,5.));
#6721=CARTESIAN_POINT('',(0.200000000000009,-24.6658558395995,4.93333334221838));
#6722=CARTESIAN_POINT('',(0.200000000000008,-24.7325246918077,4.86666667548005));
#6723=CARTESIAN_POINT('',(0.200000000000008,-24.7991935352745,4.8));
#6724=CARTESIAN_POINT('',(0.200000000000008,-24.7991935352745,4.8));
#6725=CARTESIAN_POINT('',(0.200000000000009,-9.1690494802445E-16,4.8));
#6726=CARTESIAN_POINT('',(0.200000000000009,-14.9486621474967,4.8));
#6727=CARTESIAN_POINT('',(0.200000000000009,-14.9486621474967,5.3));
#6728=CARTESIAN_POINT('',(-0.200000000000006,-9.16904948024448E-16,5.));
#6729=CARTESIAN_POINT('',(-0.200000000000006,-9.16904948024448E-16,4.8));
#6730=CARTESIAN_POINT('',(-0.200000000000003,-24.7991935352745,4.8));
#6731=CARTESIAN_POINT('',(-0.200000000000004,-14.9486621474967,4.8));
#6732=CARTESIAN_POINT('',(-0.200000000000003,-24.7991935352745,4.8));
#6733=CARTESIAN_POINT('',(-0.200000000000003,-24.7325246918077,4.86666667548006));
#6734=CARTESIAN_POINT('',(-0.200000000000003,-24.6658558395995,4.93333334221838));
#6735=CARTESIAN_POINT('',(-0.200000000000003,-24.5991869784349,5.));
#6736=CARTESIAN_POINT('',(-0.200000000000007,-24.5991869784349,5.));
#6737=CARTESIAN_POINT('',(-0.200000000000002,60.,5.));
#6738=CARTESIAN_POINT('',(-0.200000000000004,-14.9486621474967,5.));
#6739=CARTESIAN_POINT('',(-0.200000000000004,-14.9486621474967,5.3));
#6740=CARTESIAN_POINT('',(0.,60.,5.));
#6741=CARTESIAN_POINT('',(0.,0.,5.));
#6742=CARTESIAN_POINT('',(0.,0.,5.));
#6743=CARTESIAN_POINT('',(0.,60.,4.8));
#6744=CARTESIAN_POINT('',(0.,0.,4.8));
#6745=CARTESIAN_POINT('',(0.,0.,4.8));
#6746=CARTESIAN_POINT('',(0.,0.,5.3));
#6747=CARTESIAN_POINT('',(0.,0.,5.));
#6748=CARTESIAN_POINT('',(0.,60.,5.));
#6749=CARTESIAN_POINT('',(0.,60.,4.8));
#6750=CARTESIAN_POINT('',(-0.199999999999995,60.,4.8));
#6751=CARTESIAN_POINT('',(0.200000000000013,60.,4.8));
#6752=CARTESIAN_POINT('',(-0.199999999999995,60.,5.));
#6753=CARTESIAN_POINT('',(-0.199999999999995,60.,5.));
#6754=CARTESIAN_POINT('',(0.,60.,5.));
#6755=CARTESIAN_POINT('',(0.200000000000013,60.,5.));
#6756=CARTESIAN_POINT('',(0.200000000000013,60.,5.));
#6757=CARTESIAN_POINT('',(0.,60.,4.8));
#6758=CARTESIAN_POINT('',(0.,0.,4.8));
#6759=CARTESIAN_POINT('',(-0.200000000000008,14.9486621474967,4.8));
#6760=CARTESIAN_POINT('',(0.20000000000001,14.9486621474967,4.8));
#6761=CARTESIAN_POINT('',(-0.200000000000006,-9.16904948024448E-16,4.8));
#6762=CARTESIAN_POINT('',(0.200000000000009,-9.1690494802445E-16,4.8));
#6763=CARTESIAN_POINT('',(0.,60.,5.));
#6764=CARTESIAN_POINT('',(-0.200000000000002,60.,5.));
#6765=CARTESIAN_POINT('',(-0.200000000000008,14.9486621474967,5.));
#6766=CARTESIAN_POINT('',(0.,0.,5.));
#6767=CARTESIAN_POINT('',(0.20000000000001,14.9486621474967,5.));
#6768=CARTESIAN_POINT('',(0.200000000000009,-24.9991999871996,5.));
#6769=CARTESIAN_POINT('',(-0.200000000000006,-9.16904948024448E-16,5.));
#6770=CARTESIAN_POINT('',(-0.200000000000008,14.9486621474967,5.3));
#6771=CARTESIAN_POINT('',(0.200000000000009,-9.1690494802445E-16,5.));
#6772=CARTESIAN_POINT('',(0.20000000000001,14.9486621474967,5.3));
#6773=CARTESIAN_POINT('',(0.,0.,5.3));
#6774=CARTESIAN_POINT('',(0.,0.,347.082183837891));
#6775=CARTESIAN_POINT('',(0.,0.,0.));
#6776=CARTESIAN_POINT('',(-86.5373075418988,-86.5373075418988,347.082183837891));
#6777=CARTESIAN_POINT('',(0.,-2223.30786132812,0.));
#6778=CARTESIAN_POINT('',(0.,0.,0.));
#6779=CARTESIAN_POINT('',(-554.332907637621,-554.332907637621,2223.30786132812));
#6780=CARTESIAN_POINT('',(2223.30786132812,0.,0.));
#6781=CARTESIAN_POINT('',(0.,0.,0.));
#6782=CARTESIAN_POINT('',(-554.332907637621,-554.332907637621,2223.30786132812));
#6783=CARTESIAN_POINT('',(0.,2223.30786132812,0.));
#6784=CARTESIAN_POINT('',(0.,0.,0.));
#6785=CARTESIAN_POINT('',(-554.332907637621,-554.332907637621,2223.30786132812));
#6786=CARTESIAN_POINT('',(0.,0.,-347.082183837891));
#6787=CARTESIAN_POINT('',(0.,0.,0.));
#6788=CARTESIAN_POINT('',(-86.5373075418988,-86.5373075418988,347.082183837891));
#6789=CARTESIAN_POINT('',(-2223.30786132812,0.,0.));
#6790=CARTESIAN_POINT('',(0.,0.,0.));
#6791=CARTESIAN_POINT('',(-554.332907637621,-554.332907637621,2223.30786132812));
#6792=CARTESIAN_POINT('',(1260.7587890625,-1260.7587890625,1260.7587890625));
#6793=CARTESIAN_POINT('',(0.,0.,0.));
#6794=CARTESIAN_POINT('',(-544.457129538967,-544.457129538967,2183.69827874526));
#6795=CARTESIAN_POINT('',(1656.7209663929,-1348.30797048634,865.194319433617));
#6796=CARTESIAN_POINT('',(0.,0.,0.));
#6797=CARTESIAN_POINT('',(-574.60341268729,-574.60341268729,2304.60841666063));
#6798=CARTESIAN_POINT('',(2.60902410786912E-15,7.94999999999999,50.68));
#6799=CARTESIAN_POINT('',(0.,0.,18.9));
#6800=CARTESIAN_POINT('',(0.,0.,0.));
#6801=CARTESIAN_POINT('',(14.,0.,0.));
#6802=CARTESIAN_POINT('',(-2.09999999999822,-13.8416039532999,1.65));
#6803=CARTESIAN_POINT('',(-2.09999999999822,-13.8416039532999,1.65));
#6804=CARTESIAN_POINT('',(-2.09999999999822,-13.8416039532999,2.95));
#6805=CARTESIAN_POINT('',(0.,0.,1.65));
#6806=CARTESIAN_POINT('',(-9.21547538788286,-10.53921312885,1.65));
#6807=CARTESIAN_POINT('',(-9.21547538788286,-10.53921312885,14.95));
#6808=CARTESIAN_POINT('',(-9.21547538788286,-10.53921312885,14.95));
#6809=CARTESIAN_POINT('',(0.,0.,14.95));
#6810=CARTESIAN_POINT('',(-7.30000000017373,-11.9461290800603,14.95));
#6811=CARTESIAN_POINT('',(-7.30000000017373,-11.9461290800603,18.9));
#6812=CARTESIAN_POINT('',(-7.30000000017373,-11.9461290800603,18.9));
#6813=CARTESIAN_POINT('',(0.,0.,18.9));
#6814=CARTESIAN_POINT('',(-13.5682533879261,-3.45000000014936,18.9));
#6815=CARTESIAN_POINT('',(-13.5682533879261,-3.45000000014936,18.15));
#6816=CARTESIAN_POINT('',(-13.5682533879261,-3.45000000014936,18.15));
#6817=CARTESIAN_POINT('',(0.,0.,18.15));
#6818=CARTESIAN_POINT('',(-13.5682533879262,3.45000000014934,18.15));
#6819=CARTESIAN_POINT('',(-13.5682533879262,3.45000000014934,18.15));
#6820=CARTESIAN_POINT('',(-13.5682533879262,3.45000000014934,18.9));
#6821=CARTESIAN_POINT('',(0.,0.,18.9));
#6822=CARTESIAN_POINT('',(13.5682533879262,3.45000000014928,18.9));
#6823=CARTESIAN_POINT('',(13.5682533879262,3.45000000014928,18.15));
#6824=CARTESIAN_POINT('',(13.5682533879262,3.45000000014928,18.15));
#6825=CARTESIAN_POINT('',(0.,0.,18.15));
#6826=CARTESIAN_POINT('',(13.5682533879262,-3.45000000014934,18.15));
#6827=CARTESIAN_POINT('',(13.5682533879262,-3.45000000014934,18.15));
#6828=CARTESIAN_POINT('',(13.5682533879262,-3.45000000014934,18.9));
#6829=CARTESIAN_POINT('',(0.,0.,18.9));
#6830=CARTESIAN_POINT('',(7.30000000017373,-11.9461290800603,18.9));
#6831=CARTESIAN_POINT('',(7.30000000017373,-11.9461290800603,18.9));
#6832=CARTESIAN_POINT('',(7.30000000017373,-11.9461290800603,14.95));
#6833=CARTESIAN_POINT('',(0.,0.,14.95));
#6834=CARTESIAN_POINT('',(9.21547538788288,-10.53921312885,14.95));
#6835=CARTESIAN_POINT('',(9.21547538788288,-10.53921312885,14.95));
#6836=CARTESIAN_POINT('',(9.21547538788288,-10.53921312885,1.65));
#6837=CARTESIAN_POINT('',(0.,0.,1.65));
#6838=CARTESIAN_POINT('',(2.1,-13.8416039532996,1.65));
#6839=CARTESIAN_POINT('',(2.1,-13.8416039532996,1.65));
#6840=CARTESIAN_POINT('',(2.1,-13.8416039532996,2.95));
#6841=CARTESIAN_POINT('',(0.,0.,2.95));
#6842=CARTESIAN_POINT('',(0.,0.,2.95));
#6843=CARTESIAN_POINT('',(-9.21547538788286,-10.53921312885,2.95));
#6844=CARTESIAN_POINT('',(-9.21547538787525,-10.8034722832738,2.95));
#6845=CARTESIAN_POINT('',(-9.21547538804606,-12.1392131287269,2.95));
#6846=CARTESIAN_POINT('',(3.46944695195362E-15,-2.60208521396521E-15,2.95));
#6847=CARTESIAN_POINT('',(-2.09999999999607,-14.0438598682847,2.95));
#6848=CARTESIAN_POINT('',(-2.1,-14.0438598682841,2.95));
#6849=CARTESIAN_POINT('',(2.1,-14.0438598682841,2.95));
#6850=CARTESIAN_POINT('',(2.09999999999608,-14.0438598682847,2.95));
#6851=CARTESIAN_POINT('',(3.46944695195362E-15,-2.60208521396521E-15,2.95));
#6852=CARTESIAN_POINT('',(9.21547538787527,-10.8034722832738,2.95));
#6853=CARTESIAN_POINT('',(9.21547538788288,-10.53921312885,2.95));
#6854=CARTESIAN_POINT('',(9.21547538805338,-12.1392131287236,2.95));
#6855=CARTESIAN_POINT('',(9.21547538805338,-12.1392131287236,2.95));
#6856=CARTESIAN_POINT('',(7.30000000005338,-13.0000000001188,2.95));
#6857=CARTESIAN_POINT('',(7.3,-17.1,2.95));
#6858=CARTESIAN_POINT('',(7.3,-17.1,2.95));
#6859=CARTESIAN_POINT('',(-7.30000000000001,-17.1,2.95));
#6860=CARTESIAN_POINT('',(-7.30000000000001,-17.1,2.95));
#6861=CARTESIAN_POINT('',(-7.30000000017373,-11.9461290800603,2.95));
#6862=CARTESIAN_POINT('',(-7.30000000013821,-13.0000000000647,2.95));
#6863=CARTESIAN_POINT('',(-9.21547538805338,-12.1392131287236,2.95));
#6864=CARTESIAN_POINT('',(-7.30000000000001,-16.1,18.9));
#6865=CARTESIAN_POINT('',(2.05,-16.1,16.5));
#6866=CARTESIAN_POINT('',(2.05,-16.1,16.95));
#6867=CARTESIAN_POINT('',(-2.9,-16.1,16.5));
#6868=CARTESIAN_POINT('',(-2.9,-16.1,15.85));
#6869=CARTESIAN_POINT('',(-2.9,-16.1,17.15));
#6870=CARTESIAN_POINT('',(-2.9,-16.1,15.85));
#6871=CARTESIAN_POINT('',(2.9,-16.1,15.85));
#6872=CARTESIAN_POINT('',(2.9,-16.1,16.5));
#6873=CARTESIAN_POINT('',(2.9,-16.1,17.15));
#6874=CARTESIAN_POINT('',(2.9,-16.1,17.15));
#6875=CARTESIAN_POINT('',(0.0500000000000014,-16.1,16.5));
#6876=CARTESIAN_POINT('',(0.0500000000000014,-16.1,16.95));
#6877=CARTESIAN_POINT('',(-1.95,-16.1,16.5));
#6878=CARTESIAN_POINT('',(-1.95,-16.1,16.95));
#6879=CARTESIAN_POINT('',(-0.95,-16.1,16.5));
#6880=CARTESIAN_POINT('',(-0.95,-16.1,16.95));
#6881=CARTESIAN_POINT('',(1.05,-16.1,16.5));
#6882=CARTESIAN_POINT('',(1.05,-16.1,16.95));
#6883=CARTESIAN_POINT('',(0.,7.95,22.5));
#6884=CARTESIAN_POINT('',(0.,7.95,22.5));
#6885=CARTESIAN_POINT('',(-1.4400000012289,9.91977155946083,22.5));
#6886=CARTESIAN_POINT('',(-1.4400000012289,5.98022844053916,22.5));
#6887=CARTESIAN_POINT('',(-1.4400000012289,7.95,22.5));
#6888=CARTESIAN_POINT('',(7.3,-17.1,18.9));
#6889=CARTESIAN_POINT('',(7.30000000005338,-13.0000000001188,14.95));
#6890=CARTESIAN_POINT('',(7.30000000005338,-13.0000000001188,14.95));
#6891=CARTESIAN_POINT('',(7.3,-13.0000000001428,14.95));
#6892=CARTESIAN_POINT('',(7.3,-17.1,18.9));
#6893=CARTESIAN_POINT('',(7.3,-17.1,18.9));
#6894=CARTESIAN_POINT('',(7.3,-17.1,18.9));
#6895=CARTESIAN_POINT('',(-7.30000000017373,-11.9461290800603,18.9));
#6896=CARTESIAN_POINT('',(-7.30000000000001,-13.0000000001428,14.95));
#6897=CARTESIAN_POINT('',(-7.30000000000001,-13.0000000001428,14.95));
#6898=CARTESIAN_POINT('',(-7.30000000000001,-13.0000000001428,14.95));
#6899=CARTESIAN_POINT('',(-7.30000000000001,-17.1,18.9));
#6900=CARTESIAN_POINT('',(-7.30000000000001,-17.1,18.9));
#6901=CARTESIAN_POINT('',(-7.30000000017373,-11.9461290800603,18.9));
#6902=CARTESIAN_POINT('',(0.,0.,18.9));
#6903=CARTESIAN_POINT('',(0.,7.95,18.9));
#6904=CARTESIAN_POINT('',(4.65,7.95,18.9));
#6905=CARTESIAN_POINT('',(13.5682533879262,-3.45000000014934,18.9));
#6906=CARTESIAN_POINT('',(17.35,-3.44999999999998,18.9));
#6907=CARTESIAN_POINT('',(17.35,6.19843089181713E-16,18.9));
#6908=CARTESIAN_POINT('',(17.35,3.44999999999998,18.9));
#6909=CARTESIAN_POINT('',(17.35,3.44999999999998,18.9));
#6910=CARTESIAN_POINT('',(-13.5682533879262,3.45000000014934,18.9));
#6911=CARTESIAN_POINT('',(-17.35,3.44999999999999,18.9));
#6912=CARTESIAN_POINT('',(-17.3499999999999,7.30444518914861E-15,18.9));
#6913=CARTESIAN_POINT('',(-17.35,-3.44999999999997,18.9));
#6914=CARTESIAN_POINT('',(-17.3499999999999,-3.44999999999997,18.9));
#6915=CARTESIAN_POINT('',(-7.30000000000001,-17.1,18.9));
#6916=CARTESIAN_POINT('',(-17.35,6.19843089181713E-16,18.9));
#6917=CARTESIAN_POINT('',(-15.25,6.19843089181713E-16,18.9));
#6918=CARTESIAN_POINT('',(17.35,6.19843089181713E-16,18.9));
#6919=CARTESIAN_POINT('',(15.25,6.19843089181713E-16,18.9));
#6920=CARTESIAN_POINT('',(0.,0.,0.));
#6921=CARTESIAN_POINT('',(-7.30000000000001,-17.1,18.9));
#6922=CARTESIAN_POINT('',(2.9,-17.1,17.15));
#6923=CARTESIAN_POINT('',(-2.9,-17.1,17.15));
#6924=CARTESIAN_POINT('',(2.9,-17.1,17.15));
#6925=CARTESIAN_POINT('',(2.9,-17.1,16.5));
#6926=CARTESIAN_POINT('',(2.9,-17.1,15.85));
#6927=CARTESIAN_POINT('',(-2.9,-17.1,15.85));
#6928=CARTESIAN_POINT('',(-2.9,-17.1,15.85));
#6929=CARTESIAN_POINT('',(-2.9,-17.1,16.5));
#6930=CARTESIAN_POINT('',(9.21547538805338,-12.1392131287236,14.95));
#6931=CARTESIAN_POINT('',(9.21547538805338,-12.1392131287236,14.95));
#6932=CARTESIAN_POINT('',(9.21547538805338,-12.1392131287236,14.95));
#6933=CARTESIAN_POINT('',(9.21547538805338,-12.1392131287236,14.95));
#6934=CARTESIAN_POINT('',(9.21547538788288,-10.53921312885,14.95));
#6935=CARTESIAN_POINT('',(9.21547538787527,-10.8034722832738,1.65));
#6936=CARTESIAN_POINT('',(9.21547538787527,-10.8034722832738,1.65));
#6937=CARTESIAN_POINT('',(9.21547538788288,-10.53921312885,1.65));
#6938=CARTESIAN_POINT('',(9.21547538788288,-10.53921312885,14.95));
#6939=CARTESIAN_POINT('',(0.,0.,14.95));
#6940=CARTESIAN_POINT('',(-9.21547538788286,-10.53921312885,14.95));
#6941=CARTESIAN_POINT('',(-9.21547538788286,-10.53921312885,1.65));
#6942=CARTESIAN_POINT('',(-9.21547538787525,-10.8034722832738,1.65));
#6943=CARTESIAN_POINT('',(-9.21547538787525,-10.8034722832738,1.65));
#6944=CARTESIAN_POINT('',(-9.21547538804606,-12.1392131287269,14.95));
#6945=CARTESIAN_POINT('',(-9.21547538804606,-12.1392131287269,14.95));
#6946=CARTESIAN_POINT('',(-9.21547538788286,-10.53921312885,14.95));
#6947=CARTESIAN_POINT('',(-9.21547538805338,-12.1392131287236,14.95));
#6948=CARTESIAN_POINT('',(-9.21547538805338,-12.1392131287236,14.95));
#6949=CARTESIAN_POINT('',(0.,0.,14.95));
#6950=CARTESIAN_POINT('',(-13.5682533879262,3.45000000014934,18.15));
#6951=CARTESIAN_POINT('',(-13.5682533879262,3.45000000014934,18.15));
#6952=CARTESIAN_POINT('',(-17.35,3.44999999999999,18.15));
#6953=CARTESIAN_POINT('',(-17.35,3.44999999999999,18.15));
#6954=CARTESIAN_POINT('',(-17.3499999999999,7.30444518914861E-15,18.15));
#6955=CARTESIAN_POINT('',(-17.3499999999999,7.30444518914861E-15,18.15));
#6956=CARTESIAN_POINT('',(-17.35,-3.44999999999997,18.15));
#6957=CARTESIAN_POINT('',(-17.35,-3.44999999999997,18.15));
#6958=CARTESIAN_POINT('',(-17.3499999999999,-3.44999999999997,18.15));
#6959=CARTESIAN_POINT('',(-17.3499999999999,-3.44999999999997,18.15));
#6960=CARTESIAN_POINT('',(-17.35,6.19843089181713E-16,18.15));
#6961=CARTESIAN_POINT('',(-17.35,6.19843089181713E-16,18.15));
#6962=CARTESIAN_POINT('',(-15.25,6.19843089181713E-16,18.15));
#6963=CARTESIAN_POINT('',(0.,0.,18.15));
#6964=CARTESIAN_POINT('',(17.35,6.19843089181713E-16,18.15));
#6965=CARTESIAN_POINT('',(17.35,-3.44999999999998,18.15));
#6966=CARTESIAN_POINT('',(17.35,-3.44999999999998,18.15));
#6967=CARTESIAN_POINT('',(17.35,6.19843089181713E-16,18.15));
#6968=CARTESIAN_POINT('',(17.35,3.44999999999998,18.15));
#6969=CARTESIAN_POINT('',(17.35,3.44999999999998,18.15));
#6970=CARTESIAN_POINT('',(17.35,3.44999999999998,18.15));
#6971=CARTESIAN_POINT('',(17.35,3.44999999999998,18.15));
#6972=CARTESIAN_POINT('',(13.5682533879262,-3.45000000014934,18.15));
#6973=CARTESIAN_POINT('',(13.5682533879262,-3.45000000014934,18.15));
#6974=CARTESIAN_POINT('',(17.35,6.19843089181713E-16,18.15));
#6975=CARTESIAN_POINT('',(17.35,6.19843089181713E-16,18.15));
#6976=CARTESIAN_POINT('',(15.25,6.19843089181713E-16,18.15));
#6977=CARTESIAN_POINT('',(17.35,6.19843089181713E-16,18.15));
#6978=CARTESIAN_POINT('',(0.,7.95,20.7));
#6979=CARTESIAN_POINT('',(0.,7.95,20.7));
#6980=CARTESIAN_POINT('',(4.65,7.95,20.7));
#6981=CARTESIAN_POINT('',(0.,7.95,20.7));
#6982=CARTESIAN_POINT('',(0.,7.95,20.7));
#6983=CARTESIAN_POINT('',(2.44,7.95,20.7));
#6984=CARTESIAN_POINT('',(0.,7.95,22.5));
#6985=CARTESIAN_POINT('',(-1.4400000012289,9.91977155946083,28.83));
#6986=CARTESIAN_POINT('',(-1.4400000012289,9.91977155946083,28.53));
#6987=CARTESIAN_POINT('',(0.,7.95,28.53));
#6988=CARTESIAN_POINT('',(1.4400000012289,9.91977155946083,28.53));
#6989=CARTESIAN_POINT('',(1.4400000012289,9.91977155946083,28.83));
#6990=CARTESIAN_POINT('',(1.4400000012289,9.91977155946083,22.5));
#6991=CARTESIAN_POINT('',(0.,7.95,22.5));
#6992=CARTESIAN_POINT('',(1.4400000012289,5.98022844053917,22.5));
#6993=CARTESIAN_POINT('',(1.4400000012289,5.98022844053916,28.83));
#6994=CARTESIAN_POINT('',(1.4400000012289,5.98022844053916,28.53));
#6995=CARTESIAN_POINT('',(0.,7.95,28.53));
#6996=CARTESIAN_POINT('',(-1.4400000012289,5.98022844053916,28.53));
#6997=CARTESIAN_POINT('',(-1.4400000012289,5.98022844053916,28.83));
#6998=CARTESIAN_POINT('',(0.,7.95,22.5));
#6999=CARTESIAN_POINT('',(1.4400000012289,7.95,22.5));
#7000=CARTESIAN_POINT('',(-1.4400000012289,9.91977155946083,28.83));
#7001=CARTESIAN_POINT('',(-1.4400000012289,9.91977155946083,28.53));
#7002=CARTESIAN_POINT('',(1.4400000012289,5.98022844053916,28.83));
#7003=CARTESIAN_POINT('',(1.4400000012289,5.98022844053916,28.53));
#7004=CARTESIAN_POINT('',(0.,7.95,28.83));
#7005=CARTESIAN_POINT('',(0.,7.95,28.83));
#7006=CARTESIAN_POINT('',(1.1400000012289,9.76107702685417,28.83));
#7007=CARTESIAN_POINT('',(-1.14000000122854,9.76107702685417,28.83));
#7008=CARTESIAN_POINT('',(-1.1400000012289,5.98022844053916,28.83));
#7009=CARTESIAN_POINT('',(-1.14000000122854,6.13892297314583,28.83));
#7010=CARTESIAN_POINT('',(0.,7.95,28.83));
#7011=CARTESIAN_POINT('',(1.14000000122854,6.13892297314583,28.83));
#7012=CARTESIAN_POINT('',(1.1400000012289,9.91977155946083,28.83));
#7013=CARTESIAN_POINT('',(1.1400000012289,7.95,28.83));
#7014=CARTESIAN_POINT('',(1.4400000012289,5.98022844053916,28.53));
#7015=CARTESIAN_POINT('',(1.33950312387099,6.03124800001637,28.6304968773579));
#7016=CARTESIAN_POINT('',(1.23946513343937,6.08400254148097,28.7305348677895));
#7017=CARTESIAN_POINT('',(1.14000000122844,6.13892297314344,28.8300000000005));
#7018=CARTESIAN_POINT('',(1.4400000012289,9.91977155946084,28.53));
#7019=CARTESIAN_POINT('',(1.33950312387104,9.86875199998366,28.6304968773579));
#7020=CARTESIAN_POINT('',(1.23946513343903,9.81599745851885,28.7305348677899));
#7021=CARTESIAN_POINT('',(1.14000000122815,9.7610770268564,28.8300000000008));
#7022=CARTESIAN_POINT('',(0.,7.95,28.83));
#7023=CARTESIAN_POINT('',(-1.4400000012289,9.91977155946083,28.53));
#7024=CARTESIAN_POINT('',(-1.33950312387098,9.86875199998363,28.6304968773579));
#7025=CARTESIAN_POINT('',(-1.23946513343937,9.81599745851903,28.7305348677895));
#7026=CARTESIAN_POINT('',(-1.14000000122843,9.76107702685656,28.8300000000005));
#7027=CARTESIAN_POINT('',(0.,7.95,28.83));
#7028=CARTESIAN_POINT('',(-1.1400000012289,6.13892297314526,28.83));
#7029=CARTESIAN_POINT('',(-1.23946513343964,6.08400254148294,28.7305348677893));
#7030=CARTESIAN_POINT('',(-1.33950312387117,6.03124800001627,28.6304968773577));
#7031=CARTESIAN_POINT('',(-1.4400000012289,5.98022844053916,28.53));
#7032=CARTESIAN_POINT('',(-1.1400000012289,7.95,28.83));
#7033=CARTESIAN_POINT('',(-2.9,-8.19,16.5));
#7034=CARTESIAN_POINT('',(-2.9,-8.19,17.15));
#7035=CARTESIAN_POINT('',(-2.9,-8.19,15.85));
#7036=CARTESIAN_POINT('',(2.9,-8.19,17.15));
#7037=CARTESIAN_POINT('',(2.9,-8.19,17.15));
#7038=CARTESIAN_POINT('',(-2.9,-8.19,15.85));
#7039=CARTESIAN_POINT('',(2.9,-8.19,15.85));
#7040=CARTESIAN_POINT('',(2.9,-8.19,16.5));
#7041=CARTESIAN_POINT('',(0.0500000000000014,-317.68,16.5));
#7042=CARTESIAN_POINT('',(0.0500000000000014,-36.1,16.5));
#7043=CARTESIAN_POINT('',(0.0500000000000014,-36.1,16.95));
#7044=CARTESIAN_POINT('',(-7.30000000000001,-36.1,18.9));
#7045=CARTESIAN_POINT('',(-1.95,-317.68,16.5));
#7046=CARTESIAN_POINT('',(-1.95,-36.1,16.5));
#7047=CARTESIAN_POINT('',(-1.95,-36.1,16.95));
#7048=CARTESIAN_POINT('',(-7.30000000000001,-36.1,18.9));
#7049=CARTESIAN_POINT('',(-0.95,-317.68,16.5));
#7050=CARTESIAN_POINT('',(-0.95,-36.1,16.5));
#7051=CARTESIAN_POINT('',(-0.95,-36.1,16.95));
#7052=CARTESIAN_POINT('',(-7.30000000000001,-36.1,18.9));
#7053=CARTESIAN_POINT('',(1.05,-317.68,16.5));
#7054=CARTESIAN_POINT('',(1.05,-36.1,16.5));
#7055=CARTESIAN_POINT('',(1.05,-36.1,16.95));
#7056=CARTESIAN_POINT('',(-7.30000000000001,-36.1,18.9));
#7057=CARTESIAN_POINT('',(2.05,-317.68,16.5));
#7058=CARTESIAN_POINT('',(2.05,-36.1,16.5));
#7059=CARTESIAN_POINT('',(2.05,-36.1,16.95));
#7060=CARTESIAN_POINT('',(-7.30000000000001,-36.1,18.9));
#7061=CARTESIAN_POINT('',(3.46944695195362E-15,-2.60208521396521E-15,1.65));
#7062=CARTESIAN_POINT('',(2.09999999999608,-14.0438598682847,1.65));
#7063=CARTESIAN_POINT('',(2.09999999999608,-14.0438598682847,1.65));
#7064=CARTESIAN_POINT('',(3.46944695195362E-15,-2.60208521396521E-15,1.65));
#7065=CARTESIAN_POINT('',(2.1,-14.0438598682841,1.65));
#7066=CARTESIAN_POINT('',(2.1,-14.0438598682841,1.65));
#7067=CARTESIAN_POINT('',(3.46944695195362E-15,-2.60208521396521E-15,1.65));
#7068=CARTESIAN_POINT('',(3.46944695195362E-15,-2.60208521396521E-15,1.65));
#7069=CARTESIAN_POINT('',(3.46944695195362E-15,-2.60208521396521E-15,1.65));
#7070=CARTESIAN_POINT('',(-2.09999999999607,-14.0438598682847,1.65));
#7071=CARTESIAN_POINT('',(-2.09999999999607,-14.0438598682847,1.65));
#7072=CARTESIAN_POINT('',(-2.1,-14.0438598682841,1.65));
#7073=CARTESIAN_POINT('',(-2.1,-14.0438598682841,1.65));
#7074=CARTESIAN_POINT('',(0.,0.,1.65));
#7075=CARTESIAN_POINT('',(0.,0.,347.082183837891));
#7076=CARTESIAN_POINT('',(0.,0.,0.));
#7077=CARTESIAN_POINT('',(-86.5373075418988,-86.5373075418988,347.082183837891));
#7078=CARTESIAN_POINT('',(0.,-2223.30786132812,0.));
#7079=CARTESIAN_POINT('',(0.,0.,0.));
#7080=CARTESIAN_POINT('',(-554.332907637621,-554.332907637621,2223.30786132812));
#7081=CARTESIAN_POINT('',(2223.30786132812,0.,0.));
#7082=CARTESIAN_POINT('',(0.,0.,0.));
#7083=CARTESIAN_POINT('',(-554.332907637621,-554.332907637621,2223.30786132812));
#7084=CARTESIAN_POINT('',(0.,2223.30786132812,0.));
#7085=CARTESIAN_POINT('',(0.,0.,0.));
#7086=CARTESIAN_POINT('',(-554.332907637621,-554.332907637621,2223.30786132812));
#7087=CARTESIAN_POINT('',(0.,0.,-347.082183837891));
#7088=CARTESIAN_POINT('',(0.,0.,0.));
#7089=CARTESIAN_POINT('',(-86.5373075418988,-86.5373075418988,347.082183837891));
#7090=CARTESIAN_POINT('',(-2223.30786132812,0.,0.));
#7091=CARTESIAN_POINT('',(0.,0.,0.));
#7092=CARTESIAN_POINT('',(-554.332907637621,-554.332907637621,2223.30786132812));
#7093=CARTESIAN_POINT('',(1260.7587890625,-1260.7587890625,1260.7587890625));
#7094=CARTESIAN_POINT('',(0.,0.,0.));
#7095=CARTESIAN_POINT('',(-544.457129538967,-544.457129538967,2183.69827874526));
#7096=CARTESIAN_POINT('',(1656.7209663929,-1348.30797048634,865.194319433617));
#7097=CARTESIAN_POINT('',(0.,0.,0.));
#7098=CARTESIAN_POINT('',(-574.60341268729,-574.60341268729,2304.60841666063));
#7099=CARTESIAN_POINT('',(1.72084568816899E-15,-6.19843089181713E-16,21.85));
#7100=CARTESIAN_POINT('',(0.,0.,0.));
#7101=CARTESIAN_POINT('',(0.,0.,39.6));
#7102=CARTESIAN_POINT('',(9.67330924658688,-10.3955321277892,39.6));
#7103=CARTESIAN_POINT('',(-9.67330924658688,-10.3955321277892,39.6));
#7104=CARTESIAN_POINT('',(-9.67330924658688,-10.3955321277892,0.));
#7105=CARTESIAN_POINT('',(-9.67330924658688,-10.3955321277892,11.4));
#7106=CARTESIAN_POINT('',(0.,0.,11.4));
#7107=CARTESIAN_POINT('',(9.67330924658688,-10.3955321277892,11.4));
#7108=CARTESIAN_POINT('',(9.67330924658688,-10.3955321277892,0.));
#7109=CARTESIAN_POINT('',(-9.3804773556627,-10.66051802587,46.2));
#7110=CARTESIAN_POINT('',(-9.38047735569184,-11.0680197122001,40.));
#7111=CARTESIAN_POINT('',(-9.38047735569184,-11.0680197122001,11.0915743178348));
#7112=CARTESIAN_POINT('',(-9.38047735569184,-11.0680197122001,39.6));
#7113=CARTESIAN_POINT('',(-9.38047735582719,-12.9605180257253,39.6));
#7114=CARTESIAN_POINT('',(-9.38047735582719,-12.9605180257253,39.6));
#7115=CARTESIAN_POINT('',(-9.38047735582719,-12.9605180257253,46.2));
#7116=CARTESIAN_POINT('',(-9.38047735582719,-12.9605180257253,11.));
#7117=CARTESIAN_POINT('',(-9.3804773556627,-10.66051802587,11.));
#7118=CARTESIAN_POINT('',(-9.38047735570041,-11.1877899772768,11.));
#7119=CARTESIAN_POINT('',(-9.38047735556792,-11.1877899772768,11.));
#7120=CARTESIAN_POINT('',(-9.38047735556506,-11.1478993519329,11.0305676670324));
#7121=CARTESIAN_POINT('',(-9.3804773556947,-11.1079761917013,11.0610927816091));
#7122=CARTESIAN_POINT('',(-9.38047735569184,-11.0680197122001,11.0915743178348));
#7123=CARTESIAN_POINT('',(-9.38047735582719,-12.9605180257253,46.2));
#7124=CARTESIAN_POINT('',(-7.55,-14.6632665831476,39.6));
#7125=CARTESIAN_POINT('',(-7.84287637693235,-14.3908268139601,39.6));
#7126=CARTESIAN_POINT('',(-7.84287637693235,-14.3908268139601,46.2));
#7127=CARTESIAN_POINT('',(-7.84287637693235,-14.3908268139601,11.));
#7128=CARTESIAN_POINT('',(-9.38047735582719,-12.9605180257253,11.));
#7129=CARTESIAN_POINT('',(-7.55,-14.6632665831476,46.2));
#7130=CARTESIAN_POINT('',(-7.55,-15.0632665831476,46.2));
#7131=CARTESIAN_POINT('',(-7.55,-15.0632665831476,11.));
#7132=CARTESIAN_POINT('',(-7.55,-15.0632665831476,39.6));
#7133=CARTESIAN_POINT('',(-7.55,-17.3,39.6));
#7134=CARTESIAN_POINT('',(-7.55,-17.3,39.6));
#7135=CARTESIAN_POINT('',(-7.55,-17.3,46.2));
#7136=CARTESIAN_POINT('',(-7.55,-17.3,11.));
#7137=CARTESIAN_POINT('',(-7.55,-14.6632665831476,11.));
#7138=CARTESIAN_POINT('',(-7.55,-17.3,46.2));
#7139=CARTESIAN_POINT('',(3.9,-17.3,40.));
#7140=CARTESIAN_POINT('',(3.9,-17.3,35.6));
#7141=CARTESIAN_POINT('',(3.9,-17.3,39.6));
#7142=CARTESIAN_POINT('',(7.55,-17.3,39.6));
#7143=CARTESIAN_POINT('',(7.55,-17.3,39.6));
#7144=CARTESIAN_POINT('',(7.55,-17.3,46.2));
#7145=CARTESIAN_POINT('',(7.55,-17.3,11.));
#7146=CARTESIAN_POINT('',(-7.55,-17.3,11.));
#7147=CARTESIAN_POINT('',(-3.5,-17.3,39.6));
#7148=CARTESIAN_POINT('',(-3.9,-17.3,39.6));
#7149=CARTESIAN_POINT('',(-3.9,-17.3,36.));
#7150=CARTESIAN_POINT('',(-3.9,-17.3,35.6));
#7151=CARTESIAN_POINT('',(3.5,-17.3,35.6));
#7152=CARTESIAN_POINT('',(7.55,-17.3,46.2));
#7153=CARTESIAN_POINT('',(7.55,-14.6632665831476,39.6));
#7154=CARTESIAN_POINT('',(7.55,-15.0632665831476,39.6));
#7155=CARTESIAN_POINT('',(7.55,-15.0632665831476,46.2));
#7156=CARTESIAN_POINT('',(7.55,-15.0632665831476,11.));
#7157=CARTESIAN_POINT('',(7.55,-17.3,11.));
#7158=CARTESIAN_POINT('',(7.55,-14.6632665831476,46.2));
#7159=CARTESIAN_POINT('',(7.55,-14.6632665831476,11.));
#7160=CARTESIAN_POINT('',(9.38047735582719,-12.9605180257253,11.));
#7161=CARTESIAN_POINT('',(7.84287637693235,-14.3908268139601,11.));
#7162=CARTESIAN_POINT('',(7.84287637693235,-14.3908268139601,46.2));
#7163=CARTESIAN_POINT('',(7.84287637693235,-14.3908268139601,39.6));
#7164=CARTESIAN_POINT('',(9.38047735582719,-12.9605180257253,39.6));
#7165=CARTESIAN_POINT('',(9.38047735582719,-12.9605180257253,39.6));
#7166=CARTESIAN_POINT('',(9.38047735582719,-12.9605180257253,46.2));
#7167=CARTESIAN_POINT('',(9.38047735582719,-12.9605180257253,46.2));
#7168=CARTESIAN_POINT('',(9.38047735569185,-11.0680197122001,11.));
#7169=CARTESIAN_POINT('',(9.38047735569185,-11.0680197122001,39.6));
#7170=CARTESIAN_POINT('',(9.38047735569185,-11.0680197122001,11.0915743178348));
#7171=CARTESIAN_POINT('',(9.38047735569185,-11.0680197122001,11.0915743178348));
#7172=CARTESIAN_POINT('',(9.3804773556947,-11.1079761916545,11.0610927816447));
#7173=CARTESIAN_POINT('',(9.38047735569756,-11.1478993517982,11.0305676670501));
#7174=CARTESIAN_POINT('',(9.38047735570041,-11.1877899770956,11.0000000000537));
#7175=CARTESIAN_POINT('',(9.38047735570041,-11.1877899770547,11.));
#7176=CARTESIAN_POINT('',(9.38047735582719,-12.9605180257253,11.));
#7177=CARTESIAN_POINT('',(9.38047735566271,-10.66051802587,39.6));
#7178=CARTESIAN_POINT('',(0.,0.,0.));
#7179=CARTESIAN_POINT('',(0.,0.,39.6));
#7180=CARTESIAN_POINT('',(-3.89478557554437,-23.8845273204334,39.6));
#7181=CARTESIAN_POINT('',(3.89478557554435,-23.8845273204334,39.6));
#7182=CARTESIAN_POINT('',(3.89478557554435,-23.8845273204334,0.));
#7183=CARTESIAN_POINT('',(3.89478557554435,-23.8845273204334,35.6));
#7184=CARTESIAN_POINT('',(0.,0.,35.6));
#7185=CARTESIAN_POINT('',(-3.89478557554437,-23.8845273204334,35.6));
#7186=CARTESIAN_POINT('',(-3.89478557554437,-23.8845273204334,0.));
#7187=CARTESIAN_POINT('',(0.,0.,25.));
#7188=CARTESIAN_POINT('',(-5.85417224027294,-23.481240754722,25.));
#7189=CARTESIAN_POINT('',(-7.09676704379021,-23.1360302888411,25.));
#7190=CARTESIAN_POINT('',(-5.85417224027294,-23.481240754722,25.));
#7191=CARTESIAN_POINT('',(-5.57548384692517,-23.5507213189335,24.794917831736));
#7192=CARTESIAN_POINT('',(-5.26791933924626,-23.6223763951344,24.6));
#7193=CARTESIAN_POINT('',(-4.91810657015833,-23.6949831771319,24.6));
#7194=CARTESIAN_POINT('',(-4.91810657015833,-23.6949831771319,24.6));
#7195=CARTESIAN_POINT('',(-4.91810657015833,-23.6949831771319,0.));
#7196=CARTESIAN_POINT('',(-4.91810657015833,-23.6949831771319,20.4));
#7197=CARTESIAN_POINT('',(-4.91810657015833,-23.6949831771319,20.4));
#7198=CARTESIAN_POINT('',(-5.26669497509161,-23.6226305229111,20.4));
#7199=CARTESIAN_POINT('',(-5.57546760070153,-23.5507253693238,20.205094123591));
#7200=CARTESIAN_POINT('',(-5.85417224027307,-23.481240754722,20.0000000000002));
#7201=CARTESIAN_POINT('',(-5.85417224027294,-23.481240754722,20.));
#7202=CARTESIAN_POINT('',(0.,0.,20.));
#7203=CARTESIAN_POINT('',(-7.0967670437902,-23.1360302888411,20.));
#7204=CARTESIAN_POINT('',(0.,0.,20.4));
#7205=CARTESIAN_POINT('',(-7.47821126386363,-23.015567694346,20.4));
#7206=CARTESIAN_POINT('',(-7.47821126386363,-23.015567694346,20.));
#7207=CARTESIAN_POINT('',(-7.47821126386363,-23.015567694346,24.6));
#7208=CARTESIAN_POINT('',(0.,0.,24.6));
#7209=CARTESIAN_POINT('',(0.,0.,18.));
#7210=CARTESIAN_POINT('',(-24.2,0.,18.));
#7211=CARTESIAN_POINT('',(0.,0.,29.));
#7212=CARTESIAN_POINT('',(5.85417224027295,-23.481240754722,29.));
#7213=CARTESIAN_POINT('',(7.0967670437902,-23.1360302888411,29.));
#7214=CARTESIAN_POINT('',(5.85417224027295,-23.481240754722,29.));
#7215=CARTESIAN_POINT('',(5.57548384692519,-23.5507213189335,29.205082168264));
#7216=CARTESIAN_POINT('',(5.26791933924627,-23.6223763951344,29.4));
#7217=CARTESIAN_POINT('',(4.91810657015835,-23.6949831771319,29.4));
#7218=CARTESIAN_POINT('',(4.91810657015835,-23.6949831771319,29.4));
#7219=CARTESIAN_POINT('',(4.91810657015835,-23.6949831771319,0.));
#7220=CARTESIAN_POINT('',(4.91810657015835,-23.6949831771319,33.6));
#7221=CARTESIAN_POINT('',(4.91810657015835,-23.6949831771319,33.6));
#7222=CARTESIAN_POINT('',(5.26669497509163,-23.6226305229111,33.6));
#7223=CARTESIAN_POINT('',(5.57546760070155,-23.5507253693238,33.794905876409));
#7224=CARTESIAN_POINT('',(5.85417224027309,-23.481240754722,33.9999999999998));
#7225=CARTESIAN_POINT('',(5.85417224027295,-23.481240754722,34.));
#7226=CARTESIAN_POINT('',(0.,0.,34.));
#7227=CARTESIAN_POINT('',(7.0967670437902,-23.1360302888411,34.));
#7228=CARTESIAN_POINT('',(0.,0.,33.6));
#7229=CARTESIAN_POINT('',(7.4782112638737,-23.0155676943428,33.6));
#7230=CARTESIAN_POINT('',(7.4782112638737,-23.0155676943428,29.));
#7231=CARTESIAN_POINT('',(7.4782112638737,-23.0155676943428,29.4));
#7232=CARTESIAN_POINT('',(0.,0.,29.4));
#7233=CARTESIAN_POINT('',(14.2,0.,40.));
#7234=CARTESIAN_POINT('',(7.82243976918758,-14.95614296008,40.));
#7235=CARTESIAN_POINT('',(9.78047735583964,-13.1347351915343,40.));
#7236=CARTESIAN_POINT('',(7.95,-14.8374837489683,40.));
#7237=CARTESIAN_POINT('',(7.95,-17.3,40.));
#7238=CARTESIAN_POINT('',(7.95,-17.7,40.));
#7239=CARTESIAN_POINT('',(3.5,-17.7,40.));
#7240=CARTESIAN_POINT('',(3.9,-17.7,40.));
#7241=CARTESIAN_POINT('',(3.9,0.,40.));
#7242=CARTESIAN_POINT('',(3.9,-23.4782878421745,40.));
#7243=CARTESIAN_POINT('',(0.,0.,40.));
#7244=CARTESIAN_POINT('',(-3.9,-23.4782878421745,40.));
#7245=CARTESIAN_POINT('',(-3.9,0.,40.));
#7246=CARTESIAN_POINT('',(-3.9,-17.7,40.));
#7247=CARTESIAN_POINT('',(-7.55,-17.7,40.));
#7248=CARTESIAN_POINT('',(-7.95,-17.7,40.));
#7249=CARTESIAN_POINT('',(-7.95,-14.6632665831476,40.));
#7250=CARTESIAN_POINT('',(-7.95,-14.8374837489683,40.));
#7251=CARTESIAN_POINT('',(-9.65291712501476,-13.2533944026576,40.));
#7252=CARTESIAN_POINT('',(-9.78047735583965,-13.1347351915343,40.));
#7253=CARTESIAN_POINT('',(-9.78047735566271,-10.6605180258414,40.));
#7254=CARTESIAN_POINT('',(-9.78047735567553,-10.83984606418,40.));
#7255=CARTESIAN_POINT('',(0.,0.,40.));
#7256=CARTESIAN_POINT('',(9.78047735567553,-10.83984606418,40.));
#7257=CARTESIAN_POINT('',(9.78047735582718,-12.9605180256967,40.));
#7258=CARTESIAN_POINT('',(-17.35,0.,40.));
#7259=CARTESIAN_POINT('',(-19.3,0.,40.));
#7260=CARTESIAN_POINT('',(17.35,0.,40.));
#7261=CARTESIAN_POINT('',(15.4,0.,40.));
#7262=CARTESIAN_POINT('',(49.2,0.,1.73472347597681E-15));
#7263=CARTESIAN_POINT('',(0.,0.,1.73472347597681E-15));
#7264=CARTESIAN_POINT('',(29.6,0.,1.73472347597681E-15));
#7265=CARTESIAN_POINT('',(0.,0.,1.73472347597681E-15));
#7266=CARTESIAN_POINT('',(48.8,0.,1.73472347597681E-15));
#7267=CARTESIAN_POINT('',(41.,0.,1.73472347597681E-15));
#7268=CARTESIAN_POINT('',(47.6,0.,1.73472347597681E-15));
#7269=CARTESIAN_POINT('',(-3.49655200626575E-15,-41.,1.73472347597681E-15));
#7270=CARTESIAN_POINT('',(6.59999999999999,-41.,1.73472347597681E-15));
#7271=CARTESIAN_POINT('',(-41.,0.,1.73472347597681E-15));
#7272=CARTESIAN_POINT('',(-34.4,0.,1.73472347597681E-15));
#7273=CARTESIAN_POINT('',(0.,41.,1.73472347597681E-15));
#7274=CARTESIAN_POINT('',(6.6,41.,1.73472347597681E-15));
#7275=CARTESIAN_POINT('',(0.,0.,18.));
#7276=CARTESIAN_POINT('',(0.,0.,15.));
#7277=CARTESIAN_POINT('',(-27.2,0.,15.));
#7278=CARTESIAN_POINT('',(27.2,0.,15.));
#7279=CARTESIAN_POINT('',(0.,0.,15.));
#7280=CARTESIAN_POINT('',(-48.8,0.,15.));
#7281=CARTESIAN_POINT('',(0.,0.,0.));
#7282=CARTESIAN_POINT('',(0.,0.,0.400000000000002));
#7283=CARTESIAN_POINT('',(49.2,0.,0.400000000000002));
#7284=CARTESIAN_POINT('',(0.,0.,14.6));
#7285=CARTESIAN_POINT('',(-49.2,0.,14.6));
#7286=CARTESIAN_POINT('',(17.35,0.,40.));
#7287=CARTESIAN_POINT('',(17.35,0.,41.9425184053937));
#7288=CARTESIAN_POINT('',(15.7425184053937,0.,41.9425184053937));
#7289=CARTESIAN_POINT('',(17.35,0.,42.));
#7290=CARTESIAN_POINT('',(17.35,0.,42.));
#7291=CARTESIAN_POINT('',(15.8,0.,42.));
#7292=CARTESIAN_POINT('',(-17.35,0.,40.));
#7293=CARTESIAN_POINT('',(-17.35,0.,41.9425184053937));
#7294=CARTESIAN_POINT('',(-15.7425184053937,0.,41.9425184053937));
#7295=CARTESIAN_POINT('',(-17.35,0.,42.));
#7296=CARTESIAN_POINT('',(-17.35,0.,42.));
#7297=CARTESIAN_POINT('',(-15.8,0.,42.));
#7298=CARTESIAN_POINT('',(0.,41.,1.));
#7299=CARTESIAN_POINT('',(0.,41.,0.600000000000002));
#7300=CARTESIAN_POINT('',(6.,41.,0.600000000000002));
#7301=CARTESIAN_POINT('',(0.,41.,1.));
#7302=CARTESIAN_POINT('',(6.,41.,1.));
#7303=CARTESIAN_POINT('',(0.,41.,1.));
#7304=CARTESIAN_POINT('',(-3.49655200626575E-15,-41.,1.));
#7305=CARTESIAN_POINT('',(-3.49655200626575E-15,-41.,0.600000000000002));
#7306=CARTESIAN_POINT('',(6.,-41.,0.600000000000002));
#7307=CARTESIAN_POINT('',(-3.49655200626575E-15,-41.,1.));
#7308=CARTESIAN_POINT('',(-6.,-41.,1.));
#7309=CARTESIAN_POINT('',(-3.49655200626575E-15,-41.,1.));
#7310=CARTESIAN_POINT('',(-41.,0.,1.));
#7311=CARTESIAN_POINT('',(-41.,0.,0.600000000000002));
#7312=CARTESIAN_POINT('',(-35.,0.,0.600000000000002));
#7313=CARTESIAN_POINT('',(-41.,0.,1.));
#7314=CARTESIAN_POINT('',(-41.,6.,1.));
#7315=CARTESIAN_POINT('',(-41.,0.,1.));
#7316=CARTESIAN_POINT('',(41.,0.,1.));
#7317=CARTESIAN_POINT('',(41.,0.,0.600000000000002));
#7318=CARTESIAN_POINT('',(47.,0.,0.600000000000002));
#7319=CARTESIAN_POINT('',(41.,0.,1.));
#7320=CARTESIAN_POINT('',(41.,-6.,1.));
#7321=CARTESIAN_POINT('',(41.,0.,1.));
#7322=CARTESIAN_POINT('',(41.,0.,1.73472347597681E-15));
#7323=CARTESIAN_POINT('',(-3.49655200626575E-15,-41.,1.73472347597681E-15));
#7324=CARTESIAN_POINT('',(-41.,0.,1.73472347597681E-15));
#7325=CARTESIAN_POINT('',(0.,41.,0.600000000000002));
#7326=CARTESIAN_POINT('',(-3.5,-54.12,36.));
#7327=CARTESIAN_POINT('',(-3.5,-54.12,39.6));
#7328=CARTESIAN_POINT('',(-3.5,-17.7,39.6));
#7329=CARTESIAN_POINT('',(-3.5,-23.5489039415168,39.6));
#7330=CARTESIAN_POINT('',(-3.5,-23.5489039415168,36.));
#7331=CARTESIAN_POINT('',(-3.5,-23.5489039415168,35.9924197605634));
#7332=CARTESIAN_POINT('',(-3.5,-23.5489039415168,35.9924197605634));
#7333=CARTESIAN_POINT('',(-3.5,-23.5463494350868,35.9949465115351));
#7334=CARTESIAN_POINT('',(-3.5,-23.5437949242142,35.9974732580154));
#7335=CARTESIAN_POINT('',(-3.5,-23.5412404088947,36.));
#7336=CARTESIAN_POINT('',(-3.5,-23.5412404088947,36.));
#7337=CARTESIAN_POINT('',(-3.5,-54.12,36.));
#7338=CARTESIAN_POINT('',(-3.5,-17.7,36.));
#7339=CARTESIAN_POINT('',(-3.5,-17.7,40.));
#7340=CARTESIAN_POINT('',(3.5,-54.12,40.));
#7341=CARTESIAN_POINT('',(3.5,-54.12,39.6));
#7342=CARTESIAN_POINT('',(3.5,-23.5489039415168,39.6));
#7343=CARTESIAN_POINT('',(3.5,-17.7,39.6));
#7344=CARTESIAN_POINT('',(3.5,-17.7,36.));
#7345=CARTESIAN_POINT('',(3.5,-17.7,36.));
#7346=CARTESIAN_POINT('',(3.5,-54.12,36.));
#7347=CARTESIAN_POINT('',(3.5,-23.5412404088947,36.));
#7348=CARTESIAN_POINT('',(3.5,-23.5412404088947,36.));
#7349=CARTESIAN_POINT('',(3.5,-23.5437949242142,35.9974732580154));
#7350=CARTESIAN_POINT('',(3.5,-23.5463494350868,35.9949465115351));
#7351=CARTESIAN_POINT('',(3.5,-23.5489039415168,35.9924197605634));
#7352=CARTESIAN_POINT('',(3.5,-23.5489039415168,35.9924197605634));
#7353=CARTESIAN_POINT('',(3.5,-23.5489039415168,40.));
#7354=CARTESIAN_POINT('',(3.5,-54.12,36.));
#7355=CARTESIAN_POINT('',(0.,0.,36.));
#7356=CARTESIAN_POINT('',(-3.5,-17.7,36.));
#7357=CARTESIAN_POINT('',(7.4782112638737,-23.0155676943428,29.));
#7358=CARTESIAN_POINT('',(8.38250961404568,-25.7987118393619,29.));
#7359=CARTESIAN_POINT('',(8.38250961404568,-25.7987118393619,33.6));
#7360=CARTESIAN_POINT('',(8.38250961404568,-25.7987118393619,29.4));
#7361=CARTESIAN_POINT('',(7.47821126387367,-23.0155676943427,29.4));
#7362=CARTESIAN_POINT('',(7.4782112638737,-23.0155676943428,33.6));
#7363=CARTESIAN_POINT('',(0.,0.,29.));
#7364=CARTESIAN_POINT('',(-6.05497307703393,-28.565316400075,29.));
#7365=CARTESIAN_POINT('',(-6.05497307703393,-28.565316400075,33.6));
#7366=CARTESIAN_POINT('',(-6.05497307703393,-28.565316400075,29.4));
#7367=CARTESIAN_POINT('',(0.,0.,29.4));
#7368=CARTESIAN_POINT('',(6.9568963300918,-28.3591536095906,29.4));
#7369=CARTESIAN_POINT('',(6.9568963300918,-28.3591536095906,29.));
#7370=CARTESIAN_POINT('',(6.9568963300918,-28.3591536095906,33.6));
#7371=CARTESIAN_POINT('',(0.,0.,33.6));
#7372=CARTESIAN_POINT('',(-7.06411935185945,-28.332635207172,29.));
#7373=CARTESIAN_POINT('',(-6.57582696322902,-26.3742014049652,29.));
#7374=CARTESIAN_POINT('',(-6.57582696322902,-26.3742014049652,33.6));
#7375=CARTESIAN_POINT('',(-6.57582696322902,-26.3742014049652,29.4));
#7376=CARTESIAN_POINT('',(-6.8179067116277,-27.3451302441869,29.4));
#7377=CARTESIAN_POINT('',(-6.8179067116277,-27.3451302441869,29.4));
#7378=CARTESIAN_POINT('',(-6.8179067116277,-27.3451302441869,29.));
#7379=CARTESIAN_POINT('',(-6.8179067116277,-27.3451302441869,33.6));
#7380=CARTESIAN_POINT('',(-7.06411935185945,-28.332635207172,33.6));
#7381=CARTESIAN_POINT('',(0.,0.,29.));
#7382=CARTESIAN_POINT('',(5.32456165860119,-25.6532462496222,29.));
#7383=CARTESIAN_POINT('',(5.32456165860119,-25.6532462496222,33.6));
#7384=CARTESIAN_POINT('',(5.32456165860119,-25.6532462496222,29.4));
#7385=CARTESIAN_POINT('',(0.,0.,29.4));
#7386=CARTESIAN_POINT('',(-5.39944552971498,-25.6375893557027,29.4));
#7387=CARTESIAN_POINT('',(-5.39944552971498,-25.6375893557027,29.));
#7388=CARTESIAN_POINT('',(-5.39944552971498,-25.6375893557027,33.6));
#7389=CARTESIAN_POINT('',(0.,0.,33.6));
#7390=CARTESIAN_POINT('',(0.,0.,29.));
#7391=CARTESIAN_POINT('',(0.,0.,29.));
#7392=CARTESIAN_POINT('',(-5.48187981261139,-26.0290029336524,29.));
#7393=CARTESIAN_POINT('',(5.40585267628975,-26.0448988641202,29.));
#7394=CARTESIAN_POINT('',(5.12133411437977,-24.6741147133771,29.));
#7395=CARTESIAN_POINT('',(8.00208700752762,-25.9223186371119,29.));
#7396=CARTESIAN_POINT('',(8.00208700752762,-25.9223186371119,29.));
#7397=CARTESIAN_POINT('',(6.48039658145537,-26.4167458281118,29.));
#7398=CARTESIAN_POINT('',(6.86159638036451,-27.9706720532948,29.));
#7399=CARTESIAN_POINT('',(0.,0.,29.));
#7400=CARTESIAN_POINT('',(-5.97202824036223,-28.1740106959644,29.));
#7401=CARTESIAN_POINT('',(-5.84761098535468,-27.5870521397985,29.));
#7402=CARTESIAN_POINT('',(-6.42978842111849,-27.4418990024315,29.));
#7403=CARTESIAN_POINT('',(-6.18770867271982,-26.4709701632099,29.));
#7404=CARTESIAN_POINT('',(-6.18770867271981,-26.4709701632099,29.));
#7405=CARTESIAN_POINT('',(-5.60553123695601,-26.6161233005769,29.));
#7406=CARTESIAN_POINT('',(0.,0.,34.));
#7407=CARTESIAN_POINT('',(5.12133411437977,-24.6741147133771,34.));
#7408=CARTESIAN_POINT('',(5.40585267628975,-26.0448988641202,34.));
#7409=CARTESIAN_POINT('',(0.,0.,34.));
#7410=CARTESIAN_POINT('',(-5.48187981261139,-26.0290029336524,34.));
#7411=CARTESIAN_POINT('',(-5.60553123695601,-26.6161233005769,34.));
#7412=CARTESIAN_POINT('',(-6.18770867271981,-26.4709701632099,34.));
#7413=CARTESIAN_POINT('',(0.388118290509132,-0.0967687582446306,34.));
#7414=CARTESIAN_POINT('',(-6.42978842111849,-27.4418990024315,34.));
#7415=CARTESIAN_POINT('',(-5.84761098535468,-27.5870521397985,34.));
#7416=CARTESIAN_POINT('',(-5.97202824036223,-28.1740106959644,34.));
#7417=CARTESIAN_POINT('',(0.,0.,34.));
#7418=CARTESIAN_POINT('',(6.86159638036451,-27.9706720532948,34.));
#7419=CARTESIAN_POINT('',(6.48039658145537,-26.4167458281118,34.));
#7420=CARTESIAN_POINT('',(8.00208700752762,-25.9223186371119,34.));
#7421=CARTESIAN_POINT('',(-0.380422606518064,-0.123606797749979,34.));
#7422=CARTESIAN_POINT('',(-7.47821126388917,-23.0155676943904,20.));
#7423=CARTESIAN_POINT('',(-7.47821126388917,-23.0155676943904,20.4));
#7424=CARTESIAN_POINT('',(-8.38250961404568,-25.7987118393619,20.4));
#7425=CARTESIAN_POINT('',(-8.38250961404568,-25.7987118393619,20.));
#7426=CARTESIAN_POINT('',(-8.38250961404568,-25.7987118393619,24.6));
#7427=CARTESIAN_POINT('',(-7.47821126387367,-23.0155676943427,24.6));
#7428=CARTESIAN_POINT('',(0.,0.,20.));
#7429=CARTESIAN_POINT('',(-6.95689633009179,-28.3591536095906,20.));
#7430=CARTESIAN_POINT('',(-6.95689633009179,-28.3591536095906,24.6));
#7431=CARTESIAN_POINT('',(-6.95689633009179,-28.3591536095906,20.4));
#7432=CARTESIAN_POINT('',(0.,0.,20.4));
#7433=CARTESIAN_POINT('',(6.05497307703394,-28.565316400075,20.4));
#7434=CARTESIAN_POINT('',(6.05497307703394,-28.565316400075,20.));
#7435=CARTESIAN_POINT('',(6.05497307703394,-28.565316400075,24.6));
#7436=CARTESIAN_POINT('',(0.,0.,24.6));
#7437=CARTESIAN_POINT('',(7.06411935185945,-28.332635207172,20.));
#7438=CARTESIAN_POINT('',(6.81790671162771,-27.3451302441869,20.));
#7439=CARTESIAN_POINT('',(6.81790671162771,-27.3451302441869,24.6));
#7440=CARTESIAN_POINT('',(6.81790671162771,-27.3451302441869,20.4));
#7441=CARTESIAN_POINT('',(7.06411935185945,-28.332635207172,20.4));
#7442=CARTESIAN_POINT('',(6.57582696322905,-26.3742014049652,20.4));
#7443=CARTESIAN_POINT('',(6.57582696322905,-26.3742014049652,20.));
#7444=CARTESIAN_POINT('',(6.57582696322905,-26.3742014049652,24.6));
#7445=CARTESIAN_POINT('',(6.81790671162771,-27.3451302441869,24.6));
#7446=CARTESIAN_POINT('',(0.,0.,20.));
#7447=CARTESIAN_POINT('',(5.399445529715,-25.6375893557027,20.));
#7448=CARTESIAN_POINT('',(5.399445529715,-25.6375893557027,24.6));
#7449=CARTESIAN_POINT('',(5.399445529715,-25.6375893557027,20.4));
#7450=CARTESIAN_POINT('',(0.,0.,20.4));
#7451=CARTESIAN_POINT('',(-5.32456165860117,-25.6532462496222,20.4));
#7452=CARTESIAN_POINT('',(-5.32456165860117,-25.6532462496222,20.));
#7453=CARTESIAN_POINT('',(-5.32456165860117,-25.6532462496222,24.6));
#7454=CARTESIAN_POINT('',(0.,0.,24.6));
#7455=CARTESIAN_POINT('',(0.,0.,20.));
#7456=CARTESIAN_POINT('',(-5.12133411437975,-24.6741147133771,20.));
#7457=CARTESIAN_POINT('',(-5.40585267628973,-26.0448988641202,20.));
#7458=CARTESIAN_POINT('',(0.,0.,20.));
#7459=CARTESIAN_POINT('',(5.48187981261141,-26.0290029336524,20.));
#7460=CARTESIAN_POINT('',(5.60553123695603,-26.6161233005769,20.));
#7461=CARTESIAN_POINT('',(6.18770867271984,-26.4709701632099,20.));
#7462=CARTESIAN_POINT('',(-0.388118290508702,-0.0967687582445169,20.));
#7463=CARTESIAN_POINT('',(6.42978842111851,-27.4418990024315,20.));
#7464=CARTESIAN_POINT('',(5.84761098535469,-27.5870521397985,20.));
#7465=CARTESIAN_POINT('',(5.97202824036224,-28.1740106959644,20.));
#7466=CARTESIAN_POINT('',(0.,0.,20.));
#7467=CARTESIAN_POINT('',(-6.86159638036451,-27.9706720532948,20.));
#7468=CARTESIAN_POINT('',(-6.48039658145537,-26.4167458281118,20.));
#7469=CARTESIAN_POINT('',(-8.00208700752762,-25.9223186371119,20.));
#7470=CARTESIAN_POINT('',(0.380422606518056,-0.123606797749976,20.));
#7471=CARTESIAN_POINT('',(0.,0.,25.));
#7472=CARTESIAN_POINT('',(0.,0.,25.));
#7473=CARTESIAN_POINT('',(5.48187981261141,-26.0290029336524,25.));
#7474=CARTESIAN_POINT('',(-5.40585267628973,-26.0448988641202,25.));
#7475=CARTESIAN_POINT('',(-5.12133411437975,-24.6741147133771,25.));
#7476=CARTESIAN_POINT('',(-8.00208700752762,-25.9223186371119,25.));
#7477=CARTESIAN_POINT('',(-8.00208700752762,-25.9223186371119,25.));
#7478=CARTESIAN_POINT('',(-6.48039658145537,-26.4167458281118,25.));
#7479=CARTESIAN_POINT('',(-6.86159638036451,-27.9706720532948,25.));
#7480=CARTESIAN_POINT('',(0.,0.,25.));
#7481=CARTESIAN_POINT('',(5.97202824036224,-28.1740106959644,25.));
#7482=CARTESIAN_POINT('',(5.84761098535469,-27.5870521397985,25.));
#7483=CARTESIAN_POINT('',(6.42978842111851,-27.4418990024315,25.));
#7484=CARTESIAN_POINT('',(6.18770867271984,-26.4709701632099,25.));
#7485=CARTESIAN_POINT('',(6.18770867271984,-26.4709701632099,25.));
#7486=CARTESIAN_POINT('',(5.60553123695603,-26.6161233005769,25.));
#7487=CARTESIAN_POINT('',(0.,0.,11.));
#7488=CARTESIAN_POINT('',(-19.35,0.,11.));
#7489=CARTESIAN_POINT('',(-20.45,0.,11.));
#7490=CARTESIAN_POINT('',(19.35,0.,11.));
#7491=CARTESIAN_POINT('',(18.25,0.,11.));
#7492=CARTESIAN_POINT('',(0.,0.,11.));
#7493=CARTESIAN_POINT('',(29.2,3.57596865351027E-15,11.));
#7494=CARTESIAN_POINT('',(11.8607439987558,-5.16586300996825,11.));
#7495=CARTESIAN_POINT('',(0.,0.,11.));
#7496=CARTESIAN_POINT('',(-11.8607439987558,-5.16586300996825,11.));
#7497=CARTESIAN_POINT('',(0.,0.,11.));
#7498=CARTESIAN_POINT('',(0.,0.,0.400000000000001));
#7499=CARTESIAN_POINT('',(29.2,0.,0.400000000000001));
#7500=CARTESIAN_POINT('',(19.35,0.,12.));
#7501=CARTESIAN_POINT('',(19.35,0.,12.));
#7502=CARTESIAN_POINT('',(20.45,0.,12.));
#7503=CARTESIAN_POINT('',(19.35,0.,13.1));
#7504=CARTESIAN_POINT('',(19.35,0.,0.));
#7505=CARTESIAN_POINT('',(-19.35,0.,12.));
#7506=CARTESIAN_POINT('',(-19.35,0.,12.));
#7507=CARTESIAN_POINT('',(-18.25,0.,12.));
#7508=CARTESIAN_POINT('',(-19.35,0.,13.1));
#7509=CARTESIAN_POINT('',(-19.35,0.,0.));
#7510=CARTESIAN_POINT('',(17.35,0.,41.6));
#7511=CARTESIAN_POINT('',(-17.35,0.,42.));
#7512=CARTESIAN_POINT('',(0.,0.,0.400000000000001));
#7513=CARTESIAN_POINT('',(0.,0.,1.73472347597681E-15));
#7514=CARTESIAN_POINT('',(0.,0.,14.6));
#7515=CARTESIAN_POINT('',(-7.55,-15.0632665831476,46.2));
#7516=CARTESIAN_POINT('',(-7.69643818846618,-14.7270466985538,39.6));
#7517=CARTESIAN_POINT('',(-7.55,-14.6632665831476,39.6));
#7518=CARTESIAN_POINT('',(-7.55,-17.3,39.6));
#7519=CARTESIAN_POINT('',(-7.95,-14.8374837489683,40.));
#7520=CARTESIAN_POINT('',(-3.89478557554437,-23.8845273204334,0.));
#7521=CARTESIAN_POINT('',(-3.89478557554437,-23.8845273204334,35.6));
#7522=CARTESIAN_POINT('',(-3.76347891961587,-23.7728981569915,35.7313066558552));
#7523=CARTESIAN_POINT('',(-3.63188978620156,-23.6610288478752,35.8621237427367));
#7524=CARTESIAN_POINT('',(-3.5,-23.5489039415168,35.9924197605634));
#7525=CARTESIAN_POINT('',(-3.89478557554437,-23.8845273204334,39.6));
#7526=CARTESIAN_POINT('',(-7.95,-14.8374837489683,40.));
#7527=CARTESIAN_POINT('',(-7.95,-14.8374837489683,40.));
#7528=CARTESIAN_POINT('',(-3.9,0.,40.));
#7529=CARTESIAN_POINT('',(-3.9,-17.7,40.));
#7530=CARTESIAN_POINT('',(-3.66519302952344,-23.5197407230581,39.7651930295234));
#7531=CARTESIAN_POINT('',(-7.55,-17.3,39.6));
#7532=CARTESIAN_POINT('',(-3.9,-17.7,40.));
#7533=CARTESIAN_POINT('',(-9.38047735582719,-12.9605180257253,39.6));
#7534=CARTESIAN_POINT('',(-9.38047735582719,-12.9605180257253,39.6));
#7535=CARTESIAN_POINT('',(-3.89478557554437,-23.8845273204334,39.6));
#7536=CARTESIAN_POINT('',(-3.9,-23.4782878421745,40.));
#7537=CARTESIAN_POINT('',(-3.89829737659518,-23.6137160164288,39.8666814526973));
#7538=CARTESIAN_POINT('',(-3.89655874359473,-23.7491289680664,39.7333479147482));
#7539=CARTESIAN_POINT('',(-3.89478557554437,-23.8845273204334,39.6));
#7540=CARTESIAN_POINT('',(0.,0.,35.6));
#7541=CARTESIAN_POINT('',(3.89478557554435,-23.8845273204334,35.6));
#7542=CARTESIAN_POINT('',(3.76347891961586,-23.7728981569915,35.7313066558552));
#7543=CARTESIAN_POINT('',(3.63188978620156,-23.6610288478752,35.8621237427367));
#7544=CARTESIAN_POINT('',(3.5,-23.5489039415168,35.9924197605634));
#7545=CARTESIAN_POINT('',(-3.9,-17.7,40.));
#7546=CARTESIAN_POINT('',(-3.7,-17.5,39.6));
#7547=CARTESIAN_POINT('',(-9.67330924658688,-10.3955321277892,0.));
#7548=CARTESIAN_POINT('',(-9.5277542144786,-10.7297988350189,39.6));
#7549=CARTESIAN_POINT('',(-9.67330924658688,-10.3955321277892,11.4));
#7550=CARTESIAN_POINT('',(-9.57495143239216,-10.6214105615676,11.3016421857384));
#7551=CARTESIAN_POINT('',(-9.47736759755976,-10.8455115539951,11.198674012603));
#7552=CARTESIAN_POINT('',(-9.38047735569185,-11.0680197122001,11.0915743178348));
#7553=CARTESIAN_POINT('',(-9.3804773556627,-10.66051802587,39.6));
#7554=CARTESIAN_POINT('',(-9.78047735567553,-10.83984606418,40.));
#7555=CARTESIAN_POINT('',(0.,0.,39.6));
#7556=CARTESIAN_POINT('',(3.89478557554435,-23.8845273204334,39.6));
#7557=CARTESIAN_POINT('',(3.89655874359472,-23.7491289680664,39.7333479147482));
#7558=CARTESIAN_POINT('',(3.89829737659518,-23.6137160164288,39.8666814526973));
#7559=CARTESIAN_POINT('',(3.9,-23.4782878421745,40.));
#7560=CARTESIAN_POINT('',(3.89478557554435,-23.8845273204334,0.));
#7561=CARTESIAN_POINT('',(3.69734053876475,-23.716671211955,39.6));
#7562=CARTESIAN_POINT('',(-3.5,-17.7,36.));
#7563=CARTESIAN_POINT('',(-3.5,-17.7,36.));
#7564=CARTESIAN_POINT('',(0.,0.,11.));
#7565=CARTESIAN_POINT('',(9.67330924658688,-10.3955321277892,11.4));
#7566=CARTESIAN_POINT('',(9.57495143239216,-10.6214105615676,11.3016421857384));
#7567=CARTESIAN_POINT('',(9.47736759755976,-10.8455115539951,11.198674012603));
#7568=CARTESIAN_POINT('',(9.38047735569185,-11.0680197122001,11.0915743178348));
#7569=CARTESIAN_POINT('',(-9.78047735567553,-10.83984606418,40.));
#7570=CARTESIAN_POINT('',(-9.67330924658688,-10.3955321277892,39.6));
#7571=CARTESIAN_POINT('',(-9.70830882810865,-10.544320646198,39.7327674365441));
#7572=CARTESIAN_POINT('',(-9.74406958544952,-10.6923893028082,39.8661305502288));
#7573=CARTESIAN_POINT('',(-9.78047735567552,-10.83984606418,40.));
#7574=CARTESIAN_POINT('',(3.9,-23.4782878421745,40.));
#7575=CARTESIAN_POINT('',(3.9,-23.4782878421745,40.));
#7576=CARTESIAN_POINT('',(3.5,-17.7,36.));
#7577=CARTESIAN_POINT('',(2.16666666666666,-19.0333333333333,37.3333333333333));
#7578=CARTESIAN_POINT('',(9.38047735569185,-11.0680197122001,0.));
#7579=CARTESIAN_POINT('',(9.67330924658688,-10.3955321277892,39.6));
#7580=CARTESIAN_POINT('',(0.,0.,40.));
#7581=CARTESIAN_POINT('',(9.78047735567553,-10.83984606418,40.));
#7582=CARTESIAN_POINT('',(9.74406958544953,-10.6923893028082,39.8661305502288));
#7583=CARTESIAN_POINT('',(9.70830882810864,-10.5443206461981,39.7327674365441));
#7584=CARTESIAN_POINT('',(9.67330924658687,-10.3955321277892,39.6));
#7585=CARTESIAN_POINT('',(3.5,-54.12,39.6));
#7586=CARTESIAN_POINT('',(3.9,-17.7,40.));
#7587=CARTESIAN_POINT('',(3.5,-17.7,40.));
#7588=CARTESIAN_POINT('',(3.7,-17.5,39.6));
#7589=CARTESIAN_POINT('',(9.67330924658688,-10.3955321277892,39.6));
#7590=CARTESIAN_POINT('',(9.67137061447974,-10.9020842720881,39.8908932587998));
#7591=CARTESIAN_POINT('',(3.9,-17.7,40.));
#7592=CARTESIAN_POINT('',(3.9,-17.7,40.));
#7593=CARTESIAN_POINT('',(9.38047735582719,-12.9605180257253,39.6));
#7594=CARTESIAN_POINT('',(9.38047735582719,-12.9605180257253,39.6));
#7595=CARTESIAN_POINT('',(-7.55,-17.3,39.6));
#7596=CARTESIAN_POINT('',(7.55,-17.3,39.6));
#7597=CARTESIAN_POINT('',(7.55,-14.6632665831476,39.6));
#7598=CARTESIAN_POINT('',(7.84287637693235,-14.3908268139601,39.6));
#7599=CARTESIAN_POINT('',(7.55,-17.3,39.6));
#7600=CARTESIAN_POINT('',(7.84001826386237,-14.8995637192011,39.8900182638624));
#7601=CARTESIAN_POINT('',(7.84287637693235,-14.3908268139601,39.6));
#7602=CARTESIAN_POINT('',(7.84287637693235,-14.3908268139601,39.6));
#7603=CARTESIAN_POINT('',(7.84287637693235,-14.3908268139601,46.2));
#7604=CARTESIAN_POINT('',(-5.84761098535468,-27.5870521397985,29.));
#7605=CARTESIAN_POINT('',(-5.84761098535468,-27.5870521397985,29.4));
#7606=CARTESIAN_POINT('',(-5.84761098535468,-27.5870521397985,33.6));
#7607=CARTESIAN_POINT('',(-5.60553123695601,-26.6161233005769,29.));
#7608=CARTESIAN_POINT('',(-5.60553123695601,-26.6161233005769,29.4));
#7609=CARTESIAN_POINT('',(-5.60553123695601,-26.6161233005769,33.6));
#7610=CARTESIAN_POINT('',(5.60553123695603,-26.6161233005769,20.));
#7611=CARTESIAN_POINT('',(5.60553123695603,-26.6161233005769,20.4));
#7612=CARTESIAN_POINT('',(5.60553123695603,-26.6161233005769,24.6));
#7613=CARTESIAN_POINT('',(5.84761098535469,-27.5870521397985,20.));
#7614=CARTESIAN_POINT('',(5.84761098535469,-27.5870521397985,20.4));
#7615=CARTESIAN_POINT('',(5.84761098535469,-27.5870521397985,24.6));
#7616=CARTESIAN_POINT('',(-5.12133411437975,-24.6741147133771,20.));
#7617=CARTESIAN_POINT('',(-5.12133411437975,-24.6741147133771,20.4));
#7618=CARTESIAN_POINT('',(-5.12133411437975,-24.6741147133771,24.6));
#7619=CARTESIAN_POINT('',(5.12133411437977,-24.6741147133771,0.));
#7620=CARTESIAN_POINT('',(5.12133411437977,-24.6741147133771,29.4));
#7621=CARTESIAN_POINT('',(5.12133411437977,-24.6741147133771,33.6));
#7622=CARTESIAN_POINT('',(-6.48039658145537,-26.4167458281118,20.));
#7623=CARTESIAN_POINT('',(-6.48039658145537,-26.4167458281118,20.4));
#7624=CARTESIAN_POINT('',(-6.48039658145537,-26.4167458281118,24.6));
#7625=CARTESIAN_POINT('',(6.48039658145537,-26.4167458281118,29.));
#7626=CARTESIAN_POINT('',(6.48039658145537,-26.4167458281118,29.4));
#7627=CARTESIAN_POINT('',(6.48039658145537,-26.4167458281118,33.6));
#7628=CARTESIAN_POINT('',(-7.47821126388917,-23.0155676943904,20.4));
#7629=CARTESIAN_POINT('',(-8.38250961404568,-25.7987118393619,20.4));
#7630=CARTESIAN_POINT('',(-6.48039658145537,-26.4167458281118,20.));
#7631=CARTESIAN_POINT('',(-6.95689633009179,-28.3591536095906,20.4));
#7632=CARTESIAN_POINT('',(0.,0.,20.4));
#7633=CARTESIAN_POINT('',(6.05497307703394,-28.565316400075,20.4));
#7634=CARTESIAN_POINT('',(5.84761098535469,-27.5870521397985,20.));
#7635=CARTESIAN_POINT('',(6.81790671162771,-27.3451302441869,20.4));
#7636=CARTESIAN_POINT('',(7.06411935185945,-28.332635207172,20.4));
#7637=CARTESIAN_POINT('',(6.57582696322905,-26.3742014049652,20.4));
#7638=CARTESIAN_POINT('',(5.60553123695603,-26.6161233005769,20.));
#7639=CARTESIAN_POINT('',(5.399445529715,-25.6375893557027,20.4));
#7640=CARTESIAN_POINT('',(0.,0.,20.4));
#7641=CARTESIAN_POINT('',(-5.32456165860116,-25.6532462496222,20.4));
#7642=CARTESIAN_POINT('',(-5.12133411437975,-24.6741147133771,20.));
#7643=CARTESIAN_POINT('',(0.380422606518057,-0.123606797749976,25.));
#7644=CARTESIAN_POINT('',(-8.00208700752762,-25.9223186371119,25.));
#7645=CARTESIAN_POINT('',(-6.48039658145537,-26.4167458281118,25.));
#7646=CARTESIAN_POINT('',(-6.86159638036451,-27.9706720532948,25.));
#7647=CARTESIAN_POINT('',(0.,0.,25.));
#7648=CARTESIAN_POINT('',(5.97202824036224,-28.1740106959644,25.));
#7649=CARTESIAN_POINT('',(5.84761098535469,-27.5870521397985,25.));
#7650=CARTESIAN_POINT('',(6.42978842111851,-27.4418990024315,25.));
#7651=CARTESIAN_POINT('',(-0.388118290508703,-0.0967687582445172,25.));
#7652=CARTESIAN_POINT('',(6.18770867271984,-26.4709701632099,25.));
#7653=CARTESIAN_POINT('',(5.60553123695603,-26.6161233005769,25.));
#7654=CARTESIAN_POINT('',(5.48187981261141,-26.0290029336524,25.));
#7655=CARTESIAN_POINT('',(0.,0.,25.));
#7656=CARTESIAN_POINT('',(-5.40585267628973,-26.0448988641202,25.));
#7657=CARTESIAN_POINT('',(-5.12133411437975,-24.6741147133771,25.));
#7658=CARTESIAN_POINT('',(-0.380422606518064,-0.123606797749979,29.));
#7659=CARTESIAN_POINT('',(8.00208700752762,-25.9223186371119,29.));
#7660=CARTESIAN_POINT('',(6.48039658145537,-26.4167458281118,29.));
#7661=CARTESIAN_POINT('',(6.86159638036451,-27.9706720532948,29.));
#7662=CARTESIAN_POINT('',(0.,0.,29.));
#7663=CARTESIAN_POINT('',(-5.97202824036223,-28.1740106959644,29.));
#7664=CARTESIAN_POINT('',(-5.84761098535468,-27.5870521397985,29.));
#7665=CARTESIAN_POINT('',(-6.42978842111849,-27.4418990024315,29.));
#7666=CARTESIAN_POINT('',(0.388118290509133,-0.0967687582446308,29.));
#7667=CARTESIAN_POINT('',(-6.18770867271981,-26.4709701632099,29.));
#7668=CARTESIAN_POINT('',(-5.60553123695601,-26.6161233005769,29.));
#7669=CARTESIAN_POINT('',(-5.48187981261139,-26.0290029336524,29.));
#7670=CARTESIAN_POINT('',(0.,0.,29.));
#7671=CARTESIAN_POINT('',(5.40585267628975,-26.0448988641202,29.));
#7672=CARTESIAN_POINT('',(5.12133411437977,-24.6741147133771,29.));
#7673=CARTESIAN_POINT('',(7.4782112638737,-23.0155676943428,33.6));
#7674=CARTESIAN_POINT('',(8.38250961404568,-25.7987118393619,33.6));
#7675=CARTESIAN_POINT('',(6.48039658145537,-26.4167458281118,34.));
#7676=CARTESIAN_POINT('',(6.9568963300918,-28.3591536095906,33.6));
#7677=CARTESIAN_POINT('',(0.,0.,33.6));
#7678=CARTESIAN_POINT('',(-6.05497307703393,-28.565316400075,33.6));
#7679=CARTESIAN_POINT('',(-5.84761098535468,-27.5870521397985,34.));
#7680=CARTESIAN_POINT('',(-6.8179067116277,-27.3451302441869,33.6));
#7681=CARTESIAN_POINT('',(-7.06411935185945,-28.332635207172,33.6));
#7682=CARTESIAN_POINT('',(-6.57582696322902,-26.3742014049652,33.6));
#7683=CARTESIAN_POINT('',(-5.60553123695601,-26.6161233005769,34.));
#7684=CARTESIAN_POINT('',(-5.39944552971498,-25.6375893557027,33.6));
#7685=CARTESIAN_POINT('',(0.,0.,33.6));
#7686=CARTESIAN_POINT('',(5.32456165860118,-25.6532462496222,33.6));
#7687=CARTESIAN_POINT('',(5.12133411437977,-24.6741147133771,34.));
#7688=CARTESIAN_POINT('',(0.,0.,347.082183837891));
#7689=CARTESIAN_POINT('',(0.,0.,0.));
#7690=CARTESIAN_POINT('',(-86.5373075418988,-86.5373075418988,347.082183837891));
#7691=CARTESIAN_POINT('',(0.,-2223.30786132812,0.));
#7692=CARTESIAN_POINT('',(0.,0.,0.));
#7693=CARTESIAN_POINT('',(-554.332907637621,-554.332907637621,2223.30786132812));
#7694=CARTESIAN_POINT('',(2223.30786132812,0.,0.));
#7695=CARTESIAN_POINT('',(0.,0.,0.));
#7696=CARTESIAN_POINT('',(-554.332907637621,-554.332907637621,2223.30786132812));
#7697=CARTESIAN_POINT('',(0.,2223.30786132812,0.));
#7698=CARTESIAN_POINT('',(0.,0.,0.));
#7699=CARTESIAN_POINT('',(-554.332907637621,-554.332907637621,2223.30786132812));
#7700=CARTESIAN_POINT('',(0.,0.,-347.082183837891));
#7701=CARTESIAN_POINT('',(0.,0.,0.));
#7702=CARTESIAN_POINT('',(-86.5373075418988,-86.5373075418988,347.082183837891));
#7703=CARTESIAN_POINT('',(-2223.30786132812,0.,0.));
#7704=CARTESIAN_POINT('',(0.,0.,0.));
#7705=CARTESIAN_POINT('',(-554.332907637621,-554.332907637621,2223.30786132812));
#7706=CARTESIAN_POINT('',(1260.7587890625,-1260.7587890625,1260.7587890625));
#7707=CARTESIAN_POINT('',(0.,0.,0.));
#7708=CARTESIAN_POINT('',(-544.457129538967,-544.457129538967,2183.69827874526));
#7709=CARTESIAN_POINT('',(1656.7209663929,-1348.30797048634,865.194319433617));
#7710=CARTESIAN_POINT('',(0.,0.,0.));
#7711=CARTESIAN_POINT('',(-574.60341268729,-574.60341268729,2304.60841666063));
#7712=CARTESIAN_POINT('',(0.,0.,0.));
#7713=CARTESIAN_POINT('',(0.,9.62489414215088,188.998947143555));
#7714=CARTESIAN_POINT('',(0.,0.,0.));
#7715=CARTESIAN_POINT('',(-47.1227299344639,-47.1227299344639,188.998947143555));
#7716=CARTESIAN_POINT('',(0.,-89.4473495483398,27.8400001525879));
#7717=CARTESIAN_POINT('',(0.,0.,0.));
#7718=CARTESIAN_POINT('',(-22.3017289769265,-22.3017289769265,89.4473495483398));
#7719=CARTESIAN_POINT('',(89.4473495483398,9.62489414215088,27.8400001525879));
#7720=CARTESIAN_POINT('',(0.,0.,0.));
#7721=CARTESIAN_POINT('',(-22.3017289769265,-22.3017289769265,89.4473495483398));
#7722=CARTESIAN_POINT('',(0.,89.4473495483398,27.8400001525879));
#7723=CARTESIAN_POINT('',(0.,0.,0.));
#7724=CARTESIAN_POINT('',(-22.3017289769265,-22.3017289769265,89.4473495483398));
#7725=CARTESIAN_POINT('',(0.,9.62489414215088,-188.998947143555));
#7726=CARTESIAN_POINT('',(0.,0.,0.));
#7727=CARTESIAN_POINT('',(-47.1227299344639,-47.1227299344639,188.998947143555));
#7728=CARTESIAN_POINT('',(-89.4473495483398,9.62489414215088,27.8400001525879));
#7729=CARTESIAN_POINT('',(0.,0.,0.));
#7730=CARTESIAN_POINT('',(-22.3017289769265,-22.3017289769265,89.4473495483398));
#7731=CARTESIAN_POINT('',(103.437651316325,-103.437651316325,127.920580546061));
#7732=CARTESIAN_POINT('',(0.,0.,0.));
#7733=CARTESIAN_POINT('',(-48.1937298707998,-48.1937298707998,193.294493276807));
#7734=CARTESIAN_POINT('',(107.101951285133,-87.163992668187,81.0999932650147));
#7735=CARTESIAN_POINT('',(0.,0.,0.));
#7736=CARTESIAN_POINT('',(-39.5021276744691,-39.5021276744691,158.434380834644));
#7737=MECHANICAL_DESIGN_GEOMETRIC_PRESENTATION_REPRESENTATION('',(#4118,
#4119,#4120,#4121,#4122,#4123,#4124,#4125,#4126,#4127,#4128,#4129,#4130,
#4131,#4132,#4133,#4134,#4135,#4136,#4137,#4138,#4139,#4140,#4141,#4142,
#4143,#4144,#4145,#4146,#4147,#4148,#4149,#4150,#4151,#4152,#4153,#4154,
#4155,#4156,#4157,#4158,#4159,#4160,#4161,#4162,#4163,#4164,#4165,#4166,
#4167,#4168,#4169,#4170,#4171,#4172,#4173,#4174,#4175,#4176,#4177),#7738);
#7738=(
GEOMETRIC_REPRESENTATION_CONTEXT(3)
GLOBAL_UNCERTAINTY_ASSIGNED_CONTEXT((#7742))
GLOBAL_UNIT_ASSIGNED_CONTEXT((#7748,#7747,#7746))
REPRESENTATION_CONTEXT('Assieme','TOP_LEVEL_ASSEMBLY_PART')
);
#7739=(
GEOMETRIC_REPRESENTATION_CONTEXT(3)
GLOBAL_UNCERTAINTY_ASSIGNED_CONTEXT((#7743))
GLOBAL_UNIT_ASSIGNED_CONTEXT((#7748,#7747,#7746))
REPRESENTATION_CONTEXT('Lancetta','COMPONENT_PART')
);
#7740=(
GEOMETRIC_REPRESENTATION_CONTEXT(3)
GLOBAL_UNCERTAINTY_ASSIGNED_CONTEXT((#7744))
GLOBAL_UNIT_ASSIGNED_CONTEXT((#7748,#7747,#7746))
REPRESENTATION_CONTEXT('Motorino','COMPONENT_PART')
);
#7741=(
GEOMETRIC_REPRESENTATION_CONTEXT(3)
GLOBAL_UNCERTAINTY_ASSIGNED_CONTEXT((#7745))
GLOBAL_UNIT_ASSIGNED_CONTEXT((#7748,#7747,#7746))
REPRESENTATION_CONTEXT('Supporto','COMPONENT_PART')
);
#7742=UNCERTAINTY_MEASURE_WITH_UNIT(LENGTH_MEASURE(1.E-5),#7748,
'DISTANCE_ACCURACY_VALUE','Maximum Tolerance applied to model');
#7743=UNCERTAINTY_MEASURE_WITH_UNIT(LENGTH_MEASURE(0.0508),#7748,
'DISTANCE_ACCURACY_VALUE','Maximum Tolerance applied to model');
#7744=UNCERTAINTY_MEASURE_WITH_UNIT(LENGTH_MEASURE(0.0508),#7748,
'DISTANCE_ACCURACY_VALUE','Maximum Tolerance applied to model');
#7745=UNCERTAINTY_MEASURE_WITH_UNIT(LENGTH_MEASURE(0.0508),#7748,
'DISTANCE_ACCURACY_VALUE','Maximum Tolerance applied to model');
#7746=(
NAMED_UNIT(*)
SI_UNIT($,.STERADIAN.)
SOLID_ANGLE_UNIT()
);
#7747=(
NAMED_UNIT(*)
PLANE_ANGLE_UNIT()
SI_UNIT($,.RADIAN.)
);
#7748=(
LENGTH_UNIT()
NAMED_UNIT(*)
SI_UNIT(.MILLI.,.METRE.)
);
#7749=PRODUCT_DEFINITION_SHAPE('','',#7756);
#7750=PRODUCT_DEFINITION_SHAPE('','',#7757);
#7751=PRODUCT_DEFINITION_SHAPE(' ','NAUO PRDDFN',#15);
#7752=PRODUCT_DEFINITION_SHAPE('','',#7758);
#7753=PRODUCT_DEFINITION_SHAPE(' ','NAUO PRDDFN',#16);
#7754=PRODUCT_DEFINITION_SHAPE('','',#7759);
#7755=PRODUCT_DEFINITION_SHAPE(' ','NAUO PRDDFN',#17);
#7756=PRODUCT_DEFINITION('','',#7764,#7760);
#7757=PRODUCT_DEFINITION('','',#7765,#7761);
#7758=PRODUCT_DEFINITION('','',#7766,#7762);
#7759=PRODUCT_DEFINITION('','',#7767,#7763);
#7760=PRODUCT_DEFINITION_CONTEXT('',#7785,'design');
#7761=PRODUCT_DEFINITION_CONTEXT('',#7785,'design');
#7762=PRODUCT_DEFINITION_CONTEXT('',#7785,'design');
#7763=PRODUCT_DEFINITION_CONTEXT('',#7785,'design');
#7764=PRODUCT_DEFINITION_FORMATION_WITH_SPECIFIED_SOURCE('','',#7772,
 .NOT_KNOWN.);
#7765=PRODUCT_DEFINITION_FORMATION_WITH_SPECIFIED_SOURCE('','',#7773,
 .NOT_KNOWN.);
#7766=PRODUCT_DEFINITION_FORMATION_WITH_SPECIFIED_SOURCE('','',#7774,
 .NOT_KNOWN.);
#7767=PRODUCT_DEFINITION_FORMATION_WITH_SPECIFIED_SOURCE('','',#7775,
 .NOT_KNOWN.);
#7768=PRODUCT_RELATED_PRODUCT_CATEGORY('','',(#7772));
#7769=PRODUCT_RELATED_PRODUCT_CATEGORY('','',(#7773));
#7770=PRODUCT_RELATED_PRODUCT_CATEGORY('','',(#7774));
#7771=PRODUCT_RELATED_PRODUCT_CATEGORY('','',(#7775));
#7772=PRODUCT('Assieme','Assieme','Assieme',(#7780));
#7773=PRODUCT('Lancetta','Lancetta','Lancetta',(#7781));
#7774=PRODUCT('Motorino','Motorino','Motorino',(#7782));
#7775=PRODUCT('Supporto','Supporto','Supporto',(#7783));
#7776=PRODUCT_CATEGORY('','');
#7777=PRODUCT_CATEGORY('','');
#7778=PRODUCT_CATEGORY('','');
#7779=PRODUCT_CATEGORY('','');
#7780=PRODUCT_CONTEXT('',#7785,'mechanical');
#7781=PRODUCT_CONTEXT('',#7785,'mechanical');
#7782=PRODUCT_CONTEXT('',#7785,'mechanical');
#7783=PRODUCT_CONTEXT('',#7785,'mechanical');
#7784=APPLICATION_PROTOCOL_DEFINITION('international standard',
'ap242_managed_model_based_3d_engineering',2020,#7785);
#7785=APPLICATION_CONTEXT('managed model based 3d engineering');
ENDSEC;
END-ISO-10303-21;
