10,72.4,-51.4
20,71.8,-51.4
30,71.2,-51.3
40,70.5,-51.2
50,69.9,-51.1
60,69.3,-51.1
70,68.7,-51
80,68,-50.9
90,67.4,-50.8
100,66.8,-50.7
110,66.2,-50.7
120,65.6,-50.6
130,64.9,-50.5
140,64.3,-50.4
150,63.7,-50.3
160,63.1,-50.3
170,62.5,-50.2
180,61.9,-50.1
190,61.2,-50
200,60.6,-49.9
210,60,-49.8
220,59.4,-49.7
230,58.8,-49.6
240,58.2,-49.6
250,57.6,-49.5
260,57,-49.4
270,56.4,-49.3
280,55.7,-49.2
290,55.1,-49.1
300,54.5,-49
310,53.9,-48.9
320,53.3,-48.8
330,52.7,-48.7
340,52.1,-48.6
350,51.5,-48.5
360,50.9,-48.4
370,50.3,-48.3
380,49.7,-48.2
390,49.1,-48.2
400,48.5,-48.1
410,47.9,-48
420,47.3,-47.9
430,46.7,-47.8
440,46.1,-47.7
450,45.5,-47.6
460,44.9,-47.5
470,44.3,-47.4
480,43.7,-47.3
490,43.1,-47.2
500,42.5,-47.1
510,41.9,-47
520,41.4,-46.9
530,40.8,-46.8
540,40.2,-46.7
550,39.6,-46.6
560,39,-46.5
570,38.4,-46.4
580,37.8,-46.2
590,37.2,-46.1
600,36.6,-46
610,36,-45.9
620,35.4,-45.8
630,34.8,-45.7
640,34.2,-45.6
650,33.7,-45.5
660,33.1,-45.4
670,32.5,-45.3
680,31.9,-45.2
690,31.3,-45.1
700,30.7,-45
710,30.1,-44.9
720,29.5,-44.8
730,28.9,-44.7
740,28.3,-44.6
750,27.8,-44.5
760,27.2,-44.4
770,26.6,-44.3
780,26,-44.2
790,25.4,-44.1
800,24.8,-44
810,24.2,-43.9
820,23.6,-43.8
830,23,-43.7
840,22.5,-43.6
850,21.9,-43.5
860,21.3,-43.4
870,20.7,-43.3
880,20.1,-43.2
890,19.5,-43.1
900,18.9,-43
910,18.3,-42.9
920,17.7,-42.8
930,17.1,-42.7
940,16.5,-42.6
950,16,-42.5
960,15.4,-42.4
970,14.8,-42.3
980,14.2,-42.2
990,13.6,-42.1
1000,13,-42
1010,12.4,-41.9
1020,11.8,-41.8
1030,11.2,-41.7
1040,10.6,-41.6
1050,10,-41.6
1060,9.4,-41.5
1070,8.8,-41.4
1080,8.2,-41.3
1090,7.6,-41.2
1100,7,-41.1
1110,6.4,-41
1120,5.8,-40.9
1130,5.2,-40.8
1140,4.6,-40.7
1150,4,-40.7
1160,3.4,-40.6
1170,2.8,-40.5
1180,2.2,-40.4
1190,1.6,-40.3
1200,1,-40.2
1210,0.4,-40.1
1220,359.8,-40.1
1230,359.2,-40
1240,358.6,-39.9
1250,358,-39.8
1260,357.4,-39.7
1270,356.8,-39.7
1280,356.2,-39.6
1290,355.6,-39.5
1300,355,-39.4
1310,354.4,-39.3
1320,353.8,-39.3
1330,353.2,-39.2
1340,352.6,-39.1
1350,352,-39
1360,351.3,-39
1370,350.7,-38.9
1380,350.1,-38.8
1390,349.5,-38.8
1400,348.9,-38.7
1410,348.3,-38.6
1420,347.7,-38.6
1430,347.1,-38.5
1440,346.4,-38.4
1450,345.8,-38.4
1460,345.2,-38.3
1470,344.6,-38.2
1480,344,-38.2
1490,343.4,-38.1
1500,342.7,-38.1
1510,342.1,-38
1520,341.5,-37.9
1530,340.9,-37.9
1540,340.3,-37.8
1550,339.6,-37.8
1560,339,-37.7
1570,338.4,-37.7
1580,337.8,-37.6
1590,337.2,-37.6
1600,336.5,-37.5
1610,335.9,-37.5
1620,335.3,-37.4
1630,334.7,-37.4
1640,334,-37.3
1650,333.4,-37.3
1660,332.8,-37.2
1670,332.2,-37.2
1680,331.5,-37.2
1690,330.9,-37.1
1700,330.3,-37.1
1710,329.7,-37
1720,329,-37
1730,328.4,-37
1740,327.8,-36.9
1750,327.1,-36.9
1760,326.5,-36.9
1770,325.9,-36.8
1780,325.2,-36.8
1790,324.6,-36.8
1800,324,-36.7
1810,323.4,-36.7
1820,322.7,-36.7
1830,322.1,-36.7
1840,321.5,-36.6
1850,320.8,-36.6
1860,320.2,-36.6
1870,319.6,-36.6
1880,318.9,-36.6
1890,318.3,-36.5
1900,317.7,-36.5
1910,317,-36.5
1920,316.4,-36.5
1930,315.7,-36.5
1940,315.1,-36.5
1950,314.5,-36.5
1960,313.8,-36.4
1970,313.2,-36.4
1980,312.6,-36.4
1990,311.9,-36.4
2000,311.3,-36.4
2010,310.7,-36.4
2020,310,-36.4
2030,309.4,-36.4
2040,308.8,-36.4
2050,308.1,-36.4
2060,307.5,-36.4
2070,306.9,-36.4
2080,306.2,-36.4
2090,305.6,-36.4
2100,304.9,-36.4
2110,304.3,-36.4
2120,303.7,-36.4
2130,303,-36.4
2140,302.4,-36.5
2150,301.8,-36.5
2160,301.1,-36.5
2170,300.5,-36.5
2180,299.9,-36.5
2190,299.2,-36.5
2200,298.6,-36.5
2210,298,-36.5
2220,297.3,-36.6
2230,296.7,-36.6
2240,296.1,-36.6
2250,295.4,-36.6
2260,294.8,-36.6
2270,294.2,-36.7
2280,293.5,-36.7
2290,292.9,-36.7
2300,292.3,-36.7
2310,291.6,-36.8
2320,291,-36.8
2330,290.4,-36.8
2340,289.7,-36.9
2350,289.1,-36.9
2360,288.5,-36.9
2370,287.8,-37
2380,287.2,-37
2390,286.6,-37
2400,285.9,-37.1
2410,285.3,-37.1
2420,284.7,-37.1
2430,284,-37.2
2440,283.4,-37.2
2450,282.8,-37.2
2460,282.2,-37.3
2470,281.5,-37.3
2480,280.9,-37.4
2490,280.3,-37.4
2500,279.6,-37.5
2510,279,-37.5
2520,278.4,-37.5
2530,277.8,-37.6
2540,277.1,-37.6
2550,276.5,-37.7
2560,275.9,-37.7
2570,275.3,-37.8
2580,274.6,-37.8
2590,274,-37.9
2600,273.4,-37.9
2610,272.8,-38
2620,272.2,-38
2630,271.5,-38.1
2640,270.9,-38.2
2650,270.3,-38.2
2660,269.7,-38.3
2670,269,-38.3
2680,268.4,-38.4
2690,267.8,-38.4
2700,267.2,-38.5
2710,266.6,-38.5
2720,265.9,-38.6
2730,265.3,-38.7
2740,264.7,-38.7
2750,264.1,-38.8
2760,263.5,-38.8
2770,262.9,-38.9
2780,262.2,-39
2790,261.6,-39
2800,261,-39.1
2810,260.4,-39.2
2820,259.8,-39.2
2830,259.2,-39.3
2840,258.5,-39.3
2850,257.9,-39.4
2860,257.3,-39.5
2870,256.7,-39.5
2880,256.1,-39.6
2890,255.5,-39.7
2900,254.9,-39.7
2910,254.2,-39.8
2920,253.6,-39.9
2930,253,-39.9
2940,252.4,-40
2950,251.8,-40.1
2960,251.2,-40.1
2970,250.6,-40.2
2980,250,-40.3
2990,249.4,-40.4
3000,248.7,-40.4
3010,248.1,-40.5
3020,247.5,-40.6
3030,246.9,-40.6
3040,246.3,-40.7
3050,245.7,-40.8
3060,245.1,-40.8
3070,244.5,-40.9
3080,243.9,-41
3090,243.3,-41.1
3100,242.6,-41.1
3110,242,-41.2
3120,241.4,-41.3
3130,240.8,-41.3
3140,240.2,-41.4
3150,239.6,-41.5
3160,239,-41.5
3170,238.4,-41.6
3180,237.8,-41.7
3190,237.2,-41.8
3200,236.6,-41.8
3210,236,-41.9
3220,235.3,-42
3230,234.7,-42
3240,234.1,-42.1
3250,233.5,-42.2
3260,232.9,-42.3
3270,232.3,-42.3
3280,231.7,-42.4
3290,231.1,-42.5
3300,230.5,-42.5
3310,229.9,-42.6
3320,229.3,-42.7
3330,228.7,-42.7
3340,228.1,-42.8
3350,227.5,-42.9
3360,226.8,-43
3370,226.2,-43
3380,225.6,-43.1
3390,225,-43.2
3400,224.4,-43.2
3410,223.8,-43.3
3420,223.2,-43.4
3430,222.6,-43.4
3440,222,-43.5
3450,221.4,-43.6
3460,220.8,-43.6
3470,220.2,-43.7
3480,219.5,-43.8
3490,218.9,-43.8
3500,218.3,-43.9
3510,217.7,-44
3520,217.1,-44
3530,216.5,-44.1
3540,215.9,-44.1
3550,215.3,-44.2
3560,214.7,-44.3
3570,214.1,-44.3
3580,213.5,-44.4
3590,212.8,-44.5
3600,212.2,-44.5
3610,211.6,-44.6
3620,211,-44.6
3630,210.4,-44.7
3640,209.8,-44.8
3650,209.2,-44.8
3660,208.6,-44.9
3670,208,-44.9
3680,207.3,-45
3690,206.7,-45
3700,206.1,-45.1
3710,205.5,-45.2
3720,204.9,-45.2
3730,204.3,-45.3
3740,203.7,-45.3
3750,203,-45.4
3760,202.4,-45.4
3770,201.8,-45.5
3780,201.2,-45.5
3790,200.6,-45.6
3800,200,-45.6
3810,199.4,-45.7
3820,198.7,-45.7
3830,198.1,-45.8
3840,197.5,-45.8
3850,196.9,-45.9
3860,196.3,-45.9
3870,195.7,-46
3880,195,-46
3890,194.4,-46
3900,193.8,-46.1
3910,193.2,-46.1
3920,192.6,-46.2
3930,192,-46.2
3940,191.3,-46.2
3950,190.7,-46.3
3960,190.1,-46.3
3970,189.5,-46.4
3980,188.9,-46.4
3990,188.2,-46.4
4000,187.6,-46.5
4010,187,-46.5
4020,186.4,-46.5
4030,185.8,-46.6
4040,185.1,-46.6
4050,184.5,-46.6
4060,183.9,-46.7
4070,183.3,-46.7
4080,182.7,-46.7
4090,182,-46.8
4100,181.4,-46.8
4110,180.8,-46.8
4120,180.2,-46.8
4130,179.5,-46.9
4140,178.9,-46.9
4150,178.3,-46.9
4160,177.7,-46.9
4170,177.1,-47
4180,176.4,-47
4190,175.8,-47
4200,175.2,-47
4210,174.6,-47
4220,173.9,-47.1
4230,173.3,-47.1
4240,172.7,-47.1
4250,172.1,-47.1
4260,171.4,-47.1
4270,170.8,-47.1
4280,170.2,-47.1
4290,169.6,-47.2
4300,168.9,-47.2
4310,168.3,-47.2
4320,167.7,-47.2
4330,167.1,-47.2
4340,166.4,-47.2
4350,165.8,-47.2
4360,165.2,-47.2
4370,164.6,-47.2
4380,163.9,-47.2
4390,163.3,-47.2
4400,162.7,-47.2
4410,162.1,-47.2
4420,161.4,-47.2
4430,160.8,-47.2
4440,160.2,-47.2
4450,159.6,-47.2
4460,158.9,-47.2
4470,158.3,-47.2
4480,157.7,-47.2
4490,157.1,-47.2
4500,156.4,-47.2
4510,155.8,-47.2
4520,155.2,-47.2
4530,154.6,-47.2
4540,153.9,-47.2
4550,153.3,-47.2
4560,152.7,-47.2
4570,152.1,-47.1
4580,151.4,-47.1
4590,150.8,-47.1
4600,150.2,-47.1
4610,149.6,-47.1
4620,148.9,-47.1
4630,148.3,-47.1
4640,147.7,-47
4650,147.1,-47
4660,146.4,-47
4670,145.8,-47
4680,145.2,-47
4690,144.6,-46.9
4700,143.9,-46.9
4710,143.3,-46.9
4720,142.7,-46.9
4730,142.1,-46.8
4740,141.5,-46.8
4750,140.8,-46.8
4760,140.2,-46.8
4770,139.6,-46.7
4780,139,-46.7
4790,138.3,-46.7
4800,137.7,-46.7
4810,137.1,-46.6
4820,136.5,-46.6
4830,135.9,-46.6
4840,135.2,-46.5
4850,134.6,-46.5
4860,134,-46.5
4870,133.4,-46.4
4880,132.8,-46.4
4890,132.1,-46.4
4900,131.5,-46.3
4910,130.9,-46.3
4920,130.3,-46.2
4930,129.7,-46.2
4940,129,-46.2
4950,128.4,-46.1
4960,127.8,-46.1
4970,127.2,-46
4980,126.6,-46
4990,126,-46
5000,125.3,-45.9
5010,124.7,-45.9
5020,124.1,-45.8
5030,123.5,-45.8
5040,122.9,-45.7
5050,122.3,-45.7
5060,121.6,-45.7
5070,121,-45.6
5080,120.4,-45.6
5090,119.8,-45.5
5100,119.2,-45.5
5110,118.6,-45.4
5120,117.9,-45.4
5130,117.3,-45.3
5140,116.7,-45.3
5150,116.1,-45.2
5160,115.5,-45.2
5170,114.9,-45.1
5180,114.3,-45.1
5190,113.6,-45
5200,113,-45
5210,112.4,-44.9
5220,111.8,-44.9
5230,111.2,-44.8
5240,110.6,-44.8
5250,110,-44.7
5260,109.3,-44.7
5270,108.7,-44.6
5280,108.1,-44.5
5290,107.5,-44.5
5300,106.9,-44.4
5310,106.3,-44.4
5320,105.7,-44.3
5330,105.1,-44.3
5340,104.5,-44.2
5350,103.8,-44.2
5360,103.2,-44.1
5370,102.6,-44
5380,102,-44
5390,101.4,-43.9
5400,100.8,-43.9
5410,100.2,-43.8
5420,99.6,-43.8
5430,99,-43.7
5440,98.3,-43.6
5450,97.7,-43.6
5460,97.1,-43.5
5470,96.5,-43.5
5480,95.9,-43.4
5490,95.3,-43.4
5500,94.7,-43.3
5510,94.1,-43.2
5520,93.5,-43.2
5530,92.8,-43.1
5540,92.2,-43.1
5550,91.6,-43
5560,91,-42.9
5570,90.4,-42.9
5580,89.8,-42.8
5590,89.2,-42.8
5600,88.6,-42.7
5610,88,-42.7
5620,87.3,-42.6
5630,86.7,-42.5
5640,86.1,-42.5
5650,85.5,-42.4
5660,84.9,-42.4
5670,84.3,-42.3
5680,83.7,-42.3
5690,83.1,-42.2
5700,82.5,-42.1
5710,81.8,-42.1
5720,81.2,-42
5730,80.6,-42
5740,80,-41.9
5750,79.4,-41.9
5760,78.8,-41.8
5770,78.2,-41.7
5780,77.6,-41.7
5790,77,-41.6
5800,76.3,-41.6
5810,75.7,-41.5
5820,75.1,-41.5
5830,74.5,-41.4
5840,73.9,-41.4
5850,73.3,-41.3
5860,72.7,-41.3
5870,72,-41.2
5880,71.4,-41.1
5890,70.8,-41.1
5900,70.2,-41
5910,69.6,-41
5920,69,-40.9
5930,68.4,-40.9
5940,67.8,-40.8
5950,67.1,-40.8
5960,66.5,-40.7
5970,65.9,-40.7
5980,65.3,-40.6
5990,64.7,-40.6
6000,64.1,-40.5
6010,63.4,-40.5
6020,62.8,-40.5
6030,62.2,-40.4
6040,61.6,-40.4
6050,61,-40.3
6060,60.4,-40.3
6070,59.7,-40.2
6080,59.1,-40.2
6090,58.5,-40.1
6100,57.9,-40.1
6110,57.3,-40.1
6120,56.7,-40
6130,56,-40
6140,55.4,-39.9
6150,54.8,-39.9
6160,54.2,-39.9
6170,53.6,-39.8
6180,52.9,-39.8
6190,52.3,-39.7
6200,51.7,-39.7
6210,51.1,-39.7
6220,50.5,-39.6
6230,49.8,-39.6
6240,49.2,-39.6
6250,48.6,-39.5
6260,48,-39.5
6270,47.4,-39.5
6280,46.7,-39.4
6290,46.1,-39.4
6300,45.5,-39.4
6310,44.9,-39.3
6320,44.2,-39.3
6330,43.6,-39.3
6340,43,-39.3
6350,42.4,-39.2
6360,41.8,-39.2
6370,41.1,-39.2
6380,40.5,-39.2
6390,39.9,-39.1
6400,39.3,-39.1
6410,38.6,-39.1
6420,38,-39.1
6430,37.4,-39.1
6440,36.8,-39
6450,36.1,-39
6460,35.5,-39
6470,34.9,-39
6480,34.3,-39
6490,33.6,-39
6500,33,-38.9
6510,32.4,-38.9
6520,31.8,-38.9
6530,31.1,-38.9
6540,30.5,-38.9
6550,29.9,-38.9
6560,29.3,-38.9
6570,28.6,-38.9
6580,28,-38.9
6590,27.4,-38.9
6600,26.8,-38.9
6610,26.1,-38.9
6620,25.5,-38.9
6630,24.9,-38.8
6640,24.3,-38.8
6650,23.6,-38.8
6660,23,-38.8
6670,22.4,-38.8
6680,21.8,-38.8
6690,21.1,-38.8
6700,20.5,-38.9
6710,19.9,-38.9
6720,19.3,-38.9
6730,18.6,-38.9
6740,18,-38.9
6750,17.4,-38.9
6760,16.8,-38.9
6770,16.1,-38.9
6780,15.5,-38.9
6790,14.9,-38.9
6800,14.3,-38.9
6810,13.6,-38.9
6820,13,-39
6830,12.4,-39
6840,11.8,-39
6850,11.1,-39
6860,10.5,-39
6870,9.9,-39
6880,9.3,-39.1
6890,8.6,-39.1
6900,8,-39.1
6910,7.4,-39.1
6920,6.8,-39.2
6930,6.1,-39.2
6940,5.5,-39.2
6950,4.9,-39.2
6960,4.3,-39.3
6970,3.7,-39.3
6980,3,-39.3
6990,2.4,-39.3
7000,1.8,-39.4
7010,1.2,-39.4
7020,0.5,-39.4
7030,359.9,-39.5
7040,359.3,-39.5
7050,358.7,-39.5
7060,358.1,-39.6
7070,357.4,-39.6
7080,356.8,-39.6
7090,356.2,-39.7
7100,355.6,-39.7
7110,355,-39.7
7120,354.3,-39.8
7130,353.7,-39.8
7140,353.1,-39.9
7150,352.5,-39.9
7160,351.9,-39.9
7170,351.3,-40
7180,350.6,-40
7190,350,-40.1
7200,349.4,-40.1
7210,348.8,-40.2
7220,348.2,-40.2
7230,347.6,-40.3
7240,346.9,-40.3
7250,346.3,-40.4
7260,345.7,-40.4
7270,345.1,-40.5
7280,344.5,-40.5
7290,343.9,-40.6
7300,343.2,-40.6
7310,342.6,-40.7
7320,342,-40.7
7330,341.4,-40.8
7340,340.8,-40.8
7350,340.2,-40.9
7360,339.6,-40.9
7370,339,-41
7380,338.3,-41.1
7390,337.7,-41.1
7400,337.1,-41.2
7410,336.5,-41.2
7420,335.9,-41.3
7430,335.3,-41.3
7440,334.7,-41.4
7450,334.1,-41.5
7460,333.5,-41.5
7470,332.8,-41.6
7480,332.2,-41.7
7490,331.6,-41.7
7500,331,-41.8
7510,330.4,-41.8
7520,329.8,-41.9
7530,329.2,-42
7540,328.6,-42
7550,328,-42.1
7560,327.4,-42.2
7570,326.8,-42.2
7580,326.1,-42.3
7590,325.5,-42.4
7600,324.9,-42.4
7610,324.3,-42.5
7620,323.7,-42.6
7630,323.1,-42.6
7640,322.5,-42.7
7650,321.9,-42.8
7660,321.3,-42.9
7670,320.7,-42.9
7680,320.1,-43
7690,319.5,-43.1
7700,318.9,-43.1
7710,318.3,-43.2
7720,317.7,-43.3
7730,317,-43.3
7740,316.4,-43.4
7750,315.8,-43.5
7760,315.2,-43.6
7770,314.6,-43.6
7780,314,-43.7
7790,313.4,-43.8
7800,312.8,-43.8
7810,312.2,-43.9
7820,311.6,-44
7830,311,-44.1
7840,310.4,-44.1
7850,309.8,-44.2
7860,309.2,-44.3
7870,308.6,-44.4
7880,308,-44.4
7890,307.4,-44.5
7900,306.7,-44.6
7910,306.1,-44.7
7920,305.5,-44.7
7930,304.9,-44.8
7940,304.3,-44.9
7950,303.7,-44.9
7960,303.1,-45
7970,302.5,-45.1
7980,301.9,-45.2
7990,301.3,-45.2
8000,300.7,-45.3
8010,300.1,-45.4
8020,299.5,-45.5
8030,298.9,-45.5
8040,298.3,-45.6
8050,297.6,-45.7
8060,297,-45.7
8070,296.4,-45.8
8080,295.8,-45.9
8090,295.2,-46
8100,294.6,-46
8110,294,-46.1
8120,293.4,-46.2
8130,292.8,-46.2
8140,292.2,-46.3
8150,291.6,-46.4
8160,290.9,-46.5
8170,290.3,-46.5
8180,289.7,-46.6
8190,289.1,-46.7
8200,288.5,-46.7
8210,287.9,-46.8
8220,287.3,-46.9
8230,286.7,-46.9
8240,286,-47
8250,285.4,-47.1
8260,284.8,-47.1
8270,284.2,-47.2
8280,283.6,-47.3
8290,283,-47.3
8300,282.4,-47.4
8310,281.7,-47.5
8320,281.1,-47.5
8330,280.5,-47.6
8340,279.9,-47.7
8350,279.3,-47.7
8360,278.7,-47.8
8370,278,-47.8
8380,277.4,-47.9
8390,276.8,-48
8400,276.2,-48
8410,275.6,-48.1
8420,275,-48.1
8430,274.3,-48.2
8440,273.7,-48.3
8450,273.1,-48.3
8460,272.5,-48.4
8470,271.8,-48.4
8480,271.2,-48.5
8490,270.6,-48.5
8500,270,-48.6
8510,269.4,-48.6
8520,268.7,-48.7
8530,268.1,-48.7
8540,267.5,-48.8
8550,266.9,-48.8
8560,266.2,-48.9
8570,265.6,-48.9
8580,265,-49
8590,264.4,-49
8600,263.7,-49.1
8610,263.1,-49.1
8620,262.5,-49.2
8630,261.8,-49.2
8640,261.2,-49.2
8650,260.6,-49.3
8660,260,-49.3
8670,259.3,-49.4
8680,258.7,-49.4
8690,258.1,-49.4
8700,257.4,-49.5
8710,256.8,-49.5
8720,256.2,-49.6
8730,255.5,-49.6
8740,254.9,-49.6
8750,254.3,-49.7
8760,253.6,-49.7
8770,253,-49.7
8780,252.4,-49.8
8790,251.7,-49.8
8800,251.1,-49.8
8810,250.5,-49.8
8820,249.8,-49.9
8830,249.2,-49.9
8840,248.6,-49.9
8850,247.9,-49.9
8860,247.3,-50
8870,246.7,-50
8880,246,-50
8890,245.4,-50
8900,244.8,-50
8910,244.1,-50.1
8920,243.5,-50.1
8930,242.9,-50.1
8940,242.2,-50.1
8950,241.6,-50.1
8960,240.9,-50.1
8970,240.3,-50.1
8980,239.7,-50.1
8990,239,-50.1
9000,238.4,-50.2
9010,237.8,-50.2
9020,237.1,-50.2
9030,236.5,-50.2
9040,235.8,-50.2
9050,235.2,-50.2
9060,234.6,-50.2
9070,233.9,-50.2
9080,233.3,-50.2
9090,232.7,-50.2
9100,232,-50.2
9110,231.4,-50.2
9120,230.7,-50.2
9130,230.1,-50.2
9140,229.5,-50.1
9150,228.8,-50.1
9160,228.2,-50.1
9170,227.6,-50.1
9180,226.9,-50.1
9190,226.3,-50.1
9200,225.7,-50.1
9210,225,-50.1
9220,224.4,-50
9230,223.7,-50
9240,223.1,-50
9250,222.5,-50
9260,221.8,-50
9270,221.2,-49.9
9280,220.6,-49.9
9290,219.9,-49.9
9300,219.3,-49.9
9310,218.7,-49.8
9320,218,-49.8
9330,217.4,-49.8
9340,216.8,-49.7
9350,216.1,-49.7
9360,215.5,-49.7
9370,214.9,-49.6
9380,214.3,-49.6
9390,213.6,-49.6
9400,213,-49.5
9410,212.4,-49.5
9420,211.7,-49.5
9430,211.1,-49.4
9440,210.5,-49.4
9450,209.9,-49.3
9460,209.2,-49.3
9470,208.6,-49.2
9480,208,-49.2
9490,207.3,-49.2
9500,206.7,-49.1
9510,206.1,-49.1
9520,205.5,-49
9530,204.8,-49
9540,204.2,-48.9
9550,203.6,-48.8
9560,203,-48.8
9570,202.4,-48.7
9580,201.7,-48.7
9590,201.1,-48.6
9600,200.5,-48.6
9610,199.9,-48.5
9620,199.3,-48.4
9630,198.6,-48.4
9640,198,-48.3
9650,197.4,-48.3
9660,196.8,-48.2
9670,196.2,-48.1
9680,195.6,-48.1
9690,194.9,-48
9700,194.3,-47.9
9710,193.7,-47.9
9720,193.1,-47.8
9730,192.5,-47.7
9740,191.9,-47.6
9750,191.3,-47.6
9760,190.7,-47.5
9770,190.1,-47.4
9780,189.4,-47.3
9790,188.8,-47.3
9800,188.2,-47.2
9810,187.6,-47.1
9820,187,-47
9830,186.4,-47
9840,185.8,-46.9
9850,185.2,-46.8
9860,184.6,-46.7
9870,184,-46.6
9880,183.4,-46.6
9890,182.8,-46.5
9900,182.2,-46.4
9910,181.6,-46.3
9920,181,-46.2
9930,180.4,-46.1
9940,179.8,-46
9950,179.2,-45.9
9960,178.6,-45.9
9970,178,-45.8
9980,177.4,-45.7
9990,176.8,-45.6
10000,176.2,-45.5
10010,175.6,-45.4
10020,175,-45.3
10030,174.4,-45.2
10040,173.8,-45.1
10050,173.2,-45
10060,172.6,-44.9
10070,172,-44.8
10080,171.4,-44.7
10090,170.8,-44.6
10100,170.2,-44.5
10110,169.7,-44.4
10120,169.1,-44.3
10130,168.5,-44.2
10140,167.9,-44.2
10150,167.3,-44.1
10160,166.7,-44
10170,166.1,-43.8
10180,165.5,-43.7
10190,164.9,-43.6
10200,164.3,-43.5
10210,163.7,-43.4
10220,163.2,-43.3
10230,162.6,-43.2
10240,162,-43.1
10250,161.4,-43
10260,160.8,-42.9
10270,160.2,-42.8
10280,159.6,-42.7
10290,159,-42.6
10300,158.5,-42.5
10310,157.9,-42.4
10320,157.3,-42.3
10330,156.7,-42.2
10340,156.1,-42.1
10350,155.5,-42
10360,154.9,-41.9
10370,154.3,-41.8
10380,153.8,-41.7
10390,153.2,-41.5
10400,152.6,-41.4
10410,152,-41.3
10420,151.4,-41.2
10430,150.8,-41.1
10440,150.2,-41
10450,149.6,-40.9
10460,149,-40.8
10470,148.5,-40.7
10480,147.9,-40.6
10490,147.3,-40.5
10500,146.7,-40.4
10510,146.1,-40.3
10520,145.5,-40.1
10530,144.9,-40
10540,144.3,-39.9
10550,143.7,-39.8
10560,143.2,-39.7
10570,142.6,-39.6
10580,142,-39.5
10590,141.4,-39.4
10600,140.8,-39.3
10610,140.2,-39.2
10620,139.6,-39.1
10630,139,-39
10640,138.4,-38.9
10650,137.8,-38.7
10660,137.2,-38.6
10670,136.6,-38.5
10680,136,-38.4
10690,135.4,-38.3
10700,134.8,-38.2
10710,134.2,-38.1
10720,133.6,-38
10730,133,-37.9
10740,132.4,-37.8
10750,131.8,-37.7
10760,131.2,-37.6
10770,130.6,-37.5
10780,130,-37.4
10790,129.4,-37.3
10800,128.8,-37.2
10810,128.2,-37.1
10820,127.6,-37
10830,127,-36.9
10840,126.4,-36.8
10850,125.8,-36.7
10860,125.2,-36.6
10870,124.6,-36.5
10880,124,-36.4
10890,123.4,-36.3
10900,122.8,-36.2
10910,122.2,-36.1
10920,121.5,-36
10930,120.9,-35.9
10940,120.3,-35.8
10950,119.7,-35.7
10960,119.1,-35.7
10970,118.5,-35.6
10980,117.8,-35.5
10990,117.2,-35.4
11000,116.6,-35.3
11010,116,-35.2
11020,115.4,-35.1
11030,114.7,-35
11040,114.1,-34.9
11050,113.5,-34.9
11060,112.9,-34.8
11070,112.3,-34.7
11080,111.6,-34.6
11090,111,-34.5
11100,110.4,-34.5
11110,109.7,-34.4
11120,109.1,-34.3
11130,108.5,-34.2
11140,107.8,-34.1
11150,107.2,-34.1
11160,106.6,-34
11170,105.9,-33.9
11180,105.3,-33.9
11190,104.7,-33.8
11200,104,-33.7
11210,103.4,-33.6
11220,102.8,-33.6
11230,102.1,-33.5
11240,101.5,-33.4
11250,100.8,-33.4
11260,100.2,-33.3
11270,99.6,-33.3
11280,98.9,-33.2
11290,98.3,-33.1
11300,97.6,-33.1
11310,97,-33
11320,96.3,-33
11330,95.7,-32.9
11340,95,-32.9
11350,94.4,-32.8
11360,93.7,-32.8
11370,93.1,-32.7
11380,92.4,-32.7
11390,91.8,-32.6
11400,91.1,-32.6
11410,90.5,-32.5
11420,89.8,-32.5
11430,89.2,-32.5
11440,88.5,-32.4
11450,87.8,-32.4
11460,87.2,-32.3
11470,86.5,-32.3
11480,85.9,-32.3
11490,85.2,-32.2
11500,84.6,-32.2
11510,83.9,-32.2
11520,83.2,-32.2
11530,82.6,-32.1
11540,81.9,-32.1
11550,81.3,-32.1
11560,80.6,-32.1
11570,79.9,-32.1
11580,79.3,-32
11590,78.6,-32
11600,78,-32
11610,77.3,-32
11620,76.6,-32
11630,76,-32
11640,75.3,-32
11650,74.6,-32
11660,74,-32
11670,73.3,-31.9
11680,72.6,-31.9
11690,72,-31.9
11700,71.3,-32
11710,70.7,-32
11720,70,-32
11730,69.3,-32
11740,68.7,-32
11750,68,-32
11760,67.3,-32
11770,66.7,-32
11780,66,-32
11790,65.4,-32
11800,64.7,-32.1
11810,64,-32.1
11820,63.4,-32.1
11830,62.7,-32.1
11840,62.1,-32.1
11850,61.4,-32.2
11860,60.7,-32.2
11870,60.1,-32.2
11880,59.4,-32.3
11890,58.8,-32.3
11900,58.1,-32.3
11910,57.5,-32.4
11920,56.8,-32.4
11930,56.1,-32.4
11940,55.5,-32.5
11950,54.8,-32.5
11960,54.2,-32.6
11970,53.5,-32.6
11980,52.9,-32.7
11990,52.2,-32.7
12000,51.6,-32.8
12010,50.9,-32.8
12020,50.3,-32.9
12030,49.6,-32.9
12040,49,-33
12050,48.4,-33
12060,47.7,-33.1
12070,47.1,-33.2
12080,46.4,-33.2
12090,45.8,-33.3
12100,45.1,-33.4
12110,44.5,-33.4
12120,43.9,-33.5
12130,43.2,-33.6
12140,42.6,-33.6
12150,42,-33.7
12160,41.3,-33.8
12170,40.7,-33.9
12180,40.1,-33.9
12190,39.4,-34
12200,38.8,-34.1
12210,38.2,-34.2
12220,37.6,-34.3
12230,36.9,-34.4
12240,36.3,-34.4
12250,35.7,-34.5
12260,35.1,-34.6
12270,34.4,-34.7
12280,33.8,-34.8
12290,33.2,-34.9
12300,32.6,-35
12310,32,-35.1
12320,31.4,-35.2
12330,30.7,-35.3
12340,30.1,-35.4
12350,29.5,-35.5
12360,28.9,-35.6
12370,28.3,-35.7
12380,27.7,-35.8
12390,27.1,-35.9
12400,26.5,-36
12410,25.9,-36.1
12420,25.3,-36.2
12430,24.7,-36.3
12440,24.1,-36.4
12450,23.5,-36.5
12460,22.9,-36.6
12470,22.3,-36.8
12480,21.7,-36.9
12490,21.1,-37
12500,20.5,-37.1
12510,19.9,-37.2
12520,19.3,-37.3
12530,18.7,-37.5
12540,18.1,-37.6
12550,17.6,-37.7
12560,17,-37.8
12570,16.4,-37.9
12580,15.8,-38.1
12590,15.2,-38.2
12600,14.6,-38.3
12610,14.1,-38.4
12620,13.5,-38.6
12630,12.9,-38.7
12640,12.3,-38.8
12650,11.7,-38.9
12660,11.2,-39.1
12670,10.6,-39.2
12680,10,-39.3
12690,9.4,-39.5
12700,8.9,-39.6
12710,8.3,-39.7
12720,7.7,-39.9
12730,7.2,-40
12740,6.6,-40.1
12750,6,-40.3
12760,5.5,-40.4
12770,4.9,-40.5
12780,4.3,-40.7
12790,3.8,-40.8
12800,3.2,-41
12810,2.6,-41.1
12820,2.1,-41.2
12830,1.5,-41.4
12840,0.9,-41.5
12850,0.4,-41.7
12860,359.8,-41.8
12870,359.3,-41.9
12880,358.7,-42.1
12890,358.1,-42.2
12900,357.6,-42.4
12910,357,-42.5
12920,356.5,-42.7
12930,355.9,-42.8
12940,355.3,-42.9
12950,354.8,-43.1
12960,354.2,-43.2
12970,353.7,-43.4
12980,353.1,-43.5
12990,352.6,-43.7
13000,352,-43.8
13010,351.5,-44
13020,350.9,-44.1
13030,350.3,-44.3
13040,349.8,-44.4
13050,349.2,-44.5
13060,348.7,-44.7
13070,348.1,-44.8
13080,347.6,-45
13090,347,-45.1
13100,346.4,-45.3
13110,345.9,-45.4
13120,345.3,-45.6
13130,344.8,-45.7
13140,344.2,-45.9
13150,343.7,-46
13160,343.1,-46.2
13170,342.5,-46.3
13180,342,-46.5
13190,341.4,-46.6
13200,340.9,-46.8
13210,340.3,-46.9
13220,339.8,-47
13230,339.2,-47.2
13240,338.6,-47.3
13250,338.1,-47.5
13260,337.5,-47.6
13270,337,-47.8
13280,336.4,-47.9
13290,335.8,-48.1
13300,335.3,-48.2
13310,334.7,-48.4
13320,334.1,-48.5
13330,333.6,-48.6
13340,333,-48.8
13350,332.4,-48.9
13360,331.9,-49.1
13370,331.3,-49.2
13380,330.7,-49.4
13390,330.1,-49.5
13400,329.6,-49.6
13410,329,-49.8
13420,328.4,-49.9
13430,327.8,-50.1
13440,327.3,-50.2
13450,326.7,-50.3
13460,326.1,-50.5
13470,325.5,-50.6
13480,325,-50.8
13490,324.4,-50.9
13500,323.8,-51
13510,323.2,-51.2
13520,322.6,-51.3
13530,322,-51.4
13540,321.4,-51.6
13550,320.8,-51.7
13560,320.3,-51.8
13570,319.7,-52
13580,319.1,-52.1
13590,318.5,-52.2
13600,317.9,-52.3
13610,317.3,-52.5
13620,316.7,-52.6
13630,316.1,-52.7
13640,315.5,-52.8
13650,314.9,-53
13660,314.3,-53.1
13670,313.6,-53.2
13680,313,-53.3
13690,312.4,-53.5
13700,311.8,-53.6
13710,311.2,-53.7
13720,310.6,-53.8
13730,310,-53.9
13740,309.3,-54
13750,308.7,-54.2
13760,308.1,-54.3
13770,307.5,-54.4
13780,306.8,-54.5
13790,306.2,-54.6
13800,305.6,-54.7
13810,305,-54.8
13820,304.3,-54.9
13830,303.7,-55
13840,303,-55.1
13850,302.4,-55.2
13860,301.8,-55.3
13870,301.1,-55.4
13880,300.5,-55.5
13890,299.8,-55.6
13900,299.2,-55.7
13910,298.5,-55.8
13920,297.9,-55.9
13930,297.2,-56
13940,296.6,-56.1
13950,295.9,-56.2
13960,295.2,-56.3
13970,294.6,-56.3
13980,293.9,-56.4
13990,293.3,-56.5
14000,292.6,-56.6
14010,291.9,-56.7
14020,291.3,-56.7
14030,290.6,-56.8
14040,289.9,-56.9
14050,289.2,-57
14060,288.6,-57
14070,287.9,-57.1
14080,287.2,-57.2
14090,286.5,-57.2
14100,285.8,-57.3
14110,285.2,-57.4
14120,284.5,-57.4
14130,283.8,-57.5
14140,283.1,-57.5
14150,282.4,-57.6
14160,281.7,-57.6
14170,281,-57.7
14180,280.3,-57.7
14190,279.6,-57.8
14200,278.9,-57.8
14210,278.2,-57.9
14220,277.5,-57.9
14230,276.8,-58
14240,276.1,-58
14250,275.4,-58
14260,274.7,-58.1
14270,274,-58.1
14280,273.3,-58.1
14290,272.6,-58.1
14300,271.9,-58.2
14310,271.2,-58.2
14320,270.5,-58.2
14330,269.8,-58.2
14340,269.1,-58.2
14350,268.4,-58.3
14360,267.7,-58.3
14370,267,-58.3
14380,266.3,-58.3
14390,265.6,-58.3
14400,264.9,-58.3
14410,264.2,-58.3
14420,263.4,-58.3
14430,262.7,-58.3
14440,262,-58.3
14450,261.3,-58.3
14460,260.6,-58.3
14470,259.9,-58.3
14480,259.2,-58.2
14490,258.5,-58.2
14500,257.8,-58.2
14510,257.1,-58.2
14520,256.4,-58.2
14530,255.7,-58.1
14540,255,-58.1
14550,254.3,-58.1
14560,253.6,-58.1
14570,252.9,-58
14580,252.2,-58
14590,251.5,-58
14600,250.8,-57.9
14610,250.1,-57.9
14620,249.4,-57.8
14630,248.7,-57.8
14640,248,-57.7
14650,247.3,-57.7
14660,246.6,-57.6
14670,245.9,-57.6
14680,245.2,-57.5
14690,244.6,-57.5
14700,243.9,-57.4
14710,243.2,-57.3
14720,242.5,-57.3
14730,241.8,-57.2
14740,241.1,-57.2
14750,240.5,-57.1
14760,239.8,-57
14770,239.1,-56.9
14780,238.5,-56.9
14790,237.8,-56.8
14800,237.1,-56.7
14810,236.5,-56.6
14820,235.8,-56.5
14830,235.1,-56.5
14840,234.5,-56.4
14850,233.8,-56.3
14860,233.2,-56.2
14870,232.5,-56.1
14880,231.9,-56
14890,231.2,-55.9
14900,230.6,-55.8
14910,229.9,-55.7
14920,229.3,-55.6
14930,228.6,-55.5
14940,228,-55.4
14950,227.4,-55.3
14960,226.7,-55.2
14970,226.1,-55.1
14980,225.5,-55
14990,224.8,-54.9
15000,224.2,-54.7
15010,223.6,-54.6
15020,223,-54.5
15030,222.3,-54.4
15040,221.7,-54.3
15050,221.1,-54.1
15060,220.5,-54
15070,219.9,-53.9
15080,219.3,-53.8
15090,218.7,-53.6
15100,218.1,-53.5
15110,217.5,-53.4
15120,216.9,-53.2
15130,216.3,-53.1
15140,215.7,-53
15150,215.1,-52.8
15160,214.5,-52.7
15170,213.9,-52.6
15180,213.3,-52.4
15190,212.7,-52.3
15200,212.2,-52.1
15210,211.6,-52
15220,211,-51.9
15230,210.4,-51.7
15240,209.8,-51.6
15250,209.3,-51.4
15260,208.7,-51.3
15270,208.1,-51.1
15280,207.6,-51
15290,207,-50.8
15300,206.4,-50.6
15310,205.9,-50.5
15320,205.3,-50.3
15330,204.8,-50.2
15340,204.2,-50
15350,203.7,-49.9
15360,203.1,-49.7
15370,202.6,-49.5
15380,202,-49.4
15390,201.5,-49.2
15400,200.9,-49
15410,200.4,-48.9
15420,199.8,-48.7
15430,199.3,-48.6
15440,198.7,-48.4
15450,198.2,-48.2
15460,197.7,-48
15470,197.1,-47.9
15480,196.6,-47.7
15490,196.1,-47.5
15500,195.5,-47.4
15510,195,-47.2
15520,194.5,-47
15530,193.9,-46.8
15540,193.4,-46.7
15550,192.9,-46.5
15560,192.4,-46.3
15570,191.8,-46.1
15580,191.3,-46
15590,190.8,-45.8
15600,190.3,-45.6
15610,189.8,-45.4
15620,189.2,-45.2
15630,188.7,-45.1
15640,188.2,-44.9
15650,187.7,-44.7
15660,187.2,-44.5
15670,186.6,-44.3
15680,186.1,-44.2
15690,185.6,-44
15700,185.1,-43.8
15710,184.6,-43.6
15720,184.1,-43.4
15730,183.6,-43.2
15740,183,-43
15750,182.5,-42.9
15760,182,-42.7
15770,181.5,-42.5
15780,181,-42.3
15790,180.5,-42.1
15800,180,-41.9
15810,179.5,-41.7
15820,179,-41.6
15830,178.4,-41.4
15840,177.9,-41.2
15850,177.4,-41
15860,176.9,-40.8
15870,176.4,-40.6
15880,175.9,-40.4
15890,175.4,-40.2
15900,174.9,-40
15910,174.4,-39.9
15920,173.8,-39.7
15930,173.3,-39.5
15940,172.8,-39.3
15950,172.3,-39.1
15960,171.8,-38.9
15970,171.3,-38.7
15980,170.8,-38.5
15990,170.2,-38.3
16000,169.7,-38.1
16010,169.2,-38
16020,168.7,-37.8
16030,168.2,-37.6
16040,167.6,-37.4
16050,167.1,-37.2
16060,166.6,-37
16070,166.1,-36.8
16080,165.5,-36.6
16090,165,-36.4
16100,164.5,-36.3
16110,164,-36.1
16120,163.4,-35.9
16130,162.9,-35.7
16140,162.4,-35.5
16150,161.8,-35.3
16160,161.3,-35.1
16170,160.8,-35
16180,160.2,-34.8
16190,159.7,-34.6
16200,159.1,-34.4
16210,158.6,-34.2
16220,158.1,-34
16230,157.5,-33.8
16240,157,-33.7
16250,156.4,-33.5
16260,155.9,-33.3
16270,155.3,-33.1
16280,154.8,-32.9
16290,154.2,-32.8
16300,153.6,-32.6
16310,153.1,-32.4
16320,152.5,-32.2
16330,151.9,-32
16340,151.4,-31.9
16350,150.8,-31.7
16360,150.2,-31.5
16370,149.7,-31.3
16380,149.1,-31.2
16390,148.5,-31
16400,147.9,-30.8
16410,147.3,-30.6
16420,146.7,-30.5
16430,146.1,-30.3
16440,145.6,-30.1
16450,145,-30
16460,144.4,-29.8
16470,143.8,-29.6
16480,143.2,-29.5
16490,142.5,-29.3
16500,141.9,-29.2
16510,141.3,-29
16520,140.7,-28.8
16530,140.1,-28.7
16540,139.5,-28.5
16550,138.8,-28.4
16560,138.2,-28.2
16570,137.6,-28.1
16580,136.9,-27.9
16590,136.3,-27.8
16600,135.7,-27.6
16610,135,-27.5
16620,134.4,-27.3
16630,133.7,-27.2
16640,133.1,-27
16650,132.4,-26.9
16660,131.8,-26.8
16670,131.1,-26.6
16680,130.4,-26.5
16690,129.8,-26.4
16700,129.1,-26.2
16710,128.4,-26.1
16720,127.7,-26
16730,127.1,-25.8
16740,126.4,-25.7
16750,125.7,-25.6
16760,125,-25.5
16770,124.3,-25.4
16780,123.6,-25.2
16790,122.9,-25.1
16800,122.2,-25
16810,121.5,-24.9
16820,120.8,-24.8
16830,120.1,-24.7
16840,119.3,-24.6
16850,118.6,-24.5
16860,117.9,-24.4
16870,117.2,-24.3
16880,116.4,-24.2
16890,115.7,-24.1
16900,115,-24
16910,114.2,-24
16920,113.5,-23.9
16930,112.8,-23.8
16940,112,-23.7
16950,111.3,-23.6
16960,110.5,-23.6
16970,109.8,-23.5
16980,109,-23.4
16990,108.3,-23.4
17000,107.5,-23.3
17010,106.7,-23.3
17020,106,-23.2
17030,105.2,-23.1
17040,104.5,-23.1
17050,103.7,-23.1
17060,102.9,-23
17070,102.1,-23
17080,101.4,-22.9
17090,100.6,-22.9
17100,99.8,-22.9
17110,99.1,-22.8
17120,98.3,-22.8
17130,97.5,-22.8
17140,96.7,-22.8
17150,96,-22.8
17160,95.2,-22.8
17170,94.4,-22.7
17180,93.6,-22.7
17190,92.8,-22.7
17200,92.1,-22.7
17210,91.3,-22.7
17220,90.5,-22.7
17230,89.7,-22.8
17240,89,-22.8
17250,88.2,-22.8
17260,87.4,-22.8
17270,86.6,-22.8
17280,85.8,-22.9
17290,85.1,-22.9
17300,84.3,-22.9
17310,83.5,-23
17320,82.8,-23
17330,82,-23
17340,81.2,-23.1
17350,80.5,-23.1
17360,79.7,-23.2
17370,78.9,-23.2
17380,78.2,-23.3
17390,77.4,-23.4
17400,76.7,-23.4
17410,75.9,-23.5
17420,75.2,-23.6
17430,74.4,-23.6
17440,73.7,-23.7
17450,72.9,-23.8
17460,72.2,-23.9
17470,71.5,-23.9
17480,70.7,-24
17490,70,-24.1
17500,69.3,-24.2
17510,68.5,-24.3
17520,67.8,-24.4
17530,67.1,-24.5
17540,66.4,-24.6
17550,65.7,-24.7
17560,65,-24.8
17570,64.3,-24.9
17580,63.6,-25
17590,62.9,-25.2
17600,62.2,-25.3
17610,61.5,-25.4
17620,60.8,-25.5
17630,60.1,-25.6
17640,59.4,-25.8
17650,58.7,-25.9
17660,58.1,-26
17670,57.4,-26.2
17680,56.7,-26.3
17690,56.1,-26.4
17700,55.4,-26.6
17710,54.8,-26.7
17720,54.1,-26.9
17730,53.5,-27
17740,52.8,-27.2
17750,52.2,-27.3
17760,51.5,-27.5
17770,50.9,-27.6
17780,50.3,-27.8
17790,49.7,-27.9
17800,49,-28.1
17810,48.4,-28.3
17820,47.8,-28.4
17830,47.2,-28.6
17840,46.6,-28.7
17850,46,-28.9
17860,45.4,-29.1
17870,44.8,-29.3
17880,44.2,-29.4
17890,43.6,-29.6
17900,43,-29.8
17910,42.4,-30
17920,41.8,-30.1
17930,41.3,-30.3
17940,40.7,-30.5
17950,40.1,-30.7
17960,39.6,-30.9
17970,39,-31.1
17980,38.4,-31.2
17990,37.9,-31.4
18000,37.3,-31.6
18010,36.8,-31.8
18020,36.2,-32
18030,35.7,-32.2
18040,35.1,-32.4
18050,34.6,-32.6
18060,34.1,-32.8
18070,33.5,-33
18080,33,-33.2
18090,32.5,-33.4
18100,31.9,-33.6
18110,31.4,-33.8
18120,30.9,-34
18130,30.4,-34.2
18140,29.9,-34.4
18150,29.4,-34.6
18160,28.8,-34.8
18170,28.3,-35
18180,27.8,-35.2
18190,27.3,-35.4
18200,26.8,-35.6
18210,26.3,-35.8
18220,25.8,-36
18230,25.3,-36.2
18240,24.8,-36.5
18250,24.3,-36.7
18260,23.9,-36.9
18270,23.4,-37.1
18280,22.9,-37.3
18290,22.4,-37.5
18300,21.9,-37.7
18310,21.4,-37.9
18320,20.9,-38.2
18330,20.5,-38.4
18340,20,-38.6
18350,19.5,-38.8
18360,19,-39
18370,18.6,-39.2
18380,18.1,-39.5
18390,17.6,-39.7
18400,17.2,-39.9
18410,16.7,-40.1
18420,16.2,-40.3
18430,15.8,-40.6
18440,15.3,-40.8
18450,14.8,-41
18460,14.4,-41.2
18470,13.9,-41.4
18480,13.5,-41.7
18490,13,-41.9
18500,12.5,-42.1
18510,12.1,-42.3
18520,11.6,-42.6
18530,11.2,-42.8
18540,10.7,-43
18550,10.2,-43.2
18560,9.8,-43.5
18570,9.3,-43.7
18580,8.9,-43.9
18590,8.4,-44.1
18600,8,-44.3
18610,7.5,-44.6
18620,7.1,-44.8
18630,6.6,-45
18640,6.2,-45.2
18650,5.7,-45.5
18660,5.2,-45.7
18670,4.8,-45.9
18680,4.3,-46.1
18690,3.9,-46.4
18700,3.4,-46.6
18710,3,-46.8
18720,2.5,-47
18730,2.1,-47.3
18740,1.6,-47.5
18750,1.1,-47.7
18760,0.7,-47.9
18770,0.2,-48.2
18780,359.8,-48.4
18790,359.3,-48.6
18800,358.8,-48.8
18810,358.4,-49
18820,357.9,-49.3
18830,357.4,-49.5
18840,357,-49.7
18850,356.5,-49.9
18860,356,-50.2
18870,355.6,-50.4
18880,355.1,-50.6
18890,354.6,-50.8
18900,354.1,-51
18910,353.7,-51.3
18920,353.2,-51.5
18930,352.7,-51.7
18940,352.2,-51.9
18950,351.8,-52.1
18960,351.3,-52.3
18970,350.8,-52.6
18980,350.3,-52.8
18990,349.8,-53
19000,349.3,-53.2
19010,348.8,-53.4
19020,348.3,-53.6
19030,347.8,-53.9
19040,347.3,-54.1
19050,346.8,-54.3
19060,346.3,-54.5
19070,345.8,-54.7
19080,345.3,-54.9
19090,344.8,-55.1
19100,344.3,-55.3
19110,343.7,-55.5
19120,343.2,-55.7
19130,342.7,-55.9
19140,342.2,-56.1
19150,341.6,-56.4
19160,341.1,-56.6
19170,340.5,-56.8
19180,340,-57
19190,339.5,-57.2
19200,338.9,-57.4
19210,338.4,-57.6
19220,337.8,-57.8
19230,337.2,-57.9
19240,336.7,-58.1
19250,336.1,-58.3
19260,335.5,-58.5
19270,335,-58.7
19280,334.4,-58.9
19290,333.8,-59.1
19300,333.2,-59.3
19310,332.6,-59.5
19320,332,-59.7
19330,331.4,-59.8
19340,330.8,-60
19350,330.2,-60.2
19360,329.6,-60.4
19370,329,-60.6
19380,328.3,-60.7
19390,327.7,-60.9
19400,327.1,-61.1
19410,326.4,-61.2
19420,325.8,-61.4
19430,325.2,-61.6
19440,324.5,-61.7
19450,323.8,-61.9
19460,323.2,-62.1
19470,322.5,-62.2
19480,321.8,-62.4
19490,321.2,-62.5
19500,320.5,-62.7
19510,319.8,-62.8
19520,319.1,-63
19530,318.4,-63.1
19540,317.7,-63.3
19550,317,-63.4
19560,316.2,-63.6
19570,315.5,-63.7
19580,314.8,-63.8
19590,314.1,-64
19600,313.3,-64.1
19610,312.6,-64.2
19620,311.8,-64.4
19630,311.1,-64.5
19640,310.3,-64.6
19650,309.5,-64.7
19660,308.8,-64.8
19670,308,-65
19680,307.2,-65.1
19690,306.4,-65.2
19700,305.6,-65.3
19710,304.8,-65.4
19720,304,-65.5
19730,303.2,-65.6
19740,302.4,-65.7
19750,301.6,-65.7
19760,300.8,-65.8
19770,300,-65.9
19780,299.1,-66
19790,298.3,-66.1
19800,297.5,-66.1
19810,296.6,-66.2
19820,295.8,-66.3
19830,294.9,-66.3
19840,294.1,-66.4
19850,293.2,-66.5
19860,292.4,-66.5
19870,291.5,-66.6
19880,290.6,-66.6
19890,289.8,-66.6
19900,288.9,-66.7
19910,288,-66.7
19920,287.2,-66.7
19930,286.3,-66.8
19940,285.4,-66.8
19950,284.5,-66.8
19960,283.6,-66.8
19970,282.8,-66.8
19980,281.9,-66.8
19990,281,-66.9
20000,280.1,-66.9
20010,279.2,-66.9
20020,278.4,-66.8
20030,277.5,-66.8
20040,276.6,-66.8
20050,275.7,-66.8
20060,274.9,-66.8
20070,274,-66.8
20080,273.1,-66.7
20090,272.2,-66.7
20100,271.4,-66.7
20110,270.5,-66.6
20120,269.6,-66.6
20130,268.8,-66.5
20140,267.9,-66.5
20150,267.1,-66.4
20160,266.2,-66.4
20170,265.4,-66.3
20180,264.5,-66.2
20190,263.7,-66.2
20200,262.8,-66.1
20210,262,-66
20220,261.2,-66
20230,260.3,-65.9
20240,259.5,-65.8
20250,258.7,-65.7
20260,257.9,-65.6
20270,257.1,-65.5
20280,256.3,-65.4
20290,255.5,-65.3
20300,254.7,-65.2
20310,253.9,-65.1
20320,253.1,-65
20330,252.4,-64.9
20340,251.6,-64.8
20350,250.8,-64.6
20360,250.1,-64.5
20370,249.3,-64.4
20380,248.6,-64.3
20390,247.8,-64.1
20400,247.1,-64
20410,246.4,-63.9
20420,245.6,-63.7
20430,244.9,-63.6
20440,244.2,-63.4
20450,243.5,-63.3
20460,242.8,-63.1
20470,242.1,-63
20480,241.4,-62.8
20490,240.8,-62.7
20500,240.1,-62.5
20510,239.4,-62.4
20520,238.7,-62.2
20530,238.1,-62
20540,237.4,-61.9
20550,236.8,-61.7
20560,236.1,-61.5
20570,235.5,-61.4
20580,234.9,-61.2
20590,234.3,-61
20600,233.6,-60.8
20610,233,-60.6
20620,232.4,-60.5
20630,231.8,-60.3
20640,231.2,-60.1
20650,230.6,-59.9
20660,230,-59.7
20670,229.5,-59.5
20680,228.9,-59.3
20690,228.3,-59.1
20700,227.7,-58.9
20710,227.2,-58.7
20720,226.6,-58.5
20730,226.1,-58.3
20740,225.5,-58.1
20750,225,-57.9
20760,224.4,-57.7
20770,223.9,-57.5
20780,223.4,-57.3
20790,222.8,-57.1
20800,222.3,-56.9
20810,221.8,-56.7
20820,221.3,-56.5
20830,220.8,-56.2
20840,220.3,-56
20850,219.8,-55.8
20860,219.3,-55.6
20870,218.8,-55.4
20880,218.3,-55.1
20890,217.8,-54.9
20900,217.3,-54.7
20910,216.8,-54.5
20920,216.4,-54.2
20930,215.9,-54
20940,215.4,-53.8
20950,215,-53.6
20960,214.5,-53.3
20970,214,-53.1
20980,213.6,-52.9
20990,213.1,-52.6
21000,212.7,-52.4
21010,212.2,-52.2
21020,211.8,-51.9
21030,211.3,-51.7
21040,210.9,-51.5
21050,210.5,-51.2
21060,210,-51
21070,209.6,-50.7
21080,209.1,-50.5
21090,208.7,-50.3
21100,208.3,-50
21110,207.9,-49.8
21120,207.4,-49.5
21130,207,-49.3
21140,206.6,-49.1
21150,206.2,-48.8
21160,205.8,-48.6
21170,205.4,-48.3
21180,204.9,-48.1
21190,204.5,-47.8
21200,204.1,-47.6
21210,203.7,-47.3
21220,203.3,-47.1
21230,202.9,-46.8
21240,202.5,-46.6
21250,202.1,-46.3
21260,201.7,-46.1
21270,201.3,-45.8
21280,200.9,-45.6
21290,200.5,-45.3
21300,200.1,-45.1
21310,199.7,-44.8
21320,199.3,-44.6
21330,198.9,-44.3
21340,198.5,-44.1
21350,198.1,-43.8
21360,197.7,-43.6
21370,197.4,-43.3
21380,197,-43
21390,196.6,-42.8
21400,196.2,-42.5
21410,195.8,-42.3
21420,195.4,-42
21430,195,-41.8
21440,194.6,-41.5
21450,194.2,-41.2
21460,193.8,-41
21470,193.5,-40.7
21480,193.1,-40.5
21490,192.7,-40.2
21500,192.3,-40
21510,191.9,-39.7
21520,191.5,-39.4
21530,191.1,-39.2
21540,190.7,-38.9
21550,190.3,-38.7
21560,189.9,-38.4
21570,189.5,-38.1
21580,189.2,-37.9
21590,188.8,-37.6
21600,188.4,-37.4
21610,188,-37.1
21620,187.6,-36.8
21630,187.2,-36.6
21640,186.8,-36.3
21650,186.4,-36
21660,186,-35.8
21670,185.6,-35.5
21680,185.2,-35.3
21690,184.8,-35
21700,184.4,-34.7
21710,183.9,-34.5
21720,183.5,-34.2
21730,183.1,-34
21740,182.7,-33.7
21750,182.3,-33.4
21760,181.9,-33.2
21770,181.5,-32.9
21780,181,-32.7
21790,180.6,-32.4
21800,180.2,-32.1
21810,179.8,-31.9
21820,179.3,-31.6
21830,178.9,-31.4
21840,178.5,-31.1
21850,178,-30.8
21860,177.6,-30.6
21870,177.1,-30.3
21880,176.7,-30.1
21890,176.2,-29.8
21900,175.8,-29.5
21910,175.3,-29.3
21920,174.9,-29
21930,174.4,-28.8
21940,173.9,-28.5
21950,173.5,-28.3
21960,173,-28
21970,172.5,-27.7
21980,172,-27.5
21990,171.5,-27.2
22000,171.1,-27
22010,170.6,-26.7
22020,170.1,-26.5
22030,169.6,-26.2
22040,169.1,-26
22050,168.5,-25.7
22060,168,-25.5
22070,167.5,-25.2
22080,167,-25
22090,166.4,-24.7
22100,165.9,-24.5
22110,165.4,-24.2
22120,164.8,-24
22130,164.3,-23.7
22140,163.7,-23.5
22150,163.1,-23.2
22160,162.6,-23
22170,162,-22.8
22180,161.4,-22.5
22190,160.8,-22.3
22200,160.2,-22
22210,159.6,-21.8
22220,159,-21.6
22230,158.4,-21.3
22240,157.7,-21.1
22250,157.1,-20.9
22260,156.5,-20.6
22270,155.8,-20.4
22280,155.2,-20.2
22290,154.5,-20
22300,153.8,-19.7
22310,153.2,-19.5
22320,152.5,-19.3
22330,151.8,-19.1
22340,151.1,-18.9
22350,150.4,-18.7
22360,149.6,-18.4
22370,148.9,-18.2
22380,148.2,-18
22390,147.4,-17.8
22400,146.7,-17.6
22410,145.9,-17.4
22420,145.1,-17.2
22430,144.4,-17
22440,143.6,-16.8
22450,142.8,-16.7
22460,142,-16.5
22470,141.1,-16.3
22480,140.3,-16.1
22490,139.5,-15.9
22500,138.6,-15.8
22510,137.8,-15.6
22520,136.9,-15.4
22530,136,-15.3
22540,135.2,-15.1
22550,134.3,-15
22560,133.4,-14.8
22570,132.5,-14.7
22580,131.5,-14.5
22590,130.6,-14.4
22600,129.7,-14.3
22610,128.7,-14.1
22620,127.8,-14
22630,126.8,-13.9
22640,125.9,-13.8
22650,124.9,-13.7
22660,123.9,-13.6
22670,122.9,-13.5
22680,121.9,-13.4
22690,120.9,-13.3
22700,119.9,-13.2
22710,118.9,-13.2
22720,117.9,-13.1
22730,116.9,-13
22740,115.9,-13
22750,114.8,-12.9
22760,113.8,-12.9
22770,112.8,-12.9
22780,111.7,-12.8
22790,110.7,-12.8
22800,109.7,-12.8
22810,108.6,-12.8
22820,107.6,-12.8
22830,106.5,-12.8
22840,105.5,-12.8
22850,104.4,-12.8
22860,103.4,-12.8
22870,102.4,-12.8
22880,101.3,-12.9
22890,100.3,-12.9
22900,99.3,-12.9
22910,98.2,-13
22920,97.2,-13
22930,96.2,-13.1
22940,95.2,-13.2
22950,94.2,-13.2
22960,93.2,-13.3
22970,92.2,-13.4
22980,91.2,-13.5
22990,90.2,-13.6
23000,89.2,-13.7
23010,88.3,-13.8
23020,87.3,-13.9
23030,86.4,-14
23040,85.4,-14.2
23050,84.5,-14.3
23060,83.5,-14.4
23070,82.6,-14.6
23080,81.7,-14.7
23090,80.8,-14.8
23100,79.9,-15
23110,79,-15.1
23120,78.2,-15.3
23130,77.3,-15.5
23140,76.4,-15.6
23150,75.6,-15.8
23160,74.8,-16
23170,73.9,-16.2
23180,73.1,-16.3
23190,72.3,-16.5
23200,71.5,-16.7
23210,70.7,-16.9
23220,69.9,-17.1
23230,69.2,-17.3
23240,68.4,-17.5
23250,67.7,-17.7
23260,66.9,-17.9
23270,66.2,-18.1
23280,65.5,-18.3
23290,64.8,-18.5
23300,64.1,-18.8
23310,63.4,-19
23320,62.7,-19.2
23330,62,-19.4
23340,61.3,-19.6
23350,60.7,-19.9
23360,60,-20.1
23370,59.4,-20.3
23380,58.8,-20.6
23390,58.1,-20.8
23400,57.5,-21
23410,56.9,-21.3
23420,56.3,-21.5
23430,55.7,-21.8
23440,55.1,-22
23450,54.5,-22.2
23460,54,-22.5
23470,53.4,-22.7
23480,52.8,-23
23490,52.3,-23.2
23500,51.7,-23.5
23510,51.2,-23.7
23520,50.7,-24
23530,50.1,-24.2
23540,49.6,-24.5
23550,49.1,-24.8
23560,48.6,-25
23570,48.1,-25.3
23580,47.6,-25.5
23590,47.1,-25.8
23600,46.6,-26.1
23610,46.1,-26.3
23620,45.7,-26.6
23630,45.2,-26.9
23640,44.7,-27.1
23650,44.3,-27.4
23660,43.8,-27.6
23670,43.4,-27.9
23680,42.9,-28.2
23690,42.5,-28.5
23700,42.1,-28.7
23710,41.6,-29
23720,41.2,-29.3
23730,40.8,-29.5
23740,40.4,-29.8
23750,39.9,-30.1
23760,39.5,-30.3
23770,39.1,-30.6
23780,38.7,-30.9
23790,38.3,-31.2
23800,37.9,-31.4
23810,37.5,-31.7
23820,37.1,-32
23830,36.7,-32.3
23840,36.4,-32.5
23850,36,-32.8
23860,35.6,-33.1
23870,35.2,-33.4
23880,34.8,-33.7
23890,34.5,-33.9
23900,34.1,-34.2
23910,33.7,-34.5
23920,33.4,-34.8
23930,33,-35
23940,32.7,-35.3
23950,32.3,-35.6
23960,32,-35.9
23970,31.6,-36.2
23980,31.2,-36.4
23990,30.9,-36.7
24000,30.6,-37
24010,30.2,-37.3
24020,29.9,-37.6
24030,29.5,-37.8
24040,29.2,-38.1
24050,28.9,-38.4
24060,28.5,-38.7
24070,28.2,-39
24080,27.9,-39.3
24090,27.5,-39.5
24100,27.2,-39.8
24110,26.9,-40.1
24120,26.5,-40.4
24130,26.2,-40.7
24140,25.9,-41
24150,25.6,-41.2
24160,25.2,-41.5
24170,24.9,-41.8
24180,24.6,-42.1
24190,24.3,-42.4
24200,23.9,-42.6
24210,23.6,-42.9
24220,23.3,-43.2
24230,23,-43.5
24240,22.7,-43.8
24250,22.3,-44.1
24260,22,-44.3
24270,21.7,-44.6
24280,21.4,-44.9
24290,21.1,-45.2
24300,20.8,-45.5
24310,20.4,-45.8
24320,20.1,-46
24330,19.8,-46.3
24340,19.5,-46.6
24350,19.2,-46.9
24360,18.9,-47.2
24370,18.5,-47.5
24380,18.2,-47.7
24390,17.9,-48
24400,17.6,-48.3
24410,17.3,-48.6
24420,16.9,-48.9
24430,16.6,-49.1
24440,16.3,-49.4
24450,16,-49.7
24460,15.6,-50
24470,15.3,-50.3
24480,15,-50.5
24490,14.7,-50.8
24500,14.3,-51.1
24510,14,-51.4
24520,13.7,-51.7
24530,13.3,-51.9
24540,13,-52.2
24550,12.7,-52.5
24560,12.3,-52.8
24570,12,-53.1
24580,11.6,-53.3
24590,11.3,-53.6
24600,11,-53.9
24610,10.6,-54.2
24620,10.3,-54.4
24630,9.9,-54.7
24640,9.6,-55
24650,9.2,-55.3
24660,8.8,-55.6
24670,8.5,-55.8
24680,8.1,-56.1
24690,7.7,-56.4
24700,7.4,-56.6
24710,7,-56.9
24720,6.6,-57.2
24730,6.2,-57.5
24740,5.9,-57.7
24750,5.5,-58
24760,5.1,-58.3
24770,4.7,-58.5
24780,4.3,-58.8
24790,3.9,-59.1
24800,3.5,-59.4
24810,3.1,-59.6
24820,2.7,-59.9
24830,2.3,-60.2
24840,1.8,-60.4
24850,1.4,-60.7
24860,1,-60.9
24870,0.5,-61.2
24880,0.1,-61.5
24890,359.7,-61.7
24900,359.2,-62
24910,358.7,-62.3
24920,358.3,-62.5
24930,357.8,-62.8
24940,357.3,-63
24950,356.8,-63.3
24960,356.4,-63.5
24970,355.9,-63.8
24980,355.4,-64
24990,354.9,-64.3
25000,354.3,-64.5
25010,353.8,-64.8
25020,353.3,-65
25030,352.7,-65.3
25040,352.2,-65.5
25050,351.6,-65.8
25060,351.1,-66
25070,350.5,-66.3
25080,349.9,-66.5
25090,349.3,-66.7
25100,348.7,-67
25110,348.1,-67.2
25120,347.5,-67.4
25130,346.9,-67.7
25140,346.2,-67.9
25150,345.6,-68.1
25160,344.9,-68.3
25170,344.2,-68.6
25180,343.5,-68.8
25190,342.8,-69
25200,342.1,-69.2
25210,341.4,-69.4
25220,340.7,-69.6
25230,339.9,-69.9
25240,339.2,-70.1
25250,338.4,-70.3
25260,337.6,-70.5
25270,336.8,-70.7
25280,336,-70.9
25290,335.2,-71
25300,334.3,-71.2
25310,333.5,-71.4
25320,332.6,-71.6
25330,331.7,-71.8
25340,330.8,-72
25350,329.9,-72.1
25360,328.9,-72.3
25370,328,-72.5
25380,327,-72.6
25390,326,-72.8
25400,325,-72.9
25410,324,-73.1
25420,323,-73.2
25430,321.9,-73.3
25440,320.9,-73.5
25450,319.8,-73.6
25460,318.7,-73.7
25470,317.6,-73.9
25480,316.5,-74
25490,315.3,-74.1
25500,314.2,-74.2
25510,313,-74.3
25520,311.8,-74.4
25530,310.7,-74.5
25540,309.5,-74.5
25550,308.2,-74.6
25560,307,-74.7
25570,305.8,-74.7
25580,304.6,-74.8
25590,303.3,-74.8
25600,302.1,-74.9
25610,300.8,-74.9
25620,299.5,-75
25630,298.3,-75
25640,297,-75
25650,295.7,-75
25660,294.4,-75
25670,293.1,-75
25680,291.9,-75
25690,290.6,-75
25700,289.3,-75
25710,288.1,-74.9
25720,286.8,-74.9
25730,285.5,-74.9
25740,284.3,-74.8
25750,283,-74.8
25760,281.8,-74.7
25770,280.6,-74.7
25780,279.4,-74.6
25790,278.1,-74.5
25800,277,-74.4
25810,275.8,-74.3
25820,274.6,-74.2
25830,273.4,-74.1
25840,272.3,-74
25850,271.2,-73.9
25860,270.1,-73.8
25870,269,-73.7
25880,267.9,-73.6
25890,266.8,-73.4
25900,265.8,-73.3
25910,264.7,-73.2
25920,263.7,-73
25930,262.7,-72.9
25940,261.7,-72.7
25950,260.7,-72.5
25960,259.8,-72.4
25970,258.9,-72.2
25980,257.9,-72
25990,257,-71.9
26000,256.1,-71.7
26010,255.3,-71.5
26020,254.4,-71.3
26030,253.6,-71.1
26040,252.7,-70.9
26050,251.9,-70.7
26060,251.1,-70.5
26070,250.3,-70.3
26080,249.6,-70.1
26090,248.8,-69.9
26100,248.1,-69.7
26110,247.3,-69.5
26120,246.6,-69.3
26130,245.9,-69.1
26140,245.2,-68.9
26150,244.5,-68.6
26160,243.9,-68.4
26170,243.2,-68.2
26180,242.6,-68
26190,241.9,-67.7
26200,241.3,-67.5
26210,240.7,-67.3
26220,240.1,-67
26230,239.5,-66.8
26240,239,-66.5
26250,238.4,-66.3
26260,237.8,-66
26270,237.3,-65.8
26280,236.8,-65.6
26290,236.2,-65.3
26300,235.7,-65.1
26310,235.2,-64.8
26320,234.7,-64.5
26330,234.2,-64.3
26340,233.7,-64
26350,233.2,-63.8
26360,232.8,-63.5
26370,232.3,-63.3
26380,231.8,-63
26390,231.4,-62.7
26400,230.9,-62.5
26410,230.5,-62.2
26420,230.1,-61.9
26430,229.6,-61.7
26440,229.2,-61.4
26450,228.8,-61.1
26460,228.4,-60.9
26470,228,-60.6
26480,227.6,-60.3
26490,227.2,-60.1
26500,226.8,-59.8
26510,226.5,-59.5
26520,226.1,-59.2
26530,225.7,-59
26540,225.3,-58.7
26550,225,-58.4
26560,224.6,-58.1
26570,224.3,-57.8
26580,223.9,-57.6
26590,223.6,-57.3
26600,223.2,-57
26610,222.9,-56.7
26620,222.6,-56.4
26630,222.2,-56.2
26640,221.9,-55.9
26650,221.6,-55.6
26660,221.3,-55.3
26670,221,-55
26680,220.6,-54.7
26690,220.3,-54.4
26700,220,-54.2
26710,219.7,-53.9
26720,219.4,-53.6
26730,219.1,-53.3
26740,218.8,-53
26750,218.5,-52.7
26760,218.3,-52.4
26770,218,-52.1
26780,217.7,-51.8
26790,217.4,-51.5
26800,217.1,-51.3
26810,216.8,-51
26820,216.6,-50.7
26830,216.3,-50.4
26840,216,-50.1
26850,215.7,-49.8
26860,215.5,-49.5
26870,215.2,-49.2
26880,214.9,-48.9
26890,214.7,-48.6
26900,214.4,-48.3
26910,214.2,-48
26920,213.9,-47.7
26930,213.6,-47.4
26940,213.4,-47.1
26950,213.1,-46.8
26960,212.9,-46.5
26970,212.6,-46.2
26980,212.4,-45.9
26990,212.1,-45.6
27000,211.9,-45.3
27010,211.6,-45
27020,211.4,-44.7
27030,211.1,-44.4
27040,210.9,-44.1
27050,210.6,-43.8
27060,210.4,-43.5
27070,210.1,-43.2
27080,209.9,-42.9
27090,209.6,-42.6
27100,209.4,-42.3
27110,209.2,-42
27120,208.9,-41.7
27130,208.7,-41.4
27140,208.4,-41.1
27150,208.2,-40.8
27160,207.9,-40.5
27170,207.7,-40.2
27180,207.5,-39.9
27190,207.2,-39.6
27200,207,-39.2
27210,206.7,-38.9
27220,206.5,-38.6
27230,206.2,-38.3
27240,206,-38
27250,205.8,-37.7
27260,205.5,-37.4
27270,205.3,-37.1
27280,205,-36.8
27290,204.8,-36.5
27300,204.5,-36.2
27310,204.3,-35.9
27320,204,-35.5
27330,203.8,-35.2
27340,203.5,-34.9
27350,203.3,-34.6
27360,203,-34.3
27370,202.8,-34
27380,202.5,-33.7
27390,202.3,-33.4
27400,202,-33.1
27410,201.8,-32.7
27420,201.5,-32.4
27430,201.2,-32.1
27440,201,-31.8
27450,200.7,-31.5
27460,200.4,-31.2
27470,200.2,-30.9
27480,199.9,-30.6
27490,199.6,-30.2
27500,199.4,-29.9
27510,199.1,-29.6
27520,198.8,-29.3
27530,198.5,-29
27540,198.2,-28.7
27550,197.9,-28.3
27560,197.7,-28
27570,197.4,-27.7
27580,197.1,-27.4
27590,196.8,-27.1
27600,196.5,-26.8
27610,196.2,-26.4
27620,195.9,-26.1
27630,195.6,-25.8
27640,195.2,-25.5
27650,194.9,-25.2
27660,194.6,-24.9
27670,194.3,-24.5
27680,193.9,-24.2
27690,193.6,-23.9
27700,193.3,-23.6
27710,192.9,-23.3
27720,192.6,-22.9
27730,192.2,-22.6
27740,191.9,-22.3
27750,191.5,-22
27760,191.1,-21.6
27770,190.8,-21.3
27780,190.4,-21
27790,190,-20.7
27800,189.6,-20.4
27810,189.2,-20
27820,188.8,-19.7
27830,188.4,-19.4
27840,188,-19.1
27850,187.5,-18.7
27860,187.1,-18.4
27870,186.6,-18.1
27880,186.2,-17.8
27890,185.7,-17.4
27900,185.3,-17.1
27910,184.8,-16.8
27920,184.3,-16.5
27930,183.8,-16.1
27940,183.3,-15.8
27950,182.8,-15.5
27960,182.2,-15.2
27970,181.7,-14.8
27980,181.1,-14.5
27990,180.6,-14.2
28000,180,-13.8
28010,179.4,-13.5
28020,178.8,-13.2
28030,178.2,-12.9
28040,177.5,-12.5
28050,176.9,-12.2
28060,176.2,-11.9
28070,175.5,-11.6
28080,174.8,-11.2
28090,174.1,-10.9
28100,173.4,-10.6
28110,172.6,-10.3
28120,171.8,-9.9
28130,171,-9.6
28140,170.2,-9.3
28150,169.4,-9
28160,168.5,-8.7
28170,167.6,-8.3
28180,166.7,-8
28190,165.8,-7.7
28200,164.8,-7.4
28210,163.9,-7.1
28220,162.9,-6.8
28230,161.8,-6.5
28240,160.8,-6.2
28250,159.7,-5.9
28260,158.6,-5.6
28270,157.4,-5.3
28280,156.2,-5
28290,155,-4.8
28300,153.8,-4.5
28310,152.5,-4.2
28320,151.2,-4
28330,149.9,-3.7
28340,148.6,-3.5
28350,147.2,-3.2
28360,145.8,-3
28370,144.3,-2.8
28380,142.8,-2.6
28390,141.3,-2.4
28400,139.8,-2.2
28410,138.3,-2.1
28420,136.7,-1.9
28430,135.1,-1.8
28440,133.5,-1.6
28450,131.8,-1.5
28460,130.2,-1.4
28470,128.5,-1.3
28480,126.9,-1.3
28490,125.2,-1.2
28500,123.5,-1.2
28510,121.8,-1.2
28520,120.1,-1.2
28530,118.4,-1.2
28540,116.7,-1.2
28550,115,-1.3
28560,113.3,-1.3
28570,111.7,-1.4
28580,110,-1.5
28590,108.4,-1.6
28600,106.8,-1.7
28610,105.2,-1.9
28620,103.6,-2
28630,102.1,-2.2
28640,100.5,-2.4
28650,99,-2.6
28660,97.6,-2.8
28670,96.1,-3
28680,94.7,-3.2
28690,93.3,-3.4
28700,92,-3.7
28710,90.7,-3.9
28720,89.4,-4.2
28730,88.1,-4.5
28740,86.9,-4.7
28750,85.7,-5
28760,84.5,-5.3
28770,83.4,-5.6
28780,82.3,-5.9
28790,81.2,-6.2
28800,80.1,-6.5
28810,79.1,-6.8
28820,78.1,-7.1
28830,77.1,-7.4
28840,76.2,-7.7
28850,75.3,-8
28860,74.4,-8.3
28870,73.5,-8.6
28880,72.7,-8.9
28890,71.8,-9.3
28900,71,-9.6
28910,70.3,-9.9
28920,69.5,-10.2
28930,68.8,-10.6
28940,68,-10.9
28950,67.3,-11.2
28960,66.6,-11.5
28970,66,-11.9
28980,65.3,-12.2
28990,64.7,-12.5
29000,64.1,-12.9
29010,63.5,-13.2
29020,62.9,-13.5
29030,62.3,-13.8
29040,61.7,-14.2
29050,61.2,-14.5
29060,60.7,-14.8
29070,60.1,-15.2
29080,59.6,-15.5
29090,59.1,-15.8
29100,58.6,-16.2
29110,58.2,-16.5
29120,57.7,-16.8
29130,57.2,-17.2
29140,56.8,-17.5
29150,56.3,-17.8
29160,55.9,-18.1
29170,55.5,-18.5
29180,55.1,-18.8
29190,54.7,-19.1
29200,54.3,-19.5
29210,53.9,-19.8
29220,53.5,-20.1
29230,53.2,-20.4
29240,52.8,-20.8
29250,52.4,-21.1
29260,52.1,-21.4
29270,51.7,-21.8
29280,51.4,-22.1
29290,51.1,-22.4
29300,50.7,-22.7
29310,50.4,-23.1
29320,50.1,-23.4
29330,49.8,-23.7
29340,49.5,-24
29350,49.2,-24.4
29360,48.9,-24.7
29370,48.6,-25
29380,48.3,-25.3
29390,48,-25.7
29400,47.8,-26
29410,47.5,-26.3
29420,47.2,-26.6
29430,46.9,-27
29440,46.7,-27.3
29450,46.4,-27.6
29460,46.2,-27.9
29470,45.9,-28.3
29480,45.7,-28.6
29490,45.4,-28.9
29500,45.2,-29.2
29510,44.9,-29.6
29520,44.7,-29.9
29530,44.5,-30.2
29540,44.3,-30.5
29550,44,-30.9
29560,43.8,-31.2
29570,43.6,-31.5
29580,43.4,-31.8
29590,43.1,-32.1
29600,42.9,-32.5
29610,42.7,-32.8
29620,42.5,-33.1
29630,42.3,-33.4
29640,42.1,-33.8
29650,41.9,-34.1
29660,41.7,-34.4
29670,41.5,-34.7
29680,41.3,-35
29690,41.1,-35.4
29700,40.9,-35.7
29710,40.7,-36
29720,40.5,-36.3
29730,40.3,-36.6
29740,40.1,-37
29750,39.9,-37.3
29760,39.8,-37.6
29770,39.6,-37.9
29780,39.4,-38.2
29790,39.2,-38.6
29800,39,-38.9
29810,38.8,-39.2
29820,38.7,-39.5
29830,38.5,-39.8
29840,38.3,-40.1
29850,38.1,-40.5
29860,37.9,-40.8
29870,37.8,-41.1
29880,37.6,-41.4
29890,37.4,-41.7
29900,37.3,-42.1
29910,37.1,-42.4
29920,36.9,-42.7
29930,36.7,-43
29940,36.6,-43.3
29950,36.4,-43.6
29960,36.2,-44
29970,36.1,-44.3
29980,35.9,-44.6
29990,35.7,-44.9
30000,35.6,-45.2
30010,35.4,-45.5
30020,35.2,-45.9
30030,35,-46.2
30040,34.9,-46.5
30050,34.7,-46.8
30060,34.5,-47.1
30070,34.4,-47.4
30080,34.2,-47.8
30090,34,-48.1
30100,33.9,-48.4
30110,33.7,-48.7
30120,33.5,-49
30130,33.4,-49.3
30140,33.2,-49.7
30150,33,-50
30160,32.9,-50.3
30170,32.7,-50.6
30180,32.5,-50.9
30190,32.3,-51.2
30200,32.2,-51.5
30210,32,-51.9
30220,31.8,-52.2
30230,31.7,-52.5
30240,31.5,-52.8
30250,31.3,-53.1
30260,31.1,-53.4
30270,30.9,-53.7
30280,30.8,-54
30290,30.6,-54.4
30300,30.4,-54.7
30310,30.2,-55
30320,30,-55.3
30330,29.8,-55.6
30340,29.7,-55.9
30350,29.5,-56.2
30360,29.3,-56.5
30370,29.1,-56.9
30380,28.9,-57.2
30390,28.7,-57.5
30400,28.5,-57.8
30410,28.3,-58.1
30420,28.1,-58.4
30430,27.9,-58.7
30440,27.7,-59
30450,27.5,-59.3
30460,27.3,-59.7
30470,27.1,-60
30480,26.8,-60.3
30490,26.6,-60.6
30500,26.4,-60.9
30510,26.2,-61.2
30520,26,-61.5
30530,25.7,-61.8
30540,25.5,-62.1
30550,25.3,-62.4
30560,25,-62.7
30570,24.8,-63
30580,24.5,-63.4
30590,24.3,-63.7
30600,24,-64
30610,23.7,-64.3
30620,23.5,-64.6
30630,23.2,-64.9
30640,22.9,-65.2
30650,22.7,-65.5
30660,22.4,-65.8
30670,22.1,-66.1
30680,21.8,-66.4
30690,21.5,-66.7
30700,21.2,-67
30710,20.9,-67.3
30720,20.5,-67.6
30730,20.2,-67.9
30740,19.9,-68.2
30750,19.5,-68.5
30760,19.2,-68.8
30770,18.8,-69.1
30780,18.4,-69.4
30790,18.1,-69.7
30800,17.7,-70
30810,17.3,-70.3
30820,16.9,-70.6
30830,16.4,-70.9
30840,16,-71.2
30850,15.6,-71.4
30860,15.1,-71.7
30870,14.6,-72
30880,14.1,-72.3
30890,13.7,-72.6
30900,13.1,-72.9
30910,12.6,-73.2
30920,12.1,-73.5
30930,11.5,-73.7
30940,10.9,-74
30950,10.3,-74.3
30960,9.7,-74.6
30970,9.1,-74.9
30980,8.4,-75.1
30990,7.7,-75.4
31000,7,-75.7
31010,6.3,-75.9
31020,5.5,-76.2
31030,4.7,-76.5
31040,3.9,-76.7
31050,3.1,-77
31060,2.2,-77.3
31070,1.3,-77.5
31080,0.3,-77.8
31090,359.3,-78
31100,358.3,-78.2
31110,357.2,-78.5
31120,356.1,-78.7
31130,354.9,-79
31140,353.7,-79.2
31150,352.5,-79.4
31160,351.2,-79.6
31170,349.8,-79.8
31180,348.4,-80
31190,346.9,-80.2
31200,345.4,-80.4
31210,343.8,-80.6
31220,342.1,-80.8
31230,340.4,-81
31240,338.6,-81.1
31250,336.7,-81.3
31260,334.8,-81.4
31270,332.8,-81.6
31280,330.8,-81.7
31290,328.7,-81.8
31300,326.5,-81.9
31310,324.3,-82
31320,322.1,-82.1
31330,319.8,-82.2
31340,317.4,-82.2
31350,315.1,-82.3
31360,312.7,-82.3
31370,310.3,-82.3
31380,307.9,-82.3
31390,305.4,-82.3
31400,303,-82.3
31410,300.7,-82.3
31420,298.3,-82.2
31430,296,-82.1
31440,293.7,-82.1
31450,291.4,-82
31460,289.2,-81.9
31470,287.1,-81.8
31480,285,-81.7
31490,283,-81.5
31500,281.1,-81.4
31510,279.2,-81.2
31520,277.3,-81.1
31530,275.6,-80.9
31540,273.9,-80.7
31550,272.2,-80.6
31560,270.6,-80.4
31570,269.1,-80.2
31580,267.7,-80
31590,266.3,-79.8
31600,264.9,-79.6
31610,263.7,-79.3
31620,262.4,-79.1
31630,261.2,-78.9
31640,260.1,-78.6
31650,259,-78.4
31660,257.9,-78.2
31670,256.9,-77.9
31680,256,-77.7
31690,255,-77.4
31700,254.1,-77.2
31710,253.3,-76.9
31720,252.4,-76.6
31730,251.6,-76.4
31740,250.9,-76.1
31750,250.1,-75.8
31760,249.4,-75.6
31770,248.7,-75.3
31780,248.1,-75
31790,247.4,-74.8
31800,246.8,-74.5
31810,246.2,-74.2
31820,245.6,-73.9
31830,245.1,-73.6
31840,244.5,-73.4
31850,244,-73.1
31860,243.5,-72.8
31870,243,-72.5
31880,242.5,-72.2
31890,242.1,-71.9
31900,241.6,-71.6
31910,241.2,-71.3
31920,240.8,-71
31930,240.4,-70.7
31940,240,-70.4
31950,239.6,-70.2
31960,239.2,-69.9
31970,238.8,-69.6
31980,238.5,-69.3
31990,238.1,-69
32000,237.8,-68.7
32010,237.5,-68.4
32020,237.2,-68.1
32030,236.9,-67.8
32040,236.5,-67.5
32050,236.3,-67.2
32060,236,-66.9
32070,235.7,-66.5
32080,235.4,-66.2
32090,235.1,-65.9
32100,234.9,-65.6
32110,234.6,-65.3
32120,234.4,-65
32130,234.1,-64.7
32140,233.9,-64.4
32150,233.6,-64.1
32160,233.4,-63.8
32170,233.2,-63.5
32180,233,-63.2
32190,232.7,-62.9
32200,232.5,-62.6
32210,232.3,-62.2
32220,232.1,-61.9
32230,231.9,-61.6
32240,231.7,-61.3
32250,231.5,-61
32260,231.3,-60.7
32270,231.2,-60.4
32280,231,-60.1
32290,230.8,-59.8
32300,230.6,-59.4
32310,230.4,-59.1
32320,230.3,-58.8
32330,230.1,-58.5
32340,229.9,-58.2
32350,229.8,-57.9
32360,229.6,-57.6
32370,229.5,-57.2
32380,229.3,-56.9
32390,229.2,-56.6
32400,229,-56.3
32410,228.9,-56
32420,228.7,-55.7
32430,228.6,-55.4
32440,228.4,-55
32450,228.3,-54.7
32460,228.1,-54.4
32470,228,-54.1
32480,227.9,-53.8
32490,227.7,-53.5
32500,227.6,-53.1
32510,227.5,-52.8
32520,227.4,-52.5
32530,227.2,-52.2
32540,227.1,-51.9
32550,227,-51.5
32560,226.9,-51.2
32570,226.7,-50.9
32580,226.6,-50.6
32590,226.5,-50.3
32600,226.4,-49.9
32610,226.3,-49.6
32620,226.2,-49.3
32630,226,-49
32640,225.9,-48.7
32650,225.8,-48.3
32660,225.7,-48
32670,225.6,-47.7
32680,225.5,-47.4
32690,225.4,-47.1
32700,225.3,-46.7
32710,225.2,-46.4
32720,225.1,-46.1
32730,225,-45.8
32740,224.9,-45.4
32750,224.8,-45.1
32760,224.6,-44.8
32770,224.5,-44.5
32780,224.4,-44.1
32790,224.3,-43.8
32800,224.2,-43.5
32810,224.1,-43.2
32820,224,-42.8
32830,223.9,-42.5
32840,223.8,-42.2
32850,223.7,-41.9
32860,223.7,-41.5
32870,223.6,-41.2
32880,223.5,-40.9
32890,223.4,-40.6
32900,223.3,-40.2
32910,223.2,-39.9
32920,223.1,-39.6
32930,223,-39.2
32940,222.9,-38.9
32950,222.8,-38.6
32960,222.7,-38.3
32970,222.6,-37.9
32980,222.5,-37.6
32990,222.4,-37.3
33000,222.3,-36.9
33010,222.2,-36.6
33020,222.1,-36.3
33030,222,-35.9
33040,221.9,-35.6
33050,221.8,-35.3
33060,221.7,-34.9
33070,221.6,-34.6
33080,221.5,-34.3
33090,221.4,-33.9
33100,221.3,-33.6
33110,221.2,-33.3
33120,221.1,-32.9
33130,221,-32.6
33140,220.9,-32.3
33150,220.8,-31.9
33160,220.7,-31.6
33170,220.6,-31.2
33180,220.5,-30.9
33190,220.4,-30.6
33200,220.3,-30.2
33210,220.2,-29.9
33220,220.1,-29.6
33230,220,-29.2
33240,219.9,-28.9
33250,219.8,-28.5
33260,219.7,-28.2
33270,219.6,-27.8
33280,219.5,-27.5
33290,219.4,-27.2
33300,219.3,-26.8
33310,219.1,-26.5
33320,219,-26.1
33330,218.9,-25.8
33340,218.8,-25.4
33350,218.7,-25.1
33360,218.6,-24.7
33370,218.4,-24.4
33380,218.3,-24
33390,218.2,-23.7
33400,218.1,-23.3
33410,217.9,-23
33420,217.8,-22.6
33430,217.7,-22.2
33440,217.5,-21.9
33450,217.4,-21.5
33460,217.2,-21.2
33470,217.1,-20.8
33480,216.9,-20.5
33490,216.8,-20.1
33500,216.6,-19.7
33510,216.5,-19.4
33520,216.3,-19
33530,216.2,-18.6
33540,216,-18.3
33550,215.8,-17.9
33560,215.7,-17.5
33570,215.5,-17.1
33580,215.3,-16.8
33590,215.1,-16.4
33600,214.9,-16
33610,214.7,-15.6
33620,214.5,-15.2
33630,214.3,-14.9
33640,214.1,-14.5
33650,213.9,-14.1
33660,213.7,-13.7
33670,213.4,-13.3
33680,213.2,-12.9
33690,213,-12.5
33700,212.7,-12.1
33710,212.5,-11.7
33720,212.2,-11.3
33730,211.9,-10.9
33740,211.6,-10.5
33750,211.3,-10
33760,211,-9.6
33770,210.7,-9.2
33780,210.4,-8.8
33790,210,-8.3
33800,209.7,-7.9
33810,209.3,-7.4
33820,208.9,-7
33830,208.6,-6.5
33840,208.1,-6.1
33850,207.7,-5.6
33860,207.3,-5.1
33870,206.8,-4.6
33880,206.3,-4.2
33890,205.8,-3.7
33900,205.2,-3.2
33910,204.7,-2.7
33920,204.1,-2.1
33930,203.5,-1.6
33940,202.8,-1.1
33950,202.1,-0.5
33960,201.4,0
33970,200.6,0.6
33980,199.8,1.2
33990,198.9,1.8
34000,198,2.4
34010,197.1,3
34020,196,3.7
34030,194.9,4.3
34040,193.7,5
34050,192.5,5.7
34060,191.1,6.4
34070,189.7,7.2
34080,188.2,7.9
34090,186.5,8.7
34100,184.7,9.4
34110,182.8,10.2
34120,180.8,11
34130,178.5,11.9
34140,176.2,12.7
34150,173.6,13.5
34160,170.8,14.3
34170,167.9,15.1
34180,164.8,15.9
34190,161.4,16.6
34200,157.9,17.2
34210,154.1,17.8
34220,150.2,18.3
34230,146.2,18.7
34240,142.1,19
34250,137.9,19.1
34260,133.7,19.1
34270,129.5,19
34280,125.3,18.7
34290,121.3,18.3
34300,117.5,17.8
34310,113.7,17.2
34320,110.2,16.6
34330,106.9,15.8
34340,103.8,15.1
34350,100.8,14.3
34360,98.1,13.5
34370,95.6,12.7
34380,93.2,11.8
34390,91,11
34400,89,10.2
34410,87.1,9.4
34420,85.3,8.6
34430,83.7,7.9
34440,82.1,7.1
34450,80.7,6.4
34460,79.4,5.7
34470,78.1,5
34480,77,4.3
34490,75.9,3.7
34500,74.9,3
34510,73.9,2.4
34520,73,1.8
34530,72.2,1.2
34540,71.4,0.6
34550,70.6,0
34560,69.9,-0.5
34570,69.2,-1.1
34580,68.6,-1.6
34590,68,-2.1
34600,67.4,-2.7
34610,66.8,-3.2
34620,66.3,-3.7
34630,65.8,-4.2
34640,65.3,-4.6
34650,64.9,-5.1
34660,64.4,-5.6
34670,64,-6.1
34680,63.6,-6.5
34690,63.2,-7
34700,62.9,-7.4
34710,62.5,-7.9
34720,62.2,-8.3
34730,61.9,-8.7
34740,61.5,-9.2
34750,61.3,-9.6
34760,61,-10
34770,60.7,-10.4
34780,60.4,-10.9
34790,60.2,-11.3
34800,59.9,-11.7
34810,59.7,-12.1
34820,59.4,-12.5
34830,59.2,-12.9
34840,59,-13.3
34850,58.8,-13.7
34860,58.6,-14.1
34870,58.4,-14.5
34880,58.2,-14.9
34890,58,-15.2
34900,57.8,-15.6
34910,57.7,-16
34920,57.5,-16.4
34930,57.3,-16.8
34940,57.2,-17.1
34950,57,-17.5
34960,56.9,-17.9
34970,56.7,-18.3
34980,56.6,-18.6
34990,56.4,-19
35000,56.3,-19.4
35010,56.2,-19.7
35020,56,-20.1
35030,55.9,-20.5
35040,55.8,-20.8
35050,55.7,-21.2
35060,55.6,-21.6
35070,55.5,-21.9
35080,55.4,-22.3
35090,55.2,-22.6
35100,55.1,-23
35110,55,-23.3
35120,54.9,-23.7
35130,54.8,-24.1
35140,54.7,-24.4
35150,54.7,-24.8
35160,54.6,-25.1
35170,54.5,-25.5
35180,54.4,-25.8
35190,54.3,-26.2
35200,54.2,-26.5
35210,54.1,-26.9
35220,54.1,-27.2
35230,54,-27.5
35240,53.9,-27.9
35250,53.8,-28.2
35260,53.8,-28.6
35270,53.7,-28.9
35280,53.6,-29.3
35290,53.6,-29.6
35300,53.5,-30
35310,53.4,-30.3
35320,53.4,-30.6
35330,53.3,-31
35340,53.2,-31.3
35350,53.2,-31.7
35360,53.1,-32
35370,53.1,-32.3
35380,53,-32.7
35390,52.9,-33
35400,52.9,-33.4
35410,52.8,-33.7
35420,52.8,-34
35430,52.7,-34.4
35440,52.7,-34.7
35450,52.6,-35
35460,52.6,-35.4
35470,52.5,-35.7
35480,52.5,-36.1
35490,52.4,-36.4
35500,52.4,-36.7
35510,52.3,-37.1
35520,52.3,-37.4
35530,52.3,-37.7
35540,52.2,-38.1
35550,52.2,-38.4
35560,52.1,-38.7
35570,52.1,-39.1
35580,52,-39.4
35590,52,-39.7
35600,52,-40.1
35610,51.9,-40.4
35620,51.9,-40.7
35630,51.8,-41
35640,51.8,-41.4
35650,51.8,-41.7
35660,51.7,-42
35670,51.7,-42.4
35680,51.7,-42.7
35690,51.6,-43
35700,51.6,-43.4
35710,51.5,-43.7
35720,51.5,-44
35730,51.5,-44.3
35740,51.4,-44.7
35750,51.4,-45
35760,51.4,-45.3
35770,51.3,-45.7
35780,51.3,-46
35790,51.3,-46.3
35800,51.2,-46.6
35810,51.2,-47
35820,51.2,-47.3
35830,51.2,-47.6
35840,51.1,-48
35850,51.1,-48.3
35860,51.1,-48.6
35870,51,-48.9
35880,51,-49.3
35890,51,-49.6
35900,50.9,-49.9
35910,50.9,-50.2
35920,50.9,-50.6
35930,50.8,-50.9
35940,50.8,-51.2
35950,50.8,-51.5
35960,50.8,-51.9
35970,50.7,-52.2
35980,50.7,-52.5
35990,50.7,-52.9
36000,50.6,-53.2
36010,50.6,-53.5
36020,50.6,-53.8
36030,50.5,-54.2
36040,50.5,-54.5
36050,50.5,-54.8
36060,50.4,-55.1
36070,50.4,-55.5
36080,50.4,-55.8
36090,50.4,-56.1
36100,50.3,-56.4
36110,50.3,-56.7
36120,50.3,-57.1
36130,50.2,-57.4
36140,50.2,-57.7
36150,50.2,-58
36160,50.1,-58.4
36170,50.1,-58.7
36180,50.1,-59
36190,50,-59.3
36200,50,-59.7
36210,50,-60
36220,49.9,-60.3
36230,49.9,-60.6
36240,49.8,-61
36250,49.8,-61.3
36260,49.8,-61.6
36270,49.7,-61.9
36280,49.7,-62.2
36290,49.6,-62.6
36300,49.6,-62.9
36310,49.6,-63.2
36320,49.5,-63.5
36330,49.5,-63.9
36340,49.4,-64.2
36350,49.4,-64.5
36360,49.3,-64.8
36370,49.3,-65.1
36380,49.2,-65.5
36390,49.2,-65.8
36400,49.1,-66.1
36410,49.1,-66.4
36420,49,-66.8
36430,49,-67.1
36440,48.9,-67.4
36450,48.9,-67.7
36460,48.8,-68
36470,48.7,-68.4
36480,48.7,-68.7
36490,48.6,-69
36500,48.5,-69.3
36510,48.5,-69.6
36520,48.4,-70
36530,48.3,-70.3
36540,48.2,-70.6
36550,48.2,-70.9
36560,48.1,-71.2
36570,48,-71.6
36580,47.9,-71.9
36590,47.8,-72.2
36600,47.7,-72.5
36610,47.6,-72.8
36620,47.5,-73.2
36630,47.4,-73.5
36640,47.3,-73.8
36650,47.2,-74.1
36660,47.1,-74.4
36670,46.9,-74.8
36680,46.8,-75.1
36690,46.7,-75.4
36700,46.5,-75.7
36710,46.4,-76
36720,46.2,-76.4
36730,46,-76.7
36740,45.9,-77
36750,45.7,-77.3
36760,45.5,-77.6
36770,45.3,-77.9
36780,45.1,-78.3
36790,44.8,-78.6
36800,44.6,-78.9
36810,44.3,-79.2
36820,44,-79.5
36830,43.7,-79.8
36840,43.4,-80.2
36850,43.1,-80.5
36860,42.7,-80.8
36870,42.4,-81.1
36880,41.9,-81.4
36890,41.5,-81.7
36900,41,-82
36910,40.5,-82.4
36920,39.9,-82.7
36930,39.3,-83
36940,38.6,-83.3
36950,37.9,-83.6
36960,37.1,-83.9
36970,36.2,-84.2
36980,35.2,-84.5
36990,34,-84.8
37000,32.7,-85.1
37010,31.3,-85.4
37020,29.7,-85.7
37030,27.8,-86
37040,25.6,-86.3
37050,23.1,-86.6
37060,20.1,-86.8
37070,16.6,-87.1
37080,12.4,-87.3
37090,7.4,-87.6
37100,1.4,-87.8
37110,354.2,-88
37120,345.9,-88.1
37130,336.5,-88.2
37140,326.4,-88.2
37150,316.1,-88.2
37160,306.3,-88.1
37170,297.6,-88
37180,289.9,-87.8
37190,283.5,-87.7
37200,278.1,-87.4
37210,273.6,-87.2
37220,269.8,-86.9
37230,266.7,-86.7
37240,264,-86.4
37250,261.7,-86.1
37260,259.7,-85.8
37270,258,-85.5
37280,256.4,-85.2
37290,255.1,-84.9
37300,253.9,-84.6
37310,252.9,-84.3
37320,251.9,-84
37330,251.1,-83.7
37340,250.3,-83.4
37350,249.6,-83.1
37360,249,-82.8
37370,248.4,-82.5
37380,247.9,-82.2
37390,247.4,-81.9
37400,246.9,-81.5
37410,246.5,-81.2
37420,246.1,-80.9
37430,245.8,-80.6
37440,245.4,-80.3
37450,245.1,-80
37460,244.8,-79.7
37470,244.5,-79.3
37480,244.3,-79
37490,244,-78.7
37500,243.8,-78.4
37510,243.6,-78.1
37520,243.4,-77.8
37530,243.2,-77.4
37540,243,-77.1
37550,242.9,-76.8
37560,242.7,-76.5
37570,242.6,-76.2
37580,242.4,-75.9
37590,242.3,-75.5
37600,242.1,-75.2
37610,242,-74.9
37620,241.9,-74.6
37630,241.8,-74.3
37640,241.7,-73.9
37650,241.6,-73.6
37660,241.5,-73.3
37670,241.4,-73
37680,241.3,-72.7
37690,241.2,-72.4
37700,241.2,-72
37710,241.1,-71.7
37720,241,-71.4
37730,240.9,-71.1
37740,240.9,-70.8
37750,240.8,-70.4
37760,240.8,-70.1
37770,240.7,-69.8
37780,240.6,-69.5
37790,240.6,-69.2
37800,240.5,-68.8
37810,240.5,-68.5
37820,240.5,-68.2
37830,240.4,-67.9
37840,240.4,-67.6
37850,240.3,-67.2
37860,240.3,-66.9
37870,240.3,-66.6
37880,240.2,-66.3
37890,240.2,-65.9
37900,240.2,-65.6
37910,240.1,-65.3
37920,240.1,-65
37930,240.1,-64.7
37940,240.1,-64.3
37950,240,-64
37960,240,-63.7
37970,240,-63.4
37980,240,-63.1
37990,240,-62.7
38000,239.9,-62.4
38010,239.9,-62.1
38020,239.9,-61.8
38030,239.9,-61.4
38040,239.9,-61.1
38050,239.9,-60.8
38060,239.9,-60.5
38070,239.9,-60.2
38080,239.9,-59.8
38090,239.8,-59.5
38100,239.8,-59.2
38110,239.8,-58.9
38120,239.8,-58.5
38130,239.8,-58.2
38140,239.8,-57.9
38150,239.8,-57.6
38160,239.8,-57.3
38170,239.8,-56.9
38180,239.8,-56.6
38190,239.8,-56.3
38200,239.8,-56
38210,239.8,-55.6
38220,239.8,-55.3
38230,239.8,-55
38240,239.8,-54.7
38250,239.8,-54.3
38260,239.8,-54
38270,239.8,-53.7
38280,239.8,-53.4
38290,239.8,-53
38300,239.9,-52.7
38310,239.9,-52.4
38320,239.9,-52.1
38330,239.9,-51.7
38340,239.9,-51.4
38350,239.9,-51.1
38360,239.9,-50.8
38370,239.9,-50.4
38380,239.9,-50.1
38390,239.9,-49.8
38400,239.9,-49.5
38410,240,-49.1
38420,240,-48.8
38430,240,-48.5
38440,240,-48.2
38450,240,-47.8
38460,240,-47.5
38470,240,-47.2
38480,240.1,-46.8
38490,240.1,-46.5
38500,240.1,-46.2
38510,240.1,-45.9
38520,240.1,-45.5
38530,240.1,-45.2
38540,240.1,-44.9
38550,240.2,-44.5
38560,240.2,-44.2
38570,240.2,-43.9
38580,240.2,-43.6
38590,240.2,-43.2
38600,240.3,-42.9
38610,240.3,-42.6
38620,240.3,-42.2
38630,240.3,-41.9
38640,240.3,-41.6
38650,240.4,-41.2
38660,240.4,-40.9
38670,240.4,-40.6
38680,240.4,-40.3
38690,240.4,-39.9
38700,240.5,-39.6
38710,240.5,-39.3
38720,240.5,-38.9
38730,240.5,-38.6
38740,240.6,-38.3
38750,240.6,-37.9
38760,240.6,-37.6
38770,240.6,-37.3
38780,240.7,-36.9
38790,240.7,-36.6
38800,240.7,-36.3
38810,240.7,-35.9
38820,240.8,-35.6
38830,240.8,-35.2
38840,240.8,-34.9
38850,240.8,-34.6
38860,240.9,-34.2
38870,240.9,-33.9
38880,240.9,-33.6
38890,241,-33.2
38900,241,-32.9
38910,241,-32.5
38920,241,-32.2
38930,241.1,-31.9
38940,241.1,-31.5
38950,241.1,-31.2
38960,241.2,-30.8
38970,241.2,-30.5
38980,241.2,-30.1
38990,241.3,-29.8
39000,241.3,-29.5
39010,241.3,-29.1
39020,241.4,-28.8
39030,241.4,-28.4
39040,241.4,-28.1
39050,241.5,-27.7
39060,241.5,-27.4
39070,241.5,-27
39080,241.6,-26.7
39090,241.6,-26.3
39100,241.6,-26
39110,241.7,-25.6
39120,241.7,-25.3
39130,241.7,-24.9
39140,241.8,-24.6
39150,241.8,-24.2
39160,241.9,-23.9
39170,241.9,-23.5
39180,241.9,-23.1
39190,242,-22.8
39200,242,-22.4
39210,242.1,-22.1
39220,242.1,-21.7
39230,242.1,-21.3
39240,242.2,-21
39250,242.2,-20.6
39260,242.3,-20.2
39270,242.3,-19.9
39280,242.4,-19.5
39290,242.4,-19.1
39300,242.4,-18.8
39310,242.5,-18.4
39320,242.5,-18
39330,242.6,-17.6
39340,242.6,-17.2
39350,242.7,-16.9
39360,242.7,-16.5
39370,242.8,-16.1
39380,242.8,-15.7
39390,242.9,-15.3
39400,242.9,-14.9
39410,243,-14.5
39420,243.1,-14.1
39430,243.1,-13.7
39440,243.2,-13.3
39450,243.2,-12.9
39460,243.3,-12.5
39470,243.3,-12.1
39480,243.4,-11.7
39490,243.5,-11.2
39500,243.5,-10.8
39510,243.6,-10.4
39520,243.7,-10
39530,243.7,-9.5
39540,243.8,-9.1
39550,243.9,-8.6
39560,244,-8.2
39570,244,-7.7
39580,244.1,-7.3
39590,244.2,-6.8
39600,244.3,-6.3
39610,244.4,-5.8
39620,244.5,-5.3
39630,244.5,-4.8
39640,244.6,-4.3
39650,244.7,-3.8
39660,244.8,-3.3
39670,245,-2.7
39680,245.1,-2.2
39690,245.2,-1.6
39700,245.3,-1
39710,245.4,-0.4
39720,245.6,0.2
39730,245.7,0.8
39740,245.8,1.5
39750,246,2.2
39760,246.2,2.9
39770,246.3,3.6
39780,246.5,4.4
39790,246.7,5.2
39800,246.9,6
39810,247.1,6.9
39820,247.4,7.8
39830,247.6,8.8
39840,247.9,9.8
39850,248.2,10.9
39860,248.6,12
39870,248.9,13.3
39880,249.3,14.7
39890,249.8,16.2
39900,250.3,17.8
39910,250.9,19.6
39920,251.6,21.5
39930,252.4,23.7
39940,253.3,26.2
39950,254.5,29
39960,255.8,32.1
39970,257.6,35.8
39980,259.8,39.9
39990,262.8,44.7
40000,266.9,50.1
40010,273.1,56.2
40020,282.8,62.4
40030,299.1,68.2
40040,324.8,71.5
40050,354.2,70.5
40060,15.7,65.8
40070,28.6,59.7
40080,36.5,53.5
40090,41.6,47.7
40100,45.2,42.6
40110,47.8,38.1
40120,49.8,34.1
40130,51.4,30.7
40140,52.6,27.7
40150,53.7,25.1
40160,54.5,22.7
40170,55.3,20.7
40180,55.9,18.8
40190,56.5,17.1
40200,57,15.5
40210,57.4,14.1
40220,57.8,12.8
40230,58.2,11.5
40240,58.5,10.4
40250,58.8,9.3
40260,59.1,8.3
40270,59.3,7.4
40280,59.6,6.5
40290,59.8,5.6
40300,60,4.8
40310,60.2,4.1
40320,60.4,3.3
40330,60.5,2.6
40340,60.7,1.9
40350,60.9,1.2
40360,61,0.6
40370,61.2,-0
40380,61.3,-0.6
40390,61.4,-1.2
40400,61.5,-1.8
40410,61.7,-2.4
40420,61.8,-2.9
40430,61.9,-3.5
40440,62,-4
40450,62.1,-4.5
40460,62.2,-5
40470,62.3,-5.5
40480,62.4,-6
40490,62.5,-6.5
40500,62.6,-7
40510,62.7,-7.4
40520,62.8,-7.9
40530,62.9,-8.3
40540,62.9,-8.8
40550,63,-9.2
40560,63.1,-9.7
40570,63.2,-10.1
40580,63.3,-10.5
40590,63.3,-11
40600,63.4,-11.4
40610,63.5,-11.8
40620,63.6,-12.2
40630,63.6,-12.6
40640,63.7,-13.1
40650,63.8,-13.5
40660,63.9,-13.9
40670,63.9,-14.3
40680,64,-14.7
40690,64.1,-15
40700,64.1,-15.4
40710,64.2,-15.8
40720,64.3,-16.2
40730,64.3,-16.6
40740,64.4,-17
40750,64.4,-17.4
40760,64.5,-17.7
40770,64.6,-18.1
40780,64.6,-18.5
40790,64.7,-18.9
40800,64.8,-19.2
40810,64.8,-19.6
40820,64.9,-20
40830,64.9,-20.4
40840,65,-20.7
40850,65.1,-21.1
40860,65.1,-21.4
40870,65.2,-21.8
40880,65.2,-22.2
40890,65.3,-22.5
40900,65.4,-22.9
40910,65.4,-23.2
40920,65.5,-23.6
40930,65.5,-24
40940,65.6,-24.3
40950,65.7,-24.7
40960,65.7,-25
40970,65.8,-25.4
40980,65.8,-25.7
40990,65.9,-26.1
41000,65.9,-26.4
41010,66,-26.8
41020,66.1,-27.1
41030,66.1,-27.5
41040,66.2,-27.8
41050,66.2,-28.2
41060,66.3,-28.5
41070,66.3,-28.9
41080,66.4,-29.2
41090,66.5,-29.5
41100,66.5,-29.9
41110,66.6,-30.2
41120,66.6,-30.6
41130,66.7,-30.9
41140,66.7,-31.3
41150,66.8,-31.6
41160,66.9,-31.9
41170,66.9,-32.3
41180,67,-32.6
41190,67,-33
41200,67.1,-33.3
41210,67.1,-33.6
41220,67.2,-34
41230,67.3,-34.3
41240,67.3,-34.6
41250,67.4,-35
41260,67.4,-35.3
41270,67.5,-35.7
41280,67.5,-36
41290,67.6,-36.3
41300,67.7,-36.7
41310,67.7,-37
41320,67.8,-37.3
41330,67.8,-37.7
41340,67.9,-38
41350,67.9,-38.3
41360,68,-38.7
41370,68.1,-39
41380,68.1,-39.3
41390,68.2,-39.7
41400,68.2,-40
41410,68.3,-40.3
41420,68.4,-40.6
41430,68.4,-41
41440,68.5,-41.3
41450,68.5,-41.6
41460,68.6,-42
41470,68.7,-42.3
41480,68.7,-42.6
41490,68.8,-43
41500,68.8,-43.3
41510,68.9,-43.6
41520,69,-43.9
41530,69,-44.3
41540,69.1,-44.6
41550,69.1,-44.9
41560,69.2,-45.3
41570,69.3,-45.6
41580,69.3,-45.9
41590,69.4,-46.2
41600,69.5,-46.6
41610,69.5,-46.9
41620,69.6,-47.2
41630,69.6,-47.5
41640,69.7,-47.9
41650,69.8,-48.2
41660,69.8,-48.5
41670,69.9,-48.8
41680,70,-49.2
41690,70,-49.5
41700,70.1,-49.8
41710,70.2,-50.1
41720,70.2,-50.5
41730,70.3,-50.8
41740,70.4,-51.1
41750,70.4,-51.4
41760,70.5,-51.8
41770,70.6,-52.1
41780,70.7,-52.4
41790,70.7,-52.7
41800,70.8,-53.1
41810,70.9,-53.4
41820,70.9,-53.7
41830,71,-54
41840,71.1,-54.4
41850,71.2,-54.7
41860,71.2,-55
41870,71.3,-55.3
41880,71.4,-55.7
41890,71.5,-56
41900,71.5,-56.3
41910,71.6,-56.6
41920,71.7,-56.9
41930,71.8,-57.3
41940,71.8,-57.6
41950,71.9,-57.9
41960,72,-58.2
41970,72.1,-58.6
41980,72.2,-58.9
41990,72.2,-59.2
42000,72.3,-59.5
42010,72.4,-59.8
42020,72.5,-60.2
42030,72.6,-60.5
42040,72.7,-60.8
42050,72.8,-61.1
42060,72.9,-61.4
42070,72.9,-61.8
42080,73,-62.1
42090,73.1,-62.4
42100,73.2,-62.7
42110,73.3,-63
42120,73.4,-63.4
42130,73.5,-63.7
42140,73.6,-64
42150,73.7,-64.3
42160,73.8,-64.6
42170,73.9,-65
42180,74,-65.3
42190,74.1,-65.6
42200,74.2,-65.9
42210,74.3,-66.2
42220,74.4,-66.6
42230,74.6,-66.9
42240,74.7,-67.2
42250,74.8,-67.5
42260,74.9,-67.8
42270,75,-68.2
42280,75.2,-68.5
42290,75.3,-68.8
42300,75.4,-69.1
42310,75.5,-69.4
42320,75.7,-69.8
42330,75.8,-70.1
42340,76,-70.4
42350,76.1,-70.7
42360,76.2,-71
42370,76.4,-71.3
42380,76.5,-71.7
42390,76.7,-72
42400,76.9,-72.3
42410,77,-72.6
42420,77.2,-72.9
42430,77.4,-73.2
42440,77.6,-73.6
42450,77.7,-73.9
42460,77.9,-74.2
42470,78.1,-74.5
42480,78.3,-74.8
42490,78.5,-75.1
42500,78.8,-75.5
42510,79,-75.8
42520,79.2,-76.1
42530,79.5,-76.4
42540,79.7,-76.7
42550,80,-77
42560,80.2,-77.4
42570,80.5,-77.7
42580,80.8,-78
42590,81.1,-78.3
42600,81.5,-78.6
42610,81.8,-78.9
42620,82.2,-79.2
42630,82.5,-79.5
42640,82.9,-79.9
42650,83.3,-80.2
42660,83.8,-80.5
42670,84.3,-80.8
42680,84.8,-81.1
42690,85.3,-81.4
42700,85.9,-81.7
42710,86.5,-82
42720,87.1,-82.3
42730,87.8,-82.6
42740,88.6,-83
42750,89.4,-83.3
42760,90.3,-83.6
42770,91.3,-83.9
42780,92.4,-84.2
42790,93.6,-84.5
42800,94.9,-84.8
42810,96.4,-85
42820,98,-85.3
42830,99.9,-85.6
42840,102,-85.9
42850,104.4,-86.2
42860,107.1,-86.4
42870,110.3,-86.7
42880,114,-86.9
42890,118.3,-87.2
42900,123.3,-87.4
42910,129.2,-87.6
42920,135.9,-87.7
42930,143.6,-87.8
42940,152,-87.9
42950,160.8,-88
42960,169.8,-88
42970,178.5,-87.9
42980,186.5,-87.8
42990,193.6,-87.6
43000,199.8,-87.5
43010,205.2,-87.3
43020,209.8,-87
43030,213.8,-86.8
43040,217.2,-86.5
43050,220.1,-86.3
43060,222.7,-86
43070,224.9,-85.7
43080,226.9,-85.5
43090,228.6,-85.2
43100,230.2,-84.9
43110,231.5,-84.6
43120,232.8,-84.3
43130,233.9,-84
43140,234.9,-83.7
43150,235.9,-83.4
43160,236.7,-83.1
43170,237.5,-82.8
43180,238.3,-82.5
43190,238.9,-82.2
43200,239.6,-81.9
43210,240.2,-81.6
43220,240.7,-81.2
43230,241.2,-80.9
43240,241.7,-80.6
43250,242.2,-80.3
43260,242.6,-80
43270,243,-79.7
43280,243.4,-79.4
43290,243.8,-79.1
43300,244.1,-78.8
43310,244.5,-78.4
43320,244.8,-78.1
43330,245.1,-77.8
43340,245.4,-77.5
43350,245.7,-77.2
43360,245.9,-76.9
43370,246.2,-76.6
43380,246.5,-76.2
43390,246.7,-75.9
43400,246.9,-75.6
43410,247.2,-75.3
43420,247.4,-75
43430,247.6,-74.7
43440,247.8,-74.4
43450,248,-74
43460,248.2,-73.7
43470,248.4,-73.4
43480,248.6,-73.1
43490,248.7,-72.8
43500,248.9,-72.5
43510,249.1,-72.1
43520,249.3,-71.8
43530,249.4,-71.5
43540,249.6,-71.2
43550,249.7,-70.9
43560,249.9,-70.6
43570,250,-70.2
43580,250.2,-69.9
43590,250.3,-69.6
43600,250.5,-69.3
43610,250.6,-69
43620,250.7,-68.7
43630,250.9,-68.3
43640,251,-68
43650,251.1,-67.7
43660,251.3,-67.4
43670,251.4,-67.1
43680,251.5,-66.8
43690,251.6,-66.4
43700,251.8,-66.1
43710,251.9,-65.8
43720,252,-65.5
43730,252.1,-65.2
43740,252.2,-64.8
43750,252.3,-64.5
43760,252.5,-64.2
43770,252.6,-63.9
43780,252.7,-63.6
43790,252.8,-63.2
43800,252.9,-62.9
43810,253,-62.6
43820,253.1,-62.3
43830,253.2,-62
43840,253.3,-61.7
43850,253.4,-61.3
43860,253.5,-61
43870,253.6,-60.7
43880,253.7,-60.4
43890,253.8,-60.1
43900,253.9,-59.7
43910,254,-59.4
43920,254.1,-59.1
43930,254.2,-58.8
43940,254.3,-58.5
43950,254.4,-58.1
43960,254.5,-57.8
43970,254.6,-57.5
43980,254.7,-57.2
43990,254.8,-56.9
44000,254.9,-56.5
44010,255,-56.2
44020,255.1,-55.9
44030,255.1,-55.6
44040,255.2,-55.3
44050,255.3,-54.9
44060,255.4,-54.6
44070,255.5,-54.3
44080,255.6,-54
44090,255.7,-53.6
44100,255.8,-53.3
44110,255.9,-53
44120,256,-52.7
44130,256,-52.4
44140,256.1,-52
44150,256.2,-51.7
44160,256.3,-51.4
44170,256.4,-51.1
44180,256.5,-50.7
44190,256.6,-50.4
44200,256.7,-50.1
44210,256.8,-49.8
44220,256.8,-49.5
44230,256.9,-49.1
44240,257,-48.8
44250,257.1,-48.5
44260,257.2,-48.2
44270,257.3,-47.8
44280,257.4,-47.5
44290,257.5,-47.2
44300,257.5,-46.9
44310,257.6,-46.5
44320,257.7,-46.2
44330,257.8,-45.9
44340,257.9,-45.6
44350,258,-45.2
44360,258.1,-44.9
44370,258.2,-44.6
44380,258.2,-44.3
44390,258.3,-43.9
44400,258.4,-43.6
44410,258.5,-43.3
44420,258.6,-43
44430,258.7,-42.6
44440,258.8,-42.3
44450,258.9,-42
44460,258.9,-41.6
44470,259,-41.3
44480,259.1,-41
44490,259.2,-40.7
44500,259.3,-40.3
44510,259.4,-40
44520,259.5,-39.7
44530,259.6,-39.3
44540,259.7,-39
44550,259.8,-38.7
44560,259.9,-38.4
44570,259.9,-38
44580,260,-37.7
44590,260.1,-37.4
44600,260.2,-37
44610,260.3,-36.7
44620,260.4,-36.4
44630,260.5,-36
44640,260.6,-35.7
44650,260.7,-35.4
44660,260.8,-35
44670,260.9,-34.7
44680,261,-34.4
44690,261.1,-34
44700,261.2,-33.7
44710,261.3,-33.4
44720,261.4,-33
44730,261.5,-32.7
44740,261.6,-32.4
44750,261.7,-32
44760,261.8,-31.7
44770,261.9,-31.3
44780,262,-31
44790,262.1,-30.7
44800,262.2,-30.3
44810,262.3,-30
44820,262.4,-29.6
44830,262.5,-29.3
44840,262.6,-29
44850,262.7,-28.6
44860,262.8,-28.3
44870,262.9,-27.9
44880,263.1,-27.6
44890,263.2,-27.3
44900,263.3,-26.9
44910,263.4,-26.6
44920,263.5,-26.2
44930,263.6,-25.9
44940,263.8,-25.5
44950,263.9,-25.2
44960,264,-24.8
44970,264.1,-24.5
44980,264.2,-24.1
44990,264.4,-23.8
45000,264.5,-23.4
45010,264.6,-23.1
45020,264.8,-22.7
45030,264.9,-22.4
45040,265,-22
45050,265.2,-21.6
45060,265.3,-21.3
45070,265.4,-20.9
45080,265.6,-20.6
45090,265.7,-20.2
45100,265.9,-19.8
45110,266,-19.5
45120,266.2,-19.1
45130,266.3,-18.7
45140,266.5,-18.4
45150,266.6,-18
45160,266.8,-17.6
45170,267,-17.2
45180,267.1,-16.9
45190,267.3,-16.5
45200,267.5,-16.1
45210,267.7,-15.7
45220,267.8,-15.3
45230,268,-15
45240,268.2,-14.6
45250,268.4,-14.2
45260,268.6,-13.8
45270,268.8,-13.4
45280,269,-13
45290,269.2,-12.6
45300,269.4,-12.2
45310,269.7,-11.8
45320,269.9,-11.4
45330,270.1,-11
45340,270.4,-10.5
45350,270.6,-10.1
45360,270.9,-9.7
45370,271.1,-9.3
45380,271.4,-8.8
45390,271.7,-8.4
45400,272,-8
45410,272.3,-7.5
45420,272.6,-7
45430,272.9,-6.6
45440,273.3,-6.1
45450,273.6,-5.6
45460,274,-5.2
45470,274.3,-4.7
45480,274.7,-4.2
45490,275.1,-3.7
45500,275.6,-3.2
45510,276,-2.6
45520,276.5,-2.1
45530,277,-1.6
45540,277.5,-1
45550,278,-0.4
45560,278.6,0.1
45570,279.2,0.7
45580,279.8,1.4
45590,280.5,2
45600,281.2,2.6
45610,281.9,3.3
45620,282.7,4
45630,283.5,4.7
45640,284.5,5.5
45650,285.4,6.2
45660,286.5,7
45670,287.6,7.9
45680,288.8,8.7
45690,290.1,9.6
45700,291.6,10.6
45710,293.1,11.6
45720,294.8,12.6
45730,296.7,13.7
45740,298.7,14.8
45750,300.9,16
45760,303.4,17.2
45770,306.1,18.4
45780,309.1,19.7
45790,312.5,21
45800,316.1,22.3
45810,320.2,23.6
45820,324.6,24.8
45830,329.4,25.9
45840,334.6,26.8
45850,340.1,27.5
45860,345.8,28
45870,351.7,28.2
45880,357.6,28.1
45890,3.4,27.8
45900,9,27.1
45910,14.3,26.2
45920,19.3,25.2
45930,23.9,24
45940,28,22.8
45950,31.9,21.5
45960,35.3,20.2
45970,38.4,18.9
45980,41.3,17.6
45990,43.8,16.4
46000,46.2,15.2
46010,48.3,14.1
46020,50.2,13
46030,52,11.9
46040,53.6,10.9
46050,55,10
46060,56.4,9
46070,57.6,8.2
46080,58.8,7.3
46090,59.9,6.5
46100,60.9,5.7
46110,61.8,5
46120,62.7,4.3
46130,63.5,3.5
46140,64.3,2.9
46150,65,2.2
46160,65.7,1.6
46170,66.3,0.9
46180,66.9,0.3
46190,67.5,-0.2
46200,68.1,-0.8
46210,68.6,-1.4
46220,69.1,-1.9
46230,69.5,-2.5
46240,70,-3
46250,70.4,-3.5
46260,70.8,-4
46270,71.2,-4.5
46280,71.6,-5
46290,72,-5.5
46300,72.3,-6
46310,72.7,-6.4
46320,73,-6.9
46330,73.3,-7.4
46340,73.6,-7.8
46350,73.9,-8.3
46360,74.2,-8.7
46370,74.5,-9.1
46380,74.8,-9.6
46390,75,-10
46400,75.3,-10.4
46410,75.5,-10.8
46420,75.8,-11.2
46430,76,-11.7
46440,76.3,-12.1
46450,76.5,-12.5
46460,76.7,-12.9
46470,76.9,-13.3
46480,77.1,-13.7
46490,77.3,-14.1
46500,77.5,-14.5
46510,77.7,-14.8
46520,77.9,-15.2
46530,78.1,-15.6
46540,78.3,-16
46550,78.5,-16.4
46560,78.6,-16.8
46570,78.8,-17.1
46580,79,-17.5
46590,79.1,-17.9
46600,79.3,-18.2
46610,79.5,-18.6
46620,79.6,-19
46630,79.8,-19.4
46640,79.9,-19.7
46650,80.1,-20.1
46660,80.2,-20.4
46670,80.4,-20.8
46680,80.5,-21.2
46690,80.7,-21.5
46700,80.8,-21.9
46710,81,-22.2
46720,81.1,-22.6
46730,81.2,-23
46740,81.4,-23.3
46750,81.5,-23.7
46760,81.6,-24
46770,81.8,-24.4
46780,81.9,-24.7
46790,82,-25.1
46800,82.1,-25.4
46810,82.3,-25.8
46820,82.4,-26.1
46830,82.5,-26.5
46840,82.6,-26.8
46850,82.8,-27.1
46860,82.9,-27.5
46870,83,-27.8
46880,83.1,-28.2
46890,83.2,-28.5
46900,83.3,-28.9
46910,83.5,-29.2
46920,83.6,-29.5
46930,83.7,-29.9
46940,83.8,-30.2
46950,83.9,-30.6
46960,84,-30.9
46970,84.1,-31.2
46980,84.2,-31.6
46990,84.4,-31.9
47000,84.5,-32.2
47010,84.6,-32.6
47020,84.7,-32.9
47030,84.8,-33.3
47040,84.9,-33.6
47050,85,-33.9
47060,85.1,-34.3
47070,85.2,-34.6
47080,85.3,-34.9
47090,85.4,-35.3
47100,85.5,-35.6
47110,85.6,-35.9
47120,85.7,-36.3
47130,85.8,-36.6
47140,85.9,-36.9
47150,86,-37.2
47160,86.1,-37.6
47170,86.2,-37.9
47180,86.3,-38.2
47190,86.5,-38.6
47200,86.6,-38.9
47210,86.7,-39.2
47220,86.8,-39.6
47230,86.9,-39.9
47240,87,-40.2
47250,87.1,-40.5
47260,87.2,-40.9
47270,87.3,-41.2
47280,87.4,-41.5
47290,87.5,-41.9
47300,87.6,-42.2
47310,87.7,-42.5
47320,87.8,-42.8
47330,87.9,-43.2
47340,88,-43.5
47350,88.1,-43.8
47360,88.2,-44.1
47370,88.3,-44.5
47380,88.4,-44.8
47390,88.5,-45.1
47400,88.6,-45.4
47410,88.7,-45.8
47420,88.8,-46.1
47430,88.9,-46.4
47440,89,-46.7
47450,89.1,-47.1
47460,89.2,-47.4
47470,89.3,-47.7
47480,89.4,-48
47490,89.5,-48.4
47500,89.6,-48.7
47510,89.7,-49
47520,89.8,-49.3
47530,89.9,-49.6
47540,90,-50
47550,90.1,-50.3
47560,90.2,-50.6
47570,90.3,-50.9
47580,90.4,-51.3
47590,90.5,-51.6
47600,90.6,-51.9
47610,90.7,-52.2
47620,90.8,-52.5
47630,90.9,-52.9
47640,91,-53.2
47650,91.1,-53.5
47660,91.2,-53.8
47670,91.4,-54.1
47680,91.5,-54.5
47690,91.6,-54.8
47700,91.7,-55.1
47710,91.8,-55.4
47720,91.9,-55.7
47730,92,-56.1
47740,92.1,-56.4
47750,92.2,-56.7
47760,92.4,-57
47770,92.5,-57.3
47780,92.6,-57.7
47790,92.7,-58
47800,92.8,-58.3
47810,93,-58.6
47820,93.1,-58.9
47830,93.2,-59.3
47840,93.3,-59.6
47850,93.4,-59.9
47860,93.6,-60.2
47870,93.7,-60.5
47880,93.8,-60.9
47890,93.9,-61.2
47900,94.1,-61.5
47910,94.2,-61.8
47920,94.3,-62.1
47930,94.5,-62.4
47940,94.6,-62.8
47950,94.8,-63.1
47960,94.9,-63.4
47970,95,-63.7
47980,95.2,-64
47990,95.3,-64.3
48000,95.5,-64.7
48010,95.6,-65
48020,95.8,-65.3
48030,95.9,-65.6
48040,96.1,-65.9
48050,96.2,-66.2
48060,96.4,-66.6
48070,96.6,-66.9
48080,96.7,-67.2
48090,96.9,-67.5
48100,97.1,-67.8
48110,97.2,-68.1
48120,97.4,-68.5
48130,97.6,-68.8
48140,97.8,-69.1
48150,98,-69.4
48160,98.2,-69.7
48170,98.4,-70
48180,98.6,-70.3
48190,98.8,-70.7
48200,99,-71
48210,99.2,-71.3
48220,99.4,-71.6
48230,99.7,-71.9
48240,99.9,-72.2
48250,100.1,-72.5
48260,100.4,-72.8
48270,100.6,-73.2
48280,100.9,-73.5
48290,101.2,-73.8
48300,101.4,-74.1
48310,101.7,-74.4
48320,102,-74.7
48330,102.3,-75
48340,102.6,-75.3
48350,103,-75.7
48360,103.3,-76
48370,103.6,-76.3
48380,104,-76.6
48390,104.4,-76.9
48400,104.8,-77.2
48410,105.2,-77.5
48420,105.6,-77.8
48430,106,-78.1
48440,106.5,-78.4
48450,107,-78.7
48460,107.5,-79
48470,108,-79.3
48480,108.6,-79.6
48490,109.2,-79.9
48500,109.8,-80.2
48510,110.5,-80.5
48520,111.2,-80.8
48530,112,-81.1
48540,112.7,-81.4
48550,113.6,-81.7
48560,114.5,-82
48570,115.5,-82.3
48580,116.5,-82.6
48590,117.6,-82.9
48600,118.9,-83.2
48610,120.2,-83.5
48620,121.6,-83.7
48630,123.1,-84
48640,124.8,-84.3
48650,126.7,-84.5
48660,128.7,-84.8
48670,131,-85.1
48680,133.4,-85.3
48690,136.1,-85.5
48700,139.2,-85.8
48710,142.5,-86
48720,146.2,-86.2
48730,150.2,-86.3
48740,154.7,-86.5
48750,159.5,-86.6
48760,164.7,-86.8
48770,170.2,-86.8
48780,176,-86.9
48790,181.9,-86.9
48800,187.8,-86.9
48810,193.6,-86.9
48820,199.3,-86.8
48830,204.6,-86.7
48840,209.6,-86.6
48850,214.2,-86.4
48860,218.4,-86.2
48870,222.2,-86
48880,225.7,-85.8
48890,228.8,-85.6
48900,231.6,-85.4
48910,234.2,-85.2
48920,236.5,-84.9
48930,238.6,-84.6
48940,240.5,-84.4
48950,242.3,-84.1
48960,243.9,-83.8
48970,245.4,-83.6
48980,246.7,-83.3
48990,248,-83
49000,249.1,-82.7
49010,250.2,-82.4
49020,251.2,-82.1
49030,252.1,-81.9
49040,253,-81.6
49050,253.8,-81.3
49060,254.6,-81
49070,255.3,-80.7
49080,256,-80.4
49090,256.6,-80.1
49100,257.2,-79.8
49110,257.8,-79.5
49120,258.4,-79.2
49130,258.9,-78.9
49140,259.4,-78.5
49150,259.9,-78.2
49160,260.3,-77.9
49170,260.7,-77.6
49180,261.2,-77.3
49190,261.6,-77
49200,261.9,-76.7
49210,262.3,-76.4
49220,262.7,-76.1
49230,263,-75.8
49240,263.3,-75.5
49250,263.6,-75.2
49260,263.9,-74.8
49270,264.2,-74.5
49280,264.5,-74.2
49290,264.8,-73.9
49300,265.1,-73.6
49310,265.3,-73.3
49320,265.6,-73
49330,265.8,-72.7
49340,266.1,-72.3
49350,266.3,-72
49360,266.5,-71.7
49370,266.8,-71.4
49380,267,-71.1
49390,267.2,-70.8
49400,267.4,-70.5
49410,267.6,-70.2
49420,267.8,-69.8
49430,268,-69.5
49440,268.2,-69.2
49450,268.4,-68.9
49460,268.6,-68.6
49470,268.7,-68.3
49480,268.9,-68
49490,269.1,-67.6
49500,269.2,-67.3
49510,269.4,-67
49520,269.6,-66.7
49530,269.7,-66.4
49540,269.9,-66.1
49550,270,-65.7
49560,270.2,-65.4
49570,270.3,-65.1
49580,270.5,-64.8
49590,270.6,-64.5
49600,270.8,-64.2
49610,270.9,-63.8
49620,271.1,-63.5
49630,271.2,-63.2
49640,271.3,-62.9
49650,271.5,-62.6
49660,271.6,-62.3
49670,271.7,-61.9
49680,271.9,-61.6
49690,272,-61.3
49700,272.1,-61
49710,272.3,-60.7
49720,272.4,-60.3
49730,272.5,-60
49740,272.6,-59.7
49750,272.7,-59.4
49760,272.9,-59.1
49770,273,-58.8
49780,273.1,-58.4
49790,273.2,-58.1
49800,273.3,-57.8
49810,273.4,-57.5
49820,273.6,-57.2
49830,273.7,-56.8
49840,273.8,-56.5
49850,273.9,-56.2
49860,274,-55.9
49870,274.1,-55.6
49880,274.2,-55.2
49890,274.3,-54.9
49900,274.4,-54.6
49910,274.5,-54.3
49920,274.6,-54
49930,274.8,-53.6
49940,274.9,-53.3
49950,275,-53
49960,275.1,-52.7
49970,275.2,-52.4
49980,275.3,-52
49990,275.4,-51.7
50000,275.5,-51.4
50010,275.6,-51.1
50020,275.7,-50.7
50030,275.8,-50.4
50040,275.9,-50.1
50050,276,-49.8
50060,276.1,-49.5
50070,276.2,-49.1
50080,276.3,-48.8
50090,276.4,-48.5
50100,276.5,-48.2
50110,276.6,-47.8
50120,276.7,-47.5
50130,276.8,-47.2
50140,276.9,-46.9
50150,277,-46.5
50160,277,-46.2
50170,277.1,-45.9
50180,277.2,-45.6
50190,277.3,-45.2
50200,277.4,-44.9
50210,277.5,-44.6
50220,277.6,-44.3
50230,277.7,-43.9
50240,277.8,-43.6
50250,277.9,-43.3
50260,278,-43
50270,278.1,-42.6
50280,278.2,-42.3
50290,278.3,-42
50300,278.4,-41.7
50310,278.5,-41.3
50320,278.6,-41
50330,278.7,-40.7
50340,278.8,-40.3
50350,278.9,-40
50360,278.9,-39.7
50370,279,-39.4
50380,279.1,-39
50390,279.2,-38.7
50400,279.3,-38.4
50410,279.4,-38
50420,279.5,-37.7
50430,279.6,-37.4
50440,279.7,-37.1
50450,279.8,-36.7
50460,279.9,-36.4
50470,280,-36.1
50480,280.1,-35.7
50490,280.2,-35.4
50500,280.3,-35.1
50510,280.4,-34.7
50520,280.5,-34.4
50530,280.6,-34.1
50540,280.7,-33.7
50550,280.8,-33.4
50560,280.9,-33.1
50570,281,-32.7
50580,281.1,-32.4
50590,281.2,-32
50600,281.3,-31.7
50610,281.4,-31.4
50620,281.5,-31
50630,281.6,-30.7
50640,281.7,-30.4
50650,281.8,-30
50660,281.9,-29.7
50670,282,-29.3
50680,282.1,-29
50690,282.2,-28.7
50700,282.3,-28.3
50710,282.4,-28
50720,282.5,-27.6
50730,282.6,-27.3
50740,282.8,-26.9
50750,282.9,-26.6
50760,283,-26.2
50770,283.1,-25.9
50780,283.2,-25.5
50790,283.3,-25.2
50800,283.4,-24.8
50810,283.5,-24.5
50820,283.7,-24.1
50830,283.8,-23.8
50840,283.9,-23.4
50850,284,-23.1
50860,284.1,-22.7
50870,284.3,-22.4
50880,284.4,-22
50890,284.5,-21.7
50900,284.7,-21.3
50910,284.8,-20.9
50920,284.9,-20.6
50930,285,-20.2
50940,285.2,-19.9
50950,285.3,-19.5
50960,285.5,-19.1
50970,285.6,-18.8
50980,285.7,-18.4
50990,285.9,-18
51000,286,-17.6
51010,286.2,-17.3
51020,286.3,-16.9
51030,286.5,-16.5
51040,286.7,-16.1
51050,286.8,-15.7
51060,287,-15.4
51070,287.1,-15
51080,287.3,-14.6
51090,287.5,-14.2
51100,287.7,-13.8
51110,287.9,-13.4
51120,288,-13
51130,288.2,-12.6
51140,288.4,-12.2
51150,288.6,-11.8
51160,288.8,-11.4
51170,289,-11
51180,289.3,-10.5
51190,289.5,-10.1
51200,289.7,-9.7
51210,289.9,-9.3
51220,290.2,-8.8
51230,290.4,-8.4
51240,290.7,-7.9
51250,290.9,-7.5
51260,291.2,-7
51270,291.5,-6.6
51280,291.8,-6.1
51290,292.1,-5.6
51300,292.4,-5.1
51310,292.7,-4.7
51320,293.1,-4.2
51330,293.4,-3.6
51340,293.8,-3.1
51350,294.2,-2.6
51360,294.6,-2.1
51370,295,-1.5
51380,295.5,-0.9
51390,295.9,-0.4
51400,296.4,0.2
51410,297,0.8
51420,297.5,1.5
51430,298.1,2.1
51440,298.7,2.8
51450,299.4,3.5
51460,300,4.2
51470,300.8,4.9
51480,301.6,5.7
51490,302.4,6.5
51500,303.4,7.3
51510,304.4,8.2
51520,305.4,9.1
51530,306.6,10
51540,307.9,11.1
51550,309.3,12.1
51560,310.8,13.2
51570,312.5,14.4
51580,314.4,15.6
51590,316.4,16.9
51600,318.8,18.3
51610,321.3,19.8
51620,324.2,21.3
51630,327.5,22.9
51640,331.2,24.5
51650,335.3,26.1
51660,339.9,27.7
51670,345,29.1
51680,350.7,30.5
51690,356.9,31.6
51700,3.4,32.3
51710,10.3,32.7
51720,17.2,32.7
51730,24,32.2
51740,30.5,31.4
51750,36.6,30.3
51760,42.2,28.9
51770,47.2,27.4
51780,51.8,25.8
51790,55.8,24.2
51800,59.4,22.6
51810,62.6,21
51820,65.5,19.5
51830,68,18
51840,70.3,16.7
51850,72.3,15.4
51860,74.1,14.1
51870,75.8,13
51880,77.3,11.9
51890,78.7,10.8
51900,79.9,9.8
51910,81.1,8.9
51920,82.2,8
51930,83.1,7.1
51940,84,6.3
51950,84.9,5.5
51960,85.7,4.7
51970,86.4,4
51980,87.1,3.3
51990,87.7,2.6
52000,88.4,1.9
52010,88.9,1.3
52020,89.5,0.6
52030,90,0
52040,90.5,-0.6
52050,90.9,-1.1
52060,91.4,-1.7
52070,91.8,-2.2
52080,92.2,-2.8
52090,92.6,-3.3
52100,92.9,-3.8
52110,93.3,-4.3
52120,93.6,-4.8
52130,93.9,-5.3
52140,94.2,-5.8
52150,94.5,-6.3
52160,94.8,-6.8
52170,95.1,-7.2
52180,95.4,-7.7
52190,95.6,-8.1
52200,95.9,-8.6
52210,96.1,-9
52220,96.4,-9.4
52230,96.6,-9.9
52240,96.8,-10.3
52250,97,-10.7
52260,97.2,-11.1
52270,97.4,-11.6
52280,97.6,-12
52290,97.8,-12.4
52300,98,-12.8
52310,98.2,-13.2
52320,98.4,-13.6
52330,98.5,-14
52340,98.7,-14.4
52350,98.9,-14.8
52360,99,-15.2
52370,99.2,-15.6
52380,99.4,-15.9
52390,99.5,-16.3
52400,99.7,-16.7
52410,99.8,-17.1
52420,100,-17.5
52430,100.1,-17.8
52440,100.2,-18.2
52450,100.4,-18.6
52460,100.5,-18.9
52470,100.6,-19.3
52480,100.8,-19.7
52490,100.9,-20
52500,101,-20.4
52510,101.2,-20.8
52520,101.3,-21.1
52530,101.4,-21.5
52540,101.5,-21.9
52550,101.6,-22.2
52560,101.8,-22.6
52570,101.9,-22.9
52580,102,-23.3
52590,102.1,-23.6
52600,102.2,-24
52610,102.3,-24.4
52620,102.4,-24.7
52630,102.5,-25.1
52640,102.6,-25.4
52650,102.7,-25.8
52660,102.8,-26.1
52670,102.9,-26.5
52680,103,-26.8
52690,103.1,-27.1
52700,103.2,-27.5
52710,103.3,-27.8
52720,103.4,-28.2
52730,103.5,-28.5
52740,103.6,-28.9
52750,103.7,-29.2
52760,103.8,-29.6
52770,103.9,-29.9
52780,104,-30.2
52790,104.1,-30.6
52800,104.2,-30.9
52810,104.3,-31.3
52820,104.3,-31.6
52830,104.4,-31.9
52840,104.5,-32.3
52850,104.6,-32.6
52860,104.7,-32.9
52870,104.8,-33.3
52880,104.9,-33.6
52890,104.9,-34
52900,105,-34.3
52910,105.1,-34.6
52920,105.2,-35
52930,105.3,-35.3
52940,105.4,-35.6
52950,105.4,-36
52960,105.5,-36.3
52970,105.6,-36.6
52980,105.7,-37
52990,105.8,-37.3
53000,105.8,-37.6
53010,105.9,-38
53020,106,-38.3
53030,106.1,-38.6
53040,106.2,-39
53050,106.2,-39.3
53060,106.3,-39.6
53070,106.4,-40
53080,106.5,-40.3
53090,106.5,-40.6
53100,106.6,-40.9
53110,106.7,-41.3
53120,106.8,-41.6
53130,106.8,-41.9
53140,106.9,-42.3
53150,107,-42.6
53160,107.1,-42.9
53170,107.1,-43.2
53180,107.2,-43.6
53190,107.3,-43.9
53200,107.4,-44.2
53210,107.4,-44.6
53220,107.5,-44.9
53230,107.6,-45.2
53240,107.6,-45.5
53250,107.7,-45.9
53260,107.8,-46.2
53270,107.9,-46.5
53280,107.9,-46.8
53290,108,-47.2
53300,108.1,-47.5
53310,108.2,-47.8
53320,108.2,-48.1
53330,108.3,-48.5
53340,108.4,-48.8
53350,108.4,-49.1
53360,108.5,-49.4
53370,108.6,-49.8
53380,108.6,-50.1
53390,108.7,-50.4
53400,108.8,-50.7
53410,108.9,-51.1
53420,108.9,-51.4
53430,109,-51.7
53440,109.1,-52
53450,109.1,-52.4
53460,109.2,-52.7
53470,109.3,-53
53480,109.4,-53.3
53490,109.4,-53.6
53500,109.5,-54
53510,109.6,-54.3
53520,109.6,-54.6
53530,109.7,-54.9
53540,109.8,-55.3
53550,109.9,-55.6
53560,109.9,-55.9
53570,110,-56.2
53580,110.1,-56.6
53590,110.2,-56.9
53600,110.2,-57.2
53610,110.3,-57.5
53620,110.4,-57.8
53630,110.4,-58.2
53640,110.5,-58.5
53650,110.6,-58.8
53660,110.7,-59.1
53670,110.7,-59.4
53680,110.8,-59.8
53690,110.9,-60.1
53700,111,-60.4
53710,111,-60.7
53720,111.1,-61.1
53730,111.2,-61.4
53740,111.3,-61.7
53750,111.3,-62
53760,111.4,-62.3
53770,111.5,-62.7
53780,111.6,-63
53790,111.7,-63.3
53800,111.7,-63.6
53810,111.8,-63.9
53820,111.9,-64.3
53830,112,-64.6
53840,112.1,-64.9
53850,112.2,-65.2
53860,112.2,-65.5
53870,112.3,-65.9
53880,112.4,-66.2
53890,112.5,-66.5
53900,112.6,-66.8
53910,112.7,-67.1
53920,112.8,-67.5
53930,112.9,-67.8
53940,112.9,-68.1
53950,113,-68.4
53960,113.1,-68.7
53970,113.2,-69
53980,113.3,-69.4
53990,113.4,-69.7
54000,113.5,-70
54010,113.6,-70.3
54020,113.7,-70.6
54030,113.8,-71
54040,113.9,-71.3
54050,114,-71.6
54060,114.1,-71.9
54070,114.3,-72.2
54080,114.4,-72.6
54090,114.5,-72.9
54100,114.6,-73.2
54110,114.7,-73.5
54120,114.9,-73.8
54130,115,-74.1
54140,115.1,-74.5
54150,115.3,-74.8
54160,115.4,-75.1
54170,115.5,-75.4
54180,115.7,-75.7
54190,115.8,-76.1
54200,116,-76.4
54210,116.2,-76.7
54220,116.3,-77
54230,116.5,-77.3
54240,116.7,-77.6
54250,116.9,-78
54260,117.1,-78.3
54270,117.3,-78.6
54280,117.5,-78.9
54290,117.7,-79.2
54300,117.9,-79.5
54310,118.2,-79.9
54320,118.4,-80.2
54330,118.7,-80.5
54340,119,-80.8
54350,119.3,-81.1
54360,119.6,-81.4
54370,119.9,-81.8
54380,120.3,-82.1
54390,120.7,-82.4
54400,121.1,-82.7
54410,121.6,-83
54420,122.1,-83.3
54430,122.6,-83.6
54440,123.2,-84
54450,123.9,-84.3
54460,124.6,-84.6
54470,125.4,-84.9
54480,126.3,-85.2
54490,127.3,-85.5
54500,128.5,-85.8
54510,129.8,-86.1
54520,131.4,-86.4
54530,133.3,-86.7
54540,135.5,-87
54550,138.2,-87.3
54560,141.5,-87.6
54570,145.6,-87.9
54580,151,-88.1
54590,158,-88.4
54600,167.1,-88.6
54610,178.9,-88.7
54620,193.3,-88.8
54630,209,-88.8
54640,223.8,-88.8
54650,236.3,-88.6
54660,246,-88.4
54670,253.4,-88.2
54680,259.1,-87.9
54690,263.5,-87.7
54700,267,-87.4
54710,269.8,-87.1
54720,272.1,-86.8
54730,274.1,-86.5
54740,275.7,-86.2
54750,277.1,-85.9
54760,278.3,-85.6
54770,279.3,-85.3
54780,280.3,-85
54790,281.1,-84.7
54800,281.8,-84.3
54810,282.5,-84
54820,283.1,-83.7
54830,283.6,-83.4
54840,284.1,-83.1
54850,284.6,-82.8
54860,285,-82.5
54870,285.4,-82.1
54880,285.8,-81.8
54890,286.1,-81.5
54900,286.5,-81.2
54910,286.8,-80.9
54920,287.1,-80.6
54930,287.3,-80.2
54940,287.6,-79.9
54950,287.8,-79.6
54960,288,-79.3
54970,288.3,-79
54980,288.5,-78.7
54990,288.7,-78.3
55000,288.9,-78
55010,289,-77.7
55020,289.2,-77.4
55030,289.4,-77.1
55040,289.5,-76.8
55050,289.7,-76.4
55060,289.9,-76.1
55070,290,-75.8
55080,290.1,-75.5
55090,290.3,-75.2
55100,290.4,-74.8
55110,290.5,-74.5
55120,290.7,-74.2
55130,290.8,-73.9
55140,290.9,-73.6
55150,291,-73.3
55160,291.1,-72.9
55170,291.2,-72.6
55180,291.3,-72.3
55190,291.4,-72
55200,291.5,-71.7
55210,291.6,-71.3
55220,291.7,-71
55230,291.8,-70.7
55240,291.9,-70.4
55250,292,-70.1
55260,292.1,-69.7
55270,292.2,-69.4
55280,292.3,-69.1
55290,292.3,-68.8
55300,292.4,-68.5
55310,292.5,-68.1
55320,292.6,-67.8
55330,292.7,-67.5
55340,292.7,-67.2
55350,292.8,-66.9
55360,292.9,-66.5
55370,293,-66.2
55380,293,-65.9
55390,293.1,-65.6
55400,293.2,-65.3
55410,293.2,-64.9
55420,293.3,-64.6
55430,293.4,-64.3
55440,293.4,-64
55450,293.5,-63.6
55460,293.6,-63.3
55470,293.6,-63
55480,293.7,-62.7
55490,293.8,-62.4
55500,293.8,-62
55510,293.9,-61.7
55520,293.9,-61.4
55530,294,-61.1
55540,294.1,-60.8
55550,294.1,-60.4
55560,294.2,-60.1
55570,294.2,-59.8
55580,294.3,-59.5
55590,294.3,-59.1
55600,294.4,-58.8
55610,294.5,-58.5
55620,294.5,-58.2
55630,294.6,-57.9
55640,294.6,-57.5
55650,294.7,-57.2
55660,294.7,-56.9
55670,294.8,-56.6
55680,294.8,-56.2
55690,294.9,-55.9
55700,294.9,-55.6
55710,295,-55.3
55720,295,-54.9
55730,295.1,-54.6
55740,295.1,-54.3
55750,295.2,-54
55760,295.2,-53.7
55770,295.3,-53.3
55780,295.3,-53
55790,295.4,-52.7
55800,295.4,-52.4
55810,295.4,-52
55820,295.5,-51.7
55830,295.5,-51.4
55840,295.6,-51.1
55850,295.6,-50.7
55860,295.7,-50.4
55870,295.7,-50.1
55880,295.8,-49.8
55890,295.8,-49.4
55900,295.8,-49.1
55910,295.9,-48.8
55920,295.9,-48.4
55930,296,-48.1
55940,296,-47.8
55950,296.1,-47.5
55960,296.1,-47.1
55970,296.1,-46.8
55980,296.2,-46.5
55990,296.2,-46.2
56000,296.3,-45.8
56010,296.3,-45.5
56020,296.3,-45.2
56030,296.4,-44.8
56040,296.4,-44.5
56050,296.5,-44.2
56060,296.5,-43.9
56070,296.5,-43.5
56080,296.6,-43.2
56090,296.6,-42.9
56100,296.6,-42.5
56110,296.7,-42.2
56120,296.7,-41.9
56130,296.7,-41.6
56140,296.8,-41.2
56150,296.8,-40.9
56160,296.9,-40.6
56170,296.9,-40.2
56180,296.9,-39.9
56190,297,-39.6
56200,297,-39.2
56210,297,-38.9
56220,297.1,-38.6
56230,297.1,-38.2
56240,297.1,-37.9
56250,297.2,-37.6
56260,297.2,-37.2
56270,297.2,-36.9
56280,297.3,-36.6
56290,297.3,-36.2
56300,297.3,-35.9
56310,297.4,-35.6
56320,297.4,-35.2
56330,297.4,-34.9
56340,297.4,-34.5
56350,297.5,-34.2
56360,297.5,-33.9
56370,297.5,-33.5
56380,297.6,-33.2
56390,297.6,-32.9
56400,297.6,-32.5
56410,297.6,-32.2
56420,297.7,-31.8
56430,297.7,-31.5
56440,297.7,-31.2
56450,297.8,-30.8
56460,297.8,-30.5
56470,297.8,-30.1
56480,297.8,-29.8
56490,297.9,-29.4
56500,297.9,-29.1
56510,297.9,-28.8
56520,297.9,-28.4
56530,298,-28.1
56540,298,-27.7
56550,298,-27.4
56560,298,-27
56570,298.1,-26.7
56580,298.1,-26.3
56590,298.1,-26
56600,298.1,-25.6
56610,298.1,-25.3
56620,298.2,-24.9
56630,298.2,-24.6
56640,298.2,-24.2
56650,298.2,-23.8
56660,298.2,-23.5
56670,298.3,-23.1
56680,298.3,-22.8
56690,298.3,-22.4
56700,298.3,-22.1
56710,298.3,-21.7
56720,298.4,-21.3
56730,298.4,-21
56740,298.4,-20.6
56750,298.4,-20.2
56760,298.4,-19.9
56770,298.4,-19.5
56780,298.4,-19.1
56790,298.4,-18.7
56800,298.5,-18.4
56810,298.5,-18
56820,298.5,-17.6
56830,298.5,-17.2
56840,298.5,-16.9
56850,298.5,-16.5
56860,298.5,-16.1
56870,298.5,-15.7
56880,298.5,-15.3
56890,298.5,-14.9
56900,298.5,-14.5
56910,298.5,-14.1
56920,298.5,-13.7
56930,298.5,-13.3
56940,298.5,-12.9
56950,298.5,-12.5
56960,298.5,-12.1
56970,298.5,-11.7
56980,298.5,-11.3
56990,298.5,-10.8
57000,298.5,-10.4
57010,298.5,-10
57020,298.5,-9.5
57030,298.5,-9.1
57040,298.4,-8.7
57050,298.4,-8.2
57060,298.4,-7.7
57070,298.4,-7.3
57080,298.3,-6.8
57090,298.3,-6.3
57100,298.3,-5.8
57110,298.3,-5.4
57120,298.2,-4.9
57130,298.2,-4.3
57140,298.1,-3.8
57150,298.1,-3.3
57160,298,-2.8
57170,298,-2.2
57180,297.9,-1.6
57190,297.8,-1.1
57200,297.8,-0.5
57210,297.7,0.2
57220,297.6,0.8
57230,297.5,1.4
57240,297.4,2.1
57250,297.3,2.8
57260,297.2,3.5
57270,297,4.3
57280,296.9,5.1
57290,296.7,5.9
57300,296.5,6.8
57310,296.3,7.7
57320,296.1,8.6
57330,295.9,9.7
57340,295.6,10.8
57350,295.3,11.9
57360,295,13.2
57370,294.6,14.5
57380,294.1,16
57390,293.6,17.6
57400,293.1,19.3
57410,292.4,21.3
57420,291.6,23.5
57430,290.7,25.9
57440,289.5,28.6
57450,288.1,31.8
57460,286.3,35.3
57470,284,39.4
57480,280.9,44.1
57490,276.5,49.4
57500,270.2,55.3
57510,260.3,61.3
57520,244.3,66.8
57530,220.2,69.9
57540,193,69
57550,172.3,64.6
57560,159.3,58.8
57570,151.1,52.7
57580,145.8,47.1
57590,142,42
57600,139.3,37.6
57610,137.2,33.7
57620,135.6,30.3
57630,134.3,27.3
57640,133.2,24.7
57650,132.4,22.4
57660,131.6,20.3
57670,131,18.5
57680,130.4,16.8
57690,130,15.2
57700,129.5,13.8
57710,129.2,12.5
57720,128.8,11.3
57730,128.6,10.1
57740,128.3,9.1
57750,128.1,8.1
57760,127.8,7.2
57770,127.7,6.3
57780,127.5,5.4
57790,127.3,4.6
57800,127.2,3.8
57810,127,3.1
57820,126.9,2.4
57830,126.8,1.7
57840,126.7,1
57850,126.6,0.4
57860,126.5,-0.2
57870,126.4,-0.9
57880,126.3,-1.4
57890,126.2,-2
57900,126.2,-2.6
57910,126.1,-3.1
57920,126.1,-3.7
57930,126,-4.2
57940,125.9,-4.7
57950,125.9,-5.2
57960,125.8,-5.7
57970,125.8,-6.2
57980,125.8,-6.7
57990,125.7,-7.2
58000,125.7,-7.6
58010,125.7,-8.1
58020,125.6,-8.5
58030,125.6,-9
58040,125.6,-9.4
58050,125.5,-9.9
58060,125.5,-10.3
58070,125.5,-10.7
58080,125.5,-11.2
58090,125.4,-11.6
58100,125.4,-12
58110,125.4,-12.4
58120,125.4,-12.8
58130,125.4,-13.2
58140,125.4,-13.7
58150,125.3,-14.1
58160,125.3,-14.5
58170,125.3,-14.9
58180,125.3,-15.2
58190,125.3,-15.6
58200,125.3,-16
58210,125.3,-16.4
58220,125.3,-16.8
58230,125.2,-17.2
58240,125.2,-17.6
58250,125.2,-17.9
58260,125.2,-18.3
58270,125.2,-18.7
58280,125.2,-19.1
58290,125.2,-19.4
58300,125.2,-19.8
58310,125.2,-20.2
58320,125.2,-20.6
58330,125.2,-20.9
58340,125.2,-21.3
58350,125.2,-21.7
58360,125.2,-22
58370,125.2,-22.4
58380,125.2,-22.7
58390,125.1,-23.1
58400,125.1,-23.5
58410,125.1,-23.8
58420,125.1,-24.2
58430,125.1,-24.5
58440,125.1,-24.9
58450,125.1,-25.2
58460,125.1,-25.6
58470,125.1,-25.9
58480,125.1,-26.3
58490,125.1,-26.7
58500,125.1,-27
58510,125.1,-27.4
58520,125.1,-27.7
58530,125.1,-28
58540,125.1,-28.4
58550,125.1,-28.7
58560,125.1,-29.1
58570,125.1,-29.4
58580,125.1,-29.8
58590,125.1,-30.1
58600,125.1,-30.5
58610,125.1,-30.8
58620,125.1,-31.2
58630,125.1,-31.5
58640,125.1,-31.8
58650,125.1,-32.2
58660,125.1,-32.5
58670,125,-32.9
58680,125,-33.2
58690,125,-33.5
58700,125,-33.9
58710,125,-34.2
58720,125,-34.6
58730,125,-34.9
58740,125,-35.2
58750,125,-35.6
58760,125,-35.9
58770,125,-36.2
58780,125,-36.6
58790,125,-36.9
58800,125,-37.2
58810,125,-37.6
58820,125,-37.9
58830,125,-38.2
58840,124.9,-38.6
58850,124.9,-38.9
58860,124.9,-39.2
58870,124.9,-39.6
58880,124.9,-39.9
58890,124.9,-40.2
58900,124.9,-40.6
58910,124.9,-40.9
58920,124.9,-41.2
58930,124.9,-41.6
58940,124.9,-41.9
58950,124.8,-42.2
58960,124.8,-42.6
58970,124.8,-42.9
58980,124.8,-43.2
58990,124.8,-43.6
59000,124.8,-43.9
59010,124.8,-44.2
59020,124.8,-44.5
59030,124.7,-44.9
59040,124.7,-45.2
59050,124.7,-45.5
59060,124.7,-45.9
59070,124.7,-46.2
59080,124.7,-46.5
59090,124.6,-46.8
59100,124.6,-47.2
59110,124.6,-47.5
59120,124.6,-47.8
59130,124.6,-48.1
59140,124.6,-48.5
59150,124.5,-48.8
59160,124.5,-49.1
59170,124.5,-49.5
59180,124.5,-49.8
59190,124.4,-50.1
59200,124.4,-50.4
59210,124.4,-50.8
59220,124.4,-51.1
59230,124.4,-51.4
59240,124.3,-51.7
59250,124.3,-52.1
59260,124.3,-52.4
59270,124.2,-52.7
59280,124.2,-53
59290,124.2,-53.4
59300,124.1,-53.7
59310,124.1,-54
59320,124.1,-54.3
59330,124.1,-54.7
59340,124,-55
59350,124,-55.3
59360,123.9,-55.6
59370,123.9,-55.9
59380,123.9,-56.3
59390,123.8,-56.6
59400,123.8,-56.9
59410,123.7,-57.2
59420,123.7,-57.6
59430,123.7,-57.9
59440,123.6,-58.2
59450,123.6,-58.5
59460,123.5,-58.8
59470,123.5,-59.2
59480,123.4,-59.5
59490,123.4,-59.8
59500,123.3,-60.1
59510,123.3,-60.5
59520,123.2,-60.8
59530,123.1,-61.1
59540,123.1,-61.4
59550,123,-61.7
59560,122.9,-62.1
59570,122.9,-62.4
59580,122.8,-62.7
59590,122.7,-63
59600,122.7,-63.3
59610,122.6,-63.7
59620,122.5,-64
59630,122.4,-64.3
59640,122.4,-64.6
59650,122.3,-64.9
59660,122.2,-65.3
59670,122.1,-65.6
59680,122,-65.9
59690,121.9,-66.2
59700,121.8,-66.5
59710,121.7,-66.9
59720,121.6,-67.2
59730,121.5,-67.5
59740,121.4,-67.8
59750,121.3,-68.1
59760,121.2,-68.5
59770,121,-68.8
59780,120.9,-69.1
59790,120.8,-69.4
59800,120.7,-69.7
59810,120.5,-70
59820,120.4,-70.4
59830,120.2,-70.7
59840,120.1,-71
59850,119.9,-71.3
59860,119.7,-71.6
59870,119.6,-71.9
59880,119.4,-72.3
59890,119.2,-72.6
59900,119,-72.9
59910,118.8,-73.2
59920,118.6,-73.5
59930,118.4,-73.8
59940,118.1,-74.1
59950,117.9,-74.5
59960,117.6,-74.8
59970,117.4,-75.1
59980,117.1,-75.4
59990,116.8,-75.7
60000,116.5,-76
60010,116.2,-76.3
60020,115.9,-76.6
60030,115.5,-77
60040,115.2,-77.3
60050,114.8,-77.6
60060,114.4,-77.9
60070,114,-78.2
60080,113.5,-78.5
60090,113.1,-78.8
60100,112.6,-79.1
60110,112.1,-79.4
60120,111.5,-79.7
60130,110.9,-80
60140,110.3,-80.3
60150,109.6,-80.6
60160,108.9,-80.9
60170,108.1,-81.2
60180,107.3,-81.5
60190,106.4,-81.8
60200,105.5,-82.1
60210,104.5,-82.4
60220,103.4,-82.7
60230,102.2,-83
60240,100.9,-83.2
60250,99.5,-83.5
60260,98,-83.8
60270,96.4,-84
60280,94.5,-84.3
60290,92.6,-84.6
60300,90.4,-84.8
60310,88,-85.1
60320,85.3,-85.3
60330,82.4,-85.5
60340,79.3,-85.7
60350,75.8,-85.9
60360,71.9,-86.1
60370,67.8,-86.2
60380,63.3,-86.4
60390,58.4,-86.5
60400,53.4,-86.6
60410,48.1,-86.6
60420,42.6,-86.6
60430,37.2,-86.6
60440,31.8,-86.6
60450,26.5,-86.5
60460,21.5,-86.4
60470,16.8,-86.3
60480,12.4,-86.2
60490,8.3,-86
60500,4.6,-85.8
60510,1.2,-85.6
60520,358.1,-85.4
60530,355.3,-85.2
60540,352.7,-85
60550,350.4,-84.7
60560,348.3,-84.5
60570,346.3,-84.2
60580,344.6,-84
60590,343,-83.7
60600,341.5,-83.4
60610,340.1,-83.1
60620,338.9,-82.9
60630,337.7,-82.6
60640,336.6,-82.3
60650,335.6,-82
60660,334.7,-81.7
60670,333.8,-81.4
60680,333,-81.1
60690,332.3,-80.8
60700,331.6,-80.5
60710,330.9,-80.2
60720,330.3,-79.9
60730,329.7,-79.6
60740,329.1,-79.3
60750,328.6,-79
60760,328.1,-78.7
60770,327.7,-78.4
60780,327.2,-78.1
60790,326.8,-77.8
60800,326.4,-77.5
60810,326,-77.2
60820,325.6,-76.9
60830,325.3,-76.5
60840,324.9,-76.2
60850,324.6,-75.9
60860,324.3,-75.6
60870,324,-75.3
60880,323.7,-75
60890,323.5,-74.7
60900,323.2,-74.4
60910,323,-74
60920,322.7,-73.7
60930,322.5,-73.4
60940,322.3,-73.1
60950,322,-72.8
60960,321.8,-72.5
60970,321.6,-72.2
60980,321.4,-71.8
60990,321.3,-71.5
61000,321.1,-71.2
61010,320.9,-70.9
61020,320.7,-70.6
61030,320.6,-70.3
61040,320.4,-69.9
61050,320.2,-69.6
61060,320.1,-69.3
61070,319.9,-69
61080,319.8,-68.7
61090,319.6,-68.4
61100,319.5,-68
61110,319.4,-67.7
61120,319.2,-67.4
61130,319.1,-67.1
61140,319,-66.8
61150,318.9,-66.4
61160,318.8,-66.1
61170,318.6,-65.8
61180,318.5,-65.5
61190,318.4,-65.2
61200,318.3,-64.9
61210,318.2,-64.5
61220,318.1,-64.2
61230,318,-63.9
61240,317.9,-63.6
61250,317.8,-63.3
61260,317.7,-62.9
61270,317.6,-62.6
61280,317.5,-62.3
61290,317.4,-62
61300,317.3,-61.7
61310,317.2,-61.3
61320,317.1,-61
61330,317,-60.7
61340,317,-60.4
61350,316.9,-60.1
61360,316.8,-59.7
61370,316.7,-59.4
61380,316.6,-59.1
61390,316.5,-58.8
61400,316.5,-58.4
61410,316.4,-58.1
61420,316.3,-57.8
61430,316.2,-57.5
61440,316.1,-57.2
61450,316.1,-56.8
61460,316,-56.5
61470,315.9,-56.2
61480,315.8,-55.9
61490,315.8,-55.5
61500,315.7,-55.2
61510,315.6,-54.9
61520,315.6,-54.6
61530,315.5,-54.3
61540,315.4,-53.9
61550,315.3,-53.6
61560,315.3,-53.3
61570,315.2,-53
61580,315.1,-52.6
61590,315.1,-52.3
61600,315,-52
61610,314.9,-51.7
61620,314.8,-51.3
61630,314.8,-51
61640,314.7,-50.7
61650,314.6,-50.4
61660,314.6,-50.1
61670,314.5,-49.7
61680,314.4,-49.4
61690,314.4,-49.1
61700,314.3,-48.8
61710,314.2,-48.4
61720,314.2,-48.1
61730,314.1,-47.8
61740,314,-47.5
61750,314,-47.1
61760,313.9,-46.8
61770,313.8,-46.5
61780,313.7,-46.1
61790,313.7,-45.8
61800,313.6,-45.5
61810,313.5,-45.2
61820,313.5,-44.8
61830,313.4,-44.5
61840,313.3,-44.2
61850,313.2,-43.9
61860,313.2,-43.5
61870,313.1,-43.2
61880,313,-42.9
61890,313,-42.6
61900,312.9,-42.2
61910,312.8,-41.9
61920,312.7,-41.6
61930,312.7,-41.2
61940,312.6,-40.9
61950,312.5,-40.6
61960,312.4,-40.3
61970,312.4,-39.9
61980,312.3,-39.6
61990,312.2,-39.3
62000,312.1,-38.9
62010,312,-38.6
62020,312,-38.3
62030,311.9,-37.9
62040,311.8,-37.6
62050,311.7,-37.3
62060,311.6,-36.9
62070,311.5,-36.6
62080,311.4,-36.3
62090,311.4,-36
62100,311.3,-35.6
62110,311.2,-35.3
62120,311.1,-35
62130,311,-34.6
62140,310.9,-34.3
62150,310.8,-34
62160,310.7,-33.6
62170,310.6,-33.3
62180,310.5,-32.9
62190,310.4,-32.6
62200,310.3,-32.3
62210,310.2,-31.9
62220,310.1,-31.6
62230,310,-31.3
62240,309.9,-30.9
62250,309.8,-30.6
62260,309.7,-30.3
62270,309.6,-29.9
62280,309.5,-29.6
62290,309.3,-29.2
62300,309.2,-28.9
62310,309.1,-28.6
62320,309,-28.2
62330,308.9,-27.9
62340,308.7,-27.5
62350,308.6,-27.2
62360,308.5,-26.9
62370,308.3,-26.5
62380,308.2,-26.2
62390,308.1,-25.8
62400,307.9,-25.5
62410,307.8,-25.1
62420,307.6,-24.8
62430,307.5,-24.4
62440,307.3,-24.1
62450,307.2,-23.7
62460,307,-23.4
62470,306.9,-23
62480,306.7,-22.7
62490,306.5,-22.3
62500,306.4,-22
62510,306.2,-21.6
62520,306,-21.3
62530,305.8,-20.9
62540,305.6,-20.6
62550,305.5,-20.2
62560,305.3,-19.9
62570,305.1,-19.5
62580,304.9,-19.1
62590,304.6,-18.8
62600,304.4,-18.4
62610,304.2,-18
62620,304,-17.7
62630,303.7,-17.3
62640,303.5,-16.9
62650,303.3,-16.6
62660,303,-16.2
62670,302.7,-15.8
62680,302.5,-15.5
62690,302.2,-15.1
62700,301.9,-14.7
62710,301.6,-14.3
62720,301.3,-14
62730,301,-13.6
62740,300.7,-13.2
62750,300.4,-12.8
62760,300,-12.4
62770,299.7,-12
62780,299.3,-11.6
62790,299,-11.2
62800,298.6,-10.8
62810,298.2,-10.4
62820,297.8,-10
62830,297.3,-9.6
62840,296.9,-9.2
62850,296.5,-8.8
62860,296,-8.4
62870,295.5,-8
62880,295,-7.6
62890,294.4,-7.1
62900,293.9,-6.7
62910,293.3,-6.3
62920,292.7,-5.8
62930,292.1,-5.4
62940,291.5,-5
62950,290.8,-4.5
62960,290.1,-4.1
62970,289.4,-3.6
62980,288.6,-3.1
62990,287.8,-2.7
63000,286.9,-2.2
63010,286.1,-1.7
63020,285.1,-1.3
63030,284.2,-0.8
63040,283.2,-0.3
63050,282.1,0.2
63060,281,0.7
63070,279.8,1.2
63080,278.6,1.7
63090,277.3,2.3
63100,275.9,2.8
63110,274.5,3.3
63120,273,3.8
63130,271.4,4.3
63140,269.7,4.9
63150,267.9,5.4
63160,266.1,5.9
63170,264.1,6.4
63180,262.1,6.9
63190,260,7.4
63200,257.7,7.8
63210,255.4,8.3
63220,252.9,8.7
63230,250.4,9.1
63240,247.8,9.4
63250,245.1,9.8
63260,242.3,10
63270,239.5,10.3
63280,236.6,10.4
63290,233.6,10.6
63300,230.7,10.6
63310,227.7,10.6
63320,224.7,10.6
63330,221.8,10.5
63340,218.9,10.3
63350,216,10.1
63360,213.2,9.8
63370,210.5,9.5
63380,207.8,9.1
63390,205.3,8.8
63400,202.8,8.3
63410,200.4,7.9
63420,198.1,7.4
63430,196,7
63440,193.9,6.5
63450,191.9,5.9
63460,190,5.4
63470,188.2,4.9
63480,186.5,4.4
63490,184.9,3.9
63500,183.4,3.3
63510,181.9,2.8
63520,180.5,2.3
63530,179.2,1.8
63540,177.9,1.3
63550,176.7,0.8
63560,175.6,0.3
63570,174.5,-0.2
63580,173.5,-0.7
63590,172.5,-1.2
63600,171.5,-1.7
63610,170.6,-2.2
63620,169.8,-2.7
63630,169,-3.1
63640,168.2,-3.6
63650,167.4,-4.1
63660,166.7,-4.5
63670,166,-5
63680,165.3,-5.4
63690,164.7,-5.8
63700,164.1,-6.3
63710,163.5,-6.7
63720,162.9,-7.1
63730,162.4,-7.6
63740,161.8,-8
63750,161.3,-8.4
63760,160.8,-8.8
63770,160.3,-9.2
63780,159.9,-9.6
63790,159.4,-10
63800,159,-10.5
63810,158.6,-10.9
63820,158.2,-11.2
63830,157.8,-11.6
63840,157.4,-12
63850,157,-12.4
63860,156.7,-12.8
63870,156.3,-13.2
63880,156,-13.6
63890,155.7,-14
63900,155.3,-14.3
63910,155,-14.7
63920,154.7,-15.1
63930,154.4,-15.5
63940,154.1,-15.8
63950,153.8,-16.2
63960,153.6,-16.6
63970,153.3,-16.9
63980,153,-17.3
63990,152.8,-17.7
64000,152.5,-18
64010,152.3,-18.4
64020,152,-18.8
64030,151.8,-19.1
64040,151.6,-19.5
64050,151.3,-19.8
64060,151.1,-20.2
64070,150.9,-20.5
64080,150.7,-20.9
64090,150.5,-21.3
64100,150.2,-21.6
64110,150,-22
64120,149.8,-22.3
64130,149.6,-22.7
64140,149.4,-23
64150,149.2,-23.4
64160,149.1,-23.7
64170,148.9,-24.1
64180,148.7,-24.4
64190,148.5,-24.7
64200,148.3,-25.1
64210,148.1,-25.4
64220,148,-25.8
64230,147.8,-26.1
64240,147.6,-26.5
64250,147.5,-26.8
64260,147.3,-27.1
64270,147.1,-27.5
64280,147,-27.8
64290,146.8,-28.2
64300,146.6,-28.5
64310,146.5,-28.8
64320,146.3,-29.2
64330,146.2,-29.5
64340,146,-29.8
64350,145.9,-30.2
64360,145.7,-30.5
64370,145.6,-30.8
64380,145.4,-31.2
64390,145.3,-31.5
64400,145.1,-31.8
64410,145,-32.2
64420,144.8,-32.5
64430,144.7,-32.8
64440,144.5,-33.2
64450,144.4,-33.5
64460,144.2,-33.8
64470,144.1,-34.2
64480,144,-34.5
64490,143.8,-34.8
64500,143.7,-35.1
64510,143.5,-35.5
64520,143.4,-35.8
64530,143.3,-36.1
64540,143.1,-36.5
64550,143,-36.8
64560,142.8,-37.1
64570,142.7,-37.4
64580,142.6,-37.8
64590,142.4,-38.1
64600,142.3,-38.4
64610,142.2,-38.7
64620,142,-39.1
64630,141.9,-39.4
64640,141.7,-39.7
64650,141.6,-40
64660,141.5,-40.4
64670,141.3,-40.7
64680,141.2,-41
64690,141,-41.3
64700,140.9,-41.7
64710,140.8,-42
64720,140.6,-42.3
64730,140.5,-42.6
64740,140.3,-42.9
64750,140.2,-43.3
64760,140.1,-43.6
64770,139.9,-43.9
64780,139.8,-44.2
64790,139.6,-44.5
64800,139.5,-44.9
64810,139.3,-45.2
64820,139.2,-45.5
64830,139.1,-45.8
64840,138.9,-46.1
64850,138.8,-46.5
64860,138.6,-46.8
64870,138.5,-47.1
64880,138.3,-47.4
64890,138.2,-47.7
64900,138,-48
64910,137.8,-48.4
64920,137.7,-48.7
64930,137.5,-49
64940,137.4,-49.3
64950,137.2,-49.6
64960,137.1,-49.9
64970,136.9,-50.3
64980,136.7,-50.6
64990,136.6,-50.9
65000,136.4,-51.2
65010,136.2,-51.5
65020,136.1,-51.8
65030,135.9,-52.1
65040,135.7,-52.5
65050,135.5,-52.8
65060,135.4,-53.1
65070,135.2,-53.4
65080,135,-53.7
65090,134.8,-54
65100,134.6,-54.3
65110,134.5,-54.6
65120,134.3,-54.9
65130,134.1,-55.3
65140,133.9,-55.6
65150,133.7,-55.9
65160,133.5,-56.2
65170,133.3,-56.5
65180,133.1,-56.8
65190,132.9,-57.1
65200,132.7,-57.4
65210,132.5,-57.7
65220,132.2,-58
65230,132,-58.3
65240,131.8,-58.6
65250,131.6,-59
65260,131.3,-59.3
65270,131.1,-59.6
65280,130.9,-59.9
65290,130.6,-60.2
65300,130.4,-60.5
65310,130.1,-60.8
65320,129.9,-61.1
65330,129.6,-61.4
65340,129.4,-61.7
65350,129.1,-62
65360,128.8,-62.3
65370,128.6,-62.6
65380,128.3,-62.9
65390,128,-63.2
65400,127.7,-63.5
65410,127.4,-63.8
65420,127.1,-64.1
65430,126.8,-64.4
65440,126.5,-64.7
65450,126.2,-65
65460,125.8,-65.3
65470,125.5,-65.6
65480,125.1,-65.9
65490,124.8,-66.1
65500,124.4,-66.4
65510,124.1,-66.7
65520,123.7,-67
65530,123.3,-67.3
65540,122.9,-67.6
65550,122.5,-67.9
65560,122.1,-68.2
65570,121.7,-68.5
65580,121.3,-68.7
65590,120.8,-69
65600,120.4,-69.3
65610,119.9,-69.6
65620,119.5,-69.9
65630,119,-70.2
65640,118.5,-70.4
65650,118,-70.7
65660,117.4,-71
65670,116.9,-71.3
65680,116.3,-71.5
65690,115.8,-71.8
65700,115.2,-72.1
65710,114.6,-72.3
65720,114,-72.6
65730,113.3,-72.9
65740,112.7,-73.1
65750,112,-73.4
65760,111.3,-73.6
65770,110.6,-73.9
65780,109.9,-74.2
65790,109.1,-74.4
65800,108.3,-74.6
65810,107.5,-74.9
65820,106.7,-75.1
65830,105.8,-75.4
65840,104.9,-75.6
65850,104,-75.8
65860,103.1,-76.1
65870,102.1,-76.3
65880,101.1,-76.5
65890,100.1,-76.7
65900,99,-77
65910,97.9,-77.2
65920,96.8,-77.4
65930,95.6,-77.6
65940,94.4,-77.8
65950,93.1,-78
65960,91.8,-78.1
65970,90.5,-78.3
65980,89.2,-78.5
65990,87.7,-78.7
66000,86.3,-78.8
66010,84.8,-79
66020,83.3,-79.1
66030,81.7,-79.3
66040,80.1,-79.4
66050,78.5,-79.5
66060,76.8,-79.6
66070,75.1,-79.7
66080,73.4,-79.8
66090,71.6,-79.9
66100,69.8,-80
66110,68,-80.1
66120,66.1,-80.1
66130,64.3,-80.2
66140,62.4,-80.2
66150,60.5,-80.2
66160,58.6,-80.2
66170,56.7,-80.3
66180,54.8,-80.3
66190,52.8,-80.2
66200,50.9,-80.2
66210,49,-80.2
66220,47.2,-80.1
66230,45.3,-80.1
66240,43.5,-80
66250,41.7,-79.9
66260,39.9,-79.9
66270,38.1,-79.8
66280,36.4,-79.7
66290,34.7,-79.6
66300,33,-79.4
66310,31.4,-79.3
66320,29.8,-79.2
66330,28.3,-79
66340,26.8,-78.9
66350,25.3,-78.7
66360,23.9,-78.6
66370,22.5,-78.4
66380,21.1,-78.2
66390,19.8,-78.1
66400,18.6,-77.9
66410,17.3,-77.7
66420,16.1,-77.5
66430,15,-77.3
66440,13.8,-77.1
66450,12.8,-76.9
66460,11.7,-76.6
66470,10.7,-76.4
66480,9.7,-76.2
66490,8.7,-76
66500,7.8,-75.7
66510,6.9,-75.5
66520,6,-75.3
66530,5.1,-75
66540,4.3,-74.8
66550,3.5,-74.6
66560,2.7,-74.3
66570,1.9,-74.1
66580,1.2,-73.8
66590,0.5,-73.5
66600,359.8,-73.3
66610,359.1,-73
66620,358.4,-72.8
66630,357.8,-72.5
66640,357.2,-72.2
66650,356.5,-72
66660,356,-71.7
66670,355.4,-71.4
66680,354.8,-71.2
66690,354.3,-70.9
66700,353.7,-70.6
66710,353.2,-70.4
66720,352.7,-70.1
66730,352.2,-69.8
66740,351.7,-69.5
66750,351.2,-69.2
66760,350.8,-69
66770,350.3,-68.7
66780,349.9,-68.4
66790,349.4,-68.1
66800,349,-67.8
66810,348.6,-67.5
66820,348.2,-67.3
66830,347.8,-67
66840,347.4,-66.7
66850,347,-66.4
66860,346.6,-66.1
66870,346.2,-65.8
66880,345.9,-65.5
66890,345.5,-65.2
66900,345.2,-64.9
66910,344.8,-64.6
66920,344.5,-64.4
66930,344.1,-64.1
66940,343.8,-63.8
66950,343.5,-63.5
66960,343.2,-63.2
66970,342.8,-62.9
66980,342.5,-62.6
66990,342.2,-62.3
67000,341.9,-62
67010,341.6,-61.7
67020,341.3,-61.4
67030,341,-61.1
67040,340.8,-60.8
67050,340.5,-60.5
67060,340.2,-60.2
67070,339.9,-59.9
67080,339.7,-59.6
67090,339.4,-59.3
67100,339.1,-59
67110,338.9,-58.7
67120,338.6,-58.4
67130,338.3,-58.1
67140,338.1,-57.8
67150,337.8,-57.5
67160,337.6,-57.2
67170,337.3,-56.9
67180,337.1,-56.6
67190,336.9,-56.3
67200,336.6,-56
67210,336.4,-55.7
67220,336.1,-55.4
67230,335.9,-55.1
67240,335.7,-54.8
67250,335.4,-54.5
67260,335.2,-54.2
67270,335,-53.9
67280,334.7,-53.6
67290,334.5,-53.2
67300,334.3,-52.9
67310,334.1,-52.6
67320,333.9,-52.3
67330,333.6,-52
67340,333.4,-51.7
67350,333.2,-51.4
67360,333,-51.1
67370,332.8,-50.8
67380,332.5,-50.5
67390,332.3,-50.2
67400,332.1,-49.9
67410,331.9,-49.6
67420,331.7,-49.3
67430,331.5,-49
67440,331.2,-48.7
67450,331,-48.3
67460,330.8,-48
67470,330.6,-47.7
67480,330.4,-47.4
67490,330.2,-47.1
67500,330,-46.8
67510,329.8,-46.5
67520,329.5,-46.2
67530,329.3,-45.9
67540,329.1,-45.6
67550,328.9,-45.3
67560,328.7,-45
67570,328.5,-44.6
67580,328.3,-44.3
67590,328.1,-44
67600,327.8,-43.7
67610,327.6,-43.4
67620,327.4,-43.1
67630,327.2,-42.8
67640,327,-42.5
67650,326.8,-42.2
67660,326.6,-41.9
67670,326.3,-41.6
67680,326.1,-41.2
67690,325.9,-40.9
67700,325.7,-40.6
67710,325.5,-40.3
67720,325.2,-40
67730,325,-39.7
67740,324.8,-39.4
67750,324.6,-39.1
67760,324.3,-38.8
67770,324.1,-38.5
67780,323.9,-38.1
67790,323.7,-37.8
67800,323.4,-37.5
67810,323.2,-37.2
67820,323,-36.9
67830,322.7,-36.6
67840,322.5,-36.3
67850,322.2,-36
67860,322,-35.7
67870,321.8,-35.3
67880,321.5,-35
67890,321.3,-34.7
67900,321,-34.4
67910,320.8,-34.1
67920,320.5,-33.8
67930,320.3,-33.5
67940,320,-33.2
67950,319.7,-32.9
67960,319.5,-32.5
67970,319.2,-32.2
67980,318.9,-31.9
67990,318.7,-31.6
68000,318.4,-31.3
68010,318.1,-31
68020,317.9,-30.7
68030,317.6,-30.4
68040,317.3,-30.1
68050,317,-29.8
68060,316.7,-29.4
68070,316.4,-29.1
68080,316.1,-28.8
68090,315.8,-28.5
68100,315.5,-28.2
68110,315.2,-27.9
68120,314.9,-27.6
68130,314.6,-27.3
68140,314.2,-27
68150,313.9,-26.6
68160,313.6,-26.3
68170,313.3,-26
68180,312.9,-25.7
68190,312.6,-25.4
68200,312.2,-25.1
68210,311.9,-24.8
68220,311.5,-24.5
68230,311.1,-24.2
68240,310.8,-23.9
68250,310.4,-23.5
68260,310,-23.2
68270,309.6,-22.9
68280,309.2,-22.6
68290,308.8,-22.3
68300,308.4,-22
68310,308,-21.7
68320,307.6,-21.4
68330,307.2,-21.1
68340,306.7,-20.8
68350,306.3,-20.5
68360,305.8,-20.1
68370,305.4,-19.8
68380,304.9,-19.5
68390,304.4,-19.2
68400,303.9,-18.9
68410,303.4,-18.6
68420,302.9,-18.3
68430,302.4,-18
68440,301.9,-17.7
68450,301.4,-17.4
68460,300.8,-17.1
68470,300.3,-16.8
68480,299.7,-16.5
68490,299.1,-16.2
68500,298.5,-15.9
68510,297.9,-15.6
68520,297.3,-15.3
68530,296.7,-15
68540,296.1,-14.7
68550,295.4,-14.4
68560,294.7,-14.1
68570,294,-13.8
68580,293.4,-13.5
68590,292.6,-13.3
68600,291.9,-13
68610,291.2,-12.7
68620,290.4,-12.4
68630,289.6,-12.1
68640,288.8,-11.8
68650,288,-11.6
68660,287.2,-11.3
68670,286.4,-11
68680,285.5,-10.7
68690,284.6,-10.5
68700,283.7,-10.2
68710,282.8,-10
68720,281.9,-9.7
68730,280.9,-9.5
68740,279.9,-9.2
68750,278.9,-9
68760,277.9,-8.7
68770,276.9,-8.5
68780,275.8,-8.3
68790,274.7,-8
68800,273.6,-7.8
68810,272.5,-7.6
68820,271.3,-7.4
68830,270.2,-7.2
68840,269,-7
68850,267.8,-6.8
68860,266.6,-6.6
68870,265.3,-6.5
68880,264,-6.3
68890,262.8,-6.1
68900,261.5,-6
68910,260.2,-5.9
68920,258.8,-5.7
68930,257.5,-5.6
68940,256.1,-5.5
68950,254.7,-5.4
68960,253.4,-5.3
68970,252,-5.3
68980,250.6,-5.2
68990,249.1,-5.2
69000,247.7,-5.1
69010,246.3,-5.1
69020,244.9,-5.1
69030,243.4,-5.1
69040,242,-5.1
69050,240.6,-5.1
69060,239.2,-5.1
69070,237.7,-5.2
69080,236.3,-5.2
69090,234.9,-5.3
69100,233.5,-5.3
69110,232.1,-5.4
69120,230.8,-5.5
69130,229.4,-5.6
69140,228,-5.7
69150,226.7,-5.9
69160,225.4,-6
69170,224.1,-6.2
69180,222.8,-6.3
69190,221.5,-6.5
69200,220.2,-6.6
69210,219,-6.8
69220,217.8,-7
69230,216.6,-7.2
69240,215.4,-7.4
69250,214.3,-7.6
69260,213.1,-7.8
69270,212,-8
69280,210.9,-8.3
69290,209.8,-8.5
69300,208.8,-8.7
69310,207.8,-9
69320,206.7,-9.2
69330,205.7,-9.5
69340,204.8,-9.7
69350,203.8,-10
69360,202.9,-10.2
69370,202,-10.5
69380,201.1,-10.7
69390,200.2,-11
69400,199.3,-11.3
69410,198.5,-11.6
69420,197.7,-11.8
69430,196.8,-12.1
69440,196.1,-12.4
69450,195.3,-12.7
69460,194.5,-13
69470,193.8,-13.2
69480,193,-13.5
69490,192.3,-13.8
69500,191.6,-14.1
69510,190.9,-14.4
69520,190.3,-14.7
69530,189.6,-15
69540,188.9,-15.3
69550,188.3,-15.6
69560,187.7,-15.8
69570,187.1,-16.1
69580,186.5,-16.4
69590,185.9,-16.7
69600,185.3,-17
69610,184.7,-17.3
69620,184.2,-17.6
69630,183.6,-17.9
69640,183.1,-18.2
69650,182.6,-18.5
69660,182,-18.8
69670,181.5,-19.1
69680,181,-19.4
69690,180.5,-19.7
69700,180,-20
69710,179.5,-20.3
69720,179.1,-20.6
69730,178.6,-20.9
69740,178.1,-21.2
69750,177.7,-21.5
69760,177.3,-21.8
69770,176.8,-22.2
69780,176.4,-22.5
69790,175.9,-22.8
69800,175.5,-23.1
69810,175.1,-23.4
69820,174.7,-23.7
69830,174.3,-24
69840,173.9,-24.3
69850,173.5,-24.6
69860,173.1,-24.9
69870,172.7,-25.2
69880,172.3,-25.5
69890,172,-25.8
69900,171.6,-26.1
69910,171.2,-26.4
69920,170.9,-26.7
69930,170.5,-27
69940,170.1,-27.3
69950,169.8,-27.6
69960,169.4,-27.9
69970,169.1,-28.2
69980,168.7,-28.5
69990,168.4,-28.8
70000,168.1,-29.1
70010,167.7,-29.4
70020,167.4,-29.7
70030,167.1,-30
70040,166.7,-30.3
70050,166.4,-30.6
70060,166.1,-30.9
70070,165.8,-31.2
70080,165.4,-31.5
70090,165.1,-31.8
70100,164.8,-32.1
70110,164.5,-32.4
70120,164.2,-32.7
70130,163.9,-33
70140,163.6,-33.3
70150,163.3,-33.6
70160,163,-33.9
70170,162.7,-34.2
70180,162.4,-34.5
70190,162.1,-34.8
70200,161.8,-35.1
70210,161.5,-35.4
70220,161.2,-35.7
70230,160.9,-36
70240,160.6,-36.3
70250,160.3,-36.6
70260,160,-36.9
70270,159.7,-37.2
70280,159.4,-37.5
70290,159.1,-37.8
70300,158.8,-38.1
70310,158.5,-38.4
70320,158.2,-38.7
70330,158,-39
70340,157.7,-39.3
70350,157.4,-39.6
70360,157.1,-39.9
70370,156.8,-40.2
70380,156.5,-40.4
70390,156.2,-40.7
70400,155.9,-41
70410,155.7,-41.3
70420,155.4,-41.6
70430,155.1,-41.9
70440,154.8,-42.2
70450,154.5,-42.5
70460,154.2,-42.8
70470,153.9,-43.1
70480,153.6,-43.4
70490,153.3,-43.7
70500,153.1,-44
70510,152.8,-44.2
70520,152.5,-44.5
70530,152.2,-44.8
70540,151.9,-45.1
70550,151.6,-45.4
70560,151.3,-45.7
70570,151,-46
70580,150.7,-46.3
70590,150.4,-46.6
70600,150.1,-46.8
70610,149.8,-47.1
70620,149.5,-47.4
70630,149.2,-47.7
70640,148.9,-48
70650,148.6,-48.3
70660,148.3,-48.6
70670,148,-48.8
70680,147.6,-49.1
70690,147.3,-49.4
70700,147,-49.7
70710,146.7,-50
70720,146.4,-50.2
70730,146.1,-50.5
70740,145.7,-50.8
70750,145.4,-51.1
70760,145.1,-51.4
70770,144.7,-51.6
70780,144.4,-51.9
70790,144.1,-52.2
70800,143.7,-52.5
70810,143.4,-52.8
70820,143.1,-53
70830,142.7,-53.3
70840,142.4,-53.6
70850,142,-53.9
70860,141.7,-54.1
70870,141.3,-54.4
70880,140.9,-54.7
70890,140.6,-54.9
70900,140.2,-55.2
70910,139.8,-55.5
70920,139.5,-55.8
70930,139.1,-56
70940,138.7,-56.3
70950,138.3,-56.6
70960,137.9,-56.8
70970,137.5,-57.1
70980,137.1,-57.4
70990,136.7,-57.6
71000,136.3,-57.9
71010,135.9,-58.1
71020,135.5,-58.4
71030,135.1,-58.7
71040,134.6,-58.9
71050,134.2,-59.2
71060,133.8,-59.4
71070,133.3,-59.7
71080,132.9,-59.9
71090,132.4,-60.2
71100,132,-60.4
71110,131.5,-60.7
71120,131.1,-61
71130,130.6,-61.2
71140,130.1,-61.4
71150,129.6,-61.7
71160,129.1,-61.9
71170,128.6,-62.2
71180,128.1,-62.4
71190,127.6,-62.7
71200,127.1,-62.9
71210,126.6,-63.1
71220,126,-63.4
71230,125.5,-63.6
71240,124.9,-63.8
71250,124.4,-64.1
71260,123.8,-64.3
71270,123.2,-64.5
71280,122.6,-64.8
71290,122.1,-65
71300,121.5,-65.2
71310,120.8,-65.4
71320,120.2,-65.6
71330,119.6,-65.9
71340,119,-66.1
71350,118.3,-66.3
71360,117.7,-66.5
71370,117,-66.7
71380,116.3,-66.9
71390,115.7,-67.1
71400,115,-67.3
71410,114.3,-67.5
71420,113.5,-67.7
71430,112.8,-67.9
71440,112.1,-68.1
71450,111.3,-68.3
71460,110.6,-68.5
71470,109.8,-68.6
71480,109,-68.8
71490,108.2,-69
71500,107.4,-69.2
71510,106.6,-69.3
71520,105.8,-69.5
71530,104.9,-69.7
71540,104.1,-69.8
71550,103.2,-70
71560,102.4,-70.1
71570,101.5,-70.3
71580,100.6,-70.4
71590,99.7,-70.6
71600,98.8,-70.7
71610,97.8,-70.8
71620,96.9,-71
71630,95.9,-71.1
71640,95,-71.2
71650,94,-71.3
71660,93,-71.4
71670,92,-71.5
71680,91,-71.6
71690,90,-71.7
71700,89,-71.8
71710,87.9,-71.9
71720,86.9,-72
71730,85.8,-72.1
71740,84.8,-72.2
71750,83.7,-72.2
71760,82.6,-72.3
71770,81.5,-72.4
71780,80.4,-72.4
71790,79.4,-72.5
71800,78.3,-72.5
71810,77.1,-72.5
71820,76,-72.6
71830,74.9,-72.6
71840,73.8,-72.6
71850,72.7,-72.6
71860,71.6,-72.6
71870,70.5,-72.6
71880,69.3,-72.6
71890,68.2,-72.6
71900,67.1,-72.6
71910,66,-72.6
71920,64.9,-72.6
71930,63.8,-72.6
71940,62.7,-72.5
71950,61.6,-72.5
71960,60.5,-72.4
71970,59.4,-72.4
71980,58.3,-72.3
71990,57.2,-72.3
72000,56.1,-72.2
72010,55.1,-72.1
72020,54,-72.1
72030,52.9,-72
72040,51.9,-71.9
72050,50.9,-71.8
72060,49.8,-71.7
72070,48.8,-71.6
72080,47.8,-71.5
72090,46.8,-71.4
72100,45.8,-71.3
72110,44.9,-71.2
72120,43.9,-71.1
72130,42.9,-70.9
72140,42,-70.8
72150,41.1,-70.7
72160,40.1,-70.5
72170,39.2,-70.4
72180,38.3,-70.3
72190,37.4,-70.1
72200,36.6,-70
72210,35.7,-69.8
72220,34.8,-69.7
72230,34,-69.5
72240,33.2,-69.3
72250,32.3,-69.2
72260,31.5,-69
72270,30.7,-68.8
72280,30,-68.6
72290,29.2,-68.5
72300,28.4,-68.3
72310,27.7,-68.1
72320,26.9,-67.9
72330,26.2,-67.7
72340,25.4,-67.5
72350,24.7,-67.3
72360,24,-67.1
72370,23.3,-66.9
72380,22.6,-66.7
72390,22,-66.5
72400,21.3,-66.3
72410,20.6,-66.1
72420,20,-65.9
72430,19.3,-65.7
72440,18.7,-65.5
72450,18.1,-65.3
72460,17.5,-65.1
72470,16.9,-64.8
72480,16.3,-64.6
72490,15.7,-64.4
72500,15.1,-64.2
72510,14.5,-63.9
72520,13.9,-63.7
72530,13.4,-63.5
72540,12.8,-63.3
72550,12.3,-63
72560,11.7,-62.8
72570,11.2,-62.6
72580,10.6,-62.3
72590,10.1,-62.1
72600,9.6,-61.9
72610,9.1,-61.6
72620,8.6,-61.4
72630,8.1,-61.1
72640,7.6,-60.9
72650,7.1,-60.7
72660,6.6,-60.4
72670,6.1,-60.2
72680,5.6,-59.9
72690,5.2,-59.7
72700,4.7,-59.4
72710,4.2,-59.2
72720,3.8,-58.9
72730,3.3,-58.7
72740,2.9,-58.4
72750,2.4,-58.2
72760,2,-57.9
72770,1.5,-57.7
72780,1.1,-57.4
72790,0.7,-57.2
72800,0.2,-56.9
72810,359.8,-56.7
72820,359.4,-56.4
72830,359,-56.2
72840,358.6,-55.9
72850,358.2,-55.6
72860,357.7,-55.4
72870,357.3,-55.1
72880,356.9,-54.9
72890,356.5,-54.6
72900,356.1,-54.4
72910,355.7,-54.1
72920,355.3,-53.8
72930,354.9,-53.6
72940,354.6,-53.3
72950,354.2,-53.1
72960,353.8,-52.8
72970,353.4,-52.5
72980,353,-52.3
72990,352.6,-52
73000,352.2,-51.7
73010,351.9,-51.5
73020,351.5,-51.2
73030,351.1,-50.9
73040,350.7,-50.7
73050,350.4,-50.4
73060,350,-50.2
73070,349.6,-49.9
73080,349.3,-49.6
73090,348.9,-49.4
73100,348.5,-49.1
73110,348.2,-48.8
73120,347.8,-48.6
73130,347.4,-48.3
73140,347.1,-48
73150,346.7,-47.8
73160,346.3,-47.5
73170,346,-47.2
73180,345.6,-47
73190,345.3,-46.7
73200,344.9,-46.4
73210,344.5,-46.2
73220,344.2,-45.9
73230,343.8,-45.6
73240,343.5,-45.4
73250,343.1,-45.1
73260,342.7,-44.8
73270,342.4,-44.6
73280,342,-44.3
73290,341.6,-44
73300,341.3,-43.8
73310,340.9,-43.5
73320,340.6,-43.2
73330,340.2,-42.9
73340,339.8,-42.7
73350,339.5,-42.4
73360,339.1,-42.1
73370,338.7,-41.9
73380,338.4,-41.6
73390,338,-41.3
73400,337.6,-41.1
73410,337.3,-40.8
73420,336.9,-40.5
73430,336.5,-40.3
73440,336.2,-40
73450,335.8,-39.7
73460,335.4,-39.5
73470,335,-39.2
73480,334.7,-39
73490,334.3,-38.7
73500,333.9,-38.4
73510,333.5,-38.2
73520,333.1,-37.9
73530,332.8,-37.6
73540,332.4,-37.4
73550,332,-37.1
73560,331.6,-36.8
73570,331.2,-36.6
73580,330.8,-36.3
73590,330.4,-36.1
73600,330,-35.8
73610,329.6,-35.5
73620,329.2,-35.3
73630,328.8,-35
73640,328.4,-34.7
73650,328,-34.5
73660,327.6,-34.2
73670,327.2,-34
73680,326.7,-33.7
73690,326.3,-33.5
73700,325.9,-33.2
73710,325.5,-32.9
73720,325,-32.7
73730,324.6,-32.4
73740,324.2,-32.2
73750,323.7,-31.9
73760,323.3,-31.7
73770,322.8,-31.4
73780,322.4,-31.2
73790,321.9,-30.9
73800,321.5,-30.7
73810,321,-30.4
73820,320.6,-30.2
73830,320.1,-29.9
73840,319.6,-29.7
73850,319.2,-29.4
73860,318.7,-29.2
73870,318.2,-28.9
73880,317.7,-28.7
73890,317.2,-28.4
73900,316.7,-28.2
73910,316.2,-27.9
73920,315.7,-27.7
73930,315.2,-27.5
73940,314.7,-27.2
73950,314.2,-27
73960,313.6,-26.8
73970,313.1,-26.5
73980,312.6,-26.3
73990,312,-26.1
74000,311.5,-25.8
74010,310.9,-25.6
74020,310.4,-25.4
74030,309.8,-25.1
74040,309.3,-24.9
74050,308.7,-24.7
74060,308.1,-24.5
74070,307.5,-24.2
74080,306.9,-24
74090,306.3,-23.8
74100,305.7,-23.6
74110,305.1,-23.4
74120,304.5,-23.2
74130,303.9,-22.9
74140,303.2,-22.7
74150,302.6,-22.5
74160,302,-22.3
74170,301.3,-22.1
74180,300.7,-21.9
74190,300,-21.7
74200,299.3,-21.5
74210,298.7,-21.3
74220,298,-21.1
74230,297.3,-20.9
74240,296.6,-20.7
74250,295.9,-20.6
74260,295.2,-20.4
74270,294.5,-20.2
74280,293.7,-20
74290,293,-19.8
74300,292.3,-19.7
74310,291.5,-19.5
74320,290.7,-19.3
74330,290,-19.2
74340,289.2,-19
74350,288.4,-18.9
74360,287.7,-18.7
74370,286.9,-18.6
74380,286.1,-18.4
74390,285.3,-18.3
74400,284.4,-18.1
74410,283.6,-18
74420,282.8,-17.9
74430,282,-17.7
74440,281.1,-17.6
74450,280.3,-17.5
74460,279.4,-17.4
74470,278.6,-17.2
74480,277.7,-17.1
74490,276.8,-17
74500,276,-16.9
74510,275.1,-16.8
74520,274.2,-16.7
74530,273.3,-16.7
74540,272.4,-16.6
74550,271.5,-16.5
74560,270.6,-16.4
74570,269.7,-16.4
74580,268.8,-16.3
74590,267.9,-16.2
74600,266.9,-16.2
74610,266,-16.1
74620,265.1,-16.1
74630,264.2,-16
74640,263.2,-16
74650,262.3,-16
74660,261.4,-16
74670,260.4,-15.9
74680,259.5,-15.9
74690,258.5,-15.9
74700,257.6,-15.9
74710,256.7,-15.9
74720,255.7,-15.9
74730,254.8,-15.9
74740,253.8,-15.9
74750,252.9,-16
74760,252,-16
74770,251,-16
74780,250.1,-16
74790,249.2,-16.1
74800,248.2,-16.1
74810,247.3,-16.2
74820,246.4,-16.2
74830,245.5,-16.3
74840,244.5,-16.4
74850,243.6,-16.4
74860,242.7,-16.5
74870,241.8,-16.6
74880,240.9,-16.7
74890,240,-16.7
74900,239.1,-16.8
74910,238.2,-16.9
74920,237.4,-17
74930,236.5,-17.1
74940,235.6,-17.2
74950,234.7,-17.3
74960,233.9,-17.5
74970,233,-17.6
74980,232.2,-17.7
74990,231.4,-17.8
75000,230.5,-18
75010,229.7,-18.1
75020,228.9,-18.2
75030,228.1,-18.4
75040,227.2,-18.5
75050,226.4,-18.7
75060,225.6,-18.8
75070,224.9,-19
75080,224.1,-19.1
75090,223.3,-19.3
75100,222.5,-19.4
75110,221.8,-19.6
75120,221,-19.8
75130,220.3,-19.9
75140,219.5,-20.1
75150,218.8,-20.3
75160,218.1,-20.5
75170,217.4,-20.6
75180,216.6,-20.8
75190,215.9,-21
75200,215.2,-21.2
75210,214.5,-21.4
75220,213.8,-21.6
75230,213.2,-21.8
75240,212.5,-22
75250,211.8,-22.2
75260,211.2,-22.4
75270,210.5,-22.6
75280,209.9,-22.8
75290,209.2,-23
75300,208.6,-23.2
75310,207.9,-23.4
75320,207.3,-23.6
75330,206.7,-23.8
75340,206.1,-24
75350,205.5,-24.2
75360,204.9,-24.4
75370,204.3,-24.7
75380,203.7,-24.9
75390,203.1,-25.1
75400,202.5,-25.3
75410,201.9,-25.5
75420,201.3,-25.7
75430,200.8,-26
75440,200.2,-26.2
75450,199.6,-26.4
75460,199.1,-26.6
75470,198.5,-26.9
75480,198,-27.1
75490,197.4,-27.3
75500,196.9,-27.5
75510,196.4,-27.8
75520,195.8,-28
75530,195.3,-28.2
75540,194.8,-28.5
75550,194.3,-28.7
75560,193.7,-28.9
75570,193.2,-29.2
75580,192.7,-29.4
75590,192.2,-29.6
75600,191.7,-29.9
75610,191.2,-30.1
75620,190.7,-30.3
75630,190.2,-30.6
75640,189.7,-30.8
75650,189.3,-31
75660,188.8,-31.3
75670,188.3,-31.5
75680,187.8,-31.8
75690,187.3,-32
75700,186.9,-32.2
75710,186.4,-32.5
75720,185.9,-32.7
75730,185.5,-33
75740,185,-33.2
75750,184.5,-33.4
75760,184.1,-33.7
75770,183.6,-33.9
75780,183.1,-34.2
75790,182.7,-34.4
75800,182.2,-34.6
75810,181.8,-34.9
75820,181.3,-35.1
75830,180.9,-35.4
75840,180.4,-35.6
75850,180,-35.8
75860,179.6,-36.1
75870,179.1,-36.3
75880,178.7,-36.6
75890,178.2,-36.8
75900,177.8,-37.1
75910,177.3,-37.3
75920,176.9,-37.5
75930,176.5,-37.8
75940,176,-38
75950,175.6,-38.3
75960,175.2,-38.5
75970,174.7,-38.7
75980,174.3,-39
75990,173.9,-39.2
76000,173.4,-39.5
76010,173,-39.7
76020,172.6,-39.9
76030,172.1,-40.2
76040,171.7,-40.4
76050,171.3,-40.7
76060,170.9,-40.9
76070,170.4,-41.1
76080,170,-41.4
76090,169.6,-41.6
76100,169.1,-41.9
76110,168.7,-42.1
76120,168.3,-42.3
76130,167.8,-42.6
76140,167.4,-42.8
76150,167,-43
76160,166.6,-43.3
76170,166.1,-43.5
76180,165.7,-43.8
76190,165.3,-44
76200,164.8,-44.2
76210,164.4,-44.5
76220,164,-44.7
76230,163.5,-44.9
76240,163.1,-45.2
76250,162.6,-45.4
76260,162.2,-45.6
76270,161.8,-45.9
76280,161.3,-46.1
76290,160.9,-46.3
76300,160.4,-46.6
76310,160,-46.8
76320,159.6,-47
76330,159.1,-47.2
76340,158.7,-47.5
76350,158.2,-47.7
76360,157.8,-47.9
76370,157.3,-48.1
76380,156.9,-48.4
76390,156.4,-48.6
76400,155.9,-48.8
76410,155.5,-49
76420,155,-49.3
76430,154.6,-49.5
76440,154.1,-49.7
76450,153.6,-49.9
76460,153.2,-50.2
76470,152.7,-50.4
76480,152.2,-50.6
76490,151.7,-50.8
76500,151.3,-51
76510,150.8,-51.2
76520,150.3,-51.5
76530,149.8,-51.7
76540,149.3,-51.9
76550,148.8,-52.1
76560,148.3,-52.3
76570,147.8,-52.5
76580,147.3,-52.7
76590,146.8,-52.9
76600,146.3,-53.1
76610,145.8,-53.3
76620,145.3,-53.5
76630,144.8,-53.8
76640,144.3,-54
76650,143.8,-54.2
76660,143.3,-54.4
76670,142.7,-54.6
76680,142.2,-54.8
76690,141.7,-54.9
76700,141.1,-55.1
76710,140.6,-55.3
76720,140.1,-55.5
76730,139.5,-55.7
76740,139,-55.9
76750,138.4,-56.1
76760,137.9,-56.3
76770,137.3,-56.5
76780,136.7,-56.7
76790,136.2,-56.8
76800,135.6,-57
76810,135,-57.2
76820,134.5,-57.4
76830,133.9,-57.6
76840,133.3,-57.7
76850,132.7,-57.9
76860,132.1,-58.1
76870,131.5,-58.2
76880,130.9,-58.4
76890,130.3,-58.6
76900,129.7,-58.7
76910,129.1,-58.9
76920,128.5,-59.1
76930,127.8,-59.2
76940,127.2,-59.4
76950,126.6,-59.5
76960,125.9,-59.7
76970,125.3,-59.9
76980,124.6,-60
76990,124,-60.1
77000,123.3,-60.3
77010,122.7,-60.4
77020,122,-60.6
77030,121.4,-60.7
77040,120.7,-60.9
77050,120,-61
77060,119.3,-61.1
77070,118.6,-61.3
77080,117.9,-61.4
77090,117.3,-61.5
77100,116.6,-61.6
77110,115.9,-61.7
77120,115.1,-61.9
77130,114.4,-62
77140,113.7,-62.1
77150,113,-62.2
77160,112.3,-62.3
77170,111.5,-62.4
77180,110.8,-62.5
77190,110.1,-62.6
77200,109.3,-62.7
77210,108.6,-62.8
77220,107.8,-62.9
77230,107.1,-63
77240,106.3,-63.1
77250,105.6,-63.2
77260,104.8,-63.3
77270,104.1,-63.3
77280,103.3,-63.4
77290,102.5,-63.5
77300,101.7,-63.5
77310,101,-63.6
77320,100.2,-63.7
77330,99.4,-63.7
77340,98.6,-63.8
77350,97.8,-63.9
77360,97,-63.9
77370,96.2,-64
77380,95.4,-64
77390,94.6,-64
77400,93.8,-64.1
77410,93,-64.1
77420,92.2,-64.1
77430,91.4,-64.2
77440,90.6,-64.2
77450,89.8,-64.2
77460,89,-64.2
77470,88.2,-64.3
77480,87.4,-64.3
77490,86.6,-64.3
77500,85.8,-64.3
77510,84.9,-64.3
77520,84.1,-64.3
77530,83.3,-64.3
77540,82.5,-64.3
77550,81.7,-64.3
77560,80.9,-64.3
77570,80.1,-64.3
77580,79.3,-64.3
77590,78.5,-64.2
77600,77.6,-64.2
77610,76.8,-64.2
77620,76,-64.2
77630,75.2,-64.1
77640,74.4,-64.1
77650,73.6,-64
77660,72.8,-64
77670,72,-64
77680,71.2,-63.9
77690,70.4,-63.9
77700,69.6,-63.8
77710,68.9,-63.7
77720,68.1,-63.7
77730,67.3,-63.6
77740,66.5,-63.6
77750,65.7,-63.5
77760,65,-63.4
77770,64.2,-63.4
77780,63.4,-63.3
77790,62.7,-63.2
77800,61.9,-63.1
77810,61.1,-63
77820,60.4,-62.9
77830,59.6,-62.9
77840,58.9,-62.8
77850,58.1,-62.7
77860,57.4,-62.6
77870,56.7,-62.5
77880,55.9,-62.4
77890,55.2,-62.3
77900,54.5,-62.2
77910,53.7,-62.1
77920,53,-61.9
77930,52.3,-61.8
77940,51.6,-61.7
77950,50.9,-61.6
77960,50.2,-61.5
77970,49.5,-61.4
77980,48.8,-61.2
77990,48.1,-61.1
78000,47.4,-61
78010,46.7,-60.8
78020,46.1,-60.7
78030,45.4,-60.6
78040,44.7,-60.4
78050,44,-60.3
78060,43.4,-60.2
78070,42.7,-60
78080,42.1,-59.9
78090,41.4,-59.7
78100,40.8,-59.6
78110,40.1,-59.4
78120,39.5,-59.3
78130,38.9,-59.1
78140,38.2,-59
78150,37.6,-58.8
78160,37,-58.7
78170,36.3,-58.5
78180,35.7,-58.4
78190,35.1,-58.2
78200,34.5,-58
78210,33.9,-57.9
78220,33.3,-57.7
78230,32.7,-57.5
78240,32.1,-57.4
78250,31.5,-57.2
78260,30.9,-57
78270,30.3,-56.9
78280,29.7,-56.7
78290,29.2,-56.5
78300,28.6,-56.3
78310,28,-56.2
78320,27.4,-56
78330,26.9,-55.8
78340,26.3,-55.6
78350,25.7,-55.5
78360,25.2,-55.3
78370,24.6,-55.1
78380,24.1,-54.9
78390,23.5,-54.7
78400,23,-54.5
78410,22.4,-54.4
78420,21.9,-54.2
78430,21.3,-54
78440,20.8,-53.8
78450,20.3,-53.6
78460,19.7,-53.4
78470,19.2,-53.2
78480,18.7,-53
78490,18.1,-52.9
78500,17.6,-52.7
78510,17.1,-52.5
78520,16.5,-52.3
78530,16,-52.1
78540,15.5,-51.9
78550,15,-51.7
78560,14.5,-51.5
78570,14,-51.3
78580,13.4,-51.1
78590,12.9,-50.9
78600,12.4,-50.7
78610,11.9,-50.5
78620,11.4,-50.3
78630,10.9,-50.1
78640,10.4,-49.9
78650,9.9,-49.7
78660,9.4,-49.5
78670,8.9,-49.3
78680,8.4,-49.1
78690,7.9,-48.9
78700,7.4,-48.7
78710,6.9,-48.5
78720,6.4,-48.3
78730,5.9,-48.1
78740,5.4,-47.9
78750,4.9,-47.7
78760,4.4,-47.5
78770,3.9,-47.3
78780,3.4,-47.1
78790,2.9,-46.9
78800,2.4,-46.7
78810,2,-46.5
78820,1.5,-46.3
78830,1,-46.1
78840,0.5,-45.9
78850,360,-45.7
78860,359.5,-45.5
78870,359,-45.3
78880,358.5,-45.1
78890,358,-44.9
78900,357.6,-44.7
78910,357.1,-44.5
78920,356.6,-44.3
78930,356.1,-44.1
78940,355.6,-43.9
78950,355.1,-43.7
78960,354.6,-43.5
78970,354.1,-43.3
78980,353.6,-43.1
78990,353.1,-42.9
79000,352.7,-42.7
79010,352.2,-42.5
79020,351.7,-42.3
79030,351.2,-42.1
79040,350.7,-41.9
79050,350.2,-41.7
79060,349.7,-41.5
79070,349.2,-41.3
79080,348.7,-41.1
79090,348.2,-40.9
79100,347.7,-40.7
79110,347.2,-40.5
79120,346.7,-40.3
79130,346.2,-40.1
79140,345.7,-39.9
79150,345.2,-39.7
79160,344.7,-39.5
79170,344.2,-39.3
79180,343.7,-39.1
79190,343.2,-38.9
79200,342.7,-38.7
79210,342.1,-38.5
79220,341.6,-38.4
79230,341.1,-38.2
79240,340.6,-38
79250,340.1,-37.8
79260,339.6,-37.6
79270,339.1,-37.4
79280,338.5,-37.2
79290,338,-37
79300,337.5,-36.8
79310,337,-36.7
79320,336.4,-36.5
79330,335.9,-36.3
79340,335.4,-36.1
79350,334.8,-35.9
79360,334.3,-35.7
79370,333.8,-35.6
79380,333.2,-35.4
79390,332.7,-35.2
79400,332.1,-35
79410,331.6,-34.8
79420,331,-34.7
79430,330.5,-34.5
79440,329.9,-34.3
79450,329.4,-34.2
79460,328.8,-34
79470,328.3,-33.8
79480,327.7,-33.6
79490,327.1,-33.5
79500,326.6,-33.3
79510,326,-33.1
79520,325.4,-33
79530,324.9,-32.8
79540,324.3,-32.6
79550,323.7,-32.5
79560,323.1,-32.3
79570,322.6,-32.2
79580,322,-32
79590,321.4,-31.8
79600,320.8,-31.7
79610,320.2,-31.5
79620,319.6,-31.4
79630,319,-31.2
79640,318.4,-31.1
79650,317.8,-30.9
79660,317.2,-30.8
79670,316.6,-30.6
79680,316,-30.5
79690,315.3,-30.4
79700,314.7,-30.2
79710,314.1,-30.1
79720,313.5,-29.9
79730,312.9,-29.8
79740,312.2,-29.7
79750,311.6,-29.5
79760,311,-29.4
79770,310.3,-29.3
79780,309.7,-29.2
79790,309,-29
79800,308.4,-28.9
79810,307.8,-28.8
79820,307.1,-28.7
79830,306.4,-28.6
79840,305.8,-28.4
79850,305.1,-28.3
79860,304.5,-28.2
79870,303.8,-28.1
79880,303.1,-28
79890,302.5,-27.9
79900,301.8,-27.8
79910,301.1,-27.7
79920,300.4,-27.6
79930,299.8,-27.5
79940,299.1,-27.4
79950,298.4,-27.3
79960,297.7,-27.2
79970,297,-27.1
79980,296.3,-27
79990,295.6,-27
80000,294.9,-26.9
80010,294.2,-26.8
80020,293.5,-26.7
80030,292.8,-26.7
80040,292.1,-26.6
80050,291.4,-26.5
80060,290.7,-26.5
80070,290,-26.4
80080,289.3,-26.3
80090,288.6,-26.3
80100,287.9,-26.2
80110,287.2,-26.2
80120,286.4,-26.1
80130,285.7,-26.1
80140,285,-26
80150,284.3,-26
80160,283.6,-25.9
80170,282.8,-25.9
80180,282.1,-25.9
80190,281.4,-25.8
80200,280.6,-25.8
80210,279.9,-25.8
80220,279.2,-25.7
80230,278.5,-25.7
80240,277.7,-25.7
80250,277,-25.7
80260,276.3,-25.7
80270,275.5,-25.6
80280,274.8,-25.6
80290,274.1,-25.6
80300,273.3,-25.6
80310,272.6,-25.6
80320,271.9,-25.6
80330,271.1,-25.6
80340,270.4,-25.6
80350,269.7,-25.6
80360,268.9,-25.6
80370,268.2,-25.7
80380,267.5,-25.7
80390,266.7,-25.7
80400,266,-25.7
80410,265.3,-25.7
80420,264.5,-25.8
80430,263.8,-25.8
80440,263.1,-25.8
80450,262.3,-25.9
80460,261.6,-25.9
80470,260.9,-25.9
80480,260.2,-26
80490,259.4,-26
80500,258.7,-26.1
80510,258,-26.1
80520,257.3,-26.2
80530,256.6,-26.2
80540,255.8,-26.3
80550,255.1,-26.3
80560,254.4,-26.4
80570,253.7,-26.5
80580,253,-26.5
80590,252.3,-26.6
80600,251.6,-26.7
80610,250.9,-26.7
80620,250.2,-26.8
80630,249.5,-26.9
80640,248.8,-27
80650,248.1,-27
80660,247.4,-27.1
80670,246.7,-27.2
80680,246,-27.3
80690,245.3,-27.4
80700,244.6,-27.5
80710,243.9,-27.6
80720,243.2,-27.7
80730,242.5,-27.8
80740,241.9,-27.9
80750,241.2,-28
80760,240.5,-28.1
80770,239.8,-28.2
80780,239.2,-28.3
80790,238.5,-28.4
80800,237.8,-28.5
80810,237.2,-28.6
80820,236.5,-28.7
80830,235.9,-28.8
80840,235.2,-28.9
80850,234.6,-29
80860,233.9,-29.2
80870,233.3,-29.3
80880,232.6,-29.4
80890,232,-29.5
80900,231.3,-29.6
80910,230.7,-29.8
80920,230,-29.9
80930,229.4,-30
80940,228.8,-30.2
80950,228.1,-30.3
80960,227.5,-30.4
80970,226.9,-30.5
80980,226.3,-30.7
80990,225.6,-30.8
81000,225,-31
81010,224.4,-31.1
81020,223.8,-31.2
81030,223.2,-31.4
81040,222.6,-31.5
81050,222,-31.7
81060,221.3,-31.8
81070,220.7,-31.9
81080,220.1,-32.1
81090,219.5,-32.2
81100,218.9,-32.4
81110,218.3,-32.5
81120,217.7,-32.7
81130,217.2,-32.8
81140,216.6,-33
81150,216,-33.1
81160,215.4,-33.3
81170,214.8,-33.4
81180,214.2,-33.6
81190,213.6,-33.7
81200,213.1,-33.9
81210,212.5,-34
81220,211.9,-34.2
81230,211.3,-34.4
81240,210.7,-34.5
81250,210.2,-34.7
81260,209.6,-34.8
81270,209,-35
81280,208.5,-35.1
81290,207.9,-35.3
81300,207.3,-35.5
81310,206.8,-35.6
81320,206.2,-35.8
81330,205.6,-35.9
81340,205.1,-36.1
81350,204.5,-36.3
81360,204,-36.4
81370,203.4,-36.6
81380,202.8,-36.8
81390,202.3,-36.9
81400,201.7,-37.1
81410,201.2,-37.2
81420,200.6,-37.4
81430,200.1,-37.6
81440,199.5,-37.7
81450,199,-37.9
81460,198.4,-38.1
81470,197.9,-38.2
81480,197.3,-38.4
81490,196.8,-38.6
81500,196.2,-38.7
81510,195.7,-38.9
81520,195.2,-39.1
81530,194.6,-39.2
81540,194.1,-39.4
81550,193.5,-39.5
81560,193,-39.7
81570,192.4,-39.9
81580,191.9,-40
81590,191.4,-40.2
81600,190.8,-40.4
81610,190.3,-40.5
81620,189.7,-40.7
81630,189.2,-40.9
81640,188.7,-41
81650,188.1,-41.2
81660,187.6,-41.4
81670,187,-41.5
81680,186.5,-41.7
81690,186,-41.9
81700,185.4,-42
81710,184.9,-42.2
81720,184.3,-42.3
81730,183.8,-42.5
81740,183.2,-42.7
81750,182.7,-42.8
81760,182.2,-43
81770,181.6,-43.2
81780,181.1,-43.3
81790,180.5,-43.5
81800,180,-43.6
81810,179.5,-43.8
81820,178.9,-44
81830,178.4,-44.1
81840,177.8,-44.3
81850,177.3,-44.4
81860,176.7,-44.6
81870,176.2,-44.7
81880,175.6,-44.9
81890,175.1,-45.1
81900,174.6,-45.2
81910,174,-45.4
81920,173.5,-45.5
81930,172.9,-45.7
81940,172.4,-45.8
81950,171.8,-46
81960,171.3,-46.1
81970,170.7,-46.3
81980,170.1,-46.4
81990,169.6,-46.6
82000,169,-46.7
82010,168.5,-46.9
82020,167.9,-47
82030,167.4,-47.2
82040,166.8,-47.3
82050,166.2,-47.5
82060,165.7,-47.6
82070,165.1,-47.7
82080,164.6,-47.9
82090,164,-48
82100,163.4,-48.2
82110,162.9,-48.3
82120,162.3,-48.5
82130,161.7,-48.6
82140,161.2,-48.7
82150,160.6,-48.9
82160,160,-49
82170,159.4,-49.1
82180,158.9,-49.3
82190,158.3,-49.4
82200,157.7,-49.5
82210,157.1,-49.7
82220,156.5,-49.8
82230,156,-49.9
82240,155.4,-50.1
82250,154.8,-50.2
82260,154.2,-50.3
82270,153.6,-50.4
82280,153,-50.6
82290,152.4,-50.7
82300,151.8,-50.8
82310,151.2,-50.9
82320,150.6,-51
82330,150,-51.2
82340,149.4,-51.3
82350,148.8,-51.4
82360,148.2,-51.5
82370,147.6,-51.6
82380,147,-51.7
82390,146.4,-51.8
82400,145.8,-51.9
82410,145.2,-52.1
82420,144.6,-52.2
82430,144,-52.3
82440,143.4,-52.4
82450,142.8,-52.5
82460,142.1,-52.6
82470,141.5,-52.7
82480,140.9,-52.8
82490,140.3,-52.9
82500,139.7,-53
82510,139,-53.1
82520,138.4,-53.2
82530,137.8,-53.2
82540,137.1,-53.3
82550,136.5,-53.4
82560,135.9,-53.5
82570,135.2,-53.6
82580,134.6,-53.7
82590,134,-53.8
82600,133.3,-53.8
82610,132.7,-53.9
82620,132,-54
82630,131.4,-54.1
82640,130.8,-54.1
82650,130.1,-54.2
82660,129.5,-54.3
82670,128.8,-54.4
82680,128.2,-54.4
82690,127.5,-54.5
82700,126.9,-54.6
82710,126.2,-54.6
82720,125.6,-54.7
82730,124.9,-54.7
82740,124.2,-54.8
82750,123.6,-54.9
82760,122.9,-54.9
82770,122.3,-55
82780,121.6,-55
82790,120.9,-55.1
82800,120.3,-55.1
82810,119.6,-55.2
82820,118.9,-55.2
82830,118.3,-55.2
82840,117.6,-55.3
82850,116.9,-55.3
82860,116.3,-55.4
82870,115.6,-55.4
82880,114.9,-55.4
82890,114.3,-55.5
82900,113.6,-55.5
82910,112.9,-55.5
82920,112.2,-55.5
82930,111.6,-55.6
82940,110.9,-55.6
82950,110.2,-55.6
82960,109.6,-55.6
82970,108.9,-55.7
82980,108.2,-55.7
82990,107.5,-55.7
83000,106.8,-55.7
83010,106.2,-55.7
83020,105.5,-55.7
83030,104.8,-55.7
83040,104.1,-55.7
83050,103.5,-55.7
83060,102.8,-55.7
83070,102.1,-55.7
83080,101.4,-55.7
83090,100.8,-55.7
83100,100.1,-55.7
83110,99.4,-55.7
83120,98.7,-55.7
83130,98,-55.7
83140,97.4,-55.7
83150,96.7,-55.7
83160,96,-55.7
83170,95.3,-55.6
83180,94.7,-55.6
83190,94,-55.6
83200,93.3,-55.6
83210,92.6,-55.6
83220,92,-55.5
83230,91.3,-55.5
83240,90.6,-55.5
83250,89.9,-55.4
83260,89.3,-55.4
83270,88.6,-55.4
83280,87.9,-55.3
83290,87.3,-55.3
83300,86.6,-55.3
83310,85.9,-55.2
83320,85.3,-55.2
83330,84.6,-55.1
83340,83.9,-55.1
83350,83.3,-55
83360,82.6,-55
83370,81.9,-54.9
83380,81.3,-54.9
83390,80.6,-54.8
83400,80,-54.8
83410,79.3,-54.7
83420,78.6,-54.7
83430,78,-54.6
83440,77.3,-54.6
83450,76.7,-54.5
83460,76,-54.4
83470,75.4,-54.4
83480,74.7,-54.3
83490,74.1,-54.2
83500,73.4,-54.2
83510,72.8,-54.1
83520,72.1,-54
83530,71.5,-54
83540,70.8,-53.9
83550,70.2,-53.8
83560,69.5,-53.7
83570,68.9,-53.7
83580,68.3,-53.6
83590,67.6,-53.5
83600,67,-53.4
83610,66.4,-53.3
83620,65.7,-53.3
83630,65.1,-53.2
83640,64.5,-53.1
83650,63.8,-53
83660,63.2,-52.9
83670,62.6,-52.8
83680,61.9,-52.7
83690,61.3,-52.6
83700,60.7,-52.6
83710,60.1,-52.5
83720,59.4,-52.4
83730,58.8,-52.3
83740,58.2,-52.2
83750,57.6,-52.1
83760,57,-52
83770,56.3,-51.9
83780,55.7,-51.8
83790,55.1,-51.7
83800,54.5,-51.6
83810,53.9,-51.5
83820,53.3,-51.4
83830,52.7,-51.3
83840,52.1,-51.2
83850,51.4,-51.1
83860,50.8,-51
83870,50.2,-50.9
83880,49.6,-50.8
83890,49,-50.6
83900,48.4,-50.5
83910,47.8,-50.4
83920,47.2,-50.3
83930,46.6,-50.2
83940,46,-50.1
83950,45.4,-50
83960,44.8,-49.9
83970,44.2,-49.8
83980,43.6,-49.6
83990,43,-49.5
84000,42.4,-49.4
84010,41.9,-49.3
84020,41.3,-49.2
84030,40.7,-49.1
84040,40.1,-49
84050,39.5,-48.8
84060,38.9,-48.7
84070,38.3,-48.6
84080,37.7,-48.5
84090,37.1,-48.4
84100,36.6,-48.2
84110,36,-48.1
84120,35.4,-48
84130,34.8,-47.9
84140,34.2,-47.8
84150,33.6,-47.7
84160,33.1,-47.5
84170,32.5,-47.4
84180,31.9,-47.3
84190,31.3,-47.2
84200,30.7,-47
84210,30.1,-46.9
84220,29.6,-46.8
84230,29,-46.7
84240,28.4,-46.6
84250,27.8,-46.4
84260,27.3,-46.3
84270,26.7,-46.2
84280,26.1,-46.1
84290,25.5,-46
84300,24.9,-45.8
84310,24.4,-45.7
84320,23.8,-45.6
84330,23.2,-45.5
84340,22.6,-45.3
84350,22.1,-45.2
84360,21.5,-45.1
84370,20.9,-45
84380,20.3,-44.8
84390,19.8,-44.7
84400,19.2,-44.6
84410,18.6,-44.5
84420,18,-44.4
84430,17.5,-44.2
84440,16.9,-44.1
84450,16.3,-44
84460,15.7,-43.9
84470,15.1,-43.8
84480,14.6,-43.6
84490,14,-43.5
84500,13.4,-43.4
84510,12.8,-43.3
84520,12.3,-43.2
84530,11.7,-43
84540,11.1,-42.9
84550,10.5,-42.8
84560,10,-42.7
84570,9.4,-42.6
84580,8.8,-42.4
84590,8.2,-42.3
84600,7.6,-42.2
84610,7.1,-42.1
84620,6.5,-42
84630,5.9,-41.9
84640,5.3,-41.7
84650,4.7,-41.6
84660,4.2,-41.5
84670,3.6,-41.4
84680,3,-41.3
84690,2.4,-41.2
84700,1.8,-41.1
84710,1.2,-40.9
84720,0.7,-40.8
84730,0.1,-40.7
84740,359.5,-40.6
84750,358.9,-40.5
84760,358.3,-40.4
84770,357.7,-40.3
84780,357.1,-40.2
84790,356.5,-40.1
84800,356,-40
84810,355.4,-39.9
84820,354.8,-39.8
84830,354.2,-39.7
84840,353.6,-39.6
84850,353,-39.4
84860,352.4,-39.3
84870,351.8,-39.2
84880,351.2,-39.1
84890,350.6,-39
84900,350,-38.9
84910,349.4,-38.8
84920,348.8,-38.7
84930,348.2,-38.7
84940,347.6,-38.6
84950,347,-38.5
84960,346.4,-38.4
84970,345.8,-38.3
84980,345.2,-38.2
84990,344.6,-38.1
85000,344,-38
85010,343.4,-37.9
85020,342.8,-37.8
85030,342.2,-37.7
85040,341.6,-37.6
85050,341,-37.6
85060,340.4,-37.5
85070,339.8,-37.4
85080,339.1,-37.3
85090,338.5,-37.2
85100,337.9,-37.1
85110,337.3,-37.1
85120,336.7,-37
85130,336.1,-36.9
85140,335.5,-36.8
85150,334.8,-36.8
85160,334.2,-36.7
85170,333.6,-36.6
85180,333,-36.5
85190,332.4,-36.5
85200,331.8,-36.4
85210,331.1,-36.3
85220,330.5,-36.3
85230,329.9,-36.2
85240,329.3,-36.1
85250,328.6,-36.1
85260,328,-36
85270,327.4,-35.9
85280,326.8,-35.9
85290,326.1,-35.8
85300,325.5,-35.8
85310,324.9,-35.7
85320,324.2,-35.7
85330,323.6,-35.6
85340,323,-35.5
85350,322.4,-35.5
85360,321.7,-35.4
85370,321.1,-35.4
85380,320.5,-35.3
85390,319.8,-35.3
85400,319.2,-35.3
85410,318.5,-35.2
85420,317.9,-35.2
85430,317.3,-35.1
85440,316.6,-35.1
85450,316,-35
85460,315.4,-35
85470,314.7,-35
85480,314.1,-34.9
85490,313.4,-34.9
85500,312.8,-34.9
85510,312.2,-34.8
85520,311.5,-34.8
85530,310.9,-34.8
85540,310.2,-34.7
85550,309.6,-34.7
85560,309,-34.7
85570,308.3,-34.7
85580,307.7,-34.7
85590,307,-34.6
85600,306.4,-34.6
85610,305.7,-34.6
85620,305.1,-34.6
85630,304.4,-34.6
85640,303.8,-34.5
85650,303.2,-34.5
85660,302.5,-34.5
85670,301.9,-34.5
85680,301.2,-34.5
85690,300.6,-34.5
85700,299.9,-34.5
85710,299.3,-34.5
85720,298.6,-34.5
85730,298,-34.5
85740,297.3,-34.5
85750,296.7,-34.5
85760,296,-34.5
85770,295.4,-34.5
85780,294.8,-34.5
85790,294.1,-34.5
85800,293.5,-34.5
85810,292.8,-34.5
85820,292.2,-34.5
85830,291.5,-34.5
85840,290.9,-34.5
85850,290.2,-34.6
85860,289.6,-34.6
85870,288.9,-34.6
85880,288.3,-34.6
85890,287.7,-34.6
85900,287,-34.6
85910,286.4,-34.7
85920,285.7,-34.7
85930,285.1,-34.7
85940,284.4,-34.7
85950,283.8,-34.8
85960,283.1,-34.8
85970,282.5,-34.8
85980,281.9,-34.8
85990,281.2,-34.9
86000,280.6,-34.9
86010,279.9,-34.9
86020,279.3,-35
86030,278.6,-35
86040,278,-35
86050,277.4,-35.1
86060,276.7,-35.1
86070,276.1,-35.2
86080,275.5,-35.2
86090,274.8,-35.2
86100,274.2,-35.3
86110,273.5,-35.3
86120,272.9,-35.4
86130,272.3,-35.4
86140,271.6,-35.5
86150,271,-35.5
86160,270.4,-35.6
86170,269.7,-35.6
86180,269.1,-35.7
86190,268.5,-35.7
86200,267.8,-35.8
86210,267.2,-35.8
86220,266.6,-35.9
86230,265.9,-35.9
86240,265.3,-36
86250,264.7,-36.1
86260,264,-36.1
86270,263.4,-36.2
86280,262.8,-36.2
86290,262.2,-36.3
86300,261.5,-36.4
86310,260.9,-36.4
86320,260.3,-36.5
86330,259.7,-36.5
86340,259,-36.6
86350,258.4,-36.7
86360,257.8,-36.7
86370,257.2,-36.8
86380,256.5,-36.9
86390,255.9,-36.9
86400,255.3,-37
86410,254.7,-37.1
86420,254.1,-37.2
86430,253.4,-37.2
86440,252.8,-37.3
86450,252.2,-37.4
86460,251.6,-37.4
86470,251,-37.5
86480,250.3,-37.6
86490,249.7,-37.7
86500,249.1,-37.7
86510,248.5,-37.8
86520,247.9,-37.9
86530,247.3,-38
86540,246.7,-38
86550,246,-38.1
86560,245.4,-38.2
86570,244.8,-38.3
86580,244.2,-38.4
86590,243.6,-38.4
86600,243,-38.5
86610,242.4,-38.6
86620,241.8,-38.7
86630,241.2,-38.8
86640,240.5,-38.8
86650,239.9,-38.9
86660,239.3,-39
86670,238.7,-39.1
86680,238.1,-39.2
86690,237.5,-39.3
86700,236.9,-39.3
86710,236.3,-39.4
86720,235.7,-39.5
86730,235.1,-39.6
86740,234.5,-39.7
86750,233.9,-39.8
86760,233.3,-39.8
86770,232.7,-39.9
86780,232,-40
86790,231.4,-40.1
86800,230.8,-40.2
86810,230.2,-40.3
86820,229.6,-40.4
86830,229,-40.4
86840,228.4,-40.5
86850,227.8,-40.6
86860,227.2,-40.7
86870,226.6,-40.8
86880,226,-40.9
86890,225.4,-41
86900,224.8,-41
86910,224.2,-41.1
86920,223.6,-41.2
86930,223,-41.3
86940,222.4,-41.4
86950,221.8,-41.5
86960,221.2,-41.6
86970,220.6,-41.6
86980,220,-41.7
86990,219.4,-41.8
87000,218.8,-41.9
87010,218.2,-42
87020,217.6,-42.1
87030,217,-42.2
87040,216.4,-42.2
87050,215.8,-42.3
87060,215.2,-42.4
87070,214.6,-42.5
87080,214,-42.6
87090,213.4,-42.7
87100,212.8,-42.7
87110,212.2,-42.8
87120,211.6,-42.9
87130,211,-43
87140,210.4,-43.1
87150,209.8,-43.2
87160,209.2,-43.2
87170,208.6,-43.3
87180,208,-43.4
87190,207.4,-43.5
87200,206.8,-43.6
87210,206.2,-43.6
87220,205.6,-43.7
87230,205,-43.8
87240,204.4,-43.9
87250,203.8,-44
87260,203.2,-44
87270,202.6,-44.1
87280,202,-44.2
87290,201.4,-44.3
87300,200.8,-44.4
87310,200.1,-44.4
87320,199.5,-44.5
87330,198.9,-44.6
87340,198.3,-44.7
87350,197.7,-44.7
87360,197.1,-44.8
87370,196.5,-44.9
87380,195.9,-44.9
87390,195.3,-45
87400,194.7,-45.1
87410,194.1,-45.2
87420,193.5,-45.2
87430,192.9,-45.3
87440,192.3,-45.4
87450,191.7,-45.4
87460,191,-45.5
87470,190.4,-45.6
87480,189.8,-45.6
87490,189.2,-45.7
87500,188.6,-45.8
87510,188,-45.8
87520,187.4,-45.9
87530,186.8,-46
87540,186.2,-46
87550,185.6,-46.1
87560,184.9,-46.1
87570,184.3,-46.2
87580,183.7,-46.3
87590,183.1,-46.3
87600,182.5,-46.4
87610,181.9,-46.4
87620,181.3,-46.5
87630,180.6,-46.5
87640,180,-46.6
87650,179.4,-46.7
87660,178.8,-46.7
87670,178.2,-46.8
87680,177.6,-46.8
87690,177,-46.9
87700,176.3,-46.9
87710,175.7,-47
87720,175.1,-47
87730,174.5,-47.1
87740,173.9,-47.1
87750,173.2,-47.1
87760,172.6,-47.2
87770,172,-47.2
87780,171.4,-47.3
87790,170.8,-47.3
87800,170.1,-47.4
87810,169.5,-47.4
87820,168.9,-47.4
87830,168.3,-47.5
87840,167.7,-47.5
87850,167,-47.6
87860,166.4,-47.6
87870,165.8,-47.6
87880,165.2,-47.7
87890,164.5,-47.7
87900,163.9,-47.7
87910,163.3,-47.8
87920,162.7,-47.8
87930,162.1,-47.8
87940,161.4,-47.9
87950,160.8,-47.9
87960,160.2,-47.9
87970,159.6,-47.9
87980,158.9,-48
87990,158.3,-48
88000,157.7,-48
88010,157,-48
88020,156.4,-48.1
88030,155.8,-48.1
88040,155.2,-48.1
88050,154.5,-48.1
88060,153.9,-48.1
88070,153.3,-48.1
88080,152.7,-48.2
88090,152,-48.2
88100,151.4,-48.2
88110,150.8,-48.2
88120,150.1,-48.2
88130,149.5,-48.2
88140,148.9,-48.2
88150,148.3,-48.2
88160,147.6,-48.3
88170,147,-48.3
88180,146.4,-48.3
88190,145.8,-48.3
88200,145.1,-48.3
88210,144.5,-48.3
88220,143.9,-48.3
88230,143.2,-48.3
88240,142.6,-48.3
88250,142,-48.3
88260,141.4,-48.3
88270,140.7,-48.3
88280,140.1,-48.3
88290,139.5,-48.3
88300,138.8,-48.3
88310,138.2,-48.3
88320,137.6,-48.3
88330,137,-48.3
88340,136.3,-48.2
88350,135.7,-48.2
88360,135.1,-48.2
88370,134.4,-48.2
88380,133.8,-48.2
88390,133.2,-48.2
88400,132.6,-48.2
88410,131.9,-48.2
88420,131.3,-48.1
88430,130.7,-48.1
88440,130,-48.1
88450,129.4,-48.1
88460,128.8,-48.1
88470,128.2,-48.1
88480,127.5,-48
88490,126.9,-48
88500,126.3,-48
88510,125.7,-48
88520,125,-47.9
88530,124.4,-47.9
88540,123.8,-47.9
88550,123.2,-47.9
88560,122.5,-47.8
88570,121.9,-47.8
88580,121.3,-47.8
88590,120.7,-47.7
88600,120,-47.7
88610,119.4,-47.7
88620,118.8,-47.7
88630,118.2,-47.6
88640,117.5,-47.6
88650,116.9,-47.6
88660,116.3,-47.5
88670,115.7,-47.5
88680,115,-47.4
88690,114.4,-47.4
88700,113.8,-47.4
88710,113.2,-47.3
88720,112.6,-47.3
88730,111.9,-47.3
88740,111.3,-47.2
88750,110.7,-47.2
88760,110.1,-47.1
88770,109.5,-47.1
88780,108.8,-47.1
88790,108.2,-47
88800,107.6,-47
88810,107,-46.9
88820,106.4,-46.9
88830,105.7,-46.8
88840,105.1,-46.8
88850,104.5,-46.7
88860,103.9,-46.7
88870,103.3,-46.6
88880,102.6,-46.6
88890,102,-46.5
88900,101.4,-46.5
88910,100.8,-46.4
88920,100.2,-46.4
88930,99.6,-46.3
88940,99,-46.3
88950,98.3,-46.2
88960,97.7,-46.2
88970,97.1,-46.1
88980,96.5,-46.1
88990,95.9,-46
89000,95.3,-46
89010,94.6,-45.9
89020,94,-45.9
89030,93.4,-45.8
89040,92.8,-45.8
89050,92.2,-45.7
89060,91.6,-45.6
89070,91,-45.6
89080,90.4,-45.5
89090,89.7,-45.5
89100,89.1,-45.4
89110,88.5,-45.4
89120,87.9,-45.3
89130,87.3,-45.2
89140,86.7,-45.2
89150,86.1,-45.1
89160,85.5,-45.1
89170,84.8,-45
89180,84.2,-44.9
89190,83.6,-44.9
89200,83,-44.8
89210,82.4,-44.8
89220,81.8,-44.7
89230,81.2,-44.6
89240,80.6,-44.6
89250,80,-44.5
89260,79.3,-44.5
89270,78.7,-44.4
89280,78.1,-44.3
89290,77.5,-44.3
89300,76.9,-44.2
89310,76.3,-44.2
89320,75.7,-44.1
89330,75.1,-44
89340,74.5,-44
89350,73.9,-43.9
89360,73.3,-43.9
89370,72.6,-43.8
89380,72,-43.7
89390,71.4,-43.7
89400,70.8,-43.6
89410,70.2,-43.5
89420,69.6,-43.5
89430,69,-43.4
89440,68.4,-43.4
89450,67.8,-43.3
89460,67.2,-43.2
89470,66.5,-43.2
89480,65.9,-43.1
89490,65.3,-43.1
89500,64.7,-43
89510,64.1,-42.9
89520,63.5,-42.9
89530,62.9,-42.8
89540,62.3,-42.8
89550,61.7,-42.7
89560,61.1,-42.6
89570,60.4,-42.6
89580,59.8,-42.5
89590,59.2,-42.5
89600,58.6,-42.4
89610,58,-42.4
89620,57.4,-42.3
89630,56.8,-42.2
89640,56.2,-42.2
89650,55.6,-42.1
89660,55,-42.1
89670,54.3,-42
89680,53.7,-42
89690,53.1,-41.9
89700,52.5,-41.8
89710,51.9,-41.8
89720,51.3,-41.7
89730,50.7,-41.7
89740,50.1,-41.6
89750,49.4,-41.6
89760,48.8,-41.5
89770,48.2,-41.5
89780,47.6,-41.4
89790,47,-41.4
89800,46.4,-41.3
89810,45.8,-41.3
89820,45.2,-41.2
89830,44.5,-41.2
89840,43.9,-41.1
89850,43.3,-41.1
89860,42.7,-41
89870,42.1,-41
89880,41.5,-40.9
89890,40.9,-40.9
89900,40.2,-40.8
89910,39.6,-40.8
89920,39,-40.7
89930,38.4,-40.7
89940,37.8,-40.7
89950,37.2,-40.6
89960,36.5,-40.6
89970,35.9,-40.5
89980,35.3,-40.5
89990,34.7,-40.4
90000,34.1,-40.4
90010,33.5,-40.4
90020,32.8,-40.3
90030,32.2,-40.3
90040,31.6,-40.3
90050,31,-40.2
90060,30.4,-40.2
90070,29.7,-40.1
90080,29.1,-40.1
90090,28.5,-40.1
90100,27.9,-40
90110,27.3,-40
90120,26.6,-40
90130,26,-40
90140,25.4,-39.9
90150,24.8,-39.9
90160,24.2,-39.9
90170,23.5,-39.8
90180,22.9,-39.8
90190,22.3,-39.8
90200,21.7,-39.8
90210,21.1,-39.7
90220,20.4,-39.7
90230,19.8,-39.7
90240,19.2,-39.7
90250,18.6,-39.6
90260,18,-39.6
90270,17.3,-39.6
90280,16.7,-39.6
90290,16.1,-39.6
90300,15.5,-39.5
90310,14.8,-39.5
90320,14.2,-39.5
90330,13.6,-39.5
90340,13,-39.5
90350,12.3,-39.5
90360,11.7,-39.4
90370,11.1,-39.4
90380,10.5,-39.4
90390,9.9,-39.4
90400,9.2,-39.4
90410,8.6,-39.4
90420,8,-39.4
90430,7.4,-39.4
90440,6.7,-39.4
90450,6.1,-39.4
90460,5.5,-39.4
90470,4.9,-39.4
90480,4.2,-39.3
90490,3.6,-39.3
90500,3,-39.3
90510,2.4,-39.3
90520,1.7,-39.3
90530,1.1,-39.3
90540,0.5,-39.3
90550,359.9,-39.3
90560,359.2,-39.4
90570,358.6,-39.4
90580,358,-39.4
90590,357.4,-39.4
90600,356.7,-39.4
90610,356.1,-39.4
90620,355.5,-39.4
90630,354.9,-39.4
90640,354.3,-39.4
90650,353.6,-39.4
90660,353,-39.4
90670,352.4,-39.4
90680,351.8,-39.5
90690,351.1,-39.5
90700,350.5,-39.5
90710,349.9,-39.5
90720,349.3,-39.5
90730,348.6,-39.5
90740,348,-39.6
90750,347.4,-39.6
90760,346.8,-39.6
90770,346.1,-39.6
90780,345.5,-39.6
90790,344.9,-39.7
90800,344.3,-39.7
90810,343.7,-39.7
90820,343,-39.7
90830,342.4,-39.8
90840,341.8,-39.8
90850,341.2,-39.8
90860,340.6,-39.8
90870,339.9,-39.9
90880,339.3,-39.9
90890,338.7,-39.9
90900,338.1,-40
90910,337.4,-40
90920,336.8,-40
90930,336.2,-40.1
90940,335.6,-40.1
90950,335,-40.1
90960,334.3,-40.2
90970,333.7,-40.2
90980,333.1,-40.2
90990,332.5,-40.3
91000,331.9,-40.3
91010,331.3,-40.3
91020,330.6,-40.4
91030,330,-40.4
91040,329.4,-40.5
91050,328.8,-40.5
91060,328.2,-40.5
91070,327.5,-40.6
91080,326.9,-40.6
91090,326.3,-40.7
91100,325.7,-40.7
91110,325.1,-40.8
91120,324.5,-40.8
91130,323.8,-40.8
91140,323.2,-40.9
91150,322.6,-40.9
91160,322,-41
91170,321.4,-41
91180,320.8,-41.1
91190,320.2,-41.1
91200,319.5,-41.2
91210,318.9,-41.2
91220,318.3,-41.3
91230,317.7,-41.3
91240,317.1,-41.4
91250,316.5,-41.4
91260,315.9,-41.5
91270,315.2,-41.5
91280,314.6,-41.6
91290,314,-41.7
91300,313.4,-41.7
91310,312.8,-41.8
91320,312.2,-41.8
91330,311.6,-41.9
91340,310.9,-41.9
91350,310.3,-42
91360,309.7,-42
91370,309.1,-42.1
91380,308.5,-42.2
91390,307.9,-42.2
91400,307.3,-42.3
91410,306.7,-42.3
91420,306.1,-42.4
91430,305.4,-42.4
91440,304.8,-42.5
91450,304.2,-42.6
91460,303.6,-42.6
91470,303,-42.7
91480,302.4,-42.7
91490,301.8,-42.8
91500,301.2,-42.9
91510,300.6,-42.9
91520,299.9,-43
91530,299.3,-43
91540,298.7,-43.1
91550,298.1,-43.2
91560,297.5,-43.2
91570,296.9,-43.3
91580,296.3,-43.4
91590,295.7,-43.4
91600,295.1,-43.5
91610,294.5,-43.5
91620,293.8,-43.6
91630,293.2,-43.7
91640,292.6,-43.7
91650,292,-43.8
91660,291.4,-43.9
91670,290.8,-43.9
91680,290.2,-44
91690,289.6,-44
91700,289,-44.1
91710,288.3,-44.2
91720,287.7,-44.2
91730,287.1,-44.3
91740,286.5,-44.4
91750,285.9,-44.4
91760,285.3,-44.5
91770,284.7,-44.5
91780,284.1,-44.6
91790,283.5,-44.7
91800,282.9,-44.7
91810,282.2,-44.8
91820,281.6,-44.8
91830,281,-44.9
91840,280.4,-45
91850,279.8,-45
91860,279.2,-45.1
91870,278.6,-45.2
91880,278,-45.2
91890,277.3,-45.3
91900,276.7,-45.3
91910,276.1,-45.4
91920,275.5,-45.5
91930,274.9,-45.5
91940,274.3,-45.6
91950,273.7,-45.6
91960,273.1,-45.7
91970,272.4,-45.7
91980,271.8,-45.8
91990,271.2,-45.9
92000,270.6,-45.9
92010,270,-46
92020,269.4,-46
92030,268.8,-46.1
92040,268.1,-46.1
92050,267.5,-46.2
92060,266.9,-46.3
92070,266.3,-46.3
92080,265.7,-46.4
92090,265.1,-46.4
92100,264.4,-46.5
92110,263.8,-46.5
92120,263.2,-46.6
92130,262.6,-46.6
92140,262,-46.7
92150,261.4,-46.7
92160,260.7,-46.8
92170,260.1,-46.8
92180,259.5,-46.9
92190,258.9,-46.9
92200,258.3,-47
92210,257.6,-47
92220,257,-47.1
92230,256.4,-47.1
92240,255.8,-47.2
92250,255.2,-47.2
92260,254.5,-47.3
92270,253.9,-47.3
92280,253.3,-47.3
92290,252.7,-47.4
92300,252.1,-47.4
92310,251.4,-47.5
92320,250.8,-47.5
92330,250.2,-47.6
92340,249.6,-47.6
92350,248.9,-47.6
92360,248.3,-47.7
92370,247.7,-47.7
92380,247.1,-47.7
92390,246.4,-47.8
92400,245.8,-47.8
92410,245.2,-47.8
92420,244.6,-47.9
92430,243.9,-47.9
92440,243.3,-47.9
92450,242.7,-48
92460,242.1,-48
92470,241.4,-48
92480,240.8,-48.1
92490,240.2,-48.1
92500,239.6,-48.1
92510,238.9,-48.1
92520,238.3,-48.2
92530,237.7,-48.2
92540,237,-48.2
92550,236.4,-48.2
92560,235.8,-48.3
92570,235.2,-48.3
92580,234.5,-48.3
92590,233.9,-48.3
92600,233.3,-48.4
92610,232.6,-48.4
92620,232,-48.4
92630,231.4,-48.4
92640,230.8,-48.4
92650,230.1,-48.4
92660,229.5,-48.4
92670,228.9,-48.5
92680,228.2,-48.5
92690,227.6,-48.5
92700,227,-48.5
92710,226.3,-48.5
92720,225.7,-48.5
92730,225.1,-48.5
92740,224.5,-48.5
92750,223.8,-48.5
92760,223.2,-48.5
92770,222.6,-48.5
92780,221.9,-48.5
92790,221.3,-48.5
92800,220.7,-48.5
92810,220,-48.5
92820,219.4,-48.5
92830,218.8,-48.5
92840,218.2,-48.5
92850,217.5,-48.5
92860,216.9,-48.5
92870,216.3,-48.5
92880,215.6,-48.5
92890,215,-48.5
92900,214.4,-48.5
92910,213.7,-48.5
92920,213.1,-48.5
92930,212.5,-48.5
92940,211.9,-48.5
92950,211.2,-48.4
92960,210.6,-48.4
92970,210,-48.4
92980,209.3,-48.4
92990,208.7,-48.4
93000,208.1,-48.4
93010,207.5,-48.3
93020,206.8,-48.3
93030,206.2,-48.3
93040,205.6,-48.3
93050,205,-48.2
93060,204.3,-48.2
93070,203.7,-48.2
93080,203.1,-48.2
93090,202.4,-48.1
93100,201.8,-48.1
93110,201.2,-48.1
93120,200.6,-48.1
93130,199.9,-48
93140,199.3,-48
93150,198.7,-48
93160,198.1,-47.9
93170,197.4,-47.9
93180,196.8,-47.9
93190,196.2,-47.8
93200,195.6,-47.8
93210,195,-47.7
93220,194.3,-47.7
93230,193.7,-47.7
93240,193.1,-47.6
93250,192.5,-47.6
93260,191.8,-47.5
93270,191.2,-47.5
93280,190.6,-47.4
93290,190,-47.4
93300,189.4,-47.4
93310,188.7,-47.3
93320,188.1,-47.3
93330,187.5,-47.2
93340,186.9,-47.2
93350,186.3,-47.1
93360,185.7,-47.1
93370,185,-47
93380,184.4,-46.9
93390,183.8,-46.9
93400,183.2,-46.8
93410,182.6,-46.8
93420,182,-46.7
93430,181.3,-46.7
93440,180.7,-46.6
93450,180.1,-46.5
93460,179.5,-46.5
93470,178.9,-46.4
93480,178.3,-46.4
93490,177.7,-46.3
93500,177.1,-46.2
93510,176.4,-46.2
93520,175.8,-46.1
93530,175.2,-46
93540,174.6,-46
93550,174,-45.9
93560,173.4,-45.9
93570,172.8,-45.8
93580,172.2,-45.7
93590,171.6,-45.6
93600,171,-45.6
93610,170.4,-45.5
93620,169.8,-45.4
93630,169.1,-45.4
93640,168.5,-45.3
93650,167.9,-45.2
93660,167.3,-45.1
93670,166.7,-45.1
93680,166.1,-45
93690,165.5,-44.9
93700,164.9,-44.8
93710,164.3,-44.8
93720,163.7,-44.7
93730,163.1,-44.6
93740,162.5,-44.5
93750,161.9,-44.5
93760,161.3,-44.4
93770,160.7,-44.3
93780,160.1,-44.2
93790,159.5,-44.1
93800,158.9,-44.1
93810,158.3,-44
93820,157.7,-43.9
93830,157.1,-43.8
93840,156.5,-43.7
93850,155.9,-43.6
93860,155.3,-43.6
93870,154.7,-43.5
93880,154.1,-43.4
93890,153.5,-43.3
93900,152.9,-43.2
93910,152.3,-43.1
93920,151.7,-43.1
93930,151.1,-43
93940,150.5,-42.9
93950,149.9,-42.8
93960,149.3,-42.7
93970,148.7,-42.6
93980,148.1,-42.5
93990,147.5,-42.5
94000,146.9,-42.4
94010,146.3,-42.3
94020,145.7,-42.2
94030,145.1,-42.1
94040,144.5,-42
94050,143.9,-41.9
94060,143.3,-41.8
94070,142.7,-41.7
94080,142.1,-41.7
94090,141.5,-41.6
94100,140.9,-41.5
94110,140.3,-41.4
94120,139.7,-41.3
94130,139.1,-41.2
94140,138.5,-41.1
94150,137.9,-41
94160,137.3,-40.9
94170,136.7,-40.9
94180,136.1,-40.8
94190,135.5,-40.7
94200,134.9,-40.6
94210,134.3,-40.5
94220,133.7,-40.4
94230,133.1,-40.3
94240,132.5,-40.2
94250,131.9,-40.1
94260,131.3,-40.1
94270,130.7,-40
94280,130.1,-39.9
94290,129.5,-39.8
94300,128.9,-39.7
94310,128.3,-39.6
94320,127.7,-39.5
94330,127.1,-39.4
94340,126.5,-39.4
94350,125.9,-39.3
94360,125.3,-39.2
94370,124.7,-39.1
94380,124.1,-39
94390,123.5,-38.9
94400,122.9,-38.8
94410,122.3,-38.7
94420,121.7,-38.7
94430,121,-38.6
94440,120.4,-38.5
94450,119.8,-38.4
94460,119.2,-38.3
94470,118.6,-38.2
94480,118,-38.2
94490,117.4,-38.1
94500,116.8,-38
94510,116.2,-37.9
94520,115.6,-37.8
94530,114.9,-37.8
94540,114.3,-37.7
94550,113.7,-37.6
94560,113.1,-37.5
94570,112.5,-37.4
94580,111.9,-37.4
94590,111.3,-37.3
94600,110.6,-37.2
94610,110,-37.1
94620,109.4,-37.1
94630,108.8,-37
94640,108.2,-36.9
94650,107.6,-36.8
94660,106.9,-36.8
94670,106.3,-36.7
94680,105.7,-36.6
94690,105.1,-36.5
94700,104.5,-36.5
94710,103.8,-36.4
94720,103.2,-36.3
94730,102.6,-36.3
94740,102,-36.2
94750,101.3,-36.1
94760,100.7,-36.1
94770,100.1,-36
94780,99.5,-35.9
94790,98.8,-35.9
94800,98.2,-35.8
94810,97.6,-35.8
94820,97,-35.7
94830,96.3,-35.6
94840,95.7,-35.6
94850,95.1,-35.5
94860,94.4,-35.5
94870,93.8,-35.4
94880,93.2,-35.4
94890,92.5,-35.3
94900,91.9,-35.3
94910,91.3,-35.2
94920,90.6,-35.2
94930,90,-35.1
94940,89.4,-35.1
94950,88.7,-35
94960,88.1,-35
94970,87.4,-34.9
94980,86.8,-34.9
94990,86.2,-34.8
95000,85.5,-34.8
95010,84.9,-34.7
95020,84.3,-34.7
95030,83.6,-34.7
95040,83,-34.6
95050,82.3,-34.6
95060,81.7,-34.6
95070,81,-34.5
95080,80.4,-34.5
95090,79.8,-34.5
95100,79.1,-34.4
95110,78.5,-34.4
95120,77.8,-34.4
95130,77.2,-34.4
95140,76.5,-34.3
95150,75.9,-34.3
95160,75.3,-34.3
95170,74.6,-34.3
95180,74,-34.2
95190,73.3,-34.2
95200,72.7,-34.2
95210,72,-34.2
95220,71.4,-34.2
95230,70.7,-34.2
95240,70.1,-34.1
95250,69.4,-34.1
95260,68.8,-34.1
95270,68.1,-34.1
95280,67.5,-34.1
95290,66.8,-34.1
95300,66.2,-34.1
95310,65.5,-34.1
95320,64.9,-34.1
95330,64.3,-34.1
95340,63.6,-34.1
95350,63,-34.1
95360,62.3,-34.1
95370,61.7,-34.1
95380,61,-34.1
95390,60.4,-34.1
95400,59.7,-34.1
95410,59.1,-34.1
95420,58.4,-34.2
95430,57.8,-34.2
95440,57.1,-34.2
95450,56.5,-34.2
95460,55.8,-34.2
95470,55.2,-34.2
95480,54.6,-34.3
95490,53.9,-34.3
95500,53.3,-34.3
95510,52.6,-34.3
95520,52,-34.3
95530,51.3,-34.4
95540,50.7,-34.4
95550,50,-34.4
95560,49.4,-34.5
95570,48.8,-34.5
95580,48.1,-34.5
95590,47.5,-34.6
95600,46.8,-34.6
95610,46.2,-34.6
95620,45.6,-34.7
95630,44.9,-34.7
95640,44.3,-34.8
95650,43.6,-34.8
95660,43,-34.9
95670,42.4,-34.9
95680,41.7,-34.9
95690,41.1,-35
95700,40.5,-35
95710,39.8,-35.1
95720,39.2,-35.1
95730,38.6,-35.2
95740,37.9,-35.3
95750,37.3,-35.3
95760,36.7,-35.4
95770,36,-35.4
95780,35.4,-35.5
95790,34.8,-35.6
95800,34.2,-35.6
95810,33.5,-35.7
95820,32.9,-35.7
95830,32.3,-35.8
95840,31.7,-35.9
95850,31,-35.9
95860,30.4,-36
95870,29.8,-36.1
95880,29.2,-36.2
95890,28.6,-36.2
95900,27.9,-36.3
95910,27.3,-36.4
95920,26.7,-36.5
95930,26.1,-36.5
95940,25.5,-36.6
95950,24.8,-36.7
95960,24.2,-36.8
95970,23.6,-36.9
95980,23,-36.9
95990,22.4,-37
96000,21.8,-37.1
96010,21.2,-37.2
96020,20.6,-37.3
96030,20,-37.4
96040,19.4,-37.5
96050,18.7,-37.6
96060,18.1,-37.7
96070,17.5,-37.7
96080,16.9,-37.8
96090,16.3,-37.9
96100,15.7,-38
96110,15.1,-38.1
96120,14.5,-38.2
96130,13.9,-38.3
96140,13.3,-38.4
96150,12.7,-38.5
96160,12.1,-38.6
96170,11.5,-38.7
96180,10.9,-38.8
96190,10.3,-38.9
96200,9.8,-39
96210,9.2,-39.1
96220,8.6,-39.2
96230,8,-39.3
96240,7.4,-39.5
96250,6.8,-39.6
96260,6.2,-39.7
96270,5.6,-39.8
96280,5,-39.9
96290,4.4,-40
96300,3.8,-40.1
96310,3.3,-40.2
96320,2.7,-40.3
96330,2.1,-40.4
96340,1.5,-40.6
96350,0.9,-40.7
96360,0.3,-40.8
96370,359.8,-40.9
96380,359.2,-41
96390,358.6,-41.1
96400,358,-41.3
96410,357.4,-41.4
96420,356.9,-41.5
96430,356.3,-41.6
96440,355.7,-41.7
96450,355.1,-41.8
96460,354.5,-42
96470,354,-42.1
96480,353.4,-42.2
96490,352.8,-42.3
96500,352.2,-42.4
96510,351.7,-42.6
96520,351.1,-42.7
96530,350.5,-42.8
96540,349.9,-42.9
96550,349.3,-43.1
96560,348.8,-43.2
96570,348.2,-43.3
96580,347.6,-43.4
96590,347.1,-43.6
96600,346.5,-43.7
96610,345.9,-43.8
96620,345.3,-43.9
96630,344.8,-44.1
96640,344.2,-44.2
96650,343.6,-44.3
96660,343,-44.4
96670,342.5,-44.6
96680,341.9,-44.7
96690,341.3,-44.8
96700,340.7,-44.9
96710,340.2,-45.1
96720,339.6,-45.2
96730,339,-45.3
96740,338.4,-45.4
96750,337.9,-45.6
96760,337.3,-45.7
96770,336.7,-45.8
96780,336.1,-45.9
96790,335.6,-46.1
96800,335,-46.2
96810,334.4,-46.3
96820,333.8,-46.5
96830,333.3,-46.6
96840,332.7,-46.7
96850,332.1,-46.8
96860,331.5,-47
96870,331,-47.1
96880,330.4,-47.2
96890,329.8,-47.3
96900,329.2,-47.5
96910,328.6,-47.6
96920,328.1,-47.7
96930,327.5,-47.8
96940,326.9,-48
96950,326.3,-48.1
96960,325.7,-48.2
96970,325.1,-48.3
96980,324.6,-48.4
96990,324,-48.6
97000,323.4,-48.7
97010,322.8,-48.8
97020,322.2,-48.9
97030,321.6,-49.1
97040,321,-49.2
97050,320.4,-49.3
97060,319.9,-49.4
97070,319.3,-49.5
97080,318.7,-49.6
97090,318.1,-49.8
97100,317.5,-49.9
97110,316.9,-50
97120,316.3,-50.1
97130,315.7,-50.2
97140,315.1,-50.3
97150,314.5,-50.5
97160,313.9,-50.6
97170,313.3,-50.7
97180,312.7,-50.8
97190,312.1,-50.9
97200,311.5,-51
97210,310.9,-51.1
97220,310.3,-51.2
97230,309.7,-51.3
97240,309.1,-51.5
97250,308.5,-51.6
97260,307.8,-51.7
97270,307.2,-51.8
97280,306.6,-51.9
97290,306,-52
97300,305.4,-52.1
97310,304.8,-52.2
97320,304.1,-52.3
97330,303.5,-52.4
97340,302.9,-52.5
97350,302.3,-52.6
97360,301.7,-52.7
97370,301,-52.8
97380,300.4,-52.9
97390,299.8,-53
97400,299.2,-53.1
97410,298.5,-53.2
97420,297.9,-53.2
97430,297.3,-53.3
97440,296.6,-53.4
97450,296,-53.5
97460,295.4,-53.6
97470,294.7,-53.7
97480,294.1,-53.8
97490,293.4,-53.8
97500,292.8,-53.9
97510,292.2,-54
97520,291.5,-54.1
97530,290.9,-54.2
97540,290.2,-54.2
97550,289.6,-54.3
97560,288.9,-54.4
97570,288.3,-54.5
97580,287.6,-54.5
97590,287,-54.6
97600,286.3,-54.7
97610,285.7,-54.7
97620,285,-54.8
97630,284.4,-54.9
97640,283.7,-54.9
97650,283,-55
97660,282.4,-55.1
97670,281.7,-55.1
97680,281,-55.2
97690,280.4,-55.2
97700,279.7,-55.3
97710,279.1,-55.3
97720,278.4,-55.4
97730,277.7,-55.4
97740,277,-55.5
97750,276.4,-55.5
97760,275.7,-55.6
97770,275,-55.6
97780,274.4,-55.7
97790,273.7,-55.7
97800,273,-55.7
97810,272.3,-55.8
97820,271.7,-55.8
97830,271,-55.8
97840,270.3,-55.9
97850,269.6,-55.9
97860,269,-55.9
97870,268.3,-55.9
97880,267.6,-56
97890,266.9,-56
97900,266.2,-56
97910,265.6,-56
97920,264.9,-56
97930,264.2,-56.1
97940,263.5,-56.1
97950,262.8,-56.1
97960,262.2,-56.1
97970,261.5,-56.1
97980,260.8,-56.1
97990,260.1,-56.1
98000,259.4,-56.1
98010,258.7,-56.1
98020,258.1,-56.1
98030,257.4,-56.1
98040,256.7,-56.1
98050,256,-56.1
98060,255.3,-56.1
98070,254.6,-56.1
98080,254,-56.1
98090,253.3,-56.1
98100,252.6,-56.1
98110,251.9,-56
98120,251.2,-56
98130,250.6,-56
98140,249.9,-56
98150,249.2,-55.9
98160,248.5,-55.9
98170,247.9,-55.9
98180,247.2,-55.9
98190,246.5,-55.8
98200,245.8,-55.8
98210,245.1,-55.8
98220,244.5,-55.7
98230,243.8,-55.7
98240,243.1,-55.6
98250,242.5,-55.6
98260,241.8,-55.6
98270,241.1,-55.5
98280,240.5,-55.5
98290,239.8,-55.4
98300,239.1,-55.4
98310,238.5,-55.3
98320,237.8,-55.3
98330,237.1,-55.2
98340,236.5,-55.1
98350,235.8,-55.1
98360,235.1,-55
98370,234.5,-55
98380,233.8,-54.9
98390,233.2,-54.8
98400,232.5,-54.8
98410,231.9,-54.7
98420,231.2,-54.6
98430,230.6,-54.5
98440,229.9,-54.5
98450,229.3,-54.4
98460,228.6,-54.3
98470,228,-54.2
98480,227.3,-54.1
98490,226.7,-54.1
98500,226.1,-54
98510,225.4,-53.9
98520,224.8,-53.8
98530,224.2,-53.7
98540,223.5,-53.6
98550,222.9,-53.5
98560,222.3,-53.4
98570,221.6,-53.3
98580,221,-53.2
98590,220.4,-53.1
98600,219.8,-53
98610,219.1,-52.9
98620,218.5,-52.8
98630,217.9,-52.7
98640,217.3,-52.6
98650,216.7,-52.5
98660,216.1,-52.4
98670,215.5,-52.3
98680,214.8,-52.2
98690,214.2,-52.1
98700,213.6,-52
98710,213,-51.8
98720,212.4,-51.7
98730,211.8,-51.6
98740,211.2,-51.5
98750,210.6,-51.4
98760,210,-51.3
98770,209.4,-51.1
98780,208.8,-51
98790,208.3,-50.9
98800,207.7,-50.8
98810,207.1,-50.6
98820,206.5,-50.5
98830,205.9,-50.4
98840,205.3,-50.2
98850,204.7,-50.1
98860,204.2,-50
98870,203.6,-49.8
98880,203,-49.7
98890,202.4,-49.6
98900,201.8,-49.4
98910,201.3,-49.3
98920,200.7,-49.2
98930,200.1,-49
98940,199.6,-48.9
98950,199,-48.7
98960,198.4,-48.6
98970,197.9,-48.5
98980,197.3,-48.3
98990,196.7,-48.2
99000,196.2,-48
99010,195.6,-47.9
99020,195.1,-47.7
99030,194.5,-47.6
99040,193.9,-47.4
99050,193.4,-47.3
99060,192.8,-47.1
99070,192.3,-47
99080,191.7,-46.8
99090,191.2,-46.7
99100,190.6,-46.5
99110,190.1,-46.4
99120,189.5,-46.2
99130,189,-46.1
99140,188.4,-45.9
99150,187.9,-45.7
99160,187.3,-45.6
99170,186.8,-45.4
99180,186.2,-45.3
99190,185.7,-45.1
99200,185.2,-44.9
99210,184.6,-44.8
99220,184.1,-44.6
99230,183.5,-44.5
99240,183,-44.3
99250,182.4,-44.1
99260,181.9,-44
99270,181.4,-43.8
99280,180.8,-43.7
99290,180.3,-43.5
99300,179.8,-43.3
99310,179.2,-43.2
99320,178.7,-43
99330,178.1,-42.8
99340,177.6,-42.7
99350,177.1,-42.5
99360,176.5,-42.3
99370,176,-42.2
99380,175.5,-42
99390,174.9,-41.8
99400,174.4,-41.7
99410,173.9,-41.5
99420,173.3,-41.3
99430,172.8,-41.2
99440,172.3,-41
99450,171.7,-40.8
99460,171.2,-40.7
99470,170.6,-40.5
99480,170.1,-40.3
99490,169.6,-40.2
99500,169,-40
99510,168.5,-39.8
99520,168,-39.6
99530,167.4,-39.5
99540,166.9,-39.3
99550,166.3,-39.1
99560,165.8,-39
99570,165.3,-38.8
99580,164.7,-38.6
99590,164.2,-38.5
99600,163.6,-38.3
99610,163.1,-38.1
99620,162.6,-38
99630,162,-37.8
99640,161.5,-37.6
99650,160.9,-37.5
99660,160.4,-37.3
99670,159.8,-37.1
99680,159.3,-36.9
99690,158.7,-36.8
99700,158.2,-36.6
99710,157.6,-36.4
99720,157.1,-36.3
99730,156.5,-36.1
99740,156,-35.9
99750,155.4,-35.8
99760,154.8,-35.6
99770,154.3,-35.5
99780,153.7,-35.3
99790,153.2,-35.1
99800,152.6,-35
99810,152,-34.8
99820,151.5,-34.6
99830,150.9,-34.5
99840,150.3,-34.3
99850,149.8,-34.2
99860,149.2,-34
99870,148.6,-33.8
99880,148,-33.7
99890,147.5,-33.5
99900,146.9,-33.4
99910,146.3,-33.2
99920,145.7,-33.1
99930,145.1,-32.9
99940,144.6,-32.7
99950,144,-32.6
99960,143.4,-32.4
99970,142.8,-32.3
99980,142.2,-32.1
99990,141.6,-32
100000,141,-31.8
100010,140.4,-31.7
100020,139.8,-31.5
100030,139.2,-31.4
100040,138.6,-31.2
100050,138,-31.1
100060,137.4,-31
100070,136.8,-30.8
100080,136.1,-30.7
100090,135.5,-30.5
100100,134.9,-30.4
100110,134.3,-30.3
100120,133.7,-30.1
100130,133,-30
100140,132.4,-29.8
100150,131.8,-29.7
100160,131.1,-29.6
100170,130.5,-29.5
100180,129.9,-29.3
100190,129.2,-29.2
100200,128.6,-29.1
100210,127.9,-28.9
100220,127.3,-28.8
100230,126.6,-28.7
100240,126,-28.6
100250,125.3,-28.5
100260,124.7,-28.4
100270,124,-28.2
100280,123.3,-28.1
100290,122.7,-28
100300,122,-27.9
100310,121.3,-27.8
100320,120.7,-27.7
100330,120,-27.6
100340,119.3,-27.5
100350,118.6,-27.4
100360,117.9,-27.3
100370,117.3,-27.2
100380,116.6,-27.1
100390,115.9,-27
100400,115.2,-26.9
100410,114.5,-26.8
100420,113.8,-26.7
100430,113.1,-26.6
100440,112.4,-26.6
100450,111.7,-26.5
100460,111,-26.4
100470,110.3,-26.3
100480,109.6,-26.2
100490,108.9,-26.2
100500,108.2,-26.1
100510,107.5,-26
100520,106.7,-26
100530,106,-25.9
100540,105.3,-25.9
100550,104.6,-25.8
100560,103.9,-25.7
100570,103.1,-25.7
100580,102.4,-25.6
100590,101.7,-25.6
100600,101,-25.5
100610,100.2,-25.5
100620,99.5,-25.5
100630,98.8,-25.4
100640,98,-25.4
100650,97.3,-25.3
100660,96.6,-25.3
100670,95.8,-25.3
100680,95.1,-25.3
100690,94.4,-25.2
100700,93.6,-25.2
100710,92.9,-25.2
100720,92.2,-25.2
100730,91.4,-25.2
100740,90.7,-25.2
100750,89.9,-25.2
100760,89.2,-25.2
100770,88.5,-25.2
100780,87.7,-25.2
100790,87,-25.2
100800,86.2,-25.2
100810,85.5,-25.2
100820,84.8,-25.2
100830,84,-25.2
100840,83.3,-25.2
100850,82.6,-25.2
100860,81.8,-25.3
100870,81.1,-25.3
100880,80.3,-25.3
100890,79.6,-25.4
100900,78.9,-25.4
100910,78.2,-25.4
100920,77.4,-25.5
100930,76.7,-25.5
100940,76,-25.5
100950,75.2,-25.6
100960,74.5,-25.6
100970,73.8,-25.7
100980,73.1,-25.7
100990,72.3,-25.8
101000,71.6,-25.9
101010,70.9,-25.9
101020,70.2,-26
101030,69.5,-26.1
101040,68.8,-26.1
101050,68.1,-26.2
101060,67.4,-26.3
101070,66.7,-26.4
101080,66,-26.4
101090,65.3,-26.5
101100,64.6,-26.6
101110,63.9,-26.7
101120,63.2,-26.8
101130,62.5,-26.9
101140,61.8,-27
101150,61.1,-27.1
101160,60.4,-27.2
101170,59.7,-27.3
101180,59.1,-27.4
101190,58.4,-27.5
101200,57.7,-27.6
101210,57.1,-27.7
101220,56.4,-27.8
101230,55.7,-27.9
101240,55.1,-28
101250,54.4,-28.1
101260,53.7,-28.3
101270,53.1,-28.4
101280,52.4,-28.5
101290,51.8,-28.6
101300,51.2,-28.8
101310,50.5,-28.9
101320,49.9,-29
101330,49.2,-29.2
101340,48.6,-29.3
101350,48,-29.4
101360,47.3,-29.6
101370,46.7,-29.7
101380,46.1,-29.8
101390,45.5,-30
101400,44.9,-30.1
101410,44.3,-30.3
101420,43.6,-30.4
101430,43,-30.6
101440,42.4,-30.7
101450,41.8,-30.9
101460,41.2,-31
101470,40.6,-31.2
101480,40,-31.3
101490,39.5,-31.5
101500,38.9,-31.7
101510,38.3,-31.8
101520,37.7,-32
101530,37.1,-32.1
101540,36.5,-32.3
101550,36,-32.5
101560,35.4,-32.6
101570,34.8,-32.8
101580,34.3,-33
101590,33.7,-33.2
101600,33.1,-33.3
101610,32.6,-33.5
101620,32,-33.7
101630,31.5,-33.8
101640,30.9,-34
101650,30.4,-34.2
101660,29.8,-34.4
101670,29.3,-34.6
101680,28.7,-34.7
101690,28.2,-34.9
101700,27.6,-35.1
101710,27.1,-35.3
101720,26.6,-35.5
101730,26,-35.7
101740,25.5,-35.8
101750,25,-36
101760,24.4,-36.2
101770,23.9,-36.4
101780,23.4,-36.6
101790,22.9,-36.8
101800,22.3,-37
101810,21.8,-37.2
101820,21.3,-37.4
101830,20.8,-37.6
101840,20.3,-37.7
101850,19.8,-37.9
101860,19.3,-38.1
101870,18.8,-38.3
101880,18.2,-38.5
101890,17.7,-38.7
101900,17.2,-38.9
101910,16.7,-39.1
101920,16.2,-39.3
101930,15.7,-39.5
101940,15.2,-39.7
101950,14.7,-39.9
101960,14.2,-40.1
101970,13.7,-40.3
101980,13.2,-40.5
101990,12.7,-40.7
102000,12.3,-40.9
102010,11.8,-41.1
102020,11.3,-41.3
102030,10.8,-41.5
102040,10.3,-41.7
102050,9.8,-41.9
102060,9.3,-42.1
102070,8.8,-42.3
102080,8.3,-42.5
102090,7.8,-42.7
102100,7.4,-42.9
102110,6.9,-43.2
102120,6.4,-43.4
102130,5.9,-43.6
102140,5.4,-43.8
102150,4.9,-44
102160,4.4,-44.2
102170,4,-44.4
102180,3.5,-44.6
102190,3,-44.8
102200,2.5,-45
102210,2,-45.2
102220,1.5,-45.4
102230,1.1,-45.6
102240,0.6,-45.8
102250,0.1,-46
102260,359.6,-46.2
102270,359.1,-46.4
102280,358.6,-46.6
102290,358.1,-46.9
102300,357.6,-47.1
102310,357.2,-47.3
102320,356.7,-47.5
102330,356.2,-47.7
102340,355.7,-47.9
102350,355.2,-48.1
102360,354.7,-48.3
102370,354.2,-48.5
102380,353.7,-48.7
102390,353.2,-48.9
102400,352.7,-49.1
102410,352.2,-49.3
102420,351.7,-49.5
102430,351.3,-49.7
102440,350.8,-49.9
102450,350.3,-50.1
102460,349.8,-50.3
102470,349.2,-50.5
102480,348.7,-50.7
102490,348.2,-50.9
102500,347.7,-51.1
102510,347.2,-51.3
102520,346.7,-51.5
102530,346.2,-51.7
102540,345.7,-51.9
102550,345.2,-52.1
102560,344.7,-52.3
102570,344.1,-52.5
102580,343.6,-52.7
102590,343.1,-52.9
102600,342.6,-53.1
102610,342,-53.3
102620,341.5,-53.5
102630,341,-53.7
102640,340.4,-53.9
102650,339.9,-54.1
102660,339.4,-54.3
102670,338.8,-54.4
102680,338.3,-54.6
102690,337.7,-54.8
102700,337.2,-55
102710,336.6,-55.2
102720,336.1,-55.4
102730,335.5,-55.6
102740,335,-55.7
102750,334.4,-55.9
102760,333.8,-56.1
102770,333.3,-56.3
102780,332.7,-56.5
102790,332.1,-56.6
102800,331.5,-56.8
102810,331,-57
102820,330.4,-57.2
102830,329.8,-57.4
102840,329.2,-57.5
102850,328.6,-57.7
102860,328,-57.9
102870,327.4,-58
102880,326.8,-58.2
102890,326.2,-58.4
102900,325.6,-58.5
102910,325,-58.7
102920,324.3,-58.9
102930,323.7,-59
102940,323.1,-59.2
102950,322.5,-59.3
102960,321.8,-59.5
102970,321.2,-59.6
102980,320.6,-59.8
102990,319.9,-59.9
103000,319.3,-60.1
103010,318.6,-60.2
103020,317.9,-60.4
103030,317.3,-60.5
103040,316.6,-60.7
103050,315.9,-60.8
103060,315.3,-61
103070,314.6,-61.1
103080,313.9,-61.2
103090,313.2,-61.4
103100,312.5,-61.5
103110,311.8,-61.6
103120,311.1,-61.7
103130,310.4,-61.9
103140,309.7,-62
103150,309,-62.1
103160,308.3,-62.2
103170,307.6,-62.3
103180,306.8,-62.4
103190,306.1,-62.6
103200,305.4,-62.7
103210,304.6,-62.8
103220,303.9,-62.9
103230,303.2,-63
103240,302.4,-63.1
103250,301.6,-63.2
103260,300.9,-63.3
103270,300.1,-63.3
103280,299.4,-63.4
103290,298.6,-63.5
103300,297.8,-63.6
103310,297.1,-63.7
103320,296.3,-63.8
103330,295.5,-63.8
103340,294.7,-63.9
103350,293.9,-64
103360,293.1,-64
103370,292.3,-64.1
103380,291.5,-64.2
103390,290.7,-64.2
103400,289.9,-64.3
103410,289.1,-64.3
103420,288.3,-64.4
103430,287.5,-64.4
103440,286.7,-64.4
103450,285.9,-64.5
103460,285.1,-64.5
103470,284.3,-64.6
103480,283.5,-64.6
103490,282.6,-64.6
103500,281.8,-64.6
103510,281,-64.6
103520,280.2,-64.7
103530,279.4,-64.7
103540,278.5,-64.7
103550,277.7,-64.7
103560,276.9,-64.7
103570,276.1,-64.7
103580,275.2,-64.7
103590,274.4,-64.7
103600,273.6,-64.7
103610,272.8,-64.7
103620,272,-64.6
103630,271.1,-64.6
103640,270.3,-64.6
103650,269.5,-64.6
103660,268.7,-64.5
103670,267.9,-64.5
103680,267.1,-64.5
103690,266.2,-64.4
103700,265.4,-64.4
103710,264.6,-64.4
103720,263.8,-64.3
103730,263,-64.2
103740,262.2,-64.2
103750,261.4,-64.1
103760,260.6,-64.1
103770,259.8,-64
103780,259.1,-63.9
103790,258.3,-63.9
103800,257.5,-63.8
103810,256.7,-63.7
103820,255.9,-63.6
103830,255.2,-63.6
103840,254.4,-63.5
103850,253.6,-63.4
103860,252.9,-63.3
103870,252.1,-63.2
103880,251.4,-63.1
103890,250.6,-63
103900,249.9,-62.9
103910,249.1,-62.8
103920,248.4,-62.7
103930,247.7,-62.6
103940,247,-62.5
103950,246.2,-62.4
103960,245.5,-62.2
103970,244.8,-62.1
103980,244.1,-62
103990,243.4,-61.9
104000,242.7,-61.7
104010,242,-61.6
104020,241.3,-61.5
104030,240.6,-61.4
104040,239.9,-61.2
104050,239.3,-61.1
104060,238.6,-60.9
104070,237.9,-60.8
104080,237.3,-60.6
104090,236.6,-60.5
104100,236,-60.3
104110,235.3,-60.2
104120,234.7,-60
104130,234,-59.9
104140,233.4,-59.7
104150,232.8,-59.6
104160,232.1,-59.4
104170,231.5,-59.2
104180,230.9,-59.1
104190,230.3,-58.9
104200,229.7,-58.7
104210,229.1,-58.6
104220,228.5,-58.4
104230,227.9,-58.2
104240,227.3,-58
104250,226.7,-57.9
104260,226.1,-57.7
104270,225.5,-57.5
104280,225,-57.3
104290,224.4,-57.1
104300,223.8,-57
104310,223.3,-56.8
104320,222.7,-56.6
104330,222.2,-56.4
104340,221.6,-56.2
104350,221.1,-56
104360,220.5,-55.8
104370,220,-55.6
104380,219.4,-55.4
104390,218.9,-55.2
104400,218.4,-55
104410,217.9,-54.8
104420,217.3,-54.6
104430,216.8,-54.4
104440,216.3,-54.2
104450,215.8,-54
104460,215.3,-53.8
104470,214.8,-53.6
104480,214.3,-53.4
104490,213.8,-53.2
104500,213.3,-53
104510,212.8,-52.8
104520,212.3,-52.5
104530,211.8,-52.3
104540,211.3,-52.1
104550,210.8,-51.9
104560,210.4,-51.7
104570,209.9,-51.5
104580,209.4,-51.2
104590,208.9,-51
104600,208.5,-50.8
104610,208,-50.6
104620,207.5,-50.4
104630,207.1,-50.1
104640,206.6,-49.9
104650,206.1,-49.7
104660,205.7,-49.5
104670,205.2,-49.2
104680,204.8,-49
104690,204.3,-48.8
104700,203.9,-48.6
104710,203.4,-48.3
104720,203,-48.1
104730,202.5,-47.9
104740,202.1,-47.6
104750,201.6,-47.4
104760,201.2,-47.2
104770,200.7,-47
104780,200.3,-46.7
104790,199.9,-46.5
104800,199.4,-46.3
104810,199,-46
104820,198.6,-45.8
104830,198.1,-45.5
104840,197.7,-45.3
104850,197.3,-45.1
104860,196.8,-44.8
104870,196.4,-44.6
104880,196,-44.4
104890,195.5,-44.1
104900,195.1,-43.9
104910,194.7,-43.6
104920,194.3,-43.4
104930,193.8,-43.2
104940,193.4,-42.9
104950,193,-42.7
104960,192.6,-42.4
104970,192.1,-42.2
104980,191.7,-42
104990,191.3,-41.7
105000,190.9,-41.5
105010,190.4,-41.2
105020,190,-41
105030,189.6,-40.8
105040,189.2,-40.5
105050,188.8,-40.3
105060,188.3,-40
105070,187.9,-39.8
105080,187.5,-39.5
105090,187.1,-39.3
105100,186.6,-39.1
105110,186.2,-38.8
105120,185.8,-38.6
105130,185.3,-38.3
105140,184.9,-38.1
105150,184.5,-37.8
105160,184.1,-37.6
105170,183.6,-37.3
105180,183.2,-37.1
105190,182.8,-36.9
105200,182.3,-36.6
105210,181.9,-36.4
105220,181.5,-36.1
105230,181,-35.9
105240,180.6,-35.6
105250,180.1,-35.4
105260,179.7,-35.1
105270,179.3,-34.9
105280,178.8,-34.7
105290,178.4,-34.4
105300,177.9,-34.2
105310,177.5,-33.9
105320,177,-33.7
105330,176.6,-33.4
105340,176.1,-33.2
105350,175.7,-32.9
105360,175.2,-32.7
105370,174.7,-32.5
105380,174.3,-32.2
105390,173.8,-32
105400,173.3,-31.7
105410,172.9,-31.5
105420,172.4,-31.3
105430,171.9,-31
105440,171.4,-30.8
105450,171,-30.5
105460,170.5,-30.3
105470,170,-30
105480,169.5,-29.8
105490,169,-29.6
105500,168.5,-29.3
105510,168,-29.1
105520,167.5,-28.9
105530,167,-28.6
105540,166.5,-28.4
105550,166,-28.2
105560,165.4,-27.9
105570,164.9,-27.7
105580,164.4,-27.5
105590,163.9,-27.2
105600,163.3,-27
105610,162.8,-26.8
105620,162.2,-26.5
105630,161.7,-26.3
105640,161.1,-26.1
105650,160.6,-25.8
105660,160,-25.6
105670,159.4,-25.4
105680,158.9,-25.2
105690,158.3,-24.9
105700,157.7,-24.7
105710,157.1,-24.5
105720,156.5,-24.3
105730,155.9,-24.1
105740,155.3,-23.8
105750,154.7,-23.6
105760,154.1,-23.4
105770,153.5,-23.2
105780,152.9,-23
105790,152.2,-22.8
105800,151.6,-22.6
105810,151,-22.4
105820,150.3,-22.2
105830,149.6,-22
105840,149,-21.8
105850,148.3,-21.6
105860,147.6,-21.4
105870,147,-21.2
105880,146.3,-21
105890,145.6,-20.8
105900,144.9,-20.6
105910,144.2,-20.4
105920,143.4,-20.2
105930,142.7,-20
105940,142,-19.8
105950,141.3,-19.7
105960,140.5,-19.5
105970,139.8,-19.3
105980,139,-19.1
105990,138.2,-19
106000,137.5,-18.8
106010,136.7,-18.6
106020,135.9,-18.5
106030,135.1,-18.3
106040,134.3,-18.2
106050,133.5,-18
106060,132.7,-17.9
106070,131.9,-17.7
106080,131,-17.6
106090,130.2,-17.5
106100,129.4,-17.3
106110,128.5,-17.2
106120,127.7,-17.1
106130,126.8,-17
106140,125.9,-16.8
106150,125.1,-16.7
106160,124.2,-16.6
106170,123.3,-16.5
106180,122.4,-16.4
106190,121.5,-16.3
106200,120.6,-16.2
106210,119.7,-16.1
106220,118.8,-16.1
106230,117.9,-16
106240,117,-15.9
106250,116,-15.8
106260,115.1,-15.8
106270,114.2,-15.7
106280,113.2,-15.7
106290,112.3,-15.6
106300,111.3,-15.6
106310,110.4,-15.5
106320,109.5,-15.5
106330,108.5,-15.5
106340,107.6,-15.4
106350,106.6,-15.4
106360,105.7,-15.4
106370,104.7,-15.4
106380,103.8,-15.4
106390,102.8,-15.4
106400,101.8,-15.4
106410,100.9,-15.4
106420,99.9,-15.4
106430,99,-15.4
106440,98,-15.5
106450,97.1,-15.5
106460,96.2,-15.5
106470,95.2,-15.6
106480,94.3,-15.6
106490,93.3,-15.7
106500,92.4,-15.7
106510,91.5,-15.8
106520,90.6,-15.9
106530,89.6,-15.9
106540,88.7,-16
106550,87.8,-16.1
106560,86.9,-16.2
106570,86,-16.3
106580,85.1,-16.4
106590,84.2,-16.5
106600,83.3,-16.6
106610,82.5,-16.7
106620,81.6,-16.8
106630,80.7,-16.9
106640,79.9,-17
106650,79,-17.2
106660,78.2,-17.3
106670,77.3,-17.4
106680,76.5,-17.6
106690,75.7,-17.7
106700,74.9,-17.9
106710,74.1,-18
106720,73.3,-18.2
106730,72.5,-18.3
106740,71.7,-18.5
106750,70.9,-18.6
106760,70.1,-18.8
106770,69.4,-19
106780,68.6,-19.1
106790,67.9,-19.3
106800,67.1,-19.5
106810,66.4,-19.7
106820,65.7,-19.9
106830,64.9,-20
106840,64.2,-20.2
106850,63.5,-20.4
106860,62.8,-20.6
106870,62.1,-20.8
106880,61.5,-21
106890,60.8,-21.2
106900,60.1,-21.4
106910,59.5,-21.6
106920,58.8,-21.8
106930,58.2,-22
106940,57.5,-22.2
106950,56.9,-22.5
106960,56.3,-22.7
106970,55.6,-22.9
106980,55,-23.1
106990,54.4,-23.3
107000,53.8,-23.5
107010,53.2,-23.8
107020,52.6,-24
107030,52.1,-24.2
107040,51.5,-24.4
107050,50.9,-24.7
107060,50.3,-24.9
107070,49.8,-25.1
107080,49.2,-25.4
107090,48.7,-25.6
107100,48.1,-25.8
107110,47.6,-26.1
107120,47.1,-26.3
107130,46.6,-26.6
107140,46,-26.8
107150,45.5,-27
107160,45,-27.3
107170,44.5,-27.5
107180,44,-27.8
107190,43.5,-28
107200,43,-28.3
107210,42.5,-28.5
107220,42.1,-28.8
107230,41.6,-29
107240,41.1,-29.3
107250,40.6,-29.5
107260,40.2,-29.8
107270,39.7,-30
107280,39.2,-30.3
107290,38.8,-30.5
107300,38.3,-30.8
107310,37.9,-31
107320,37.5,-31.3
107330,37,-31.5
107340,36.6,-31.8
107350,36.1,-32.1
107360,35.7,-32.3
107370,35.3,-32.6
107380,34.9,-32.8
107390,34.4,-33.1
107400,34,-33.4
107410,33.6,-33.6
107420,33.2,-33.9
107430,32.8,-34.1
107440,32.4,-34.4
107450,32,-34.7
107460,31.6,-34.9
107470,31.2,-35.2
107480,30.8,-35.5
107490,30.4,-35.7
107500,30,-36
107510,29.6,-36.3
107520,29.2,-36.5
107530,28.8,-36.8
107540,28.4,-37.1
107550,28.1,-37.3
107560,27.7,-37.6
107570,27.3,-37.9
107580,26.9,-38.1
107590,26.6,-38.4
107600,26.2,-38.7
107610,25.8,-38.9
107620,25.4,-39.2
107630,25.1,-39.5
107640,24.7,-39.7
107650,24.3,-40
107660,24,-40.3
107670,23.6,-40.5
107680,23.2,-40.8
107690,22.9,-41.1
107700,22.5,-41.3
107710,22.2,-41.6
107720,21.8,-41.9
107730,21.4,-42.2
107740,21.1,-42.4
107750,20.7,-42.7
107760,20.4,-43
107770,20,-43.2
107780,19.6,-43.5
107790,19.3,-43.8
107800,18.9,-44
107810,18.6,-44.3
107820,18.2,-44.6
107830,17.9,-44.9
107840,17.5,-45.1
107850,17.2,-45.4
107860,16.8,-45.7
107870,16.5,-45.9
107880,16.1,-46.2
107890,15.7,-46.5
107900,15.4,-46.7
107910,15,-47
107920,14.7,-47.3
107930,14.3,-47.6
107940,14,-47.8
107950,13.6,-48.1
107960,13.2,-48.4
107970,12.9,-48.6
107980,12.5,-48.9
107990,12.2,-49.2
108000,11.8,-49.4
108010,11.4,-49.7
108020,11.1,-50
108030,10.7,-50.2
108040,10.4,-50.5
108050,10,-50.8
108060,9.6,-51
108070,9.2,-51.3
108080,8.9,-51.6
108090,8.5,-51.8
108100,8.1,-52.1
108110,7.8,-52.4
108120,7.4,-52.6
108130,7,-52.9
108140,6.6,-53.2
108150,6.2,-53.4
108160,5.8,-53.7
108170,5.5,-54
108180,5.1,-54.2
108190,4.7,-54.5
108200,4.3,-54.8
108210,3.9,-55
108220,3.5,-55.3
108230,3.1,-55.5
108240,2.7,-55.8
108250,2.3,-56.1
108260,1.9,-56.3
108270,1.4,-56.6
108280,1,-56.8
108290,0.6,-57.1
108300,0.2,-57.3
108310,359.8,-57.6
108320,359.3,-57.9
108330,358.9,-58.1
108340,358.5,-58.4
108350,358,-58.6
108360,357.6,-58.9
108370,357.1,-59.1
108380,356.7,-59.4
108390,356.2,-59.6
108400,355.7,-59.9
108410,355.3,-60.1
108420,354.8,-60.4
108430,354.3,-60.6
108440,353.8,-60.9
108450,353.4,-61.1
108460,352.9,-61.4
108470,352.4,-61.6
108480,351.9,-61.8
108490,351.3,-62.1
108500,350.8,-62.3
108510,350.3,-62.6
108520,349.8,-62.8
108530,349.2,-63
108540,348.7,-63.3
108550,348.2,-63.5
108560,347.6,-63.7
108570,347,-64
108580,346.5,-64.2
108590,345.9,-64.4
108600,345.3,-64.7
108610,344.7,-64.9
108620,344.1,-65.1
108630,343.5,-65.3
108640,342.9,-65.5
108650,342.3,-65.8
108660,341.6,-66
108670,341,-66.2
108680,340.3,-66.4
108690,339.7,-66.6
108700,339,-66.8
108710,338.3,-67
108720,337.6,-67.2
108730,336.9,-67.4
108740,336.2,-67.6
108750,335.5,-67.8
108760,334.8,-68
108770,334.1,-68.2
108780,333.3,-68.4
108790,332.5,-68.6
108800,331.8,-68.8
108810,331,-69
108820,330.2,-69.1
108830,329.4,-69.3
108840,328.6,-69.5
108850,327.7,-69.7
108860,326.9,-69.8
108870,326,-70
108880,325.2,-70.2
108890,324.3,-70.3
108900,323.4,-70.5
108910,322.5,-70.6
108920,321.6,-70.8
108930,320.7,-70.9
108940,319.8,-71
108950,318.8,-71.2
108960,317.9,-71.3
108970,316.9,-71.4
108980,315.9,-71.5
108990,314.9,-71.7
109000,313.9,-71.8
109010,312.9,-71.9
109020,311.9,-72
109030,310.8,-72.1
109040,309.8,-72.2
109050,308.7,-72.3
109060,307.7,-72.4
109070,306.6,-72.4
109080,305.5,-72.5
109090,304.4,-72.6
109100,303.3,-72.6
109110,302.2,-72.7
109120,301.1,-72.8
109130,300,-72.8
109140,298.9,-72.9
109150,297.8,-72.9
109160,296.6,-72.9
109170,295.5,-73
109180,294.4,-73
109190,293.2,-73
109200,292.1,-73
109210,290.9,-73
109220,289.8,-73
109230,288.7,-73
109240,287.5,-73
109250,286.4,-73
109260,285.2,-72.9
109270,284.1,-72.9
109280,283,-72.9
109290,281.9,-72.8
109300,280.7,-72.8
109310,279.6,-72.7
109320,278.5,-72.7
109330,277.4,-72.6
109340,276.3,-72.6
109350,275.2,-72.5
109360,274.2,-72.4
109370,273.1,-72.3
109380,272,-72.2
109390,271,-72.2
109400,270,-72.1
109410,268.9,-72
109420,267.9,-71.8
109430,266.9,-71.7
109440,265.9,-71.6
109450,264.9,-71.5
109460,263.9,-71.4
109470,263,-71.2
109480,262,-71.1
109490,261.1,-71
109500,260.2,-70.8
109510,259.3,-70.7
109520,258.4,-70.5
109530,257.5,-70.4
109540,256.6,-70.2
109550,255.7,-70.1
109560,254.9,-69.9
109570,254,-69.7
109580,253.2,-69.6
109590,252.4,-69.4
109600,251.6,-69.2
109610,250.8,-69
109620,250,-68.9
109630,249.3,-68.7
109640,248.5,-68.5
109650,247.8,-68.3
109660,247,-68.1
109670,246.3,-67.9
109680,245.6,-67.7
109690,244.9,-67.5
109700,244.2,-67.3
109710,243.5,-67.1
109720,242.9,-66.9
109730,242.2,-66.7
109740,241.5,-66.4
109750,240.9,-66.2
109760,240.3,-66
109770,239.7,-65.8
109780,239,-65.6
109790,238.4,-65.3
109800,237.9,-65.1
109810,237.3,-64.9
109820,236.7,-64.7
109830,236.1,-64.4
109840,235.6,-64.2
109850,235,-64
109860,234.5,-63.7
109870,233.9,-63.5
109880,233.4,-63.2
109890,232.9,-63
109900,232.4,-62.8
109910,231.9,-62.5
109920,231.4,-62.3
109930,230.9,-62
109940,230.4,-61.8
109950,229.9,-61.5
109960,229.4,-61.3
109970,229,-61
109980,228.5,-60.8
109990,228.1,-60.5
110000,227.6,-60.3
110010,227.2,-60
110020,226.7,-59.8
110030,226.3,-59.5
110040,225.9,-59.2
110050,225.4,-59
110060,225,-58.7
110070,224.6,-58.5
110080,224.2,-58.2
110090,223.8,-57.9
110100,223.4,-57.7
110110,223,-57.4
110120,222.6,-57.1
110130,222.2,-56.9
110140,221.9,-56.6
110150,221.5,-56.3
110160,221.1,-56
110170,220.7,-55.8
110180,220.4,-55.5
110190,220,-55.2
110200,219.6,-55
110210,219.3,-54.7
110220,218.9,-54.4
110230,218.6,-54.1
110240,218.2,-53.9
110250,217.9,-53.6
110260,217.5,-53.3
110270,217.2,-53
110280,216.9,-52.8
110290,216.5,-52.5
110300,216.2,-52.2
110310,215.9,-51.9
110320,215.6,-51.6
110330,215.2,-51.4
110340,214.9,-51.1
110350,214.6,-50.8
110360,214.3,-50.5
110370,214,-50.2
110380,213.7,-49.9
110390,213.3,-49.7
110400,213,-49.4
110410,212.7,-49.1
110420,212.4,-48.8
110430,212.1,-48.5
110440,211.8,-48.2
110450,211.5,-47.9
110460,211.2,-47.7
110470,210.9,-47.4
110480,210.6,-47.1
110490,210.3,-46.8
110500,210,-46.5
110510,209.7,-46.2
110520,209.5,-45.9
110530,209.2,-45.6
110540,208.9,-45.3
110550,208.6,-45.1
110560,208.3,-44.8
110570,208,-44.5
110580,207.7,-44.2
110590,207.4,-43.9
110600,207.2,-43.6
110610,206.9,-43.3
110620,206.6,-43
110630,206.3,-42.7
110640,206,-42.4
110650,205.7,-42.1
110660,205.5,-41.8
110670,205.2,-41.5
110680,204.9,-41.2
110690,204.6,-40.9
110700,204.3,-40.6
110710,204.1,-40.4
110720,203.8,-40.1
110730,203.5,-39.8
110740,203.2,-39.5
110750,202.9,-39.2
110760,202.7,-38.9
110770,202.4,-38.6
110780,202.1,-38.3
110790,201.8,-38
110800,201.5,-37.7
110810,201.2,-37.4
110820,201,-37.1
110830,200.7,-36.8
110840,200.4,-36.5
110850,200.1,-36.2
110860,199.8,-35.9
110870,199.5,-35.6
110880,199.2,-35.3
110890,198.9,-35
110900,198.7,-34.7
110910,198.4,-34.4
110920,198.1,-34.1
110930,197.8,-33.8
110940,197.5,-33.5
110950,197.2,-33.2
110960,196.9,-32.9
110970,196.6,-32.6
110980,196.3,-32.3
110990,196,-32
111000,195.7,-31.7
111010,195.4,-31.4
111020,195,-31.1
111030,194.7,-30.8
111040,194.4,-30.5
111050,194.1,-30.2
111060,193.8,-29.8
111070,193.5,-29.5
111080,193.1,-29.2
111090,192.8,-28.9
111100,192.5,-28.6
111110,192.1,-28.3
111120,191.8,-28
111130,191.5,-27.7
111140,191.1,-27.4
111150,190.8,-27.1
111160,190.4,-26.8
111170,190.1,-26.5
111180,189.7,-26.2
111190,189.3,-25.9
111200,189,-25.6
111210,188.6,-25.3
111220,188.2,-25
111230,187.9,-24.7
111240,187.5,-24.4
111250,187.1,-24.1
111260,186.7,-23.7
111270,186.3,-23.4
111280,185.9,-23.1
111290,185.5,-22.8
111300,185.1,-22.5
111310,184.6,-22.2
111320,184.2,-21.9
111330,183.8,-21.6
111340,183.4,-21.3
111350,182.9,-21
111360,182.5,-20.7
111370,182,-20.4
111380,181.5,-20.1
111390,181.1,-19.8
111400,180.6,-19.5
111410,180.1,-19.2
111420,179.6,-18.9
111430,179.1,-18.6
111440,178.6,-18.2
111450,178,-17.9
111460,177.5,-17.6
111470,177,-17.3
111480,176.4,-17
111490,175.9,-16.7
111500,175.3,-16.4
111510,174.7,-16.1
111520,174.1,-15.8
111530,173.5,-15.5
111540,172.9,-15.2
111550,172.3,-14.9
111560,171.6,-14.6
111570,171,-14.3
111580,170.3,-14
111590,169.6,-13.7
111600,168.9,-13.4
111610,168.2,-13.2
111620,167.5,-12.9
111630,166.7,-12.6
111640,166,-12.3
111650,165.2,-12
111660,164.4,-11.7
111670,163.6,-11.4
111680,162.8,-11.1
111690,161.9,-10.9
111700,161.1,-10.6
111710,160.2,-10.3
111720,159.3,-10
111730,158.4,-9.8
111740,157.4,-9.5
111750,156.5,-9.2
111760,155.5,-9
111770,154.5,-8.7
111780,153.5,-8.5
111790,152.5,-8.2
111800,151.4,-8
111810,150.3,-7.8
111820,149.2,-7.5
111830,148.1,-7.3
111840,146.9,-7.1
111850,145.8,-6.9
111860,144.6,-6.7
111870,143.4,-6.5
111880,142.1,-6.3
111890,140.9,-6.1
111900,139.6,-5.9
111910,138.3,-5.7
111920,137,-5.6
111930,135.7,-5.4
111940,134.3,-5.3
111950,133,-5.1
111960,131.6,-5
111970,130.2,-4.9
111980,128.8,-4.8
111990,127.4,-4.7
112000,125.9,-4.6
112010,124.5,-4.6
112020,123,-4.5
112030,121.6,-4.5
112040,120.1,-4.4
112050,118.7,-4.4
112060,117.2,-4.4
112070,115.8,-4.4
112080,114.3,-4.5
112090,112.8,-4.5
112100,111.4,-4.5
112110,109.9,-4.6
112120,108.5,-4.6
112130,107.1,-4.7
112140,105.7,-4.8
112150,104.3,-4.9
112160,102.9,-5
112170,101.5,-5.1
112180,100.1,-5.3
112190,98.8,-5.4
112200,97.5,-5.6
112210,96.2,-5.7
112220,94.9,-5.9
112230,93.6,-6.1
112240,92.4,-6.3
112250,91.2,-6.5
112260,90,-6.7
112270,88.8,-6.9
112280,87.6,-7.1
112290,86.5,-7.3
112300,85.4,-7.5
112310,84.3,-7.8
112320,83.2,-8
112330,82.1,-8.3
112340,81.1,-8.5
112350,80.1,-8.8
112360,79.1,-9
112370,78.2,-9.3
112380,77.2,-9.5
112390,76.3,-9.8
112400,75.4,-10.1
112410,74.5,-10.3
112420,73.6,-10.6
112430,72.8,-10.9
112440,72,-11.2
112450,71.2,-11.5
112460,70.4,-11.8
112470,69.6,-12
112480,68.8,-12.3
112490,68.1,-12.6
112500,67.4,-12.9
112510,66.7,-13.2
112520,66,-13.5
112530,65.3,-13.8
112540,64.6,-14.1
112550,64,-14.4
112560,63.3,-14.7
112570,62.7,-15
112580,62.1,-15.3
112590,61.5,-15.6
112600,60.9,-15.9
112610,60.4,-16.2
112620,59.8,-16.5
112630,59.3,-16.8
112640,58.7,-17.1
112650,58.2,-17.5
112660,57.7,-17.8
112670,57.2,-18.1
112680,56.7,-18.4
112690,56.2,-18.7
112700,55.7,-19
112710,55.2,-19.3
112720,54.8,-19.6
112730,54.3,-19.9
112740,53.9,-20.2
112750,53.4,-20.6
112760,53,-20.9
112770,52.6,-21.2
112780,52.2,-21.5
112790,51.8,-21.8
112800,51.4,-22.1
112810,51,-22.4
112820,50.6,-22.7
112830,50.2,-23.1
112840,49.8,-23.4
112850,49.5,-23.7
112860,49.1,-24
112870,48.7,-24.3
112880,48.4,-24.6
112890,48,-24.9
112900,47.7,-25.2
112910,47.4,-25.6
112920,47,-25.9
112930,46.7,-26.2
112940,46.4,-26.5
112950,46.1,-26.8
112960,45.7,-27.1
112970,45.4,-27.4
112980,45.1,-27.8
112990,44.8,-28.1
113000,44.5,-28.4
113010,44.2,-28.7
113020,43.9,-29
113030,43.6,-29.3
113040,43.4,-29.6
113050,43.1,-29.9
113060,42.8,-30.3
113070,42.5,-30.6
113080,42.3,-30.9
113090,42,-31.2
113100,41.7,-31.5
113110,41.5,-31.8
113120,41.2,-32.1
113130,40.9,-32.5
113140,40.7,-32.8
113150,40.4,-33.1
113160,40.2,-33.4
113170,39.9,-33.7
113180,39.7,-34
113190,39.4,-34.3
113200,39.2,-34.6
113210,39,-35
113220,38.7,-35.3
113230,38.5,-35.6
113240,38.2,-35.9
113250,38,-36.2
113260,37.8,-36.5
113270,37.6,-36.8
113280,37.3,-37.1
113290,37.1,-37.5
113300,36.9,-37.8
113310,36.7,-38.1
113320,36.4,-38.4
113330,36.2,-38.7
113340,36,-39
113350,35.8,-39.3
113360,35.6,-39.6
113370,35.3,-40
113380,35.1,-40.3
113390,34.9,-40.6
113400,34.7,-40.9
113410,34.5,-41.2
113420,34.3,-41.5
113430,34.1,-41.8
113440,33.8,-42.1
113450,33.6,-42.4
113460,33.4,-42.8
113470,33.2,-43.1
113480,33,-43.4
113490,32.8,-43.7
113500,32.6,-44
113510,32.4,-44.3
113520,32.2,-44.6
113530,32,-44.9
113540,31.8,-45.2
113550,31.6,-45.6
113560,31.4,-45.9
113570,31.2,-46.2
113580,30.9,-46.5
113590,30.7,-46.8
113600,30.5,-47.1
113610,30.3,-47.4
113620,30.1,-47.7
113630,29.9,-48
113640,29.7,-48.3
113650,29.5,-48.7
113660,29.3,-49
113670,29.1,-49.3
113680,28.9,-49.6
113690,28.7,-49.9
113700,28.5,-50.2
113710,28.3,-50.5
113720,28,-50.8
113730,27.8,-51.1
113740,27.6,-51.4
113750,27.4,-51.7
113760,27.2,-52
113770,27,-52.4
113780,26.8,-52.7
113790,26.5,-53
113800,26.3,-53.3
113810,26.1,-53.6
113820,25.9,-53.9
113830,25.7,-54.2
113840,25.4,-54.5
113850,25.2,-54.8
113860,25,-55.1
113870,24.8,-55.4
113880,24.5,-55.7
113890,24.3,-56
113900,24.1,-56.3
113910,23.8,-56.6
113920,23.6,-56.9
113930,23.4,-57.2
113940,23.1,-57.6
113950,22.9,-57.9
113960,22.6,-58.2
113970,22.4,-58.5
113980,22.1,-58.8
113990,21.9,-59.1
114000,21.6,-59.4
114010,21.3,-59.7
114020,21.1,-60
114030,20.8,-60.3
114040,20.5,-60.6
114050,20.3,-60.9
114060,20,-61.2
114070,19.7,-61.5
114080,19.4,-61.8
114090,19.1,-62.1
114100,18.8,-62.4
114110,18.5,-62.7
114120,18.2,-63
114130,17.9,-63.3
114140,17.6,-63.6
114150,17.3,-63.9
114160,17,-64.2
114170,16.7,-64.5
114180,16.3,-64.7
114190,16,-65
114200,15.7,-65.3
114210,15.3,-65.6
114220,14.9,-65.9
114230,14.6,-66.2
114240,14.2,-66.5
114250,13.8,-66.8
114260,13.5,-67.1
114270,13.1,-67.4
114280,12.7,-67.7
114290,12.2,-68
114300,11.8,-68.2
114310,11.4,-68.5
114320,11,-68.8
114330,10.5,-69.1
114340,10.1,-69.4
114350,9.6,-69.7
114360,9.1,-69.9
114370,8.6,-70.2
114380,8.1,-70.5
114390,7.6,-70.8
114400,7.1,-71.1
114410,6.5,-71.3
114420,6,-71.6
114430,5.4,-71.9
114440,4.8,-72.1
114450,4.2,-72.4
114460,3.6,-72.7
114470,3,-72.9
114480,2.3,-73.2
114490,1.7,-73.5
114500,1,-73.7
114510,0.2,-74
114520,359.5,-74.2
114530,358.8,-74.5
114540,358,-74.8
114550,357.2,-75
114560,356.4,-75.2
114570,355.5,-75.5
114580,354.6,-75.7
114590,353.7,-76
114600,352.8,-76.2
114610,351.8,-76.4
114620,350.8,-76.7
114630,349.8,-76.9
114640,348.7,-77.1
114650,347.6,-77.3
114660,346.5,-77.5
114670,345.3,-77.7
114680,344.1,-77.9
114690,342.9,-78.1
114700,341.6,-78.3
114710,340.2,-78.5
114720,338.9,-78.7
114730,337.5,-78.9
114740,336,-79
114750,334.5,-79.2
114760,333,-79.3
114770,331.4,-79.5
114780,329.8,-79.6
114790,328.1,-79.7
114800,326.4,-79.9
114810,324.7,-80
114820,322.9,-80.1
114830,321.1,-80.2
114840,319.3,-80.3
114850,317.4,-80.3
114860,315.5,-80.4
114870,313.6,-80.5
114880,311.6,-80.5
114890,309.7,-80.5
114900,307.7,-80.6
114910,305.7,-80.6
114920,303.8,-80.6
114930,301.8,-80.6
114940,299.8,-80.5
114950,297.9,-80.5
114960,295.9,-80.5
114970,294,-80.4
114980,292.1,-80.4
114990,290.2,-80.3
115000,288.4,-80.2
115010,286.5,-80.1
115020,284.8,-80
115030,283,-79.9
115040,281.3,-79.8
115050,279.6,-79.7
115060,278,-79.5
115070,276.4,-79.4
115080,274.9,-79.2
115090,273.4,-79.1
115100,271.9,-78.9
115110,270.5,-78.7
115120,269.1,-78.6
115130,267.8,-78.4
115140,266.5,-78.2
115150,265.2,-78
115160,264,-77.8
115170,262.9,-77.6
115180,261.7,-77.4
115190,260.6,-77.2
115200,259.6,-76.9
115210,258.5,-76.7
115220,257.5,-76.5
115230,256.6,-76.3
115240,255.6,-76
115250,254.7,-75.8
115260,253.8,-75.5
115270,253,-75.3
115280,252.2,-75.1
115290,251.4,-74.8
115300,250.6,-74.6
115310,249.9,-74.3
115320,249.1,-74
115330,248.4,-73.8
115340,247.7,-73.5
115350,247.1,-73.3
115360,246.4,-73
115370,245.8,-72.7
115380,245.2,-72.5
115390,244.6,-72.2
115400,244,-71.9
115410,243.5,-71.6
115420,242.9,-71.4
115430,242.4,-71.1
115440,241.9,-70.8
115450,241.4,-70.5
115460,240.9,-70.3
115470,240.4,-70
115480,240,-69.7
115490,239.5,-69.4
115500,239.1,-69.1
115510,238.7,-68.8
115520,238.3,-68.5
115530,237.8,-68.3
115540,237.4,-68
115550,237.1,-67.7
115560,236.7,-67.4
115570,236.3,-67.1
115580,235.9,-66.8
115590,235.6,-66.5
115600,235.2,-66.2
115610,234.9,-65.9
115620,234.6,-65.6
115630,234.3,-65.3
115640,233.9,-65
115650,233.6,-64.7
115660,233.3,-64.4
115670,233,-64.1
115680,232.7,-63.8
115690,232.4,-63.5
115700,232.2,-63.2
115710,231.9,-62.9
115720,231.6,-62.6
115730,231.3,-62.3
115740,231.1,-62
115750,230.8,-61.7
115760,230.6,-61.4
115770,230.3,-61.1
115780,230.1,-60.8
115790,229.8,-60.5
115800,229.6,-60.2
115810,229.4,-59.9
115820,229.2,-59.6
115830,228.9,-59.3
115840,228.7,-59
115850,228.5,-58.7
115860,228.3,-58.4
115870,228.1,-58.1
115880,227.9,-57.7
115890,227.7,-57.4
115900,227.4,-57.1
115910,227.3,-56.8
115920,227.1,-56.5
115930,226.9,-56.2
115940,226.7,-55.9
115950,226.5,-55.6
115960,226.3,-55.3
115970,226.1,-55
115980,225.9,-54.6
115990,225.8,-54.3
116000,225.6,-54
116010,225.4,-53.7
116020,225.2,-53.4
116030,225.1,-53.1
116040,224.9,-52.8
116050,224.7,-52.5
116060,224.6,-52.1
116070,224.4,-51.8
116080,224.2,-51.5
116090,224.1,-51.2
116100,223.9,-50.9
116110,223.7,-50.6
116120,223.6,-50.3
116130,223.4,-49.9
116140,223.3,-49.6
116150,223.1,-49.3
116160,223,-49
116170,222.8,-48.7
116180,222.7,-48.4
116190,222.5,-48
116200,222.4,-47.7
116210,222.2,-47.4
116220,222.1,-47.1
116230,222,-46.8
116240,221.8,-46.4
116250,221.7,-46.1
116260,221.5,-45.8
116270,221.4,-45.5
116280,221.3,-45.2
116290,221.1,-44.8
116300,221,-44.5
116310,220.8,-44.2
116320,220.7,-43.9
116330,220.6,-43.6
116340,220.4,-43.2
116350,220.3,-42.9
116360,220.2,-42.6
116370,220,-42.3
116380,219.9,-42
116390,219.8,-41.6
116400,219.6,-41.3
116410,219.5,-41
116420,219.4,-40.7
116430,219.2,-40.3
116440,219.1,-40
116450,219,-39.7
116460,218.8,-39.4
116470,218.7,-39
116480,218.6,-38.7
116490,218.4,-38.4
116500,218.3,-38.1
116510,218.2,-37.7
116520,218,-37.4
116530,217.9,-37.1
116540,217.8,-36.7
116550,217.7,-36.4
116560,217.5,-36.1
116570,217.4,-35.8
116580,217.3,-35.4
116590,217.1,-35.1
116600,217,-34.8
116610,216.9,-34.4
116620,216.7,-34.1
116630,216.6,-33.8
116640,216.4,-33.5
116650,216.3,-33.1
116660,216.2,-32.8
116670,216,-32.5
116680,215.9,-32.1
116690,215.8,-31.8
116700,215.6,-31.5
116710,215.5,-31.1
116720,215.3,-30.8
116730,215.2,-30.5
116740,215,-30.1
116750,214.9,-29.8
116760,214.8,-29.4
116770,214.6,-29.1
116780,214.5,-28.8
116790,214.3,-28.4
116800,214.2,-28.1
116810,214,-27.8
116820,213.8,-27.4
116830,213.7,-27.1
116840,213.5,-26.7
116850,213.4,-26.4
116860,213.2,-26
116870,213,-25.7
116880,212.9,-25.4
116890,212.7,-25
116900,212.5,-24.7
116910,212.4,-24.3
116920,212.2,-24
116930,212,-23.6
116940,211.8,-23.3
116950,211.6,-22.9
116960,211.5,-22.6
116970,211.3,-22.2
116980,211.1,-21.9
116990,210.9,-21.5
117000,210.7,-21.2
117010,210.5,-20.8
117020,210.3,-20.5
117030,210.1,-20.1
117040,209.9,-19.8
117050,209.6,-19.4
117060,209.4,-19
117070,209.2,-18.7
117080,209,-18.3
117090,208.7,-17.9
117100,208.5,-17.6
117110,208.2,-17.2
117120,208,-16.8
117130,207.7,-16.5
117140,207.5,-16.1
117150,207.2,-15.7
117160,206.9,-15.4
117170,206.6,-15
117180,206.3,-14.6
117190,206,-14.2
117200,205.7,-13.8
117210,205.4,-13.5
117220,205.1,-13.1
117230,204.8,-12.7
117240,204.4,-12.3
117250,204.1,-11.9
117260,203.7,-11.5
117270,203.3,-11.1
117280,202.9,-10.7
117290,202.5,-10.3
117300,202.1,-9.9
117310,201.7,-9.5
117320,201.3,-9.1
117330,200.8,-8.7
117340,200.3,-8.2
117350,199.9,-7.8
117360,199.3,-7.4
117370,198.8,-7
117380,198.3,-6.5
117390,197.7,-6.1
117400,197.1,-5.6
117410,196.5,-5.2
117420,195.9,-4.7
117430,195.2,-4.3
117440,194.5,-3.8
117450,193.8,-3.4
117460,193,-2.9
117470,192.2,-2.4
117480,191.4,-1.9
117490,190.5,-1.4
117500,189.6,-0.9
117510,188.6,-0.4
117520,187.6,0.1
117530,186.6,0.6
117540,185.5,1.1
117550,184.3,1.7
117560,183.1,2.2
117570,181.8,2.7
117580,180.4,3.3
117590,179,3.8
117600,177.5,4.4
117610,175.9,4.9
117620,174.2,5.5
117630,172.4,6
117640,170.5,6.6
117650,168.5,7.1
117660,166.5,7.7
117670,164.3,8.2
117680,162,8.7
117690,159.6,9.2
117700,157.1,9.7
117710,154.5,10.1
117720,151.7,10.5
117730,148.9,10.8
117740,146,11.2
117750,143.1,11.4
117760,140,11.6
117770,137,11.7
117780,133.9,11.8
117790,130.8,11.8
117800,127.7,11.8
117810,124.6,11.7
117820,121.5,11.5
117830,118.6,11.2
117840,115.6,10.9
117850,112.8,10.6
117860,110.1,10.2
117870,107.4,9.8
117880,104.9,9.3
117890,102.5,8.9
117900,100.2,8.4
117910,98,7.8
117920,95.9,7.3
117930,93.9,6.8
117940,92,6.2
117950,90.2,5.7
117960,88.5,5.1
117970,86.9,4.5
117980,85.3,4
117990,83.9,3.4
118000,82.5,2.9
118010,81.2,2.4
118020,80,1.8
118030,78.8,1.3
118040,77.7,0.8
118050,76.6,0.3
118060,75.6,-0.3
118070,74.6,-0.8
118080,73.7,-1.3
118090,72.9,-1.8
118100,72,-2.2
118110,71.2,-2.7
118120,70.5,-3.2
118130,69.7,-3.7
118140,69.1,-4.1
118150,68.4,-4.6
118160,67.8,-5
118170,67.2,-5.5
118180,66.6,-5.9
118190,66,-6.4
118200,65.5,-6.8
118210,65,-7.2
118220,64.5,-7.7
118230,64,-8.1
118240,63.5,-8.5
118250,63.1,-8.9
118260,62.6,-9.4
118270,62.2,-9.8
118280,61.8,-10.2
118290,61.4,-10.6
118300,61.1,-11
118310,60.7,-11.4
118320,60.4,-11.8
118330,60,-12.2
118340,59.7,-12.6
118350,59.4,-13
118360,59.1,-13.3
118370,58.8,-13.7
118380,58.5,-14.1
118390,58.2,-14.5
118400,57.9,-14.9
118410,57.7,-15.3
118420,57.4,-15.6
118430,57.2,-16
118440,56.9,-16.4
118450,56.7,-16.7
118460,56.5,-17.1
118470,56.2,-17.5
118480,56,-17.9
118490,55.8,-18.2
118500,55.6,-18.6
118510,55.4,-19
118520,55.2,-19.3
118530,55,-19.7
118540,54.8,-20
118550,54.6,-20.4
118560,54.5,-20.8
118570,54.3,-21.1
118580,54.1,-21.5
118590,53.9,-21.8
118600,53.8,-22.2
118610,53.6,-22.5
118620,53.5,-22.9
118630,53.3,-23.2
118640,53.2,-23.6
118650,53,-23.9
118660,52.9,-24.3
118670,52.7,-24.6
118680,52.6,-25
118690,52.5,-25.3
118700,52.3,-25.7
118710,52.2,-26
118720,52.1,-26.4
118730,51.9,-26.7
118740,51.8,-27.1
118750,51.7,-27.4
118760,51.6,-27.7
118770,51.5,-28.1
118780,51.3,-28.4
118790,51.2,-28.8
118800,51.1,-29.1
118810,51,-29.5
118820,50.9,-29.8
118830,50.8,-30.1
118840,50.7,-30.5
118850,50.6,-30.8
118860,50.5,-31.1
118870,50.4,-31.5
118880,50.3,-31.8
118890,50.2,-32.2
118900,50.1,-32.5
118910,50,-32.8
118920,49.9,-33.2
118930,49.8,-33.5
118940,49.7,-33.8
118950,49.7,-34.2
118960,49.6,-34.5
118970,49.5,-34.8
118980,49.4,-35.2
118990,49.3,-35.5
119000,49.2,-35.8
119010,49.1,-36.2
119020,49.1,-36.5
119030,49,-36.8
119040,48.9,-37.2
119050,48.8,-37.5
119060,48.7,-37.8
119070,48.7,-38.2
119080,48.6,-38.5
119090,48.5,-38.8
119100,48.4,-39.2
119110,48.4,-39.5
119120,48.3,-39.8
119130,48.2,-40.2
119140,48.2,-40.5
119150,48.1,-40.8
119160,48,-41.2
119170,47.9,-41.5
119180,47.9,-41.8
119190,47.8,-42.1
119200,47.7,-42.5
119210,47.7,-42.8
119220,47.6,-43.1
119230,47.5,-43.5
119240,47.5,-43.8
119250,47.4,-44.1
119260,47.3,-44.4
119270,47.3,-44.8
119280,47.2,-45.1
119290,47.1,-45.4
119300,47.1,-45.7
119310,47,-46.1
119320,46.9,-46.4
119330,46.9,-46.7
119340,46.8,-47.1
119350,46.8,-47.4
119360,46.7,-47.7
119370,46.6,-48
119380,46.6,-48.4
119390,46.5,-48.7
119400,46.4,-49
119410,46.4,-49.3
119420,46.3,-49.7
119430,46.3,-50
119440,46.2,-50.3
119450,46.1,-50.6
119460,46.1,-51
119470,46,-51.3
119480,45.9,-51.6
119490,45.9,-51.9
119500,45.8,-52.3
119510,45.7,-52.6
119520,45.7,-52.9
119530,45.6,-53.2
119540,45.6,-53.6
119550,45.5,-53.9
119560,45.4,-54.2
119570,45.4,-54.5
119580,45.3,-54.9
119590,45.2,-55.2
119600,45.2,-55.5
119610,45.1,-55.8
119620,45,-56.1
119630,45,-56.5
119640,44.9,-56.8
119650,44.8,-57.1
119660,44.7,-57.4
119670,44.7,-57.8
119680,44.6,-58.1
119690,44.5,-58.4
119700,44.5,-58.7
119710,44.4,-59
119720,44.3,-59.4
119730,44.2,-59.7
119740,44.2,-60
119750,44.1,-60.3
119760,44,-60.7
119770,43.9,-61
119780,43.8,-61.3
119790,43.8,-61.6
119800,43.7,-61.9
119810,43.6,-62.3
119820,43.5,-62.6
119830,43.4,-62.9
119840,43.3,-63.2
119850,43.2,-63.5
119860,43.1,-63.9
119870,43,-64.2
119880,42.9,-64.5
119890,42.9,-64.8
119900,42.8,-65.1
119910,42.6,-65.5
119920,42.5,-65.8
119930,42.4,-66.1
119940,42.3,-66.4
119950,42.2,-66.7
119960,42.1,-67.1
119970,42,-67.4
119980,41.9,-67.7
119990,41.7,-68
120000,41.6,-68.3
120010,41.5,-68.7
120020,41.4,-69
120030,41.2,-69.3
120040,41.1,-69.6
120050,40.9,-69.9
120060,40.8,-70.3
120070,40.6,-70.6
120080,40.5,-70.9
120090,40.3,-71.2
120100,40.1,-71.5
120110,40,-71.8
120120,39.8,-72.2
120130,39.6,-72.5
120140,39.4,-72.8
120150,39.2,-73.1
120160,39,-73.4
120170,38.8,-73.7
120180,38.6,-74.1
120190,38.3,-74.4
120200,38.1,-74.7
120210,37.9,-75
120220,37.6,-75.3
120230,37.3,-75.6
120240,37,-75.9
120250,36.7,-76.3
120260,36.4,-76.6
120270,36.1,-76.9
120280,35.8,-77.2
120290,35.4,-77.5
120300,35,-77.8
120310,34.6,-78.1
120320,34.2,-78.4
120330,33.8,-78.7
120340,33.3,-79
120350,32.8,-79.4
120360,32.3,-79.7
120370,31.8,-80
120380,31.2,-80.3
120390,30.6,-80.6
120400,29.9,-80.9
120410,29.2,-81.2
120420,28.5,-81.5
120430,27.6,-81.8
120440,26.8,-82.1
120450,25.8,-82.4
120460,24.8,-82.7
120470,23.7,-82.9
120480,22.5,-83.2
120490,21.2,-83.5
120500,19.8,-83.8
120510,18.3,-84.1
120520,16.6,-84.3
120530,14.7,-84.6
120540,12.6,-84.9
120550,10.4,-85.1
120560,7.8,-85.4
120570,5.1,-85.6
120580,2,-85.8
120590,358.5,-86
120600,354.8,-86.2
120610,350.6,-86.4
120620,346,-86.5
120630,341.1,-86.7
120640,335.8,-86.8
120650,330.2,-86.8
120660,324.4,-86.9
120670,318.5,-86.9
120680,312.6,-86.9
120690,306.9,-86.8
120700,301.4,-86.7
120710,296.3,-86.6
120720,291.6,-86.5
120730,287.2,-86.3
120740,283.2,-86.1
120750,279.6,-85.9
120760,276.4,-85.7
120770,273.5,-85.5
120780,270.8,-85.2
120790,268.4,-85
120800,266.3,-84.7
120810,264.3,-84.5
120820,262.5,-84.2
120830,260.9,-83.9
120840,259.5,-83.7
120850,258.1,-83.4
120860,256.9,-83.1
120870,255.7,-82.8
120880,254.7,-82.5
120890,253.7,-82.2
120900,252.8,-81.9
120910,252,-81.6
120920,251.2,-81.3
120930,250.5,-81
120940,249.8,-80.7
120950,249.2,-80.4
120960,248.6,-80.1
120970,248,-79.8
120980,247.5,-79.5
120990,247,-79.2
121000,246.6,-78.9
121010,246.1,-78.6
121020,245.7,-78.3
121030,245.3,-78
121040,244.9,-77.7
121050,244.6,-77.3
121060,244.2,-77
121070,243.9,-76.7
121080,243.6,-76.4
121090,243.3,-76.1
121100,243.1,-75.8
121110,242.8,-75.5
121120,242.5,-75.2
121130,242.3,-74.8
121140,242.1,-74.5
121150,241.8,-74.2
121160,241.6,-73.9
121170,241.4,-73.6
121180,241.2,-73.3
121190,241,-72.9
121200,240.9,-72.6
121210,240.7,-72.3
121220,240.5,-72
121230,240.4,-71.7
121240,240.2,-71.4
121250,240.1,-71
121260,239.9,-70.7
121270,239.8,-70.4
121280,239.7,-70.1
121290,239.5,-69.8
121300,239.4,-69.5
121310,239.3,-69.1
121320,239.2,-68.8
121330,239.1,-68.5
121340,238.9,-68.2
121350,238.8,-67.9
121360,238.7,-67.6
121370,238.6,-67.2
121380,238.6,-66.9
121390,238.5,-66.6
121400,238.4,-66.3
121410,238.3,-66
121420,238.2,-65.6
121430,238.1,-65.3
121440,238.1,-65
121450,238,-64.7
121460,237.9,-64.4
121470,237.8,-64
121480,237.8,-63.7
121490,237.7,-63.4
121500,237.6,-63.1
121510,237.6,-62.8
121520,237.5,-62.4
121530,237.5,-62.1
121540,237.4,-61.8
121550,237.3,-61.5
121560,237.3,-61.1
121570,237.2,-60.8
121580,237.2,-60.5
121590,237.1,-60.2
121600,237.1,-59.9
121610,237,-59.5
121620,237,-59.2
121630,237,-58.9
121640,236.9,-58.6
121650,236.9,-58.3
121660,236.8,-57.9
121670,236.8,-57.6
121680,236.8,-57.3
121690,236.7,-57
121700,236.7,-56.6
121710,236.7,-56.3
121720,236.6,-56
121730,236.6,-55.7
121740,236.6,-55.3
121750,236.5,-55
121760,236.5,-54.7
121770,236.5,-54.4
121780,236.4,-54
121790,236.4,-53.7
121800,236.4,-53.4
121810,236.4,-53.1
121820,236.3,-52.8
121830,236.3,-52.4
121840,236.3,-52.1
121850,236.3,-51.8
121860,236.3,-51.5
121870,236.2,-51.1
121880,236.2,-50.8
121890,236.2,-50.5
121900,236.2,-50.2
121910,236.2,-49.8
121920,236.1,-49.5
121930,236.1,-49.2
121940,236.1,-48.8
121950,236.1,-48.5
121960,236.1,-48.2
121970,236.1,-47.9
121980,236.1,-47.5
121990,236,-47.2
122000,236,-46.9
122010,236,-46.6
122020,236,-46.2
122030,236,-45.9
122040,236,-45.6
122050,236,-45.2
122060,236,-44.9
122070,236,-44.6
122080,235.9,-44.3
122090,235.9,-43.9
122100,235.9,-43.6
122110,235.9,-43.3
122120,235.9,-42.9
122130,235.9,-42.6
122140,235.9,-42.3
122150,235.9,-41.9
122160,235.9,-41.6
122170,235.9,-41.3
122180,235.9,-41
122190,235.9,-40.6
122200,235.9,-40.3
122210,235.9,-40
122220,235.9,-39.6
122230,235.9,-39.3
122240,235.9,-39
122250,235.9,-38.6
122260,235.9,-38.3
122270,235.8,-38
122280,235.8,-37.6
122290,235.8,-37.3
122300,235.8,-37
122310,235.8,-36.6
122320,235.8,-36.3
122330,235.8,-36
122340,235.8,-35.6
122350,235.8,-35.3
122360,235.8,-34.9
122370,235.8,-34.6
122380,235.8,-34.3
122390,235.8,-33.9
122400,235.8,-33.6
122410,235.8,-33.3
122420,235.8,-32.9
122430,235.8,-32.6
122440,235.8,-32.2
122450,235.8,-31.9
122460,235.8,-31.5
122470,235.8,-31.2
122480,235.9,-30.9
122490,235.9,-30.5
122500,235.9,-30.2
122510,235.9,-29.8
122520,235.9,-29.5
122530,235.9,-29.1
122540,235.9,-28.8
122550,235.9,-28.5
122560,235.9,-28.1
122570,235.9,-27.8
122580,235.9,-27.4
122590,235.9,-27.1
122600,235.9,-26.7
122610,235.9,-26.4
122620,235.9,-26
122630,235.9,-25.7
122640,235.9,-25.3
122650,235.9,-24.9
122660,235.9,-24.6
122670,235.9,-24.2
122680,235.9,-23.9
122690,235.9,-23.5
122700,235.9,-23.2
122710,235.9,-22.8
122720,235.9,-22.4
122730,235.9,-22.1
122740,235.9,-21.7
122750,235.9,-21.4
122760,235.9,-21
122770,235.9,-20.6
122780,235.9,-20.3
122790,235.9,-19.9
122800,235.9,-19.5
122810,235.9,-19.1
122820,235.9,-18.8
122830,235.9,-18.4
122840,235.9,-18
122850,235.9,-17.6
122860,235.9,-17.3
122870,235.9,-16.9
122880,235.9,-16.5
122890,235.9,-16.1
122900,235.9,-15.7
122910,235.9,-15.3
122920,235.9,-14.9
122930,235.9,-14.5
122940,235.9,-14.1
122950,235.9,-13.7
122960,235.9,-13.3
122970,235.9,-12.9
122980,235.9,-12.5
122990,235.9,-12.1
123000,235.9,-11.7
123010,235.9,-11.3
123020,235.9,-10.8
123030,235.9,-10.4
123040,235.9,-10
123050,235.9,-9.5
123060,235.8,-9.1
123070,235.8,-8.6
123080,235.8,-8.2
123090,235.8,-7.7
123100,235.8,-7.3
123110,235.8,-6.8
123120,235.7,-6.3
123130,235.7,-5.8
123140,235.7,-5.3
123150,235.7,-4.8
123160,235.6,-4.3
123170,235.6,-3.8
123180,235.6,-3.2
123190,235.5,-2.7
123200,235.5,-2.1
123210,235.5,-1.6
123220,235.4,-1
123230,235.4,-0.4
123240,235.3,0.2
123250,235.3,0.9
123260,235.2,1.5
123270,235.1,2.2
123280,235,2.9
123290,235,3.6
123300,234.9,4.4
123310,234.8,5.2
123320,234.7,6
123330,234.5,6.9
123340,234.4,7.8
123350,234.3,8.8
123360,234.1,9.9
123370,233.9,11
123380,233.7,12.1
123390,233.5,13.4
123400,233.2,14.8
123410,232.9,16.3
123420,232.6,17.9
123430,232.1,19.8
123440,231.7,21.8
123450,231.1,24
123460,230.4,26.5
123470,229.6,29.4
123480,228.6,32.7
123490,227.3,36.4
123500,225.6,40.8
123510,223.2,45.8
123520,219.9,51.6
123530,214.7,58.1
123540,205.8,65.2
123550,189,71.9
123560,157,75.9
123570,119.6,74.1
123580,97.1,68.1
123590,85.7,61.1
123600,79.3,54.3
123610,75.3,48.2
123620,72.6,42.8
123630,70.6,38.2
123640,69.2,34.2
123650,68.1,30.7
123660,67.2,27.7
123670,66.4,25.1
123680,65.8,22.7
123690,65.3,20.6
123700,64.9,18.7
123710,64.5,17
123720,64.2,15.4
123730,63.9,14
123740,63.7,12.7
123750,63.5,11.5
123760,63.3,10.3
123770,63.1,9.3
123780,63,8.3
123790,62.8,7.3
123800,62.7,6.4
123810,62.6,5.6
123820,62.5,4.8
123830,62.4,4
123840,62.3,3.3
123850,62.3,2.5
123860,62.2,1.8
123870,62.1,1.2
123880,62.1,0.5
123890,62,-0.1
123900,62,-0.7
123910,61.9,-1.3
123920,61.9,-1.9
123930,61.9,-2.4
123940,61.9,-3
123950,61.8,-3.5
123960,61.8,-4
123970,61.8,-4.6
123980,61.8,-5.1
123990,61.8,-5.6
124000,61.7,-6.1
124010,61.7,-6.5
124020,61.7,-7
124030,61.7,-7.5
124040,61.7,-7.9
124050,61.7,-8.4
124060,61.7,-8.9
124070,61.7,-9.3
124080,61.7,-9.7
124090,61.7,-10.2
124100,61.7,-10.6
124110,61.7,-11
124120,61.7,-11.5
124130,61.7,-11.9
124140,61.7,-12.3
124150,61.7,-12.7
124160,61.8,-13.1
124170,61.8,-13.5
124180,61.8,-13.9
124190,61.8,-14.3
124200,61.8,-14.7
124210,61.8,-15.1
124220,61.8,-15.5
124230,61.8,-15.9
124240,61.9,-16.3
124250,61.9,-16.7
124260,61.9,-17.1
124270,61.9,-17.4
124280,61.9,-17.8
124290,62,-18.2
124300,62,-18.6
124310,62,-18.9
124320,62,-19.3
124330,62,-19.7
124340,62.1,-20.1
124350,62.1,-20.4
124360,62.1,-20.8
124370,62.1,-21.2
124380,62.1,-21.5
124390,62.2,-21.9
124400,62.2,-22.2
124410,62.2,-22.6
124420,62.2,-23
124430,62.3,-23.3
124440,62.3,-23.7
124450,62.3,-24
124460,62.3,-24.4
124470,62.4,-24.7
124480,62.4,-25.1
124490,62.4,-25.5
124500,62.4,-25.8
124510,62.5,-26.2
124520,62.5,-26.5
124530,62.5,-26.9
124540,62.6,-27.2
124550,62.6,-27.6
124560,62.6,-27.9
124570,62.6,-28.3
124580,62.7,-28.6
124590,62.7,-28.9
124600,62.7,-29.3
124610,62.8,-29.6
124620,62.8,-30
124630,62.8,-30.3
124640,62.9,-30.7
124650,62.9,-31
124660,62.9,-31.4
124670,63,-31.7
124680,63,-32
124690,63,-32.4
124700,63.1,-32.7
124710,63.1,-33.1
124720,63.1,-33.4
124730,63.2,-33.7
124740,63.2,-34.1
124750,63.2,-34.4
124760,63.3,-34.7
124770,63.3,-35.1
124780,63.3,-35.4
124790,63.4,-35.8
124800,63.4,-36.1
124810,63.4,-36.4
124820,63.5,-36.8
124830,63.5,-37.1
124840,63.5,-37.4
124850,63.6,-37.8
124860,63.6,-38.1
124870,63.7,-38.4
124880,63.7,-38.8
124890,63.7,-39.1
124900,63.8,-39.4
124910,63.8,-39.8
124920,63.8,-40.1
124930,63.9,-40.4
124940,63.9,-40.8
124950,64,-41.1
124960,64,-41.4
124970,64,-41.8
124980,64.1,-42.1
124990,64.1,-42.4
125000,64.2,-42.7
125010,64.2,-43.1
125020,64.2,-43.4
125030,64.3,-43.7
125040,64.3,-44.1
125050,64.4,-44.4
125060,64.4,-44.7
125070,64.5,-45
125080,64.5,-45.4
125090,64.5,-45.7
125100,64.6,-46
125110,64.6,-46.4
125120,64.7,-46.7
125130,64.7,-47
125140,64.8,-47.3
125150,64.8,-47.7
125160,64.9,-48
125170,64.9,-48.3
125180,64.9,-48.7
125190,65,-49
125200,65,-49.3
125210,65.1,-49.6
125220,65.1,-50
125230,65.2,-50.3
125240,65.2,-50.6
125250,65.3,-50.9
125260,65.3,-51.3
125270,65.4,-51.6
125280,65.4,-51.9
125290,65.5,-52.2
125300,65.5,-52.6
125310,65.6,-52.9
125320,65.6,-53.2
125330,65.7,-53.5
125340,65.7,-53.9
125350,65.8,-54.2
125360,65.8,-54.5
125370,65.9,-54.8
125380,65.9,-55.2
125390,66,-55.5
125400,66,-55.8
125410,66.1,-56.1
125420,66.1,-56.5
125430,66.2,-56.8
125440,66.3,-57.1
125450,66.3,-57.4
125460,66.4,-57.7
125470,66.4,-58.1
125480,66.5,-58.4
125490,66.5,-58.7
125500,66.6,-59
125510,66.7,-59.4
125520,66.7,-59.7
125530,66.8,-60
125540,66.9,-60.3
125550,66.9,-60.6
125560,67,-61
125570,67,-61.3
125580,67.1,-61.6
125590,67.2,-61.9
125600,67.2,-62.3
125610,67.3,-62.6
125620,67.4,-62.9
125630,67.4,-63.2
125640,67.5,-63.5
125650,67.6,-63.9
125660,67.7,-64.2
125670,67.7,-64.5
125680,67.8,-64.8
125690,67.9,-65.1
125700,67.9,-65.5
125710,68,-65.8
125720,68.1,-66.1
125730,68.2,-66.4
125740,68.3,-66.8
125750,68.3,-67.1
125760,68.4,-67.4
125770,68.5,-67.7
125780,68.6,-68
125790,68.7,-68.4
125800,68.8,-68.7
125810,68.9,-69
125820,69,-69.3
125830,69,-69.6
125840,69.1,-70
125850,69.2,-70.3
125860,69.3,-70.6
125870,69.4,-70.9
125880,69.5,-71.2
125890,69.7,-71.6
125900,69.8,-71.9
125910,69.9,-72.2
125920,70,-72.5
125930,70.1,-72.8
125940,70.2,-73.1
125950,70.3,-73.5
125960,70.5,-73.8
125970,70.6,-74.1
125980,70.7,-74.4
125990,70.9,-74.7
126000,71,-75.1
126010,71.2,-75.4
126020,71.3,-75.7
126030,71.5,-76
126040,71.6,-76.3
126050,71.8,-76.7
126060,72,-77
126070,72.2,-77.3
126080,72.4,-77.6
126090,72.6,-77.9
126100,72.8,-78.2
126110,73,-78.6
126120,73.2,-78.9
126130,73.4,-79.2
126140,73.7,-79.5
126150,74,-79.8
126160,74.2,-80.1
126170,74.5,-80.5
126180,74.8,-80.8
126190,75.2,-81.1
126200,75.5,-81.4
126210,75.9,-81.7
126220,76.3,-82
126230,76.7,-82.4
126240,77.2,-82.7
126250,77.7,-83
126260,78.2,-83.3
126270,78.8,-83.6
126280,79.5,-83.9
126290,80.2,-84.2
126300,81,-84.5
126310,81.9,-84.8
126320,82.9,-85.2
126330,84,-85.5
126340,85.3,-85.8
126350,86.8,-86.1
126360,88.5,-86.4
126370,90.5,-86.7
126380,92.8,-87
126390,95.7,-87.2
126400,99.2,-87.5
126410,103.6,-87.8
126420,109.1,-88
126430,116,-88.3
126440,124.9,-88.4
126450,135.9,-88.6
126460,148.9,-88.7
126470,162.9,-88.7
126480,176.3,-88.6
126490,188,-88.5
126500,197.4,-88.3
126510,204.9,-88.1
126520,210.8,-87.9
126530,215.4,-87.6
126540,219.2,-87.3
126550,222.2,-87
126560,224.7,-86.7
126570,226.8,-86.5
126580,228.6,-86.2
126590,230.1,-85.9
126600,231.5,-85.6
126610,232.6,-85.2
126620,233.6,-84.9
126630,234.6,-84.6
126640,235.4,-84.3
126650,236.1,-84
126660,236.8,-83.7
126670,237.4,-83.4
126680,238,-83.1
126690,238.5,-82.8
126700,239,-82.4
126710,239.4,-82.1
126720,239.8,-81.8
126730,240.2,-81.5
126740,240.6,-81.2
126750,240.9,-80.9
126760,241.2,-80.6
126770,241.5,-80.2
126780,241.8,-79.9
126790,242.1,-79.6
126800,242.4,-79.3
126810,242.6,-79
126820,242.8,-78.7
126830,243.1,-78.3
126840,243.3,-78
126850,243.5,-77.7
126860,243.7,-77.4
126870,243.9,-77.1
126880,244.1,-76.8
126890,244.2,-76.4
126900,244.4,-76.1
126910,244.6,-75.8
126920,244.7,-75.5
126930,244.9,-75.2
126940,245.1,-74.9
126950,245.2,-74.5
126960,245.3,-74.2
126970,245.5,-73.9
126980,245.6,-73.6
126990,245.8,-73.3
127000,245.9,-72.9
127010,246,-72.6
127020,246.1,-72.3
127030,246.3,-72
127040,246.4,-71.7
127050,246.5,-71.4
127060,246.6,-71
127070,246.7,-70.7
127080,246.8,-70.4
127090,246.9,-70.1
127100,247.1,-69.8
127110,247.2,-69.4
127120,247.3,-69.1
127130,247.4,-68.8
127140,247.5,-68.5
127150,247.6,-68.2
127160,247.7,-67.9
127170,247.8,-67.5
127180,247.9,-67.2
127190,248,-66.9
127200,248,-66.6
127210,248.1,-66.3
127220,248.2,-65.9
127230,248.3,-65.6
127240,248.4,-65.3
127250,248.5,-65
127260,248.6,-64.7
127270,248.7,-64.3
127280,248.8,-64
127290,248.8,-63.7
127300,248.9,-63.4
127310,249,-63.1
127320,249.1,-62.7
127330,249.2,-62.4
127340,249.3,-62.1
127350,249.3,-61.8
127360,249.4,-61.5
127370,249.5,-61.1
127380,249.6,-60.8
127390,249.7,-60.5
127400,249.8,-60.2
127410,249.8,-59.9
127420,249.9,-59.5
127430,250,-59.2
127440,250.1,-58.9
127450,250.1,-58.6
127460,250.2,-58.2
127470,250.3,-57.9
127480,250.4,-57.6
127490,250.5,-57.3
127500,250.5,-57
127510,250.6,-56.6
127520,250.7,-56.3
127530,250.8,-56
127540,250.8,-55.7
127550,250.9,-55.4
127560,251,-55
127570,251.1,-54.7
127580,251.1,-54.4
127590,251.2,-54.1
127600,251.3,-53.7
127610,251.4,-53.4
127620,251.4,-53.1
127630,251.5,-52.8
127640,251.6,-52.5
127650,251.7,-52.1
127660,251.7,-51.8
127670,251.8,-51.5
127680,251.9,-51.2
127690,251.9,-50.8
127700,252,-50.5
127710,252.1,-50.2
127720,252.2,-49.9
127730,252.2,-49.5
127740,252.3,-49.2
127750,252.4,-48.9
127760,252.5,-48.6
127770,252.5,-48.2
127780,252.6,-47.9
127790,252.7,-47.6
127800,252.8,-47.3
127810,252.8,-46.9
127820,252.9,-46.6
127830,253,-46.3
127840,253.1,-46
127850,253.1,-45.6
127860,253.2,-45.3
127870,253.3,-45
127880,253.4,-44.7
127890,253.4,-44.3
127900,253.5,-44
127910,253.6,-43.7
127920,253.7,-43.4
127930,253.7,-43
127940,253.8,-42.7
127950,253.9,-42.4
127960,254,-42
127970,254,-41.7
127980,254.1,-41.4
127990,254.2,-41.1
128000,254.3,-40.7
128010,254.4,-40.4
128020,254.4,-40.1
128030,254.5,-39.7
128040,254.6,-39.4
128050,254.7,-39.1
128060,254.8,-38.7
128070,254.8,-38.4
128080,254.9,-38.1
128090,255,-37.8
128100,255.1,-37.4
128110,255.2,-37.1
128120,255.2,-36.8
128130,255.3,-36.4
128140,255.4,-36.1
128150,255.5,-35.8
128160,255.6,-35.4
128170,255.7,-35.1
128180,255.7,-34.8
128190,255.8,-34.4
128200,255.9,-34.1
128210,256,-33.7
128220,256.1,-33.4
128230,256.2,-33.1
128240,256.3,-32.7
128250,256.3,-32.4
128260,256.4,-32.1
128270,256.5,-31.7
128280,256.6,-31.4
128290,256.7,-31
128300,256.8,-30.7
128310,256.9,-30.4
128320,257,-30
128330,257.1,-29.7
128340,257.2,-29.3
128350,257.3,-29
128360,257.4,-28.7
128370,257.5,-28.3
128380,257.6,-28
128390,257.7,-27.6
128400,257.8,-27.3
128410,257.9,-26.9
128420,258,-26.6
128430,258.1,-26.2
128440,258.2,-25.9
128450,258.3,-25.5
128460,258.4,-25.2
128470,258.5,-24.8
128480,258.6,-24.5
128490,258.7,-24.1
128500,258.8,-23.8
128510,258.9,-23.4
128520,259.1,-23.1
128530,259.2,-22.7
128540,259.3,-22.4
128550,259.4,-22
128560,259.5,-21.7
128570,259.7,-21.3
128580,259.8,-20.9
128590,259.9,-20.6
128600,260,-20.2
128610,260.2,-19.8
128620,260.3,-19.5
128630,260.4,-19.1
128640,260.6,-18.7
128650,260.7,-18.4
128660,260.9,-18
128670,261,-17.6
128680,261.1,-17.2
128690,261.3,-16.9
128700,261.4,-16.5
128710,261.6,-16.1
128720,261.8,-15.7
128730,261.9,-15.3
128740,262.1,-15
128750,262.3,-14.6
128760,262.4,-14.2
128770,262.6,-13.8
128780,262.8,-13.4
128790,263,-13
128800,263.2,-12.6
128810,263.4,-12.2
128820,263.6,-11.8
128830,263.8,-11.3
128840,264,-10.9
128850,264.2,-10.5
128860,264.4,-10.1
128870,264.6,-9.7
128880,264.9,-9.2
128890,265.1,-8.8
128900,265.4,-8.4
128910,265.6,-7.9
128920,265.9,-7.5
128930,266.2,-7
128940,266.5,-6.5
128950,266.8,-6.1
128960,267.1,-5.6
128970,267.4,-5.1
128980,267.7,-4.6
128990,268.1,-4.1
129000,268.4,-3.6
129010,268.8,-3.1
129020,269.2,-2.5
129030,269.6,-2
129040,270.1,-1.4
129050,270.5,-0.9
129060,271,-0.3
129070,271.5,0.3
129080,272.1,0.9
129090,272.6,1.5
129100,273.2,2.2
129110,273.9,2.8
129120,274.5,3.5
129130,275.2,4.2
129140,276,5
129150,276.8,5.8
129160,277.7,6.6
129170,278.7,7.4
129180,279.7,8.3
129190,280.8,9.2
129200,282,10.1
129210,283.4,11.1
129220,284.8,12.2
129230,286.4,13.3
129240,288.1,14.5
129250,290,15.7
129260,292.2,17
129270,294.6,18.3
129280,297.2,19.8
129290,300.2,21.2
129300,303.5,22.8
129310,307.2,24.3
129320,311.4,25.9
129330,316,27.3
129340,321.2,28.7
129350,326.8,30
129360,332.9,30.9
129370,339.3,31.6
129380,346,31.9
129390,352.7,31.8
129400,359.2,31.3
129410,5.5,30.5
129420,11.4,29.4
129430,16.8,28.1
129440,21.7,26.6
129450,26.1,25.1
129460,30.1,23.5
129470,33.6,22
129480,36.7,20.5
129490,39.5,19
129500,42.1,17.6
129510,44.3,16.3
129520,46.3,15.1
129530,48.2,13.9
129540,49.8,12.7
129550,51.4,11.6
129560,52.7,10.6
129570,54,9.6
129580,55.2,8.7
129590,56.2,7.8
129600,57.2,7
129610,58.1,6.1
129620,59,5.4
129630,59.8,4.6
129640,60.6,3.9
129650,61.3,3.2
129660,61.9,2.5
129670,62.5,1.8
129680,63.1,1.2
129690,63.7,0.6
129700,64.2,-0
129710,64.7,-0.6
129720,65.2,-1.2
129730,65.6,-1.7
129740,66,-2.3
129750,66.4,-2.8
129760,66.8,-3.3
129770,67.2,-3.9
129780,67.6,-4.4
129790,67.9,-4.9
129800,68.3,-5.4
129810,68.6,-5.8
129820,68.9,-6.3
129830,69.2,-6.8
129840,69.5,-7.2
129850,69.7,-7.7
129860,70,-8.1
129870,70.3,-8.6
129880,70.5,-9
129890,70.8,-9.5
129900,71,-9.9
129910,71.2,-10.3
129920,71.5,-10.7
129930,71.7,-11.2
129940,71.9,-11.6
129950,72.1,-12
129960,72.3,-12.4
129970,72.5,-12.8
129980,72.7,-13.2
129990,72.9,-13.6
130000,73.1,-14
130010,73.3,-14.4
130020,73.4,-14.8
130030,73.6,-15.2
130040,73.8,-15.5
130050,73.9,-15.9
130060,74.1,-16.3
130070,74.3,-16.7
130080,74.4,-17.1
130090,74.6,-17.4
130100,74.7,-17.8
130110,74.9,-18.2
130120,75,-18.6
130130,75.2,-18.9
130140,75.3,-19.3
130150,75.5,-19.7
130160,75.6,-20
130170,75.7,-20.4
130180,75.9,-20.8
130190,76,-21.1
130200,76.1,-21.5
130210,76.3,-21.8
130220,76.4,-22.2
130230,76.5,-22.6
130240,76.7,-22.9
130250,76.8,-23.3
130260,76.9,-23.6
130270,77,-24
130280,77.2,-24.3
130290,77.3,-24.7
130300,77.4,-25
130310,77.5,-25.4
130320,77.6,-25.7
130330,77.7,-26.1
130340,77.9,-26.4
130350,78,-26.8
130360,78.1,-27.1
130370,78.2,-27.5
130380,78.3,-27.8
130390,78.4,-28.1
130400,78.5,-28.5
130410,78.6,-28.8
130420,78.7,-29.2
130430,78.8,-29.5
130440,78.9,-29.8
130450,79.1,-30.2
130460,79.2,-30.5
130470,79.3,-30.9
130480,79.4,-31.2
130490,79.5,-31.5
130500,79.6,-31.9
130510,79.7,-32.2
130520,79.8,-32.6
130530,79.9,-32.9
130540,80,-33.2
130550,80.1,-33.6
130560,80.2,-33.9
130570,80.3,-34.2
130580,80.4,-34.6
130590,80.5,-34.9
130600,80.6,-35.2
130610,80.7,-35.6
130620,80.8,-35.9
130630,80.9,-36.2
130640,81,-36.6
130650,81.1,-36.9
130660,81.2,-37.2
130670,81.3,-37.6
130680,81.4,-37.9
130690,81.5,-38.2
130700,81.6,-38.5
130710,81.7,-38.9
130720,81.7,-39.2
130730,81.8,-39.5
130740,81.9,-39.9
130750,82,-40.2
130760,82.1,-40.5
130770,82.2,-40.9
130780,82.3,-41.2
130790,82.4,-41.5
130800,82.5,-41.8
130810,82.6,-42.2
130820,82.7,-42.5
130830,82.8,-42.8
130840,82.9,-43.1
130850,83,-43.5
130860,83.1,-43.8
130870,83.2,-44.1
130880,83.3,-44.5
130890,83.4,-44.8
130900,83.5,-45.1
130910,83.6,-45.4
130920,83.7,-45.8
130930,83.8,-46.1
130940,83.9,-46.4
130950,84,-46.7
130960,84.1,-47
130970,84.2,-47.4
130980,84.3,-47.7
130990,84.4,-48
131000,84.5,-48.3
131010,84.6,-48.7
131020,84.7,-49
131030,84.8,-49.3
131040,84.9,-49.6
131050,85,-50
131060,85.1,-50.3
131070,85.2,-50.6
131080,85.3,-50.9
131090,85.4,-51.3
131100,85.5,-51.6
131110,85.6,-51.9
131120,85.7,-52.2
131130,85.8,-52.5
131140,85.9,-52.9
131150,86,-53.2
131160,86.1,-53.5
131170,86.2,-53.8
131180,86.3,-54.1
131190,86.4,-54.5
131200,86.5,-54.8
131210,86.6,-55.1
131220,86.7,-55.4
131230,86.8,-55.7
131240,86.9,-56.1
131250,87.1,-56.4
131260,87.2,-56.7
131270,87.3,-57
131280,87.4,-57.3
131290,87.5,-57.7
131300,87.6,-58
131310,87.7,-58.3
131320,87.9,-58.6
131330,88,-58.9
131340,88.1,-59.3
131350,88.2,-59.6
131360,88.3,-59.9
131370,88.5,-60.2
131380,88.6,-60.5
131390,88.7,-60.9
131400,88.9,-61.2
131410,89,-61.5
131420,89.1,-61.8
131430,89.2,-62.1
131440,89.4,-62.4
131450,89.5,-62.8
131460,89.6,-63.1
131470,89.8,-63.4
131480,89.9,-63.7
131490,90.1,-64
131500,90.2,-64.4
131510,90.4,-64.7
131520,90.5,-65
131530,90.7,-65.3
131540,90.8,-65.6
131550,91,-65.9
131560,91.1,-66.3
131570,91.3,-66.6
131580,91.4,-66.9
131590,91.6,-67.2
131600,91.8,-67.5
131610,92,-67.8
131620,92.1,-68.1
131630,92.3,-68.5
131640,92.5,-68.8
131650,92.7,-69.1
131660,92.9,-69.4
131670,93.1,-69.7
131680,93.3,-70
131690,93.5,-70.3
131700,93.7,-70.7
131710,93.9,-71
131720,94.1,-71.3
131730,94.3,-71.6
131740,94.5,-71.9
131750,94.8,-72.2
131760,95,-72.5
131770,95.3,-72.9
131780,95.5,-73.2
131790,95.8,-73.5
131800,96,-73.8
131810,96.3,-74.1
131820,96.6,-74.4
131830,96.9,-74.7
131840,97.2,-75
131850,97.5,-75.4
131860,97.8,-75.7
131870,98.2,-76
131880,98.5,-76.3
131890,98.9,-76.6
131900,99.3,-76.9
131910,99.7,-77.2
131920,100.1,-77.5
131930,100.5,-77.8
131940,100.9,-78.1
131950,101.4,-78.4
131960,101.9,-78.7
131970,102.4,-79
131980,103,-79.3
131990,103.5,-79.7
132000,104.1,-80
132010,104.8,-80.3
132020,105.4,-80.6
132030,106.1,-80.9
132040,106.9,-81.2
132050,107.7,-81.4
132060,108.5,-81.7
132070,109.5,-82
132080,110.4,-82.3
132090,111.5,-82.6
132100,112.6,-82.9
132110,113.8,-83.2
132120,115.2,-83.5
132130,116.6,-83.7
132140,118.2,-84
132150,119.9,-84.3
132160,121.7,-84.5
132170,123.8,-84.8
132180,126,-85.1
132190,128.5,-85.3
132200,131.2,-85.5
132210,134.3,-85.8
132220,137.6,-86
132230,141.3,-86.2
132240,145.4,-86.3
132250,149.8,-86.5
132260,154.7,-86.6
132270,159.9,-86.7
132280,165.4,-86.8
132290,171.1,-86.9
132300,177,-86.9
132310,182.9,-86.9
132320,188.7,-86.8
132330,194.3,-86.8
132340,199.6,-86.7
132350,204.5,-86.5
132360,209.1,-86.4
132370,213.2,-86.2
132380,217,-86
132390,220.5,-85.8
132400,223.6,-85.6
132410,226.4,-85.4
132420,229,-85.1
132430,231.3,-84.9
132440,233.4,-84.6
132450,235.3,-84.4
132460,237,-84.1
132470,238.6,-83.8
132480,240.1,-83.5
132490,241.5,-83.3
132500,242.7,-83
132510,243.9,-82.7
132520,245,-82.4
132530,246,-82.1
132540,246.9,-81.8
132550,247.8,-81.5
132560,248.6,-81.2
132570,249.3,-80.9
132580,250.1,-80.6
132590,250.7,-80.3
132600,251.4,-80
132610,252,-79.7
132620,252.6,-79.4
132630,253.1,-79.1
132640,253.6,-78.8
132650,254.1,-78.5
132660,254.6,-78.2
132670,255.1,-77.9
132680,255.5,-77.6
132690,255.9,-77.3
132700,256.3,-77
132710,256.7,-76.7
132720,257.1,-76.4
132730,257.4,-76.1
132740,257.8,-75.8
132750,258.1,-75.4
132760,258.4,-75.1
132770,258.7,-74.8
132780,259,-74.5
132790,259.3,-74.2
132800,259.6,-73.9
132810,259.9,-73.6
132820,260.1,-73.3
132830,260.4,-73
132840,260.6,-72.6
132850,260.9,-72.3
132860,261.1,-72
132870,261.3,-71.7
132880,261.6,-71.4
132890,261.8,-71.1
132900,262,-70.8
132910,262.2,-70.5
132920,262.4,-70.1
132930,262.6,-69.8
132940,262.8,-69.5
132950,263,-69.2
132960,263.2,-68.9
132970,263.4,-68.6
132980,263.5,-68.3
132990,263.7,-67.9
133000,263.9,-67.6
133010,264.1,-67.3
133020,264.2,-67
133030,264.4,-66.7
133040,264.6,-66.4
133050,264.7,-66
133060,264.9,-65.7
133070,265,-65.4
133080,265.2,-65.1
133090,265.3,-64.8
133100,265.5,-64.5
133110,265.6,-64.1
133120,265.8,-63.8
133130,265.9,-63.5
133140,266.1,-63.2
133150,266.2,-62.9
133160,266.3,-62.6
133170,266.5,-62.2
133180,266.6,-61.9
133190,266.7,-61.6
133200,266.9,-61.3
133210,267,-61
133220,267.1,-60.7
133230,267.2,-60.3
133240,267.4,-60
133250,267.5,-59.7
133260,267.6,-59.4
133270,267.7,-59.1
133280,267.9,-58.7
133290,268,-58.4
133300,268.1,-58.1
133310,268.2,-57.8
133320,268.3,-57.5
133330,268.5,-57.2
133340,268.6,-56.8
133350,268.7,-56.5
133360,268.8,-56.2
133370,268.9,-55.9
133380,269,-55.6
133390,269.1,-55.2
133400,269.2,-54.9
133410,269.4,-54.6
133420,269.5,-54.3
133430,269.6,-54
133440,269.7,-53.6
133450,269.8,-53.3
133460,269.9,-53
133470,270,-52.7
133480,270.1,-52.4
133490,270.2,-52
133500,270.3,-51.7
133510,270.4,-51.4
133520,270.5,-51.1
133530,270.6,-50.7
133540,270.7,-50.4
133550,270.8,-50.1
133560,270.9,-49.8
133570,271,-49.5
133580,271.2,-49.1
133590,271.3,-48.8
133600,271.4,-48.5
133610,271.5,-48.2
133620,271.6,-47.8
133630,271.7,-47.5
133640,271.8,-47.2
133650,271.9,-46.9
133660,272,-46.5
133670,272.1,-46.2
133680,272.2,-45.9
133690,272.3,-45.6
133700,272.4,-45.3
133710,272.5,-44.9
133720,272.6,-44.6
133730,272.7,-44.3
133740,272.8,-44
133750,272.9,-43.6
133760,273,-43.3
133770,273.1,-43
133780,273.2,-42.6
133790,273.3,-42.3
133800,273.4,-42
133810,273.5,-41.7
133820,273.6,-41.3
133830,273.7,-41
133840,273.8,-40.7
133850,273.9,-40.4
133860,274,-40
133870,274.1,-39.7
133880,274.2,-39.4
133890,274.3,-39
133900,274.4,-38.7
133910,274.5,-38.4
133920,274.6,-38.1
133930,274.7,-37.7
133940,274.8,-37.4
133950,274.9,-37.1
133960,275,-36.7
133970,275.1,-36.4
133980,275.2,-36.1
133990,275.3,-35.7
134000,275.4,-35.4
134010,275.5,-35.1
134020,275.6,-34.7
134030,275.7,-34.4
134040,275.8,-34.1
134050,275.9,-33.7
134060,276,-33.4
134070,276.1,-33.1
134080,276.2,-32.7
134090,276.3,-32.4
134100,276.4,-32.1
134110,276.5,-31.7
134120,276.6,-31.4
134130,276.8,-31.1
134140,276.9,-30.7
134150,277,-30.4
134160,277.1,-30
134170,277.2,-29.7
134180,277.3,-29.4
134190,277.4,-29
134200,277.5,-28.7
134210,277.7,-28.3
134220,277.8,-28
134230,277.9,-27.7
134240,278,-27.3
134250,278.1,-27
134260,278.2,-26.6
134270,278.4,-26.3
134280,278.5,-25.9
134290,278.6,-25.6
134300,278.7,-25.2
134310,278.9,-24.9
134320,279,-24.5
134330,279.1,-24.2
134340,279.2,-23.8
134350,279.4,-23.5
134360,279.5,-23.1
134370,279.6,-22.8
134380,279.8,-22.4
134390,279.9,-22.1
134400,280.1,-21.7
134410,280.2,-21.4
134420,280.3,-21
134430,280.5,-20.6
134440,280.6,-20.3
134450,280.8,-19.9
134460,280.9,-19.5
134470,281.1,-19.2
134480,281.2,-18.8
134490,281.4,-18.4
134500,281.6,-18.1
134510,281.7,-17.7
134520,281.9,-17.3
134530,282.1,-17
134540,282.2,-16.6
134550,282.4,-16.2
134560,282.6,-15.8
134570,282.8,-15.4
134580,282.9,-15
134590,283.1,-14.7
134600,283.3,-14.3
134610,283.5,-13.9
134620,283.7,-13.5
134630,283.9,-13.1
134640,284.1,-12.7
134650,284.4,-12.3
134660,284.6,-11.9
134670,284.8,-11.5
134680,285,-11.1
134690,285.3,-10.6
134700,285.5,-10.2
134710,285.8,-9.8
134720,286.1,-9.4
134730,286.3,-8.9
134740,286.6,-8.5
134750,286.9,-8.1
134760,287.2,-7.6
134770,287.5,-7.2
134780,287.8,-6.7
134790,288.1,-6.2
134800,288.5,-5.8
134810,288.8,-5.3
134820,289.2,-4.8
134830,289.6,-4.3
134840,290,-3.8
134850,290.4,-3.3
134860,290.8,-2.8
134870,291.3,-2.2
134880,291.7,-1.7
134890,292.2,-1.1
134900,292.8,-0.6
134910,293.3,0
134920,293.9,0.6
134930,294.5,1.2
134940,295.2,1.8
134950,295.8,2.5
134960,296.6,3.1
134970,297.3,3.8
134980,298.2,4.5
134990,299,5.3
135000,300,6
135010,301,6.8
135020,302.1,7.7
135030,303.3,8.5
135040,304.5,9.4
135050,305.9,10.4
135060,307.4,11.3
135070,309,12.4
135080,310.8,13.4
135090,312.8,14.6
135100,315,15.7
135110,317.3,16.9
135120,320,18.2
135130,322.9,19.5
135140,326.1,20.8
135150,329.7,22.2
135160,333.6,23.5
135170,338,24.7
135180,342.7,25.9
135190,347.9,26.9
135200,353.3,27.7
135210,359.1,28.3
135220,5,28.6
135230,11,28.6
135240,17,28.3
135250,22.7,27.7
135260,28.2,26.9
135270,33.3,25.9
135280,38.1,24.7
135290,42.4,23.4
135300,46.4,22.1
135310,50,20.8
135320,53.2,19.5
135330,56.1,18.2
135340,58.8,16.9
135350,61.1,15.7
135360,63.3,14.5
135370,65.3,13.4
135380,67.1,12.3
135390,68.7,11.3
135400,70.2,10.3
135410,71.6,9.4
135420,72.8,8.5
135430,74,7.6
135440,75.1,6.8
135450,76.1,6
135460,77.1,5.2
135470,77.9,4.5
135480,78.8,3.8
135490,79.5,3.1
135500,80.3,2.4
135510,80.9,1.8
135520,81.6,1.1
135530,82.2,0.5
135540,82.8,-0.1
135550,83.3,-0.7
135560,83.8,-1.2
135570,84.3,-1.8
135580,84.8,-2.3
135590,85.3,-2.9
135600,85.7,-3.4
135610,86.1,-3.9
135620,86.5,-4.4
135630,86.9,-4.9
135640,87.2,-5.4
135650,87.6,-5.9
135660,87.9,-6.3
135670,88.3,-6.8
135680,88.6,-7.3
135690,88.9,-7.7
135700,89.2,-8.2
135710,89.5,-8.6
135720,89.7,-9
135730,90,-9.5
135740,90.3,-9.9
135750,90.5,-10.3
135760,90.7,-10.7
135770,91,-11.2
135780,91.2,-11.6
135790,91.4,-12
135800,91.7,-12.4
135810,91.9,-12.8
135820,92.1,-13.2
135830,92.3,-13.6
135840,92.5,-14
135850,92.7,-14.4
135860,92.9,-14.8
135870,93.1,-15.2
135880,93.2,-15.5
135890,93.4,-15.9
135900,93.6,-16.3
135910,93.8,-16.7
135920,93.9,-17.1
135930,94.1,-17.4
135940,94.2,-17.8
135950,94.4,-18.2
135960,94.6,-18.6
135970,94.7,-18.9
135980,94.9,-19.3
135990,95,-19.7
136000,95.2,-20
136010,95.3,-20.4
136020,95.4,-20.7
136030,95.6,-21.1
136040,95.7,-21.5
136050,95.9,-21.8
136060,96,-22.2
136070,96.1,-22.5
136080,96.3,-22.9
136090,96.4,-23.3
136100,96.5,-23.6
136110,96.6,-24
136120,96.8,-24.3
136130,96.9,-24.7
136140,97,-25
136150,97.1,-25.4
136160,97.2,-25.7
136170,97.4,-26.1
136180,97.5,-26.4
136190,97.6,-26.8
136200,97.7,-27.1
136210,97.8,-27.4
136220,97.9,-27.8
136230,98,-28.1
136240,98.1,-28.5
136250,98.2,-28.8
136260,98.4,-29.2
136270,98.5,-29.5
136280,98.6,-29.8
136290,98.7,-30.2
136300,98.8,-30.5
136310,98.9,-30.9
136320,99,-31.2
136330,99.1,-31.5
136340,99.2,-31.9
136350,99.3,-32.2
136360,99.4,-32.6
136370,99.5,-32.9
136380,99.6,-33.2
136390,99.7,-33.6
136400,99.8,-33.9
136410,99.9,-34.2
136420,100,-34.6
136430,100.1,-34.9
136440,100.1,-35.2
136450,100.2,-35.6
136460,100.3,-35.9
136470,100.4,-36.2
136480,100.5,-36.6
136490,100.6,-36.9
136500,100.7,-37.2
136510,100.8,-37.6
136520,100.9,-37.9
136530,101,-38.2
136540,101.1,-38.6
136550,101.2,-38.9
136560,101.2,-39.2
136570,101.3,-39.5
136580,101.4,-39.9
136590,101.5,-40.2
136600,101.6,-40.5
136610,101.7,-40.9
136620,101.8,-41.2
136630,101.9,-41.5
136640,102,-41.8
136650,102,-42.2
136660,102.1,-42.5
136670,102.2,-42.8
136680,102.3,-43.2
136690,102.4,-43.5
136700,102.5,-43.8
136710,102.6,-44.1
136720,102.6,-44.5
136730,102.7,-44.8
136740,102.8,-45.1
136750,102.9,-45.4
136760,103,-45.8
136770,103.1,-46.1
136780,103.2,-46.4
136790,103.2,-46.7
136800,103.3,-47.1
136810,103.4,-47.4
136820,103.5,-47.7
136830,103.6,-48
136840,103.7,-48.4
136850,103.8,-48.7
136860,103.8,-49
136870,103.9,-49.3
136880,104,-49.7
136890,104.1,-50
136900,104.2,-50.3
136910,104.3,-50.6
136920,104.4,-51
136930,104.4,-51.3
136940,104.5,-51.6
136950,104.6,-51.9
136960,104.7,-52.2
136970,104.8,-52.6
136980,104.9,-52.9
136990,105,-53.2
137000,105.1,-53.5
137010,105.1,-53.9
137020,105.2,-54.2
137030,105.3,-54.5
137040,105.4,-54.8
137050,105.5,-55.1
137060,105.6,-55.5
137070,105.7,-55.8
137080,105.8,-56.1
137090,105.9,-56.4
137100,105.9,-56.8
137110,106,-57.1
137120,106.1,-57.4
137130,106.2,-57.7
137140,106.3,-58
137150,106.4,-58.4
137160,106.5,-58.7
137170,106.6,-59
137180,106.7,-59.3
137190,106.8,-59.6
137200,106.9,-60
137210,107,-60.3
137220,107.1,-60.6
137230,107.2,-60.9
137240,107.3,-61.2
137250,107.4,-61.6
137260,107.5,-61.9
137270,107.6,-62.2
137280,107.7,-62.5
137290,107.8,-62.8
137300,107.9,-63.2
137310,108,-63.5
137320,108.1,-63.8
137330,108.2,-64.1
137340,108.3,-64.4
137350,108.4,-64.8
137360,108.5,-65.1
137370,108.6,-65.4
137380,108.7,-65.7
137390,108.9,-66
137400,109,-66.3
137410,109.1,-66.7
137420,109.2,-67
137430,109.3,-67.3
137440,109.5,-67.6
137450,109.6,-67.9
137460,109.7,-68.3
137470,109.8,-68.6
137480,110,-68.9
137490,110.1,-69.2
137500,110.2,-69.5
137510,110.4,-69.8
137520,110.5,-70.2
137530,110.6,-70.5
137540,110.8,-70.8
137550,110.9,-71.1
137560,111.1,-71.4
137570,111.3,-71.7
137580,111.4,-72.1
137590,111.6,-72.4
137600,111.7,-72.7
137610,111.9,-73
137620,112.1,-73.3
137630,112.3,-73.6
137640,112.5,-74
137650,112.6,-74.3
137660,112.8,-74.6
137670,113,-74.9
137680,113.2,-75.2
137690,113.5,-75.5
137700,113.7,-75.9
137710,113.9,-76.2
137720,114.1,-76.5
137730,114.4,-76.8
137740,114.7,-77.1
137750,114.9,-77.4
137760,115.2,-77.7
137770,115.5,-78.1
137780,115.8,-78.4
137790,116.1,-78.7
137800,116.4,-79
137810,116.8,-79.3
137820,117.1,-79.6
137830,117.5,-79.9
137840,117.9,-80.3
137850,118.4,-80.6
137860,118.8,-80.9
137870,119.3,-81.2
137880,119.8,-81.5
137890,120.4,-81.8
137900,121,-82.1
137910,121.6,-82.4
137920,122.3,-82.7
137930,123,-83
137940,123.8,-83.3
137950,124.7,-83.6
137960,125.6,-83.9
137970,126.7,-84.2
137980,127.9,-84.5
137990,129.2,-84.8
138000,130.6,-85.1
138010,132.2,-85.4
138020,134,-85.7
138030,136.1,-86
138040,138.5,-86.3
138050,141.3,-86.5
138060,144.5,-86.8
138070,148.2,-87
138080,152.6,-87.3
138090,157.8,-87.5
138100,163.9,-87.7
138110,171,-87.8
138120,179.1,-88
138130,188,-88.1
138140,197.5,-88.1
138150,206.9,-88.1
138160,216,-88
138170,224.2,-87.9
138180,231.4,-87.7
138190,237.6,-87.5
138200,242.9,-87.3
138210,247.3,-87.1
138220,251.2,-86.8
138230,254.4,-86.6
138240,257.2,-86.3
138250,259.7,-86
138260,261.8,-85.7
138270,263.6,-85.5
138280,265.3,-85.2
138290,266.7,-84.9
138300,268,-84.6
138310,269.2,-84.3
138320,270.3,-84
138330,271.2,-83.7
138340,272.1,-83.4
138350,272.9,-83.1
138360,273.7,-82.8
138370,274.4,-82.5
138380,275,-82.1
138390,275.6,-81.8
138400,276.1,-81.5
138410,276.6,-81.2
138420,277.1,-80.9
138430,277.6,-80.6
138440,278,-80.3
138450,278.4,-80
138460,278.8,-79.7
138470,279.2,-79.3
138480,279.5,-79
138490,279.8,-78.7
138500,280.1,-78.4
138510,280.4,-78.1
138520,280.7,-77.8
138530,281,-77.5
138540,281.3,-77.1
138550,281.5,-76.8
138560,281.8,-76.5
138570,282,-76.2
138580,282.2,-75.9
138590,282.4,-75.6
138600,282.6,-75.3
138610,282.8,-74.9
138620,283,-74.6
138630,283.2,-74.3
138640,283.4,-74
138650,283.6,-73.7
138660,283.8,-73.4
138670,283.9,-73
138680,284.1,-72.7
138690,284.3,-72.4
138700,284.4,-72.1
138710,284.6,-71.8
138720,284.7,-71.4
138730,284.9,-71.1
138740,285,-70.8
138750,285.1,-70.5
138760,285.3,-70.2
138770,285.4,-69.9
138780,285.5,-69.5
138790,285.7,-69.2
138800,285.8,-68.9
138810,285.9,-68.6
138820,286,-68.3
138830,286.1,-67.9
138840,286.2,-67.6
138850,286.4,-67.3
138860,286.5,-67
138870,286.6,-66.7
138880,286.7,-66.4
138890,286.8,-66
138900,286.9,-65.7
138910,287,-65.4
138920,287.1,-65.1
138930,287.2,-64.8
138940,287.3,-64.4
138950,287.4,-64.1
138960,287.5,-63.8
138970,287.6,-63.5
138980,287.7,-63.2
138990,287.8,-62.8
139000,287.8,-62.5
139010,287.9,-62.2
139020,288,-61.9
139030,288.1,-61.6
139040,288.2,-61.2
139050,288.3,-60.9
139060,288.4,-60.6
139070,288.4,-60.3
139080,288.5,-60
139090,288.6,-59.6
139100,288.7,-59.3
139110,288.8,-59
139120,288.8,-58.7
139130,288.9,-58.3
139140,289,-58
139150,289.1,-57.7
139160,289.2,-57.4
139170,289.2,-57.1
139180,289.3,-56.7
139190,289.4,-56.4
139200,289.5,-56.1
139210,289.5,-55.8
139220,289.6,-55.4
139230,289.7,-55.1
139240,289.7,-54.8
139250,289.8,-54.5
139260,289.9,-54.2
139270,289.9,-53.8
139280,290,-53.5
139290,290.1,-53.2
139300,290.2,-52.9
139310,290.2,-52.5
139320,290.3,-52.2
139330,290.4,-51.9
139340,290.4,-51.6
139350,290.5,-51.2
139360,290.5,-50.9
139370,290.6,-50.6
139380,290.7,-50.3
139390,290.7,-49.9
139400,290.8,-49.6
139410,290.9,-49.3
139420,290.9,-49
139430,291,-48.6
139440,291.1,-48.3
139450,291.1,-48
139460,291.2,-47.7
139470,291.2,-47.3
139480,291.3,-47
139490,291.4,-46.7
139500,291.4,-46.4
139510,291.5,-46
139520,291.5,-45.7
139530,291.6,-45.4
139540,291.7,-45.1
139550,291.7,-44.7
139560,291.8,-44.4
139570,291.8,-44.1
139580,291.9,-43.7
139590,291.9,-43.4
139600,292,-43.1
139610,292.1,-42.8
139620,292.1,-42.4
139630,292.2,-42.1
139640,292.2,-41.8
139650,292.3,-41.4
139660,292.3,-41.1
139670,292.4,-40.8
139680,292.5,-40.5
139690,292.5,-40.1
139700,292.6,-39.8
139710,292.6,-39.5
139720,292.7,-39.1
139730,292.7,-38.8
139740,292.8,-38.5
139750,292.8,-38.1
139760,292.9,-37.8
139770,293,-37.5
139780,293,-37.1
139790,293.1,-36.8
139800,293.1,-36.5
139810,293.2,-36.1
139820,293.2,-35.8
139830,293.3,-35.5
139840,293.3,-35.1
139850,293.4,-34.8
139860,293.4,-34.5
139870,293.5,-34.1
139880,293.5,-33.8
139890,293.6,-33.4
139900,293.7,-33.1
139910,293.7,-32.8
139920,293.8,-32.4
139930,293.8,-32.1
139940,293.9,-31.7
139950,293.9,-31.4
139960,294,-31.1
139970,294,-30.7
139980,294.1,-30.4
139990,294.1,-30
140000,294.2,-29.7
140010,294.2,-29.4
140020,294.3,-29
140030,294.3,-28.7
140040,294.4,-28.3
140050,294.4,-28
140060,294.5,-27.6
140070,294.6,-27.3
140080,294.6,-26.9
140090,294.7,-26.6
140100,294.7,-26.2
140110,294.8,-25.9
140120,294.8,-25.5
140130,294.9,-25.2
140140,294.9,-24.8
140150,295,-24.5
140160,295,-24.1
140170,295.1,-23.8
140180,295.1,-23.4
140190,295.2,-23.1
140200,295.2,-22.7
140210,295.3,-22.3
140220,295.3,-22
140230,295.4,-21.6
140240,295.5,-21.2
140250,295.5,-20.9
140260,295.6,-20.5
140270,295.6,-20.2
140280,295.7,-19.8
140290,295.7,-19.4
140300,295.8,-19
140310,295.8,-18.7
140320,295.9,-18.3
140330,295.9,-17.9
140340,296,-17.5
140350,296.1,-17.2
140360,296.1,-16.8
140370,296.2,-16.4
140380,296.2,-16
140390,296.3,-15.6
140400,296.3,-15.2
140410,296.4,-14.8
140420,296.5,-14.4
140430,296.5,-14.1
140440,296.6,-13.7
140450,296.6,-13.2
140460,296.7,-12.8
140470,296.8,-12.4
140480,296.8,-12
140490,296.9,-11.6
140500,296.9,-11.2
140510,297,-10.8
140520,297.1,-10.3
140530,297.1,-9.9
140540,297.2,-9.5
140550,297.3,-9
140560,297.3,-8.6
140570,297.4,-8.1
140580,297.5,-7.7
140590,297.6,-7.2
140600,297.6,-6.7
140610,297.7,-6.3
140620,297.8,-5.8
140630,297.9,-5.3
140640,298,-4.8
140650,298,-4.3
140660,298.1,-3.7
140670,298.2,-3.2
140680,298.3,-2.7
140690,298.4,-2.1
140700,298.5,-1.5
140710,298.6,-1
140720,298.7,-0.4
140730,298.8,0.3
140740,298.9,0.9
140750,299,1.5
140760,299.2,2.2
140770,299.3,2.9
140780,299.4,3.6
140790,299.6,4.4
140800,299.7,5.2
140810,299.9,6
140820,300.1,6.9
140830,300.2,7.8
140840,300.4,8.8
140850,300.6,9.8
140860,300.9,10.9
140870,301.1,12.1
140880,301.4,13.4
140890,301.7,14.7
140900,302.1,16.2
140910,302.4,17.8
140920,302.9,19.6
140930,303.4,21.6
140940,304,23.9
140950,304.7,26.4
140960,305.5,29.2
140970,306.5,32.5
140980,307.8,36.2
140990,309.4,40.5
141000,311.7,45.5
141010,314.9,51.3
141020,319.8,57.9
141030,328.2,65
141040,344.3,72
141050,16.6,76.5
141060,56.4,74.9
141070,80,68.8
141080,91.5,61.5
141090,97.9,54.6
141100,101.9,48.4
141110,104.6,43
141120,106.5,38.3
141130,108,34.2
141140,109.1,30.7
141150,110,27.7
141160,110.8,25
141170,111.4,22.6
141180,112,20.5
141190,112.4,18.6
141200,112.8,16.9
141210,113.2,15.4
141220,113.5,13.9
141230,113.8,12.6
141240,114.1,11.4
141250,114.3,10.2
141260,114.5,9.2
141270,114.7,8.2
141280,114.9,7.2
141290,115.1,6.3
141300,115.2,5.5
141310,115.4,4.7
141320,115.5,3.9
141330,115.7,3.2
141340,115.8,2.4
141350,115.9,1.7
141360,116,1.1
141370,116.1,0.4
141380,116.2,-0.2
141390,116.3,-0.8
141400,116.4,-1.4
141410,116.5,-2
141420,116.6,-2.5
141430,116.7,-3.1
141440,116.8,-3.6
141450,116.9,-4.1
141460,116.9,-4.7
141470,117,-5.2
141480,117.1,-5.7
141490,117.1,-6.2
141500,117.2,-6.6
141510,117.3,-7.1
141520,117.3,-7.6
141530,117.4,-8
141540,117.5,-8.5
141550,117.5,-8.9
141560,117.6,-9.4
141570,117.6,-9.8
141580,117.7,-10.3
141590,117.8,-10.7
141600,117.8,-11.1
141610,117.9,-11.5
141620,117.9,-12
141630,118,-12.4
141640,118,-12.8
141650,118.1,-13.2
141660,118.1,-13.6
141670,118.2,-14
141680,118.2,-14.4
141690,118.2,-14.8
141700,118.3,-15.2
141710,118.3,-15.6
141720,118.4,-16
141730,118.4,-16.4
141740,118.5,-16.8
141750,118.5,-17.1
141760,118.5,-17.5
141770,118.6,-17.9
141780,118.6,-18.3
141790,118.7,-18.7
141800,118.7,-19
141810,118.7,-19.4
141820,118.8,-19.8
141830,118.8,-20.1
141840,118.9,-20.5
141850,118.9,-20.9
141860,118.9,-21.2
141870,119,-21.6
141880,119,-22
141890,119,-22.3
141900,119.1,-22.7
141910,119.1,-23.1
141920,119.1,-23.4
141930,119.2,-23.8
141940,119.2,-24.1
141950,119.2,-24.5
141960,119.3,-24.8
141970,119.3,-25.2
141980,119.3,-25.5
141990,119.4,-25.9
142000,119.4,-26.3
142010,119.4,-26.6
142020,119.4,-27
142030,119.5,-27.3
142040,119.5,-27.7
142050,119.5,-28
142060,119.6,-28.3
142070,119.6,-28.7
142080,119.6,-29
142090,119.6,-29.4
142100,119.7,-29.7
142110,119.7,-30.1
142120,119.7,-30.4
142130,119.8,-30.8
142140,119.8,-31.1
142150,119.8,-31.4
142160,119.8,-31.8
142170,119.9,-32.1
142180,119.9,-32.5
142190,119.9,-32.8
142200,119.9,-33.1
142210,120,-33.5
142220,120,-33.8
142230,120,-34.2
142240,120,-34.5
142250,120,-34.8
142260,120.1,-35.2
142270,120.1,-35.5
142280,120.1,-35.8
142290,120.1,-36.2
142300,120.2,-36.5
142310,120.2,-36.9
142320,120.2,-37.2
142330,120.2,-37.5
142340,120.2,-37.9
142350,120.3,-38.2
142360,120.3,-38.5
142370,120.3,-38.9
142380,120.3,-39.2
142390,120.3,-39.5
142400,120.4,-39.9
142410,120.4,-40.2
142420,120.4,-40.5
142430,120.4,-40.9
142440,120.4,-41.2
142450,120.4,-41.5
142460,120.5,-41.9
142470,120.5,-42.2
142480,120.5,-42.5
142490,120.5,-42.8
142500,120.5,-43.2
142510,120.5,-43.5
142520,120.5,-43.8
142530,120.6,-44.2
142540,120.6,-44.5
142550,120.6,-44.8
142560,120.6,-45.1
142570,120.6,-45.5
142580,120.6,-45.8
142590,120.6,-46.1
142600,120.6,-46.5
142610,120.7,-46.8
142620,120.7,-47.1
142630,120.7,-47.4
142640,120.7,-47.8
142650,120.7,-48.1
142660,120.7,-48.4
142670,120.7,-48.8
142680,120.7,-49.1
142690,120.7,-49.4
142700,120.7,-49.7
142710,120.7,-50.1
142720,120.7,-50.4
142730,120.7,-50.7
142740,120.8,-51
142750,120.8,-51.4
142760,120.8,-51.7
142770,120.8,-52
142780,120.8,-52.3
142790,120.8,-52.7
142800,120.8,-53
142810,120.8,-53.3
142820,120.8,-53.6
142830,120.8,-54
142840,120.8,-54.3
142850,120.8,-54.6
142860,120.8,-54.9
142870,120.8,-55.3
142880,120.8,-55.6
142890,120.8,-55.9
142900,120.8,-56.2
142910,120.7,-56.6
142920,120.7,-56.9
142930,120.7,-57.2
142940,120.7,-57.5
142950,120.7,-57.8
142960,120.7,-58.2
142970,120.7,-58.5
142980,120.7,-58.8
142990,120.7,-59.1
143000,120.7,-59.5
143010,120.7,-59.8
143020,120.6,-60.1
143030,120.6,-60.4
143040,120.6,-60.8
143050,120.6,-61.1
143060,120.6,-61.4
143070,120.5,-61.7
143080,120.5,-62
143090,120.5,-62.4
143100,120.5,-62.7
143110,120.5,-63
143120,120.4,-63.3
143130,120.4,-63.7
143140,120.4,-64
143150,120.3,-64.3
143160,120.3,-64.6
143170,120.3,-64.9
143180,120.2,-65.3
143190,120.2,-65.6
143200,120.2,-65.9
143210,120.1,-66.2
143220,120.1,-66.5
143230,120,-66.9
143240,120,-67.2
143250,120,-67.5
143260,119.9,-67.8
143270,119.9,-68.1
143280,119.8,-68.5
143290,119.7,-68.8
143300,119.7,-69.1
143310,119.6,-69.4
143320,119.6,-69.7
143330,119.5,-70.1
143340,119.4,-70.4
143350,119.3,-70.7
143360,119.3,-71
143370,119.2,-71.3
143380,119.1,-71.7
143390,119,-72
143400,118.9,-72.3
143410,118.8,-72.6
143420,118.7,-72.9
143430,118.6,-73.3
143440,118.5,-73.6
143450,118.4,-73.9
143460,118.3,-74.2
143470,118.1,-74.5
143480,118,-74.8
143490,117.9,-75.2
143500,117.7,-75.5
143510,117.5,-75.8
143520,117.4,-76.1
143530,117.2,-76.4
143540,117,-76.7
143550,116.8,-77.1
143560,116.6,-77.4
143570,116.4,-77.7
143580,116.2,-78
143590,115.9,-78.3
143600,115.7,-78.6
143610,115.4,-79
143620,115.1,-79.3
143630,114.8,-79.6
143640,114.5,-79.9
143650,114.1,-80.2
143660,113.8,-80.5
143670,113.4,-80.8
143680,112.9,-81.2
143690,112.5,-81.5
143700,112,-81.8
143710,111.4,-82.1
143720,110.8,-82.4
143730,110.2,-82.7
143740,109.5,-83
143750,108.7,-83.3
143760,107.9,-83.6
143770,106.9,-83.9
143780,105.9,-84.2
143790,104.8,-84.5
143800,103.5,-84.8
143810,102.1,-85.1
143820,100.4,-85.4
143830,98.6,-85.7
143840,96.5,-86
143850,94.1,-86.3
143860,91.3,-86.5
143870,88,-86.8
143880,84.2,-87
143890,79.8,-87.3
143900,74.5,-87.5
143910,68.4,-87.6
143920,61.4,-87.8
143930,53.4,-87.9
143940,44.7,-88
143950,35.6,-88
143960,26.5,-88
143970,17.9,-87.9
143980,10.1,-87.8
143990,3.2,-87.6
144000,357.3,-87.4
144010,352.2,-87.2
144020,347.9,-87
144030,344.2,-86.7
144040,341,-86.5
144050,338.3,-86.2
144060,336,-85.9
144070,333.9,-85.6
144080,332.1,-85.4
144090,330.5,-85.1
144100,329.1,-84.8
144110,327.9,-84.5
144120,326.8,-84.2
144130,325.7,-83.9
144140,324.8,-83.6
144150,324,-83.3
144160,323.2,-83
144170,322.5,-82.6
144180,321.9,-82.3
144190,321.3,-82
144200,320.8,-81.7
144210,320.3,-81.4
144220,319.8,-81.1
144230,319.4,-80.8
144240,319,-80.5
144250,318.6,-80.2
144260,318.2,-79.8
144270,317.9,-79.5
144280,317.6,-79.2
144290,317.3,-78.9
144300,317,-78.6
144310,316.7,-78.3
144320,316.5,-78
144330,316.3,-77.6
144340,316,-77.3
144350,315.8,-77
144360,315.6,-76.7
144370,315.4,-76.4
144380,315.2,-76
144390,315.1,-75.7
144400,314.9,-75.4
144410,314.7,-75.1
144420,314.6,-74.8
144430,314.4,-74.5
144440,314.3,-74.1
144450,314.2,-73.8
144460,314,-73.5
144470,313.9,-73.2
144480,313.8,-72.9
144490,313.7,-72.5
144500,313.6,-72.2
144510,313.5,-71.9
144520,313.4,-71.6
144530,313.3,-71.3
144540,313.2,-71
144550,313.1,-70.6
144560,313,-70.3
144570,312.9,-70
144580,312.8,-69.7
144590,312.7,-69.4
144600,312.6,-69
144610,312.6,-68.7
144620,312.5,-68.4
144630,312.4,-68.1
144640,312.4,-67.8
144650,312.3,-67.4
144660,312.2,-67.1
144670,312.2,-66.8
144680,312.1,-66.5
144690,312,-66.1
144700,312,-65.8
144710,311.9,-65.5
144720,311.8,-65.2
144730,311.8,-64.9
144740,311.7,-64.5
144750,311.7,-64.2
144760,311.6,-63.9
144770,311.6,-63.6
144780,311.5,-63.3
144790,311.5,-62.9
144800,311.4,-62.6
144810,311.4,-62.3
144820,311.3,-62
144830,311.3,-61.6
144840,311.2,-61.3
144850,311.2,-61
144860,311.2,-60.7
144870,311.1,-60.4
144880,311.1,-60
144890,311,-59.7
144900,311,-59.4
144910,310.9,-59.1
144920,310.9,-58.7
144930,310.9,-58.4
144940,310.8,-58.1
144950,310.8,-57.8
144960,310.7,-57.5
144970,310.7,-57.1
144980,310.7,-56.8
144990,310.6,-56.5
145000,310.6,-56.2
145010,310.5,-55.8
145020,310.5,-55.5
145030,310.5,-55.2
145040,310.4,-54.9
145050,310.4,-54.5
145060,310.4,-54.2
145070,310.3,-53.9
145080,310.3,-53.6
145090,310.3,-53.2
145100,310.2,-52.9
145110,310.2,-52.6
145120,310.1,-52.3
145130,310.1,-51.9
145140,310.1,-51.6
145150,310,-51.3
145160,310,-51
145170,310,-50.6
145180,309.9,-50.3
145190,309.9,-50
145200,309.9,-49.7
145210,309.8,-49.3
145220,309.8,-49
145230,309.8,-48.7
145240,309.7,-48.4
145250,309.7,-48
145260,309.6,-47.7
145270,309.6,-47.4
145280,309.6,-47.1
145290,309.5,-46.7
145300,309.5,-46.4
145310,309.5,-46.1
145320,309.4,-45.7
145330,309.4,-45.4
145340,309.3,-45.1
145350,309.3,-44.8
145360,309.3,-44.4
145370,309.2,-44.1
145380,309.2,-43.8
145390,309.1,-43.4
145400,309.1,-43.1
145410,309.1,-42.8
145420,309,-42.5
145430,309,-42.1
145440,308.9,-41.8
145450,308.9,-41.5
145460,308.8,-41.1
145470,308.8,-40.8
145480,308.8,-40.5
145490,308.7,-40.1
145500,308.7,-39.8
145510,308.6,-39.5
145520,308.6,-39.1
145530,308.5,-38.8
145540,308.5,-38.5
145550,308.4,-38.2
145560,308.4,-37.8
145570,308.3,-37.5
145580,308.3,-37.2
145590,308.2,-36.8
145600,308.2,-36.5
145610,308.1,-36.2
145620,308.1,-35.8
145630,308,-35.5
145640,308,-35.1
145650,307.9,-34.8
145660,307.9,-34.5
145670,307.8,-34.1
145680,307.7,-33.8
145690,307.7,-33.5
145700,307.6,-33.1
145710,307.6,-32.8
145720,307.5,-32.5
145730,307.4,-32.1
145740,307.4,-31.8
145750,307.3,-31.4
145760,307.2,-31.1
145770,307.2,-30.8
145780,307.1,-30.4
145790,307,-30.1
145800,306.9,-29.7
145810,306.9,-29.4
145820,306.8,-29
145830,306.7,-28.7
145840,306.6,-28.4
145850,306.6,-28
145860,306.5,-27.7
145870,306.4,-27.3
145880,306.3,-27
145890,306.2,-26.6
145900,306.1,-26.3
145910,306,-25.9
145920,305.9,-25.6
145930,305.9,-25.2
145940,305.8,-24.9
145950,305.7,-24.5
145960,305.6,-24.2
145970,305.5,-23.8
145980,305.3,-23.5
145990,305.2,-23.1
146000,305.1,-22.8
146010,305,-22.4
146020,304.9,-22.1
146030,304.8,-21.7
146040,304.7,-21.3
146050,304.5,-21
146060,304.4,-20.6
146070,304.3,-20.3
146080,304.1,-19.9
146090,304,-19.5
146100,303.8,-19.2
146110,303.7,-18.8
146120,303.6,-18.4
146130,303.4,-18.1
146140,303.2,-17.7
146150,303.1,-17.3
146160,302.9,-16.9
146170,302.7,-16.6
146180,302.6,-16.2
146190,302.4,-15.8
146200,302.2,-15.4
146210,302,-15.1
146220,301.8,-14.7
146230,301.6,-14.3
146240,301.4,-13.9
146250,301.1,-13.5
146260,300.9,-13.1
146270,300.7,-12.7
146280,300.4,-12.3
146290,300.2,-11.9
146300,299.9,-11.5
146310,299.6,-11.1
146320,299.4,-10.7
146330,299.1,-10.3
146340,298.8,-9.8
146350,298.5,-9.4
146360,298.1,-9
146370,297.8,-8.6
146380,297.4,-8.1
146390,297.1,-7.7
146400,296.7,-7.3
146410,296.3,-6.8
146420,295.9,-6.4
146430,295.5,-5.9
146440,295,-5.4
146450,294.5,-5
146460,294,-4.5
146470,293.5,-4
146480,293,-3.5
146490,292.4,-3
146500,291.8,-2.5
146510,291.2,-2
146520,290.5,-1.5
146530,289.8,-0.9
146540,289.1,-0.4
146550,288.3,0.2
146560,287.5,0.7
146570,286.6,1.3
146580,285.7,1.9
146590,284.7,2.5
146600,283.7,3.1
146610,282.6,3.7
146620,281.4,4.4
146630,280.2,5
146640,278.9,5.7
146650,277.4,6.4
146660,275.9,7.1
146670,274.3,7.8
146680,272.5,8.5
146690,270.7,9.3
146700,268.7,10
146710,266.5,10.8
146720,264.2,11.5
146730,261.8,12.3
146740,259.1,13
146750,256.3,13.7
146760,253.4,14.4
146770,250.2,15.1
146780,246.9,15.7
146790,243.4,16.2
146800,239.7,16.6
146810,235.9,17
146820,232.1,17.3
146830,228.1,17.4
146840,224.1,17.5
146850,220.1,17.4
146860,216.2,17.2
146870,212.4,16.9
146880,208.6,16.5
146890,205,16
146900,201.6,15.4
146910,198.3,14.8
146920,195.2,14.1
146930,192.2,13.4
146940,189.5,12.7
146950,186.9,11.9
146960,184.5,11.2
146970,182.2,10.4
146980,180.1,9.7
146990,178.2,8.9
147000,176.3,8.2
147010,174.6,7.4
147020,173,6.7
147030,171.5,6
147040,170.1,5.4
147050,168.8,4.7
147060,167.6,4
147070,166.4,3.4
147080,165.4,2.8
147090,164.3,2.2
147100,163.4,1.6
147110,162.5,1
147120,161.6,0.4
147130,160.8,-0.2
147140,160,-0.7
147150,159.3,-1.3
147160,158.6,-1.8
147170,157.9,-2.3
147180,157.3,-2.8
147190,156.7,-3.3
147200,156.1,-3.8
147210,155.6,-4.3
147220,155.1,-4.8
147230,154.6,-5.3
147240,154.1,-5.7
147250,153.6,-6.2
147260,153.2,-6.6
147270,152.8,-7.1
147280,152.4,-7.5
147290,152,-8
147300,151.6,-8.4
147310,151.2,-8.9
147320,150.9,-9.3
147330,150.5,-9.7
147340,150.2,-10.1
147350,149.9,-10.5
147360,149.6,-11
147370,149.3,-11.4
147380,149,-11.8
147390,148.7,-12.2
147400,148.5,-12.6
147410,148.2,-13
147420,148,-13.4
147430,147.7,-13.8
147440,147.5,-14.2
147450,147.2,-14.5
147460,147,-14.9
147470,146.8,-15.3
147480,146.6,-15.7
147490,146.4,-16.1
147500,146.2,-16.4
147510,146,-16.8
147520,145.8,-17.2
147530,145.6,-17.6
147540,145.4,-17.9
147550,145.2,-18.3
147560,145,-18.7
147570,144.9,-19
147580,144.7,-19.4
147590,144.5,-19.8
147600,144.4,-20.1
147610,144.2,-20.5
147620,144.1,-20.9
147630,143.9,-21.2
147640,143.7,-21.6
147650,143.6,-21.9
147660,143.5,-22.3
147670,143.3,-22.7
147680,143.2,-23
147690,143,-23.4
147700,142.9,-23.7
147710,142.8,-24.1
147720,142.6,-24.4
147730,142.5,-24.8
147740,142.4,-25.1
147750,142.2,-25.5
147760,142.1,-25.8
147770,142,-26.2
147780,141.9,-26.5
147790,141.7,-26.8
147800,141.6,-27.2
147810,141.5,-27.5
147820,141.4,-27.9
147830,141.3,-28.2
147840,141.1,-28.6
147850,141,-28.9
147860,140.9,-29.2
147870,140.8,-29.6
147880,140.7,-29.9
147890,140.6,-30.3
147900,140.5,-30.6
147910,140.4,-30.9
147920,140.2,-31.3
147930,140.1,-31.6
147940,140,-32
147950,139.9,-32.3
147960,139.8,-32.6
147970,139.7,-33
147980,139.6,-33.3
147990,139.5,-33.6
148000,139.4,-34
148010,139.3,-34.3
148020,139.2,-34.6
148030,139.1,-35
148040,139,-35.3
148050,138.9,-35.6
148060,138.8,-36
148070,138.7,-36.3
148080,138.6,-36.6
148090,138.5,-37
148100,138.4,-37.3
148110,138.3,-37.6
148120,138.2,-37.9
148130,138.1,-38.3
148140,138,-38.6
148150,137.9,-38.9
148160,137.8,-39.3
148170,137.7,-39.6
148180,137.6,-39.9
148190,137.5,-40.2
148200,137.3,-40.6
148210,137.2,-40.9
148220,137.1,-41.2
148230,137,-41.6
148240,136.9,-41.9
148250,136.8,-42.2
148260,136.7,-42.5
148270,136.6,-42.9
148280,136.5,-43.2
148290,136.4,-43.5
148300,136.3,-43.8
148310,136.2,-44.2
148320,136.1,-44.5
148330,136,-44.8
148340,135.9,-45.1
148350,135.8,-45.4
148360,135.7,-45.8
148370,135.5,-46.1
148380,135.4,-46.4
148390,135.3,-46.7
148400,135.2,-47.1
148410,135.1,-47.4
148420,135,-47.7
148430,134.9,-48
148440,134.7,-48.3
148450,134.6,-48.7
148460,134.5,-49
148470,134.4,-49.3
148480,134.3,-49.6
148490,134.1,-49.9
148500,134,-50.3
148510,133.9,-50.6
148520,133.8,-50.9
148530,133.6,-51.2
148540,133.5,-51.5
148550,133.4,-51.9
148560,133.2,-52.2
148570,133.1,-52.5
148580,133,-52.8
148590,132.8,-53.1
148600,132.7,-53.5
148610,132.6,-53.8
148620,132.4,-54.1
148630,132.3,-54.4
148640,132.1,-54.7
148650,132,-55
148660,131.8,-55.3
148670,131.7,-55.7
148680,131.5,-56
148690,131.4,-56.3
148700,131.2,-56.6
148710,131.1,-56.9
148720,130.9,-57.2
148730,130.7,-57.6
148740,130.6,-57.9
148750,130.4,-58.2
148760,130.2,-58.5
148770,130,-58.8
148780,129.9,-59.1
148790,129.7,-59.4
148800,129.5,-59.7
148810,129.3,-60.1
148820,129.1,-60.4
148830,128.9,-60.7
148840,128.7,-61
148850,128.5,-61.3
148860,128.3,-61.6
148870,128.1,-61.9
148880,127.9,-62.2
148890,127.7,-62.5
148900,127.5,-62.8
148910,127.2,-63.1
148920,127,-63.5
148930,126.8,-63.8
148940,126.5,-64.1
148950,126.3,-64.4
148960,126,-64.7
148970,125.8,-65
148980,125.5,-65.3
148990,125.2,-65.6
149000,125,-65.9
149010,124.7,-66.2
149020,124.4,-66.5
149030,124.1,-66.8
149040,123.8,-67.1
149050,123.5,-67.4
149060,123.2,-67.7
149070,122.9,-68
149080,122.5,-68.3
149090,122.2,-68.6
149100,121.8,-68.9
149110,121.5,-69.2
149120,121.1,-69.5
149130,120.7,-69.8
149140,120.3,-70.1
149150,119.9,-70.4
149160,119.5,-70.7
149170,119.1,-71
149180,118.7,-71.3
149190,118.2,-71.5
149200,117.8,-71.8
149210,117.3,-72.1
149220,116.8,-72.4
149230,116.3,-72.7
149240,115.8,-73
149250,115.2,-73.3
149260,114.7,-73.5
149270,114.1,-73.8
149280,113.5,-74.1
149290,112.9,-74.4
149300,112.3,-74.6
149310,111.6,-74.9
149320,110.9,-75.2
149330,110.2,-75.5
149340,109.5,-75.7
149350,108.7,-76
149360,108,-76.3
149370,107.1,-76.5
149380,106.3,-76.8
149390,105.4,-77
149400,104.5,-77.3
149410,103.6,-77.5
149420,102.6,-77.8
149430,101.6,-78
149440,100.5,-78.2
149450,99.4,-78.5
149460,98.2,-78.7
149470,97,-78.9
149480,95.8,-79.1
149490,94.5,-79.4
149500,93.2,-79.6
149510,91.8,-79.8
149520,90.3,-80
149530,88.8,-80.2
149540,87.2,-80.3
149550,85.6,-80.5
149560,83.9,-80.7
149570,82.2,-80.8
149580,80.4,-81
149590,78.5,-81.1
149600,76.6,-81.3
149610,74.6,-81.4
149620,72.6,-81.5
149630,70.5,-81.6
149640,68.4,-81.7
149650,66.2,-81.8
149660,64,-81.9
149670,61.8,-81.9
149680,59.5,-82
149690,57.2,-82
149700,54.9,-82
149710,52.6,-82
149720,50.2,-82
149730,47.9,-82
149740,45.6,-82
149750,43.3,-81.9
149760,41.1,-81.9
149770,38.9,-81.8
149780,36.7,-81.7
149790,34.5,-81.6
149800,32.5,-81.5
149810,30.4,-81.4
149820,28.4,-81.3
149830,26.5,-81.2
149840,24.6,-81
149850,22.8,-80.9
149860,21.1,-80.7
149870,19.4,-80.5
149880,17.8,-80.4
149890,16.2,-80.2
149900,14.7,-80
149910,13.2,-79.8
149920,11.8,-79.6
149930,10.5,-79.4
149940,9.1,-79.2
149950,7.9,-79
149960,6.7,-78.7
149970,5.5,-78.5
149980,4.4,-78.3
149990,3.3,-78
150000,2.3,-77.8
150010,1.3,-77.6
150020,0.3,-77.3
150030,359.4,-77.1
150040,358.5,-76.8
150050,357.7,-76.5
150060,356.8,-76.3
150070,356,-76
150080,355.3,-75.8
150090,354.5,-75.5
150100,353.8,-75.2
150110,353.1,-75
150120,352.4,-74.7
150130,351.8,-74.4
150140,351.2,-74.1
150150,350.6,-73.9
150160,350,-73.6
150170,349.4,-73.3
150180,348.8,-73
150190,348.3,-72.7
150200,347.8,-72.5
150210,347.3,-72.2
150220,346.8,-71.9
150230,346.3,-71.6
150240,345.8,-71.3
150250,345.4,-71
150260,344.9,-70.7
150270,344.5,-70.5
150280,344.1,-70.2
150290,343.7,-69.9
150300,343.3,-69.6
150310,342.9,-69.3
150320,342.5,-69
150330,342.1,-68.7
150340,341.7,-68.4
150350,341.4,-68.1
150360,341,-67.8
150370,340.7,-67.5
150380,340.4,-67.2
150390,340,-66.9
150400,339.7,-66.6
150410,339.4,-66.3
150420,339.1,-66
150430,338.8,-65.7
150440,338.5,-65.4
150450,338.2,-65.1
150460,337.9,-64.8
150470,337.7,-64.5
150480,337.4,-64.2
150490,337.1,-63.9
150500,336.8,-63.6
150510,336.6,-63.3
150520,336.3,-63
150530,336.1,-62.7
150540,335.8,-62.4
150550,335.6,-62.1
150560,335.3,-61.8
150570,335.1,-61.4
150580,334.9,-61.1
150590,334.6,-60.8
150600,334.4,-60.5
150610,334.2,-60.2
150620,333.9,-59.9
150630,333.7,-59.6
150640,333.5,-59.3
150650,333.3,-59
150660,333.1,-58.7
150670,332.9,-58.4
150680,332.7,-58.1
150690,332.4,-57.8
150700,332.2,-57.4
150710,332,-57.1
150720,331.8,-56.8
150730,331.6,-56.5
150740,331.4,-56.2
150750,331.2,-55.9
150760,331.1,-55.6
150770,330.9,-55.3
150780,330.7,-55
150790,330.5,-54.6
150800,330.3,-54.3
150810,330.1,-54
150820,329.9,-53.7
150830,329.7,-53.4
150840,329.5,-53.1
150850,329.4,-52.8
150860,329.2,-52.5
150870,329,-52.2
150880,328.8,-51.8
150890,328.6,-51.5
150900,328.5,-51.2
150910,328.3,-50.9
150920,328.1,-50.6
150930,327.9,-50.3
150940,327.8,-50
150950,327.6,-49.7
150960,327.4,-49.3
150970,327.2,-49
150980,327,-48.7
150990,326.9,-48.4
151000,326.7,-48.1
151010,326.5,-47.8
151020,326.4,-47.5
151030,326.2,-47.1
151040,326,-46.8
151050,325.8,-46.5
151060,325.7,-46.2
151070,325.5,-45.9
151080,325.3,-45.6
151090,325.1,-45.2
151100,325,-44.9
151110,324.8,-44.6
151120,324.6,-44.3
151130,324.4,-44
151140,324.3,-43.7
151150,324.1,-43.4
151160,323.9,-43
151170,323.7,-42.7
151180,323.5,-42.4
151190,323.4,-42.1
151200,323.2,-41.8
151210,323,-41.5
151220,322.8,-41.1
151230,322.7,-40.8
151240,322.5,-40.5
151250,322.3,-40.2
151260,322.1,-39.9
151270,321.9,-39.6
151280,321.7,-39.2
151290,321.5,-38.9
151300,321.4,-38.6
151310,321.2,-38.3
151320,321,-38
151330,320.8,-37.7
151340,320.6,-37.3
151350,320.4,-37
151360,320.2,-36.7
151370,320,-36.4
151380,319.8,-36.1
151390,319.6,-35.7
151400,319.4,-35.4
151410,319.2,-35.1
151420,319,-34.8
151430,318.8,-34.5
151440,318.6,-34.1
151450,318.4,-33.8
151460,318.2,-33.5
151470,317.9,-33.2
151480,317.7,-32.9
151490,317.5,-32.5
151500,317.3,-32.2
151510,317.1,-31.9
151520,316.8,-31.6
151530,316.6,-31.3
151540,316.4,-30.9
151550,316.1,-30.6
151560,315.9,-30.3
151570,315.7,-30
151580,315.4,-29.7
151590,315.2,-29.3
151600,314.9,-29
151610,314.7,-28.7
151620,314.4,-28.4
151630,314.2,-28.1
151640,313.9,-27.7
151650,313.6,-27.4
151660,313.4,-27.1
151670,313.1,-26.8
151680,312.8,-26.4
151690,312.5,-26.1
151700,312.3,-25.8
151710,312,-25.5
151720,311.7,-25.2
151730,311.4,-24.8
151740,311.1,-24.5
151750,310.8,-24.2
151760,310.5,-23.9
151770,310.1,-23.5
151780,309.8,-23.2
151790,309.5,-22.9
151800,309.1,-22.6
151810,308.8,-22.2
151820,308.5,-21.9
151830,308.1,-21.6
151840,307.7,-21.3
151850,307.4,-20.9
151860,307,-20.6
151870,306.6,-20.3
151880,306.2,-20
151890,305.9,-19.6
151900,305.4,-19.3
151910,305,-19
151920,304.6,-18.7
151930,304.2,-18.3
151940,303.8,-18
151950,303.3,-17.7
151960,302.9,-17.4
151970,302.4,-17
151980,301.9,-16.7
151990,301.4,-16.4
152000,300.9,-16.1
152010,300.4,-15.7
152020,299.9,-15.4
152030,299.4,-15.1
152040,298.8,-14.8
152050,298.3,-14.4
152060,297.7,-14.1
152070,297.1,-13.8
152080,296.5,-13.5
152090,295.9,-13.1
152100,295.3,-12.8
152110,294.7,-12.5
152120,294,-12.2
152130,293.3,-11.9
152140,292.6,-11.5
152150,291.9,-11.2
152160,291.2,-10.9
152170,290.4,-10.6
152180,289.7,-10.3
152190,288.9,-9.9
152200,288.1,-9.6
152210,287.3,-9.3
152220,286.4,-9
152230,285.5,-8.7
152240,284.6,-8.4
152250,283.7,-8.1
152260,282.8,-7.8
152270,281.8,-7.5
152280,280.8,-7.2
152290,279.8,-6.9
152300,278.8,-6.6
152310,277.7,-6.3
152320,276.6,-6
152330,275.5,-5.8
152340,274.3,-5.5
152350,273.1,-5.2
152360,271.9,-5
152370,270.7,-4.7
152380,269.4,-4.5
152390,268.1,-4.2
152400,266.7,-4
152410,265.4,-3.8
152420,264,-3.6
152430,262.6,-3.4
152440,261.2,-3.2
152450,259.7,-3
152460,258.2,-2.8
152470,256.7,-2.7
152480,255.1,-2.5
152490,253.6,-2.4
152500,252,-2.3
152510,250.4,-2.2
152520,248.8,-2.1
152530,247.2,-2
152540,245.6,-2
152550,243.9,-1.9
152560,242.3,-1.9
152570,240.6,-1.9
152580,239,-1.9
152590,237.3,-1.9
152600,235.7,-1.9
152610,234,-2
152620,232.4,-2
152630,230.8,-2.1
152640,229.1,-2.2
152650,227.5,-2.3
152660,226,-2.4
152670,224.4,-2.6
152680,222.9,-2.7
152690,221.3,-2.9
152700,219.8,-3
152710,218.4,-3.2
152720,216.9,-3.4
152730,215.5,-3.6
152740,214.1,-3.8
152750,212.7,-4.1
152760,211.4,-4.3
152770,210.1,-4.5
152780,208.8,-4.8
152790,207.6,-5
152800,206.3,-5.3
152810,205.1,-5.6
152820,204,-5.8
152830,202.8,-6.1
152840,201.7,-6.4
152850,200.6,-6.7
152860,199.6,-7
152870,198.6,-7.3
152880,197.5,-7.5
152890,196.6,-7.8
152900,195.6,-8.1
152910,194.7,-8.4
152920,193.8,-8.8
152930,192.9,-9.1
152940,192,-9.4
152950,191.2,-9.7
152960,190.4,-10
152970,189.6,-10.3
152980,188.8,-10.6
152990,188,-10.9
153000,187.3,-11.3
153010,186.5,-11.6
153020,185.8,-11.9
153030,185.1,-12.2
153040,184.5,-12.5
153050,183.8,-12.9
153060,183.2,-13.2
153070,182.5,-13.5
153080,181.9,-13.8
153090,181.3,-14.1
153100,180.7,-14.5
153110,180.1,-14.8
153120,179.6,-15.1
153130,179,-15.4
153140,178.5,-15.8
153150,177.9,-16.1
153160,177.4,-16.4
153170,176.9,-16.7
153180,176.4,-17
153190,175.9,-17.4
153200,175.4,-17.7
153210,175,-18
153220,174.5,-18.3
153230,174.1,-18.7
153240,173.6,-19
153250,173.2,-19.3
153260,172.7,-19.6
153270,172.3,-19.9
153280,171.9,-20.3
153290,171.5,-20.6
153300,171.1,-20.9
153310,170.7,-21.2
153320,170.3,-21.5
153330,169.9,-21.9
153340,169.6,-22.2
153350,169.2,-22.5
153360,168.8,-22.8
153370,168.4,-23.1
153380,168.1,-23.5
153390,167.7,-23.8
153400,167.4,-24.1
153410,167,-24.4
153420,166.7,-24.7
153430,166.4,-25
153440,166,-25.4
153450,165.7,-25.7
153460,165.4,-26
153470,165.1,-26.3
153480,164.8,-26.6
153490,164.5,-26.9
153500,164.1,-27.3
153510,163.8,-27.6
153520,163.5,-27.9
153530,163.2,-28.2
153540,162.9,-28.5
153550,162.6,-28.8
153560,162.4,-29.1
153570,162.1,-29.5
153580,161.8,-29.8
153590,161.5,-30.1
153600,161.2,-30.4
153610,160.9,-30.7
153620,160.7,-31
153630,160.4,-31.3
153640,160.1,-31.6
153650,159.8,-32
153660,159.6,-32.3
153670,159.3,-32.6
153680,159,-32.9
153690,158.8,-33.2
153700,158.5,-33.5
153710,158.2,-33.8
153720,158,-34.1
153730,157.7,-34.4
153740,157.4,-34.7
153750,157.2,-35.1
153760,156.9,-35.4
153770,156.7,-35.7
153780,156.4,-36
153790,156.2,-36.3
153800,155.9,-36.6
153810,155.7,-36.9
153820,155.4,-37.2
153830,155.2,-37.5
153840,154.9,-37.8
153850,154.7,-38.1
153860,154.4,-38.4
153870,154.2,-38.7
153880,153.9,-39
153890,153.7,-39.3
153900,153.4,-39.7
153910,153.2,-40
153920,152.9,-40.3
153930,152.7,-40.6
153940,152.4,-40.9
153950,152.2,-41.2
153960,151.9,-41.5
153970,151.7,-41.8
153980,151.4,-42.1
153990,151.2,-42.4
154000,150.9,-42.7
154010,150.7,-43
154020,150.4,-43.3
154030,150.2,-43.6
154040,149.9,-43.9
154050,149.6,-44.2
154060,149.4,-44.5
154070,149.1,-44.8
154080,148.9,-45.1
154090,148.6,-45.4
154100,148.4,-45.7
154110,148.1,-46
154120,147.8,-46.3
154130,147.6,-46.6
154140,147.3,-46.9
154150,147.1,-47.2
154160,146.8,-47.5
154170,146.5,-47.8
154180,146.3,-48.1
154190,146,-48.4
154200,145.7,-48.6
154210,145.5,-48.9
154220,145.2,-49.2
154230,144.9,-49.5
154240,144.6,-49.8
154250,144.4,-50.1
154260,144.1,-50.4
154270,143.8,-50.7
154280,143.5,-51
154290,143.2,-51.3
154300,142.9,-51.6
154310,142.6,-51.9
154320,142.3,-52.2
154330,142.1,-52.4
154340,141.8,-52.7
154350,141.5,-53
154360,141.2,-53.3
154370,140.8,-53.6
154380,140.5,-53.9
154390,140.2,-54.2
154400,139.9,-54.5
154410,139.6,-54.7
154420,139.3,-55
154430,139,-55.3
154440,138.6,-55.6
154450,138.3,-55.9
154460,138,-56.2
154470,137.6,-56.4
154480,137.3,-56.7
154490,136.9,-57
154500,136.6,-57.3
154510,136.2,-57.5
154520,135.9,-57.8
154530,135.5,-58.1
154540,135.2,-58.4
154550,134.8,-58.7
154560,134.4,-58.9
154570,134,-59.2
154580,133.7,-59.5
154590,133.3,-59.7
154600,132.9,-60
154610,132.5,-60.3
154620,132.1,-60.6
154630,131.7,-60.8
154640,131.2,-61.1
154650,130.8,-61.4
154660,130.4,-61.6
154670,130,-61.9
154680,129.5,-62.1
154690,129.1,-62.4
154700,128.6,-62.7
154710,128.2,-62.9
154720,127.7,-63.2
154730,127.2,-63.4
154740,126.7,-63.7
154750,126.2,-64
154760,125.8,-64.2
154770,125.2,-64.5
154780,124.7,-64.7
154790,124.2,-65
154800,123.7,-65.2
154810,123.1,-65.5
154820,122.6,-65.7
154830,122,-65.9
154840,121.5,-66.2
154850,120.9,-66.4
154860,120.3,-66.7
154870,119.7,-66.9
154880,119.1,-67.1
154890,118.5,-67.4
154900,117.9,-67.6
154910,117.2,-67.8
154920,116.6,-68
154930,115.9,-68.3
154940,115.3,-68.5
154950,114.6,-68.7
154960,113.9,-68.9
154970,113.2,-69.1
154980,112.4,-69.3
154990,111.7,-69.6
155000,111,-69.8
155010,110.2,-70
155020,109.4,-70.2
155030,108.6,-70.4
155040,107.8,-70.6
155050,107,-70.7
155060,106.2,-70.9
155070,105.3,-71.1
155080,104.5,-71.3
155090,103.6,-71.5
155100,102.7,-71.6
155110,101.8,-71.8
155120,100.9,-72
155130,100,-72.1
155140,99,-72.3
155150,98,-72.5
155160,97,-72.6
155170,96,-72.8
155180,95,-72.9
155190,94,-73
155200,93,-73.2
155210,91.9,-73.3
155220,90.8,-73.4
155230,89.7,-73.5
155240,88.6,-73.6
155250,87.5,-73.7
155260,86.4,-73.8
155270,85.3,-73.9
155280,84.1,-74
155290,82.9,-74.1
155300,81.8,-74.2
155310,80.6,-74.3
155320,79.4,-74.3
155330,78.2,-74.4
155340,77,-74.4
155350,75.7,-74.5
155360,74.5,-74.5
155370,73.3,-74.6
155380,72,-74.6
155390,70.8,-74.6
155400,69.6,-74.6
155410,68.3,-74.7
155420,67.1,-74.7
155430,65.8,-74.7
155440,64.6,-74.7
155450,63.3,-74.6
155460,62.1,-74.6
155470,60.8,-74.6
155480,59.6,-74.6
155490,58.4,-74.5
155500,57.1,-74.5
155510,55.9,-74.4
155520,54.7,-74.4
155530,53.5,-74.3
155540,52.3,-74.2
155550,51.1,-74.2
155560,49.9,-74.1
155570,48.8,-74
155580,47.6,-73.9
155590,46.5,-73.8
155600,45.4,-73.7
155610,44.2,-73.6
155620,43.1,-73.5
155630,42.1,-73.4
155640,41,-73.3
155650,39.9,-73.1
155660,38.9,-73
155670,37.9,-72.9
155680,36.8,-72.7
155690,35.8,-72.6
155700,34.9,-72.4
155710,33.9,-72.3
155720,32.9,-72.1
155730,32,-72
155740,31.1,-71.8
155750,30.2,-71.6
155760,29.3,-71.5
155770,28.4,-71.3
155780,27.5,-71.1
155790,26.7,-70.9
155800,25.8,-70.7
155810,25,-70.5
155820,24.2,-70.4
155830,23.4,-70.2
155840,22.6,-70
155850,21.8,-69.8
155860,21.1,-69.6
155870,20.3,-69.3
155880,19.6,-69.1
155890,18.9,-68.9
155900,18.2,-68.7
155910,17.5,-68.5
155920,16.8,-68.3
155930,16.1,-68.1
155940,15.5,-67.8
155950,14.8,-67.6
155960,14.2,-67.4
155970,13.5,-67.2
155980,12.9,-66.9
155990,12.3,-66.7
156000,11.7,-66.5
156010,11.1,-66.2
156020,10.5,-66
156030,9.9,-65.8
156040,9.4,-65.5
156050,8.8,-65.3
156060,8.3,-65
156070,7.7,-64.8
156080,7.2,-64.6
156090,6.7,-64.3
156100,6.1,-64.1
156110,5.6,-63.8
156120,5.1,-63.6
156130,4.6,-63.3
156140,4.1,-63.1
156150,3.6,-62.8
156160,3.2,-62.6
156170,2.7,-62.3
156180,2.2,-62.1
156190,1.8,-61.8
156200,1.3,-61.5
156210,0.8,-61.3
156220,0.4,-61
156230,360,-60.8
156240,359.5,-60.5
156250,359.1,-60.2
156260,358.7,-60
156270,358.2,-59.7
156280,357.8,-59.4
156290,357.4,-59.2
156300,357,-58.9
156310,356.6,-58.7
156320,356.2,-58.4
156330,355.8,-58.1
156340,355.4,-57.8
156350,355,-57.6
156360,354.6,-57.3
156370,354.2,-57
156380,353.9,-56.8
156390,353.5,-56.5
156400,353.1,-56.2
156410,352.7,-56
156420,352.4,-55.7
156430,352,-55.4
156440,351.6,-55.1
156450,351.3,-54.9
156460,350.9,-54.6
156470,350.5,-54.3
156480,350.2,-54
156490,349.8,-53.8
156500,349.5,-53.5
156510,349.1,-53.2
156520,348.8,-52.9
156530,348.4,-52.7
156540,348.1,-52.4
156550,347.8,-52.1
156560,347.4,-51.8
156570,347.1,-51.6
156580,346.7,-51.3
156590,346.4,-51
156600,346.1,-50.7
156610,345.7,-50.5
156620,345.4,-50.2
156630,345.1,-49.9
156640,344.7,-49.6
156650,344.4,-49.3
156660,344.1,-49.1
156670,343.8,-48.8
156680,343.4,-48.5
156690,343.1,-48.2
156700,342.8,-47.9
156710,342.4,-47.7
156720,342.1,-47.4
156730,341.8,-47.1
156740,341.5,-46.8
156750,341.1,-46.6
156760,340.8,-46.3
156770,340.5,-46
156780,340.2,-45.7
156790,339.9,-45.4
156800,339.5,-45.1
156810,339.2,-44.9
156820,338.9,-44.6
156830,338.6,-44.3
156840,338.2,-44
156850,337.9,-43.7
156860,337.6,-43.5
156870,337.3,-43.2
156880,336.9,-42.9
156890,336.6,-42.6
156900,336.3,-42.3
156910,336,-42.1
156920,335.6,-41.8
156930,335.3,-41.5
156940,335,-41.2
156950,334.6,-40.9
156960,334.3,-40.7
156970,334,-40.4
156980,333.6,-40.1
156990,333.3,-39.8
157000,333,-39.5
157010,332.6,-39.3
157020,332.3,-39
157030,331.9,-38.7
157040,331.6,-38.4
157050,331.3,-38.2
157060,330.9,-37.9
157070,330.6,-37.6
157080,330.2,-37.3
157090,329.9,-37
157100,329.5,-36.8
157110,329.2,-36.5
157120,328.8,-36.2
157130,328.5,-35.9
157140,328.1,-35.7
157150,327.7,-35.4
157160,327.4,-35.1
157170,327,-34.8
157180,326.6,-34.5
157190,326.3,-34.3
157200,325.9,-34
157210,325.5,-33.7
157220,325.1,-33.4
157230,324.7,-33.2
157240,324.4,-32.9
157250,324,-32.6
157260,323.6,-32.4
157270,323.2,-32.1
157280,322.8,-31.8
157290,322.4,-31.5
157300,322,-31.3
157310,321.6,-31
157320,321.2,-30.7
157330,320.8,-30.5
157340,320.3,-30.2
157350,319.9,-29.9
157360,319.5,-29.7
157370,319.1,-29.4
157380,318.6,-29.1
157390,318.2,-28.9
157400,317.7,-28.6
157410,317.3,-28.3
157420,316.8,-28.1
157430,316.4,-27.8
157440,315.9,-27.5
157450,315.5,-27.3
157460,315,-27
157470,314.5,-26.7
157480,314,-26.5
157490,313.6,-26.2
157500,313.1,-26
157510,312.6,-25.7
157520,312.1,-25.5
157530,311.6,-25.2
157540,311,-24.9
157550,310.5,-24.7
157560,310,-24.4
157570,309.5,-24.2
157580,308.9,-23.9
157590,308.4,-23.7
157600,307.8,-23.4
157610,307.3,-23.2
157620,306.7,-23
157630,306.1,-22.7
157640,305.6,-22.5
157650,305,-22.2
157660,304.4,-22
157670,303.8,-21.8
157680,303.2,-21.5
157690,302.6,-21.3
157700,302,-21.1
157710,301.3,-20.8
157720,300.7,-20.6
157730,300,-20.4
157740,299.4,-20.2
157750,298.7,-19.9
157760,298.1,-19.7
157770,297.4,-19.5
157780,296.7,-19.3
157790,296,-19.1
157800,295.3,-18.9
157810,294.6,-18.6
157820,293.9,-18.4
157830,293.1,-18.2
157840,292.4,-18
157850,291.6,-17.8
157860,290.9,-17.6
157870,290.1,-17.4
157880,289.3,-17.3
157890,288.5,-17.1
157900,287.7,-16.9
157910,286.9,-16.7
157920,286.1,-16.5
157930,285.3,-16.4
157940,284.5,-16.2
157950,283.6,-16
157960,282.8,-15.9
157970,281.9,-15.7
157980,281,-15.6
157990,280.2,-15.4
158000,279.3,-15.3
158010,278.4,-15.1
158020,277.5,-15
158030,276.6,-14.9
158040,275.6,-14.7
158050,274.7,-14.6
158060,273.8,-14.5
158070,272.8,-14.4
158080,271.9,-14.3
158090,270.9,-14.2
158100,270,-14.1
158110,269,-14
158120,268,-13.9
158130,267,-13.8
158140,266,-13.7
158150,265,-13.7
158160,264,-13.6
158170,263,-13.6
158180,262,-13.5
158190,261,-13.5
158200,260,-13.4
158210,259,-13.4
158220,258,-13.3
158230,256.9,-13.3
158240,255.9,-13.3
158250,254.9,-13.3
158260,253.9,-13.3
158270,252.8,-13.3
158280,251.8,-13.3
158290,250.8,-13.3
158300,249.8,-13.3
158310,248.7,-13.4
158320,247.7,-13.4
158330,246.7,-13.4
158340,245.7,-13.5
158350,244.7,-13.5
158360,243.7,-13.6
158370,242.7,-13.6
158380,241.7,-13.7
158390,240.7,-13.8
158400,239.7,-13.9
158410,238.7,-13.9
158420,237.7,-14
158430,236.7,-14.1
158440,235.8,-14.2
158450,234.8,-14.3
158460,233.8,-14.4
158470,232.9,-14.6
158480,232,-14.7
158490,231,-14.8
158500,230.1,-14.9
158510,229.2,-15.1
158520,228.3,-15.2
158530,227.4,-15.3
158540,226.5,-15.5
158550,225.6,-15.6
158560,224.7,-15.8
158570,223.9,-15.9
158580,223,-16.1
158590,222.2,-16.3
158600,221.3,-16.4
158610,220.5,-16.6
158620,219.7,-16.8
158630,218.9,-16.9
158640,218.1,-17.1
158650,217.3,-17.3
158660,216.5,-17.5
158670,215.7,-17.7
158680,214.9,-17.9
158690,214.2,-18.1
158700,213.4,-18.3
158710,212.7,-18.5
158720,211.9,-18.7
158730,211.2,-18.9
158740,210.5,-19.1
158750,209.8,-19.3
158760,209.1,-19.5
158770,208.4,-19.7
158780,207.7,-19.9
158790,207,-20.2
158800,206.4,-20.4
158810,205.7,-20.6
158820,205,-20.8
158830,204.4,-21
158840,203.7,-21.3
158850,203.1,-21.5
158860,202.5,-21.7
158870,201.9,-22
158880,201.3,-22.2
158890,200.6,-22.4
158900,200,-22.6
158910,199.5,-22.9
158920,198.9,-23.1
158930,198.3,-23.4
158940,197.7,-23.6
158950,197.1,-23.8
158960,196.6,-24.1
158970,196,-24.3
158980,195.5,-24.6
158990,194.9,-24.8
159000,194.4,-25
159010,193.8,-25.3
159020,193.3,-25.5
159030,192.8,-25.8
159040,192.3,-26
159050,191.7,-26.3
159060,191.2,-26.5
159070,190.7,-26.8
159080,190.2,-27
159090,189.7,-27.3
159100,189.2,-27.5
159110,188.7,-27.8
159120,188.2,-28
159130,187.8,-28.3
159140,187.3,-28.5
159150,186.8,-28.8
159160,186.3,-29
159170,185.9,-29.3
159180,185.4,-29.6
159190,184.9,-29.8
159200,184.5,-30.1
159210,184,-30.3
159220,183.6,-30.6
159230,183.1,-30.8
159240,182.7,-31.1
159250,182.2,-31.3
159260,181.8,-31.6
159270,181.4,-31.9
159280,180.9,-32.1
159290,180.5,-32.4
159300,180.1,-32.6
159310,179.6,-32.9
159320,179.2,-33.1
159330,178.8,-33.4
159340,178.3,-33.7
159350,177.9,-33.9
159360,177.5,-34.2
159370,177.1,-34.4
159380,176.7,-34.7
159390,176.3,-35
159400,175.8,-35.2
159410,175.4,-35.5
159420,175,-35.7
159430,174.6,-36
159440,174.2,-36.2
159450,173.8,-36.5
159460,173.4,-36.8
159470,173,-37
159480,172.6,-37.3
159490,172.2,-37.5
159500,171.8,-37.8
159510,171.4,-38.1
159520,171,-38.3
159530,170.6,-38.6
159540,170.2,-38.8
159550,169.8,-39.1
159560,169.4,-39.3
159570,169,-39.6
159580,168.6,-39.9
159590,168.2,-40.1
159600,167.8,-40.4
159610,167.4,-40.6
159620,167,-40.9
159630,166.6,-41.1
159640,166.2,-41.4
159650,165.8,-41.6
159660,165.4,-41.9
159670,165,-42.2
159680,164.6,-42.4
159690,164.2,-42.7
159700,163.8,-42.9
159710,163.4,-43.2
159720,163,-43.4
159730,162.6,-43.7
159740,162.2,-43.9
159750,161.9,-44.2
159760,161.5,-44.4
159770,161,-44.7
159780,160.6,-44.9
159790,160.2,-45.2
159800,159.8,-45.4
159810,159.4,-45.7
159820,159,-45.9
159830,158.6,-46.2
159840,158.2,-46.4
159850,157.8,-46.7
159860,157.4,-46.9
159870,157,-47.2
159880,156.6,-47.4
159890,156.2,-47.7
159900,155.7,-47.9
159910,155.3,-48.1
159920,154.9,-48.4
159930,154.5,-48.6
159940,154.1,-48.9
159950,153.6,-49.1
159960,153.2,-49.3
159970,152.8,-49.6
159980,152.4,-49.8
159990,151.9,-50.1
160000,151.5,-50.3
160010,151,-50.5
160020,150.6,-50.8
160030,150.2,-51
160040,149.7,-51.2
160050,149.3,-51.5
160060,148.8,-51.7
160070,148.4,-51.9
160080,147.9,-52.2
160090,147.5,-52.4
160100,147,-52.6
160110,146.6,-52.9
160120,146.1,-53.1
160130,145.6,-53.3
160140,145.1,-53.5
160150,144.7,-53.8
160160,144.2,-54
160170,143.7,-54.2
160180,143.2,-54.4
160190,142.7,-54.7
160200,142.3,-54.9
160210,141.8,-55.1
160220,141.3,-55.3
160230,140.8,-55.5
160240,140.3,-55.8
160250,139.8,-56
160260,139.2,-56.2
160270,138.7,-56.4
160280,138.2,-56.6
160290,137.7,-56.8
160300,137.2,-57
160310,136.6,-57.2
160320,136.1,-57.4
160330,135.5,-57.6
160340,135,-57.8
160350,134.5,-58
160360,133.9,-58.2
160370,133.3,-58.4
160380,132.8,-58.6
160390,132.2,-58.8
160400,131.6,-59
160410,131.1,-59.2
160420,130.5,-59.4
160430,129.9,-59.6
160440,129.3,-59.8
160450,128.7,-60
160460,128.1,-60.1
160470,127.5,-60.3
160480,126.9,-60.5
160490,126.3,-60.7
160500,125.6,-60.9
160510,125,-61
160520,124.4,-61.2
160530,123.7,-61.4
160540,123.1,-61.5
160550,122.5,-61.7
160560,121.8,-61.9
160570,121.1,-62
160580,120.5,-62.2
160590,119.8,-62.3
160600,119.1,-62.5
160610,118.4,-62.6
160620,117.8,-62.8
160630,117.1,-62.9
160640,116.4,-63.1
160650,115.7,-63.2
160660,114.9,-63.4
160670,114.2,-63.5
160680,113.5,-63.6
160690,112.8,-63.8
160700,112,-63.9
160710,111.3,-64
160720,110.6,-64.1
160730,109.8,-64.3
160740,109.1,-64.4
160750,108.3,-64.5
160760,107.5,-64.6
160770,106.8,-64.7
160780,106,-64.8
160790,105.2,-64.9
160800,104.4,-65
160810,103.6,-65.1
160820,102.8,-65.2
160830,102,-65.3
160840,101.2,-65.4
160850,100.4,-65.5
160860,99.6,-65.6
160870,98.8,-65.6
160880,97.9,-65.7
160890,97.1,-65.8
160900,96.3,-65.9
160910,95.5,-65.9
160920,94.6,-66
160930,93.8,-66
160940,92.9,-66.1
160950,92.1,-66.1
160960,91.2,-66.2
160970,90.4,-66.2
160980,89.5,-66.3
160990,88.7,-66.3
161000,87.8,-66.3
161010,87,-66.4
161020,86.1,-66.4
161030,85.2,-66.4
161040,84.4,-66.4
161050,83.5,-66.5
161060,82.6,-66.5
161070,81.8,-66.5
161080,80.9,-66.5
161090,80,-66.5
161100,79.2,-66.5
161110,78.3,-66.5
161120,77.4,-66.5
161130,76.6,-66.4
161140,75.7,-66.4
161150,74.8,-66.4
161160,74,-66.4
161170,73.1,-66.3
161180,72.2,-66.3
161190,71.4,-66.3
161200,70.5,-66.2
161210,69.7,-66.2
161220,68.8,-66.2
161230,68,-66.1
161240,67.1,-66.1
161250,66.3,-66
161260,65.4,-65.9
161270,64.6,-65.9
161280,63.8,-65.8
161290,62.9,-65.7
161300,62.1,-65.7
161310,61.3,-65.6
161320,60.5,-65.5
161330,59.7,-65.4
161340,58.9,-65.3
161350,58,-65.3
161360,57.2,-65.2
161370,56.5,-65.1
161380,55.7,-65
161390,54.9,-64.9
161400,54.1,-64.8
161410,53.3,-64.7
161420,52.5,-64.6
161430,51.8,-64.4
161440,51,-64.3
161450,50.3,-64.2
161460,49.5,-64.1
161470,48.8,-64
161480,48,-63.9
161490,47.3,-63.7
161500,46.5,-63.6
161510,45.8,-63.5
161520,45.1,-63.3
161530,44.4,-63.2
161540,43.7,-63.1
161550,43,-62.9
161560,42.3,-62.8
161570,41.6,-62.6
161580,40.9,-62.5
161590,40.2,-62.3
161600,39.5,-62.2
161610,38.8,-62
161620,38.2,-61.9
161630,37.5,-61.7
161640,36.8,-61.6
161650,36.2,-61.4
161660,35.5,-61.2
161670,34.9,-61.1
161680,34.3,-60.9
161690,33.6,-60.7
161700,33,-60.6
161710,32.4,-60.4
161720,31.7,-60.2
161730,31.1,-60
161740,30.5,-59.9
161750,29.9,-59.7
161760,29.3,-59.5
161770,28.7,-59.3
161780,28.1,-59.1
161790,27.5,-59
161800,26.9,-58.8
161810,26.3,-58.6
161820,25.8,-58.4
161830,25.2,-58.2
161840,24.6,-58
161850,24,-57.8
161860,23.5,-57.6
161870,22.9,-57.5
161880,22.4,-57.3
161890,21.8,-57.1
161900,21.3,-56.9
161910,20.7,-56.7
161920,20.2,-56.5
161930,19.6,-56.3
161940,19.1,-56.1
161950,18.6,-55.9
161960,18,-55.7
161970,17.5,-55.5
161980,17,-55.3
161990,16.5,-55.1
162000,15.9,-54.9
162010,15.4,-54.7
162020,14.9,-54.4
162030,14.4,-54.2
162040,13.9,-54
162050,13.4,-53.8
162060,12.9,-53.6
162070,12.4,-53.4
162080,11.9,-53.2
162090,11.4,-53
162100,10.9,-52.8
162110,10.4,-52.6
162120,9.9,-52.3
162130,9.4,-52.1
162140,8.9,-51.9
162150,8.4,-51.7
162160,7.9,-51.5
162170,7.5,-51.3
162180,7,-51.1
162190,6.5,-50.8
162200,6,-50.6
162210,5.5,-50.4
162220,5.1,-50.2
162230,4.6,-50
162240,4.1,-49.8
162250,3.6,-49.5
162260,3.2,-49.3
162270,2.7,-49.1
162280,2.2,-48.9
162290,1.8,-48.7
162300,1.3,-48.4
162310,0.8,-48.2
162320,0.4,-48
162330,359.9,-47.8
162340,359.4,-47.6
162350,359,-47.3
162360,358.5,-47.1
162370,358.1,-46.9
162380,357.6,-46.7
162390,357.1,-46.5
162400,356.7,-46.2
162410,356.2,-46
162420,355.8,-45.8
162430,355.3,-45.6
162440,354.8,-45.4
162450,354.4,-45.1
162460,353.9,-44.9
162470,353.5,-44.7
162480,353,-44.5
162490,352.5,-44.3
162500,352.1,-44
162510,351.6,-43.8
162520,351.2,-43.6
162530,350.7,-43.4
162540,350.2,-43.2
162550,349.8,-42.9
162560,349.3,-42.7
162570,348.9,-42.5
162580,348.4,-42.3
162590,347.9,-42.1
162600,347.5,-41.8
162610,347,-41.6
162620,346.5,-41.4
162630,346.1,-41.2
162640,345.6,-41
162650,345.1,-40.8
162660,344.7,-40.5
162670,344.2,-40.3
162680,343.7,-40.1
162690,343.2,-39.9
162700,342.8,-39.7
162710,342.3,-39.5
162720,341.8,-39.2
162730,341.3,-39
162740,340.9,-38.8
162750,340.4,-38.6
162760,339.9,-38.4
162770,339.4,-38.2
162780,338.9,-38
162790,338.4,-37.8
162800,338,-37.5
162810,337.5,-37.3
162820,337,-37.1
162830,336.5,-36.9
162840,336,-36.7
162850,335.5,-36.5
162860,335,-36.3
162870,334.5,-36.1
162880,334,-35.9
162890,333.5,-35.7
162900,333,-35.5
162910,332.5,-35.3
162920,332,-35.1
162930,331.4,-34.9
162940,330.9,-34.7
162950,330.4,-34.5
162960,329.9,-34.3
162970,329.4,-34.1
162980,328.8,-33.9
162990,328.3,-33.7
163000,327.8,-33.5
163010,327.3,-33.3
163020,326.7,-33.1
163030,326.2,-32.9
163040,325.6,-32.7
163050,325.1,-32.5
163060,324.5,-32.3
163070,324,-32.1
163080,323.4,-31.9
163090,322.9,-31.8
163100,322.3,-31.6
163110,321.8,-31.4
163120,321.2,-31.2
163130,320.6,-31
163140,320.1,-30.9
163150,319.5,-30.7
163160,318.9,-30.5
163170,318.3,-30.3
163180,317.8,-30.1
163190,317.2,-30
163200,316.6,-29.8
163210,316,-29.6
163220,315.4,-29.5
163230,314.8,-29.3
163240,314.2,-29.1
163250,313.6,-29
163260,313,-28.8
163270,312.4,-28.6
163280,311.7,-28.5
163290,311.1,-28.3
163300,310.5,-28.2
163310,309.9,-28
163320,309.2,-27.9
163330,308.6,-27.7
163340,308,-27.6
163350,307.3,-27.4
163360,306.7,-27.3
163370,306,-27.1
163380,305.4,-27
163390,304.7,-26.9
163400,304.1,-26.7
163410,303.4,-26.6
163420,302.7,-26.5
163430,302.1,-26.3
163440,301.4,-26.2
163450,300.7,-26.1
163460,300,-26
163470,299.3,-25.8
163480,298.7,-25.7
163490,298,-25.6
163500,297.3,-25.5
163510,296.6,-25.4
163520,295.9,-25.3
163530,295.2,-25.2
163540,294.5,-25.1
163550,293.7,-25
163560,293,-24.9
163570,292.3,-24.8
163580,291.6,-24.7
163590,290.9,-24.6
163600,290.1,-24.5
163610,289.4,-24.4
163620,288.7,-24.3
163630,288,-24.2
163640,287.2,-24.2
163650,286.5,-24.1
163660,285.7,-24
163670,285,-24
163680,284.3,-23.9
163690,283.5,-23.8
163700,282.8,-23.8
163710,282,-23.7
163720,281.2,-23.7
163730,280.5,-23.6
163740,279.7,-23.6
163750,279,-23.5
163760,278.2,-23.5
163770,277.4,-23.4
163780,276.7,-23.4
163790,275.9,-23.4
163800,275.2,-23.3
163810,274.4,-23.3
163820,273.6,-23.3
163830,272.8,-23.3
163840,272.1,-23.2
163850,271.3,-23.2
163860,270.5,-23.2
163870,269.8,-23.2
163880,269,-23.2
163890,268.2,-23.2
163900,267.4,-23.2
163910,266.7,-23.2
163920,265.9,-23.2
163930,265.1,-23.2
163940,264.4,-23.2
163950,263.6,-23.3
163960,262.8,-23.3
163970,262,-23.3
163980,261.3,-23.3
163990,260.5,-23.4
164000,259.7,-23.4
164010,259,-23.4
164020,258.2,-23.5
164030,257.4,-23.5
164040,256.7,-23.5
164050,255.9,-23.6
164060,255.2,-23.6
164070,254.4,-23.7
164080,253.7,-23.7
164090,252.9,-23.8
164100,252.1,-23.9
164110,251.4,-23.9
164120,250.6,-24
164130,249.9,-24.1
164140,249.2,-24.1
164150,248.4,-24.2
164160,247.7,-24.3
164170,246.9,-24.4
164180,246.2,-24.4
164190,245.5,-24.5
164200,244.7,-24.6
164210,244,-24.7
164220,243.3,-24.8
164230,242.6,-24.9
164240,241.9,-25
164250,241.1,-25.1
164260,240.4,-25.2
164270,239.7,-25.3
164280,239,-25.4
164290,238.3,-25.5
164300,237.6,-25.6
164310,236.9,-25.7
164320,236.2,-25.8
164330,235.5,-26
164340,234.8,-26.1
164350,234.2,-26.2
164360,233.5,-26.3
164370,232.8,-26.4
164380,232.1,-26.6
164390,231.4,-26.7
164400,230.8,-26.8
164410,230.1,-26.9
164420,229.4,-27.1
164430,228.8,-27.2
164440,228.1,-27.4
164450,227.5,-27.5
164460,226.8,-27.6
164470,226.2,-27.8
164480,225.5,-27.9
164490,224.9,-28.1
164500,224.2,-28.2
164510,223.6,-28.4
164520,223,-28.5
164530,222.3,-28.6
164540,221.7,-28.8
164550,221.1,-29
164560,220.5,-29.1
164570,219.8,-29.3
164580,219.2,-29.4
164590,218.6,-29.6
164600,218,-29.7
164610,217.4,-29.9
164620,216.8,-30.1
164630,216.2,-30.2
164640,215.6,-30.4
164650,215,-30.5
164660,214.4,-30.7
164670,213.8,-30.9
164680,213.2,-31
164690,212.6,-31.2
164700,212,-31.4
164710,211.5,-31.5
164720,210.9,-31.7
164730,210.3,-31.9
164740,209.7,-32.1
164750,209.2,-32.2
164760,208.6,-32.4
164770,208,-32.6
164780,207.5,-32.8
164790,206.9,-32.9
164800,206.3,-33.1
164810,205.8,-33.3
164820,205.2,-33.5
164830,204.7,-33.6
164840,204.1,-33.8
164850,203.5,-34
164860,203,-34.2
164870,202.4,-34.4
164880,201.9,-34.5
164890,201.3,-34.7
164900,200.8,-34.9
164910,200.3,-35.1
164920,199.7,-35.3
164930,199.2,-35.4
164940,198.6,-35.6
164950,198.1,-35.8
164960,197.6,-36
164970,197,-36.2
164980,196.5,-36.4
164990,196,-36.5
165000,195.4,-36.7
165010,194.9,-36.9
165020,194.4,-37.1
165030,193.8,-37.3
165040,193.3,-37.5
165050,192.8,-37.7
165060,192.3,-37.8
165070,191.7,-38
165080,191.2,-38.2
165090,190.7,-38.4
165100,190.2,-38.6
165110,189.7,-38.8
165120,189.1,-39
165130,188.6,-39.1
165140,188.1,-39.3
165150,187.6,-39.5
165160,187.1,-39.7
165170,186.5,-39.9
165180,186,-40.1
165190,185.5,-40.3
165200,185,-40.4
165210,184.5,-40.6
165220,184,-40.8
165230,183.4,-41
165240,182.9,-41.2
165250,182.4,-41.4
165260,181.9,-41.6
165270,181.4,-41.7
165280,180.9,-41.9
165290,180.3,-42.1
165300,179.8,-42.3
165310,179.3,-42.5
165320,178.8,-42.7
165330,178.3,-42.8
165340,177.8,-43
165350,177.2,-43.2
165360,176.7,-43.4
165370,176.2,-43.6
165380,175.7,-43.7
165390,175.2,-43.9
165400,174.6,-44.1
165410,174.1,-44.3
165420,173.6,-44.5
165430,173.1,-44.6
165440,172.6,-44.8
165450,172,-45
165460,171.5,-45.2
165470,171,-45.4
165480,170.5,-45.5
165490,169.9,-45.7
165500,169.4,-45.9
165510,168.9,-46.1
165520,168.4,-46.2
165530,167.8,-46.4
165540,167.3,-46.6
165550,166.8,-46.7
165560,166.2,-46.9
165570,165.7,-47.1
165580,165.2,-47.3
165590,164.6,-47.4
165600,164.1,-47.6
165610,163.6,-47.8
165620,163,-47.9
165630,162.5,-48.1
165640,161.9,-48.3
165650,161.4,-48.4
165660,160.8,-48.6
165670,160.3,-48.7
165680,159.8,-48.9
165690,159.2,-49.1
165700,158.7,-49.2
165710,158.1,-49.4
165720,157.5,-49.5
165730,157,-49.7
165740,156.4,-49.9
165750,155.9,-50
165760,155.3,-50.2
165770,154.8,-50.3
165780,154.2,-50.5
165790,153.6,-50.6
165800,153.1,-50.8
165810,152.5,-50.9
165820,151.9,-51.1
165830,151.3,-51.2
165840,150.8,-51.4
165850,150.2,-51.5
165860,149.6,-51.6
165870,149,-51.8
165880,148.5,-51.9
165890,147.9,-52.1
165900,147.3,-52.2
165910,146.7,-52.3
165920,146.1,-52.5
165930,145.5,-52.6
165940,144.9,-52.7
165950,144.3,-52.9
165960,143.7,-53
165970,143.1,-53.1
165980,142.5,-53.3
165990,141.9,-53.4
166000,141.3,-53.5
166010,140.7,-53.6
166020,140.1,-53.8
166030,139.5,-53.9
166040,138.9,-54
166050,138.3,-54.1
166060,137.6,-54.2
166070,137,-54.3
166080,136.4,-54.5
166090,135.8,-54.6
166100,135.1,-54.7
166110,134.5,-54.8
166120,133.9,-54.9
166130,133.2,-55
166140,132.6,-55.1
166150,132,-55.2
166160,131.3,-55.3
166170,130.7,-55.4
166180,130.1,-55.5
166190,129.4,-55.6
166200,128.8,-55.7
166210,128.1,-55.8
166220,127.5,-55.9
166230,126.8,-56
166240,126.2,-56
166250,125.5,-56.1
166260,124.8,-56.2
166270,124.2,-56.3
166280,123.5,-56.4
166290,122.8,-56.4
166300,122.2,-56.5
166310,121.5,-56.6
166320,120.8,-56.7
166330,120.2,-56.7
166340,119.5,-56.8
166350,118.8,-56.9
166360,118.2,-56.9
166370,117.5,-57
166380,116.8,-57.1
166390,116.1,-57.1
166400,115.4,-57.2
166410,114.7,-57.2
166420,114.1,-57.3
166430,113.4,-57.3
166440,112.7,-57.4
166450,112,-57.4
166460,111.3,-57.5
166470,110.6,-57.5
166480,109.9,-57.5
166490,109.2,-57.6
166500,108.5,-57.6
166510,107.9,-57.6
166520,107.2,-57.7
166530,106.5,-57.7
166540,105.8,-57.7
166550,105.1,-57.8
166560,104.4,-57.8
166570,103.7,-57.8
166580,103,-57.8
166590,102.3,-57.8
166600,101.6,-57.9
166610,100.9,-57.9
166620,100.2,-57.9
166630,99.5,-57.9
166640,98.8,-57.9
166650,98.1,-57.9
166660,97.4,-57.9
166670,96.7,-57.9
166680,96,-57.9
166690,95.3,-57.9
166700,94.6,-57.9
166710,93.9,-57.9
166720,93.2,-57.9
166730,92.5,-57.9
166740,91.8,-57.8
166750,91.1,-57.8
166760,90.4,-57.8
166770,89.7,-57.8
166780,89,-57.8
166790,88.3,-57.7
166800,87.6,-57.7
166810,86.9,-57.7
166820,86.2,-57.7
166830,85.5,-57.6
166840,84.8,-57.6
166850,84.1,-57.6
166860,83.4,-57.5
166870,82.7,-57.5
166880,82,-57.4
166890,81.3,-57.4
166900,80.6,-57.4
166910,79.9,-57.3
166920,79.3,-57.3
166930,78.6,-57.2
166940,77.9,-57.2
166950,77.2,-57.1
166960,76.5,-57
166970,75.8,-57
166980,75.2,-56.9
166990,74.5,-56.9
167000,73.8,-56.8
167010,73.1,-56.7
167020,72.5,-56.7
167030,71.8,-56.6
167040,71.1,-56.5
167050,70.4,-56.5
167060,69.8,-56.4
167070,69.1,-56.3
167080,68.4,-56.2
167090,67.8,-56.2
167100,67.1,-56.1
167110,66.5,-56
167120,65.8,-55.9
167130,65.1,-55.8
167140,64.5,-55.8
167150,63.8,-55.7
167160,63.2,-55.6
167170,62.5,-55.5
167180,61.9,-55.4
167190,61.2,-55.3
167200,60.6,-55.2
167210,60,-55.1
167220,59.3,-55
167230,58.7,-54.9
167240,58,-54.8
167250,57.4,-54.7
167260,56.8,-54.6
167270,56.1,-54.5
167280,55.5,-54.4
167290,54.9,-54.3
167300,54.2,-54.2
167310,53.6,-54.1
167320,53,-54
167330,52.4,-53.9
167340,51.8,-53.8
167350,51.1,-53.6
167360,50.5,-53.5
167370,49.9,-53.4
167380,49.3,-53.3
167390,48.7,-53.2
167400,48.1,-53.1
167410,47.5,-53
167420,46.8,-52.8
167430,46.2,-52.7
167440,45.6,-52.6
167450,45,-52.5
167460,44.4,-52.4
167470,43.8,-52.2
167480,43.2,-52.1
167490,42.6,-52
167500,42,-51.9
167510,41.4,-51.7
167520,40.8,-51.6
167530,40.3,-51.5
167540,39.7,-51.3
167550,39.1,-51.2
167560,38.5,-51.1
167570,37.9,-51
167580,37.3,-50.8
167590,36.7,-50.7
167600,36.1,-50.6
167610,35.6,-50.4
167620,35,-50.3
167630,34.4,-50.2
167640,33.8,-50
167650,33.2,-49.9
167660,32.7,-49.7
167670,32.1,-49.6
167680,31.5,-49.5
167690,30.9,-49.3
167700,30.4,-49.2
167710,29.8,-49.1
167720,29.2,-48.9
167730,28.6,-48.8
167740,28.1,-48.6
167750,27.5,-48.5
167760,26.9,-48.4
167770,26.4,-48.2
167780,25.8,-48.1
167790,25.2,-47.9
167800,24.7,-47.8
167810,24.1,-47.7
167820,23.5,-47.5
167830,23,-47.4
167840,22.4,-47.2
167850,21.9,-47.1
167860,21.3,-46.9
167870,20.7,-46.8
167880,20.2,-46.7
167890,19.6,-46.5
167900,19,-46.4
167910,18.5,-46.2
167920,17.9,-46.1
167930,17.4,-45.9
167940,16.8,-45.8
167950,16.2,-45.7
167960,15.7,-45.5
167970,15.1,-45.4
167980,14.6,-45.2
167990,14,-45.1
168000,13.5,-44.9
168010,12.9,-44.8
168020,12.3,-44.7
168030,11.8,-44.5
168040,11.2,-44.4
168050,10.7,-44.2
168060,10.1,-44.1
168070,9.5,-43.9
168080,9,-43.8
168090,8.4,-43.7
168100,7.9,-43.5
168110,7.3,-43.4
168120,6.7,-43.2
168130,6.2,-43.1
168140,5.6,-43
168150,5.1,-42.8
168160,4.5,-42.7
168170,3.9,-42.5
168180,3.4,-42.4
168190,2.8,-42.3
168200,2.3,-42.1
168210,1.7,-42
168220,1.1,-41.8
168230,0.6,-41.7
168240,0,-41.6
168250,359.4,-41.4
168260,358.9,-41.3
168270,358.3,-41.2
168280,357.7,-41
168290,357.2,-40.9
168300,356.6,-40.8
168310,356,-40.6
168320,355.5,-40.5
168330,354.9,-40.4
168340,354.3,-40.2
168350,353.8,-40.1
168360,353.2,-40
168370,352.6,-39.8
168380,352,-39.7
168390,351.5,-39.6
168400,350.9,-39.5
168410,350.3,-39.3
168420,349.7,-39.2
168430,349.2,-39.1
168440,348.6,-39
168450,348,-38.8
168460,347.4,-38.7
168470,346.8,-38.6
168480,346.2,-38.5
168490,345.7,-38.3
168500,345.1,-38.2
168510,344.5,-38.1
168520,343.9,-38
168530,343.3,-37.9
168540,342.7,-37.7
168550,342.1,-37.6
168560,341.6,-37.5
168570,341,-37.4
168580,340.4,-37.3
168590,339.8,-37.2
168600,339.2,-37.1
168610,338.6,-37
168620,338,-36.8
168630,337.4,-36.7
168640,336.8,-36.6
168650,336.2,-36.5
168660,335.6,-36.4
168670,335,-36.3
168680,334.4,-36.2
168690,333.8,-36.1
168700,333.2,-36
168710,332.6,-35.9
168720,331.9,-35.8
168730,331.3,-35.7
168740,330.7,-35.6
168750,330.1,-35.5
168760,329.5,-35.4
168770,328.9,-35.3
168780,328.3,-35.2
168790,327.6,-35.2
168800,327,-35.1
168810,326.4,-35
168820,325.8,-34.9
168830,325.2,-34.8
168840,324.5,-34.7
168850,323.9,-34.6
168860,323.3,-34.6
168870,322.7,-34.5
168880,322,-34.4
168890,321.4,-34.3
168900,320.8,-34.2
168910,320.1,-34.2
168920,319.5,-34.1
168930,318.9,-34
168940,318.3,-34
168950,317.6,-33.9
168960,317,-33.8
168970,316.3,-33.8
168980,315.7,-33.7
168990,315.1,-33.6
169000,314.4,-33.6
169010,313.8,-33.5
169020,313.1,-33.4
169030,312.5,-33.4
169040,311.9,-33.3
169050,311.2,-33.3
169060,310.6,-33.2
169070,309.9,-33.2
169080,309.3,-33.1
169090,308.6,-33.1
169100,308,-33
169110,307.3,-33
169120,306.7,-32.9
169130,306,-32.9
169140,305.4,-32.9
169150,304.7,-32.8
169160,304.1,-32.8
169170,303.4,-32.7
169180,302.8,-32.7
169190,302.1,-32.7
169200,301.4,-32.6
169210,300.8,-32.6
169220,300.1,-32.6
169230,299.5,-32.6
169240,298.8,-32.5
169250,298.2,-32.5
169260,297.5,-32.5
169270,296.8,-32.5
169280,296.2,-32.5
169290,295.5,-32.4
169300,294.9,-32.4
169310,294.2,-32.4
169320,293.5,-32.4
169330,292.9,-32.4
169340,292.2,-32.4
169350,291.6,-32.4
169360,290.9,-32.4
169370,290.2,-32.4
169380,289.6,-32.4
169390,288.9,-32.4
169400,288.3,-32.4
169410,287.6,-32.4
169420,286.9,-32.4
169430,286.3,-32.4
169440,285.6,-32.4
169450,285,-32.4
169460,284.3,-32.4
169470,283.6,-32.4
169480,283,-32.4
169490,282.3,-32.4
169500,281.7,-32.5
169510,281,-32.5
169520,280.3,-32.5
169530,279.7,-32.5
169540,279,-32.5
169550,278.4,-32.6
169560,277.7,-32.6
169570,277,-32.6
169580,276.4,-32.6
169590,275.7,-32.7
169600,275.1,-32.7
169610,274.4,-32.7
169620,273.8,-32.8
169630,273.1,-32.8
169640,272.4,-32.8
169650,271.8,-32.9
169660,271.1,-32.9
169670,270.5,-33
169680,269.8,-33
169690,269.2,-33.1
169700,268.5,-33.1
169710,267.9,-33.1
169720,267.2,-33.2
169730,266.6,-33.2
169740,265.9,-33.3
169750,265.3,-33.3
169760,264.6,-33.4
169770,264,-33.4
169780,263.4,-33.5
169790,262.7,-33.6
169800,262.1,-33.6
169810,261.4,-33.7
169820,260.8,-33.7
169830,260.1,-33.8
169840,259.5,-33.9
169850,258.9,-33.9
169860,258.2,-34
169870,257.6,-34.1
169880,256.9,-34.1
169890,256.3,-34.2
169900,255.7,-34.3
169910,255,-34.3
169920,254.4,-34.4
169930,253.8,-34.5
169940,253.1,-34.5
169950,252.5,-34.6
169960,251.9,-34.7
169970,251.2,-34.8
169980,250.6,-34.8
169990,250,-34.9
170000,249.4,-35
170010,248.7,-35.1
170020,248.1,-35.2
170030,247.5,-35.2
170040,246.9,-35.3
170050,246.2,-35.4
170060,245.6,-35.5
170070,245,-35.6
170080,244.4,-35.7
170090,243.7,-35.8
170100,243.1,-35.8
170110,242.5,-35.9
170120,241.9,-36
170130,241.3,-36.1
170140,240.7,-36.2
170150,240,-36.3
170160,239.4,-36.4
170170,238.8,-36.5
170180,238.2,-36.6
170190,237.6,-36.7
170200,237,-36.7
170210,236.4,-36.8
170220,235.8,-36.9
170230,235.2,-37
170240,234.5,-37.1
170250,233.9,-37.2
170260,233.3,-37.3
170270,232.7,-37.4
170280,232.1,-37.5
170290,231.5,-37.6
170300,230.9,-37.7
170310,230.3,-37.8
170320,229.7,-37.9
170330,229.1,-38
170340,228.5,-38.1
170350,227.9,-38.2
170360,227.3,-38.3
170370,226.7,-38.4
170380,226.1,-38.5
170390,225.5,-38.6
170400,224.9,-38.7
170410,224.3,-38.8
170420,223.7,-38.9
170430,223.1,-39
170440,222.5,-39.1
170450,221.9,-39.2
170460,221.3,-39.3
170470,220.7,-39.4
170480,220.1,-39.5
170490,219.5,-39.6
170500,218.9,-39.7
170510,218.3,-39.9
170520,217.8,-40
170530,217.2,-40.1
170540,216.6,-40.2
170550,216,-40.3
170560,215.4,-40.4
170570,214.8,-40.5
170580,214.2,-40.6
170590,213.6,-40.7
170600,213,-40.8
170610,212.4,-40.9
170620,211.8,-41
170630,211.2,-41.1
170640,210.6,-41.2
170650,210.1,-41.3
170660,209.5,-41.4
170670,208.9,-41.5
170680,208.3,-41.6
170690,207.7,-41.7
170700,207.1,-41.8
170710,206.5,-41.9
170720,205.9,-42
170730,205.3,-42.1
170740,204.7,-42.2
170750,204.1,-42.3
170760,203.6,-42.5
170770,203,-42.6
170780,202.4,-42.7
170790,201.8,-42.8
170800,201.2,-42.9
170810,200.6,-43
170820,200,-43.1
170830,199.4,-43.2
170840,198.8,-43.3
170850,198.2,-43.4
170860,197.6,-43.5
170870,197.1,-43.6
170880,196.5,-43.7
170890,195.9,-43.8
170900,195.3,-43.9
170910,194.7,-43.9
170920,194.1,-44
170930,193.5,-44.1
170940,192.9,-44.2
170950,192.3,-44.3
170960,191.7,-44.4
170970,191.1,-44.5
170980,190.5,-44.6
170990,189.9,-44.7
171000,189.3,-44.8
171010,188.7,-44.9
171020,188.1,-45
171030,187.5,-45.1
171040,186.9,-45.2
171050,186.3,-45.3
171060,185.7,-45.3
171070,185.1,-45.4
171080,184.5,-45.5
171090,183.9,-45.6
171100,183.3,-45.7
171110,182.7,-45.8
171120,182.1,-45.9
171130,181.5,-46
171140,180.9,-46
171150,180.3,-46.1
171160,179.7,-46.2
171170,179.1,-46.3
171180,178.5,-46.4
171190,177.9,-46.4
171200,177.3,-46.5
171210,176.7,-46.6
171220,176.1,-46.7
171230,175.5,-46.8
171240,174.9,-46.8
171250,174.3,-46.9
171260,173.7,-47
171270,173.1,-47.1
171280,172.5,-47.1
171290,171.9,-47.2
171300,171.2,-47.3
171310,170.6,-47.4
171320,170,-47.4
171330,169.4,-47.5
171340,168.8,-47.6
171350,168.2,-47.6
171360,167.6,-47.7
171370,167,-47.8
171380,166.3,-47.8
171390,165.7,-47.9
171400,165.1,-48
171410,164.5,-48
171420,163.9,-48.1
171430,163.3,-48.1
171440,162.6,-48.2
171450,162,-48.3
171460,161.4,-48.3
171470,160.8,-48.4
171480,160.2,-48.4
171490,159.6,-48.5
171500,158.9,-48.5
171510,158.3,-48.6
171520,157.7,-48.6
171530,157.1,-48.7
171540,156.4,-48.7
171550,155.8,-48.8
171560,155.2,-48.8
171570,154.6,-48.9
171580,153.9,-48.9
171590,153.3,-49
171600,152.7,-49
171610,152.1,-49.1
171620,151.4,-49.1
171630,150.8,-49.1
171640,150.2,-49.2
171650,149.6,-49.2
171660,148.9,-49.3
171670,148.3,-49.3
171680,147.7,-49.3
171690,147,-49.4
171700,146.4,-49.4
171710,145.8,-49.4
171720,145.2,-49.4
171730,144.5,-49.5
171740,143.9,-49.5
171750,143.3,-49.5
171760,142.6,-49.6
171770,142,-49.6
171780,141.4,-49.6
171790,140.7,-49.6
171800,140.1,-49.7
171810,139.5,-49.7
171820,138.8,-49.7
171830,138.2,-49.7
171840,137.6,-49.7
171850,136.9,-49.7
171860,136.3,-49.8
171870,135.7,-49.8
171880,135,-49.8
171890,134.4,-49.8
171900,133.8,-49.8
171910,133.1,-49.8
171920,132.5,-49.8
171930,131.9,-49.8
171940,131.2,-49.8
171950,130.6,-49.8
171960,130,-49.9
171970,129.3,-49.9
171980,128.7,-49.9
171990,128.1,-49.9
172000,127.4,-49.9
172010,126.8,-49.9
172020,126.1,-49.9
172030,125.5,-49.9
172040,124.9,-49.8
172050,124.2,-49.8
172060,123.6,-49.8
172070,123,-49.8
172080,122.3,-49.8
172090,121.7,-49.8
172100,121.1,-49.8
172110,120.4,-49.8
172120,119.8,-49.8
172130,119.2,-49.8
172140,118.5,-49.7
172150,117.9,-49.7
172160,117.3,-49.7
172170,116.6,-49.7
172180,116,-49.7
172190,115.4,-49.7
172200,114.7,-49.6
172210,114.1,-49.6
172220,113.5,-49.6
172230,112.8,-49.6
172240,112.2,-49.5
172250,111.6,-49.5
172260,110.9,-49.5
172270,110.3,-49.5
172280,109.7,-49.4
172290,109,-49.4
172300,108.4,-49.4
172310,107.8,-49.3
172320,107.2,-49.3
172330,106.5,-49.3
172340,105.9,-49.2
172350,105.3,-49.2
172360,104.6,-49.2
172370,104,-49.1
172380,103.4,-49.1
172390,102.8,-49.1
172400,102.1,-49
172410,101.5,-49
172420,100.9,-48.9
172430,100.2,-48.9
172440,99.6,-48.9
172450,99,-48.8
172460,98.4,-48.8
172470,97.7,-48.7
172480,97.1,-48.7
172490,96.5,-48.6
172500,95.9,-48.6
172510,95.3,-48.5
172520,94.6,-48.5
172530,94,-48.4
172540,93.4,-48.4
172550,92.8,-48.3
172560,92.1,-48.3
172570,91.5,-48.2
172580,90.9,-48.2
172590,90.3,-48.1
172600,89.7,-48.1
172610,89,-48
172620,88.4,-48
172630,87.8,-47.9
172640,87.2,-47.9
172650,86.6,-47.8
172660,85.9,-47.7
172670,85.3,-47.7
172680,84.7,-47.6
172690,84.1,-47.6
172700,83.5,-47.5
172710,82.9,-47.4
172720,82.2,-47.4
172730,81.6,-47.3
172740,81,-47.3
172750,80.4,-47.2
172760,79.8,-47.1
172770,79.2,-47.1
172780,78.6,-47
172790,77.9,-47
172800,77.3,-46.9
172810,76.7,-46.8
172820,76.1,-46.8
172830,75.5,-46.7
172840,74.9,-46.6
172850,74.3,-46.6
172860,73.7,-46.5
172870,73.1,-46.4
172880,72.4,-46.4
172890,71.8,-46.3
172900,71.2,-46.2
172910,70.6,-46.2
172920,70,-46.1
172930,69.4,-46
172940,68.8,-46
172950,68.2,-45.9
172960,67.6,-45.8
172970,67,-45.7
172980,66.4,-45.7
172990,65.7,-45.6
173000,65.1,-45.5
173010,64.5,-45.5
173020,63.9,-45.4
173030,63.3,-45.3
173040,62.7,-45.3
173050,62.1,-45.2
173060,61.5,-45.1
173070,60.9,-45
173080,60.3,-45
173090,59.7,-44.9
173100,59.1,-44.8
173110,58.5,-44.8
173120,57.9,-44.7
173130,57.2,-44.6
173140,56.6,-44.5
173150,56,-44.5
173160,55.4,-44.4
173170,54.8,-44.3
173180,54.2,-44.3
173190,53.6,-44.2
173200,53,-44.1
173210,52.4,-44.1
173220,51.8,-44
173230,51.2,-43.9
173240,50.6,-43.8
173250,50,-43.8
173260,49.4,-43.7
173270,48.8,-43.6
173280,48.2,-43.6
173290,47.6,-43.5
173300,46.9,-43.4
173310,46.3,-43.4
173320,45.7,-43.3
173330,45.1,-43.2
173340,44.5,-43.1
173350,43.9,-43.1
173360,43.3,-43
173370,42.7,-42.9
173380,42.1,-42.9
173390,41.5,-42.8
173400,40.9,-42.7
173410,40.3,-42.7
173420,39.7,-42.6
173430,39.1,-42.5
173440,38.5,-42.5
173450,37.9,-42.4
173460,37.2,-42.3
173470,36.6,-42.3
173480,36,-42.2
173490,35.4,-42.2
173500,34.8,-42.1
173510,34.2,-42
173520,33.6,-42
173530,33,-41.9
173540,32.4,-41.8
173550,31.8,-41.8
173560,31.2,-41.7
173570,30.5,-41.7
173580,29.9,-41.6
173590,29.3,-41.5
173600,28.7,-41.5
173610,28.1,-41.4
173620,27.5,-41.4
173630,26.9,-41.3
173640,26.3,-41.2
173650,25.7,-41.2
173660,25.1,-41.1
173670,24.4,-41.1
173680,23.8,-41
173690,23.2,-41
173700,22.6,-40.9
173710,22,-40.9
173720,21.4,-40.8
173730,20.8,-40.8
173740,20.1,-40.7
173750,19.5,-40.7
173760,18.9,-40.6
173770,18.3,-40.6
173780,17.7,-40.5
173790,17.1,-40.5
173800,16.5,-40.4
173810,15.8,-40.4
173820,15.2,-40.3
173830,14.6,-40.3
173840,14,-40.2
173850,13.4,-40.2
173860,12.8,-40.1
173870,12.1,-40.1
173880,11.5,-40.1
173890,10.9,-40
173900,10.3,-40
173910,9.7,-39.9
173920,9.1,-39.9
173930,8.4,-39.9
173940,7.8,-39.8
173950,7.2,-39.8
173960,6.6,-39.8
173970,6,-39.7
173980,5.3,-39.7
173990,4.7,-39.6
174000,4.1,-39.6
174010,3.5,-39.6
174020,2.9,-39.6
174030,2.2,-39.5
174040,1.6,-39.5
174050,1,-39.5
174060,0.4,-39.4
174070,359.8,-39.4
174080,359.1,-39.4
174090,358.5,-39.4
174100,357.9,-39.3
174110,357.3,-39.3
174120,356.6,-39.3
174130,356,-39.3
174140,355.4,-39.2
174150,354.8,-39.2
174160,354.1,-39.2
174170,353.5,-39.2
174180,352.9,-39.2
174190,352.3,-39.2
174200,351.7,-39.1
174210,351,-39.1
174220,350.4,-39.1
174230,349.8,-39.1
174240,349.2,-39.1
174250,348.5,-39.1
174260,347.9,-39.1
174270,347.3,-39
174280,346.7,-39
174290,346,-39
174300,345.4,-39
174310,344.8,-39
174320,344.2,-39
174330,343.5,-39
174340,342.9,-39
174350,342.3,-39
174360,341.7,-39
174370,341,-39
174380,340.4,-39
174390,339.8,-39
174400,339.2,-39
174410,338.5,-39
174420,337.9,-39
174430,337.3,-39
174440,336.7,-39
174450,336,-39
174460,335.4,-39
174470,334.8,-39
174480,334.2,-39
174490,333.5,-39.1
174500,332.9,-39.1
174510,332.3,-39.1
174520,331.6,-39.1
174530,331,-39.1
174540,330.4,-39.1
174550,329.8,-39.1
174560,329.2,-39.1
174570,328.5,-39.2
174580,327.9,-39.2
174590,327.3,-39.2
174600,326.7,-39.2
174610,326,-39.2
174620,325.4,-39.2
174630,324.8,-39.3
174640,324.2,-39.3
174650,323.5,-39.3
174660,322.9,-39.3
174670,322.3,-39.4
174680,321.7,-39.4
174690,321,-39.4
174700,320.4,-39.4
174710,319.8,-39.5
174720,319.2,-39.5
174730,318.5,-39.5
174740,317.9,-39.5
174750,317.3,-39.6
174760,316.7,-39.6
174770,316.1,-39.6
174780,315.4,-39.7
174790,314.8,-39.7
174800,314.2,-39.7
174810,313.6,-39.8
174820,313,-39.8
174830,312.3,-39.8
174840,311.7,-39.9
174850,311.1,-39.9
174860,310.5,-39.9
174870,309.8,-40
174880,309.2,-40
174890,308.6,-40.1
174900,308,-40.1
174910,307.4,-40.1
174920,306.8,-40.2
174930,306.1,-40.2
174940,305.5,-40.3
174950,304.9,-40.3
174960,304.3,-40.3
174970,303.7,-40.4
174980,303,-40.4
174990,302.4,-40.5
175000,301.8,-40.5
175010,301.2,-40.6
175020,300.6,-40.6
175030,300,-40.7
175040,299.3,-40.7
175050,298.7,-40.8
175060,298.1,-40.8
175070,297.5,-40.9
175080,296.9,-40.9
175090,296.3,-41
175100,295.6,-41
175110,295,-41.1
175120,294.4,-41.1
175130,293.8,-41.2
175140,293.2,-41.2
175150,292.6,-41.3
175160,291.9,-41.3
175170,291.3,-41.4
175180,290.7,-41.4
175190,290.1,-41.5
175200,289.5,-41.5
175210,288.9,-41.6
175220,288.3,-41.6
175230,287.7,-41.7
175240,287,-41.7
175250,286.4,-41.8
175260,285.8,-41.9
175270,285.2,-41.9
175280,284.6,-42
175290,284,-42
175300,283.4,-42.1
175310,282.7,-42.1
175320,282.1,-42.2
175330,281.5,-42.2
175340,280.9,-42.3
175350,280.3,-42.4
175360,279.7,-42.4
175370,279.1,-42.5
175380,278.5,-42.5
175390,277.8,-42.6
175400,277.2,-42.7
175410,276.6,-42.7
175420,276,-42.8
175430,275.4,-42.8
175440,274.8,-42.9
175450,274.2,-42.9
175460,273.6,-43
175470,273,-43.1
175480,272.3,-43.1
175490,271.7,-43.2
175500,271.1,-43.2
175510,270.5,-43.3
175520,269.9,-43.4
175530,269.3,-43.4
175540,268.7,-43.5
175550,268.1,-43.5
175560,267.4,-43.6
175570,266.8,-43.6
175580,266.2,-43.7
175590,265.6,-43.8
175600,265,-43.8
175610,264.4,-43.9
175620,263.8,-43.9
175630,263.2,-44
175640,262.5,-44
175650,261.9,-44.1
175660,261.3,-44.2
175670,260.7,-44.2
175680,260.1,-44.3
175690,259.5,-44.3
175700,258.9,-44.4
175710,258.3,-44.4
175720,257.6,-44.5
175730,257,-44.6
175740,256.4,-44.6
175750,255.8,-44.7
175760,255.2,-44.7
175770,254.6,-44.8
175780,254,-44.8
175790,253.3,-44.9
175800,252.7,-44.9
175810,252.1,-45
175820,251.5,-45
175830,250.9,-45.1
175840,250.3,-45.1
175850,249.7,-45.2
175860,249,-45.2
175870,248.4,-45.3
175880,247.8,-45.3
175890,247.2,-45.4
175900,246.6,-45.4
175910,246,-45.5
175920,245.3,-45.5
175930,244.7,-45.6
175940,244.1,-45.6
175950,243.5,-45.7
175960,242.9,-45.7
175970,242.3,-45.8
175980,241.6,-45.8
175990,241,-45.9
176000,240.4,-45.9
176010,239.8,-46
176020,239.2,-46
176030,238.6,-46
176040,237.9,-46.1
176050,237.3,-46.1
176060,236.7,-46.2
176070,236.1,-46.2
176080,235.5,-46.3
176090,234.8,-46.3
176100,234.2,-46.3
176110,233.6,-46.4
176120,233,-46.4
176130,232.4,-46.4
176140,231.7,-46.5
176150,231.1,-46.5
176160,230.5,-46.6
176170,229.9,-46.6
176180,229.3,-46.6
176190,228.6,-46.7
176200,228,-46.7
176210,227.4,-46.7
176220,226.8,-46.8
176230,226.1,-46.8
176240,225.5,-46.8
176250,224.9,-46.8
176260,224.3,-46.9
176270,223.7,-46.9
176280,223,-46.9
176290,222.4,-47
176300,221.8,-47
176310,221.2,-47
176320,220.5,-47
176330,219.9,-47.1
176340,219.3,-47.1
176350,218.7,-47.1
176360,218,-47.1
176370,217.4,-47.1
176380,216.8,-47.2
176390,216.2,-47.2
176400,215.5,-47.2
176410,214.9,-47.2
176420,214.3,-47.2
176430,213.7,-47.2
176440,213,-47.3
176450,212.4,-47.3
176460,211.8,-47.3
176470,211.2,-47.3
176480,210.5,-47.3
176490,209.9,-47.3
176500,209.3,-47.3
176510,208.7,-47.3
176520,208,-47.3
176530,207.4,-47.4
176540,206.8,-47.4
176550,206.1,-47.4
176560,205.5,-47.4
176570,204.9,-47.4
176580,204.3,-47.4
176590,203.6,-47.4
176600,203,-47.4
176610,202.4,-47.4
176620,201.8,-47.4
176630,201.1,-47.4
176640,200.5,-47.4
176650,199.9,-47.4
176660,199.3,-47.4
176670,198.6,-47.4
176680,198,-47.4
176690,197.4,-47.3
176700,196.8,-47.3
176710,196.1,-47.3
176720,195.5,-47.3
176730,194.9,-47.3
176740,194.3,-47.3
176750,193.6,-47.3
176760,193,-47.3
176770,192.4,-47.3
176780,191.8,-47.2
176790,191.1,-47.2
176800,190.5,-47.2
176810,189.9,-47.2
176820,189.3,-47.2
176830,188.6,-47.2
176840,188,-47.1
176850,187.4,-47.1
176860,186.8,-47.1
176870,186.1,-47.1
176880,185.5,-47.1
176890,184.9,-47
176900,184.3,-47
176910,183.6,-47
176920,183,-47
176930,182.4,-46.9
176940,181.8,-46.9
176950,181.2,-46.9
176960,180.5,-46.8
176970,179.9,-46.8
176980,179.3,-46.8
176990,178.7,-46.7
177000,178,-46.7
177010,177.4,-46.7
177020,176.8,-46.6
177030,176.2,-46.6
177040,175.6,-46.6
177050,174.9,-46.5
177060,174.3,-46.5
177070,173.7,-46.5
177080,173.1,-46.4
177090,172.5,-46.4
177100,171.9,-46.3
177110,171.2,-46.3
177120,170.6,-46.3
177130,170,-46.2
177140,169.4,-46.2
177150,168.8,-46.1
177160,168.1,-46.1
177170,167.5,-46
177180,166.9,-46
177190,166.3,-45.9
177200,165.7,-45.9
177210,165.1,-45.8
177220,164.5,-45.8
177230,163.8,-45.7
177240,163.2,-45.7
177250,162.6,-45.6
177260,162,-45.6
177270,161.4,-45.5
177280,160.8,-45.5
177290,160.2,-45.4
177300,159.5,-45.4
177310,158.9,-45.3
177320,158.3,-45.3
177330,157.7,-45.2
177340,157.1,-45.2
177350,156.5,-45.1
177360,155.9,-45
177370,155.3,-45
177380,154.6,-44.9
177390,154,-44.9
177400,153.4,-44.8
177410,152.8,-44.7
177420,152.2,-44.7
177430,151.6,-44.6
177440,151,-44.6
177450,150.4,-44.5
177460,149.8,-44.4
177470,149.2,-44.4
177480,148.5,-44.3
177490,147.9,-44.2
177500,147.3,-44.2
177510,146.7,-44.1
177520,146.1,-44
177530,145.5,-44
177540,144.9,-43.9
177550,144.3,-43.8
177560,143.7,-43.8
177570,143.1,-43.7
177580,142.5,-43.6
177590,141.9,-43.6
177600,141.3,-43.5
177610,140.6,-43.4
177620,140,-43.4
177630,139.4,-43.3
177640,138.8,-43.2
177650,138.2,-43.2
177660,137.6,-43.1
177670,137,-43
177680,136.4,-42.9
177690,135.8,-42.9
177700,135.2,-42.8
177710,134.6,-42.7
177720,134,-42.7
177730,133.4,-42.6
177740,132.8,-42.5
177750,132.2,-42.4
177760,131.6,-42.4
177770,131,-42.3
177780,130.3,-42.2
177790,129.7,-42.2
177800,129.1,-42.1
177810,128.5,-42
177820,127.9,-41.9
177830,127.3,-41.9
177840,126.7,-41.8
177850,126.1,-41.7
177860,125.5,-41.6
177870,124.9,-41.6
177880,124.3,-41.5
177890,123.7,-41.4
177900,123.1,-41.3
177910,122.5,-41.3
177920,121.9,-41.2
177930,121.3,-41.1
177940,120.7,-41.1
177950,120,-41
177960,119.4,-40.9
177970,118.8,-40.8
177980,118.2,-40.8
177990,117.6,-40.7
178000,117,-40.6
178010,116.4,-40.5
178020,115.8,-40.5
178030,115.2,-40.4
178040,114.6,-40.3
178050,114,-40.3
178060,113.4,-40.2
178070,112.8,-40.1
178080,112.1,-40
178090,111.5,-40
178100,110.9,-39.9
178110,110.3,-39.8
178120,109.7,-39.8
178130,109.1,-39.7
178140,108.5,-39.6
178150,107.9,-39.6
178160,107.3,-39.5
178170,106.6,-39.4
178180,106,-39.3
178190,105.4,-39.3
178200,104.8,-39.2
178210,104.2,-39.1
178220,103.6,-39.1
178230,103,-39
178240,102.4,-38.9
178250,101.7,-38.9
178260,101.1,-38.8
178270,100.5,-38.8
178280,99.9,-38.7
178290,99.3,-38.6
178300,98.7,-38.6
178310,98,-38.5
178320,97.4,-38.4
178330,96.8,-38.4
178340,96.2,-38.3
178350,95.6,-38.3
178360,95,-38.2
178370,94.3,-38.1
178380,93.7,-38.1
178390,93.1,-38
178400,92.5,-38
178410,91.9,-37.9
178420,91.2,-37.8
178430,90.6,-37.8
178440,90,-37.7
178450,89.4,-37.7
178460,88.8,-37.6
178470,88.1,-37.6
178480,87.5,-37.5
178490,86.9,-37.5
178500,86.3,-37.4
178510,85.6,-37.4
178520,85,-37.3
178530,84.4,-37.3
178540,83.8,-37.2
178550,83.1,-37.2
178560,82.5,-37.1
178570,81.9,-37.1
178580,81.3,-37
178590,80.6,-37
178600,80,-37
178610,79.4,-36.9
178620,78.7,-36.9
178630,78.1,-36.8
178640,77.5,-36.8
178650,76.9,-36.8
178660,76.2,-36.7
178670,75.6,-36.7
178680,75,-36.7
178690,74.3,-36.6
178700,73.7,-36.6
178710,73.1,-36.6
178720,72.4,-36.5
178730,71.8,-36.5
178740,71.2,-36.5
178750,70.5,-36.4
178760,69.9,-36.4
178770,69.3,-36.4
178780,68.6,-36.4
178790,68,-36.3
178800,67.4,-36.3
178810,66.7,-36.3
178820,66.1,-36.3
178830,65.5,-36.2
178840,64.8,-36.2
178850,64.2,-36.2
178860,63.6,-36.2
178870,62.9,-36.2
178880,62.3,-36.2
178890,61.7,-36.1
178900,61,-36.1
178910,60.4,-36.1
178920,59.7,-36.1
178930,59.1,-36.1
178940,58.5,-36.1
178950,57.8,-36.1
178960,57.2,-36.1
178970,56.6,-36.1
178980,55.9,-36.1
178990,55.3,-36.1
179000,54.7,-36.1
179010,54,-36.1
179020,53.4,-36.1
179030,52.7,-36.1
179040,52.1,-36.1
179050,51.5,-36.1
179060,50.8,-36.1
179070,50.2,-36.1
179080,49.6,-36.1
179090,48.9,-36.1
179100,48.3,-36.1
179110,47.7,-36.1
179120,47,-36.1
179130,46.4,-36.1
179140,45.8,-36.2
179150,45.1,-36.2
179160,44.5,-36.2
179170,43.8,-36.2
179180,43.2,-36.2
179190,42.6,-36.2
179200,41.9,-36.3
179210,41.3,-36.3
179220,40.7,-36.3
179230,40,-36.3
179240,39.4,-36.4
179250,38.8,-36.4
179260,38.1,-36.4
179270,37.5,-36.4
179280,36.9,-36.5
179290,36.3,-36.5
179300,35.6,-36.5
179310,35,-36.6
179320,34.4,-36.6
179330,33.7,-36.6
179340,33.1,-36.7
179350,32.5,-36.7
179360,31.8,-36.8
179370,31.2,-36.8
179380,30.6,-36.8
179390,30,-36.9
179400,29.3,-36.9
179410,28.7,-37
179420,28.1,-37
179430,27.5,-37.1
179440,26.8,-37.1
179450,26.2,-37.2
179460,25.6,-37.2
179470,25,-37.3
179480,24.3,-37.3
179490,23.7,-37.4
179500,23.1,-37.4
179510,22.5,-37.5
179520,21.9,-37.5
179530,21.2,-37.6
179540,20.6,-37.7
179550,20,-37.7
179560,19.4,-37.8
179570,18.8,-37.8
179580,18.1,-37.9
179590,17.5,-38
179600,16.9,-38
179610,16.3,-38.1
179620,15.7,-38.2
179630,15.1,-38.2
179640,14.4,-38.3
179650,13.8,-38.4
179660,13.2,-38.4
179670,12.6,-38.5
179680,12,-38.6
179690,11.4,-38.7
179700,10.8,-38.7
179710,10.2,-38.8
179720,9.6,-38.9
179730,8.9,-39
179740,8.3,-39
179750,7.7,-39.1
179760,7.1,-39.2
179770,6.5,-39.3
179780,5.9,-39.4
179790,5.3,-39.4
179800,4.7,-39.5
179810,4.1,-39.6
179820,3.5,-39.7
179830,2.9,-39.8
179840,2.3,-39.9
179850,1.7,-39.9
179860,1.1,-40
179870,0.5,-40.1
179880,359.9,-40.2
179890,359.3,-40.3
179900,358.7,-40.4
179910,358.1,-40.5
179920,357.5,-40.6
179930,356.9,-40.6
179940,356.3,-40.7
179950,355.7,-40.8
179960,355.1,-40.9
179970,354.5,-41
179980,353.9,-41.1
179990,353.3,-41.2
180000,352.7,-41.3
180010,352.1,-41.4
180020,351.5,-41.5
180030,350.9,-41.6
180040,350.3,-41.7
180050,349.7,-41.8
180060,349.2,-41.9
180070,348.6,-42
180080,348,-42.1
180090,347.4,-42.2
180100,346.8,-42.3
180110,346.2,-42.4
180120,345.6,-42.5
180130,345,-42.6
180140,344.4,-42.7
180150,343.8,-42.8
180160,343.2,-42.9
180170,342.7,-43
180180,342.1,-43.1
180190,341.5,-43.2
180200,340.9,-43.3
180210,340.3,-43.4
180220,339.7,-43.5
180230,339.1,-43.6
180240,338.5,-43.7
180250,337.9,-43.8
180260,337.4,-43.9
180270,336.8,-44
180280,336.2,-44.1
180290,335.6,-44.2
180300,335,-44.3
180310,334.4,-44.5
180320,333.8,-44.6
180330,333.2,-44.7
180340,332.7,-44.8
180350,332.1,-44.9
180360,331.5,-45
180370,330.9,-45.1
180380,330.3,-45.2
180390,329.7,-45.3
180400,329.1,-45.4
180410,328.5,-45.5
180420,327.9,-45.6
180430,327.4,-45.7
180440,326.8,-45.8
180450,326.2,-45.9
180460,325.6,-46
180470,325,-46.1
180480,324.4,-46.3
180490,323.8,-46.4
180500,323.2,-46.5
180510,322.6,-46.6
180520,322,-46.7
180530,321.4,-46.8
180540,320.9,-46.9
180550,320.3,-47
180560,319.7,-47.1
180570,319.1,-47.2
180580,318.5,-47.3
180590,317.9,-47.4
180600,317.3,-47.5
180610,316.7,-47.6
180620,316.1,-47.7
180630,315.5,-47.8
180640,314.9,-47.9
180650,314.3,-48
180660,313.7,-48.1
180670,313.1,-48.2
180680,312.5,-48.3
180690,311.9,-48.4
180700,311.3,-48.5
180710,310.7,-48.6
180720,310.1,-48.7
180730,309.5,-48.8
180740,308.9,-48.9
180750,308.3,-49
180760,307.7,-49.1
180770,307.1,-49.2
180780,306.5,-49.3
180790,305.9,-49.4
180800,305.3,-49.5
180810,304.7,-49.6
180820,304.1,-49.7
180830,303.4,-49.8
180840,302.8,-49.9
180850,302.2,-50
180860,301.6,-50.1
180870,301,-50.2
180880,300.4,-50.2
180890,299.8,-50.3
180900,299.1,-50.4
180910,298.5,-50.5
180920,297.9,-50.6
180930,297.3,-50.7
180940,296.7,-50.8
180950,296.1,-50.9
180960,295.4,-50.9
180970,294.8,-51
180980,294.2,-51.1
180990,293.6,-51.2
181000,292.9,-51.3
181010,292.3,-51.3
181020,291.7,-51.4
181030,291.1,-51.5
181040,290.4,-51.6
181050,289.8,-51.6
181060,289.2,-51.7
181070,288.6,-51.8
181080,287.9,-51.9
181090,287.3,-51.9
181100,286.7,-52
181110,286,-52.1
181120,285.4,-52.2
181130,284.8,-52.2
181140,284.1,-52.3
181150,283.5,-52.4
181160,282.8,-52.4
181170,282.2,-52.5
181180,281.6,-52.5
181190,280.9,-52.6
181200,280.3,-52.7
181210,279.6,-52.7
181220,279,-52.8
181230,278.3,-52.8
181240,277.7,-52.9
181250,277.1,-52.9
181260,276.4,-53
181270,275.8,-53
181280,275.1,-53.1
181290,274.5,-53.1
181300,273.8,-53.2
181310,273.2,-53.2
181320,272.5,-53.3
181330,271.9,-53.3
181340,271.2,-53.4
181350,270.6,-53.4
181360,269.9,-53.5
181370,269.2,-53.5
181380,268.6,-53.5
181390,267.9,-53.6
181400,267.3,-53.6
181410,266.6,-53.6
181420,266,-53.7
181430,265.3,-53.7
181440,264.7,-53.7
181450,264,-53.8
181460,263.3,-53.8
181470,262.7,-53.8
181480,262,-53.8
181490,261.4,-53.8
181500,260.7,-53.9
181510,260,-53.9
181520,259.4,-53.9
181530,258.7,-53.9
181540,258,-53.9
181550,257.4,-53.9
181560,256.7,-54
181570,256.1,-54
181580,255.4,-54
181590,254.7,-54
181600,254.1,-54
181610,253.4,-54
181620,252.8,-54
181630,252.1,-54
181640,251.4,-54
181650,250.8,-54
181660,250.1,-54
181670,249.4,-54
181680,248.8,-54
181690,248.1,-54
181700,247.5,-54
181710,246.8,-53.9
181720,246.1,-53.9
181730,245.5,-53.9
181740,244.8,-53.9
181750,244.1,-53.9
181760,243.5,-53.9
181770,242.8,-53.8
181780,242.2,-53.8
181790,241.5,-53.8
181800,240.8,-53.8
181810,240.2,-53.7
181820,239.5,-53.7
181830,238.9,-53.7
181840,238.2,-53.6
181850,237.6,-53.6
181860,236.9,-53.6
181870,236.3,-53.5
181880,235.6,-53.5
181890,234.9,-53.5
181900,234.3,-53.4
181910,233.6,-53.4
181920,233,-53.3
181930,232.3,-53.3
181940,231.7,-53.2
181950,231,-53.2
181960,230.4,-53.1
181970,229.7,-53.1
181980,229.1,-53
181990,228.5,-53
182000,227.8,-52.9
182010,227.2,-52.9
182020,226.5,-52.8
182030,225.9,-52.7
182040,225.2,-52.7
182050,224.6,-52.6
182060,224,-52.6
182070,223.3,-52.5
182080,222.7,-52.4
182090,222.1,-52.3
182100,221.4,-52.3
182110,220.8,-52.2
182120,220.2,-52.1
182130,219.5,-52.1
182140,218.9,-52
182150,218.3,-51.9
182160,217.7,-51.8
182170,217,-51.7
182180,216.4,-51.7
182190,215.8,-51.6
182200,215.2,-51.5
182210,214.5,-51.4
182220,213.9,-51.3
182230,213.3,-51.2
182240,212.7,-51.1
182250,212.1,-51.1
182260,211.4,-51
182270,210.8,-50.9
182280,210.2,-50.8
182290,209.6,-50.7
182300,209,-50.6
182310,208.4,-50.5
182320,207.8,-50.4
182330,207.2,-50.3
182340,206.6,-50.2
182350,206,-50.1
182360,205.4,-50
182370,204.8,-49.9
182380,204.2,-49.8
182390,203.6,-49.7
182400,203,-49.6
182410,202.4,-49.4
182420,201.8,-49.3
182430,201.2,-49.2
182440,200.6,-49.1
182450,200,-49
182460,199.4,-48.9
182470,198.8,-48.8
182480,198.2,-48.7
182490,197.6,-48.5
182500,197,-48.4
182510,196.5,-48.3
182520,195.9,-48.2
182530,195.3,-48.1
182540,194.7,-47.9
182550,194.1,-47.8
182560,193.5,-47.7
182570,193,-47.6
182580,192.4,-47.4
182590,191.8,-47.3
182600,191.2,-47.2
182610,190.7,-47.1
182620,190.1,-46.9
182630,189.5,-46.8
182640,188.9,-46.7
182650,188.4,-46.6
182660,187.8,-46.4
182670,187.2,-46.3
182680,186.6,-46.2
182690,186.1,-46
182700,185.5,-45.9
182710,184.9,-45.8
182720,184.4,-45.6
182730,183.8,-45.5
182740,183.2,-45.4
182750,182.7,-45.2
182760,182.1,-45.1
182770,181.5,-44.9
182780,181,-44.8
182790,180.4,-44.7
182800,179.9,-44.5
182810,179.3,-44.4
182820,178.7,-44.2
182830,178.2,-44.1
182840,177.6,-44
182850,177.1,-43.8
182860,176.5,-43.7
182870,175.9,-43.5
182880,175.4,-43.4
182890,174.8,-43.2
182900,174.3,-43.1
182910,173.7,-43
182920,173.1,-42.8
182930,172.6,-42.7
182940,172,-42.5
182950,171.5,-42.4
182960,170.9,-42.2
182970,170.4,-42.1
182980,169.8,-41.9
182990,169.2,-41.8
183000,168.7,-41.7
183010,168.1,-41.5
183020,167.6,-41.4
183030,167,-41.2
183040,166.5,-41.1
183050,165.9,-40.9
183060,165.4,-40.8
183070,164.8,-40.6
183080,164.2,-40.5
183090,163.7,-40.3
183100,163.1,-40.2
183110,162.6,-40
183120,162,-39.9
183130,161.4,-39.7
183140,160.9,-39.6
183150,160.3,-39.4
183160,159.8,-39.3
183170,159.2,-39.1
183180,158.6,-39
183190,158.1,-38.8
183200,157.5,-38.7
183210,157,-38.6
183220,156.4,-38.4
183230,155.8,-38.3
183240,155.3,-38.1
183250,154.7,-38
183260,154.1,-37.8
183270,153.6,-37.7
183280,153,-37.5
183290,152.4,-37.4
183300,151.9,-37.2
183310,151.3,-37.1
183320,150.7,-36.9
183330,150.1,-36.8
183340,149.6,-36.7
183350,149,-36.5
183360,148.4,-36.4
183370,147.8,-36.2
183380,147.3,-36.1
183390,146.7,-35.9
183400,146.1,-35.8
183410,145.5,-35.7
183420,144.9,-35.5
183430,144.4,-35.4
183440,143.8,-35.2
183450,143.2,-35.1
183460,142.6,-35
183470,142,-34.8
183480,141.4,-34.7
183490,140.8,-34.5
183500,140.3,-34.4
183510,139.7,-34.3
183520,139.1,-34.1
183530,138.5,-34
183540,137.9,-33.9
183550,137.3,-33.7
183560,136.7,-33.6
183570,136.1,-33.5
183580,135.5,-33.3
183590,134.9,-33.2
183600,134.3,-33.1
183610,133.6,-33
183620,133,-32.8
183630,132.4,-32.7
183640,131.8,-32.6
183650,131.2,-32.5
183660,130.6,-32.3
183670,130,-32.2
183680,129.3,-32.1
183690,128.7,-32
183700,128.1,-31.9
183710,127.5,-31.7
183720,126.8,-31.6
183730,126.2,-31.5
183740,125.6,-31.4
183750,125,-31.3
183760,124.3,-31.2
183770,123.7,-31.1
183780,123,-30.9
183790,122.4,-30.8
183800,121.8,-30.7
183810,121.1,-30.6
183820,120.5,-30.5
183830,119.8,-30.4
183840,119.2,-30.3
183850,118.5,-30.2
183860,117.9,-30.1
183870,117.2,-30
183880,116.6,-29.9
183890,115.9,-29.8
183900,115.3,-29.7
183910,114.6,-29.7
183920,113.9,-29.6
183930,113.3,-29.5
183940,112.6,-29.4
183950,111.9,-29.3
183960,111.3,-29.2
183970,110.6,-29.1
183980,109.9,-29.1
183990,109.2,-29
184000,108.6,-28.9
184010,107.9,-28.8
184020,107.2,-28.8
184030,106.5,-28.7
184040,105.9,-28.6
184050,105.2,-28.6
184060,104.5,-28.5
184070,103.8,-28.4
184080,103.1,-28.4
184090,102.4,-28.3
184100,101.7,-28.3
184110,101,-28.2
184120,100.4,-28.2
184130,99.7,-28.1
184140,99,-28.1
184150,98.3,-28
184160,97.6,-28
184170,96.9,-27.9
184180,96.2,-27.9
184190,95.5,-27.8
184200,94.8,-27.8
184210,94.1,-27.8
184220,93.4,-27.7
184230,92.7,-27.7
184240,92,-27.7
184250,91.3,-27.7
184260,90.6,-27.6
184270,89.9,-27.6
184280,89.1,-27.6
184290,88.4,-27.6
184300,87.7,-27.6
184310,87,-27.6
184320,86.3,-27.5
184330,85.6,-27.5
184340,84.9,-27.5
184350,84.2,-27.5
184360,83.5,-27.5
184370,82.8,-27.5
184380,82.1,-27.5
184390,81.4,-27.5
184400,80.7,-27.6
184410,80,-27.6
184420,79.3,-27.6
184430,78.5,-27.6
184440,77.8,-27.6
184450,77.1,-27.6
184460,76.4,-27.7
184470,75.7,-27.7
184480,75,-27.7
184490,74.3,-27.7
184500,73.6,-27.8
184510,72.9,-27.8
184520,72.2,-27.8
184530,71.5,-27.9
184540,70.8,-27.9
184550,70.1,-28
184560,69.4,-28
184570,68.7,-28.1
184580,68.1,-28.1
184590,67.4,-28.2
184600,66.7,-28.2
184610,66,-28.3
184620,65.3,-28.3
184630,64.6,-28.4
184640,63.9,-28.4
184650,63.2,-28.5
184660,62.6,-28.6
184670,61.9,-28.7
184680,61.2,-28.7
184690,60.5,-28.8
184700,59.8,-28.9
184710,59.2,-28.9
184720,58.5,-29
184730,57.8,-29.1
184740,57.2,-29.2
184750,56.5,-29.3
184760,55.8,-29.4
184770,55.2,-29.5
184780,54.5,-29.5
184790,53.9,-29.6
184800,53.2,-29.7
184810,52.5,-29.8
184820,51.9,-29.9
184830,51.2,-30
184840,50.6,-30.1
184850,50,-30.2
184860,49.3,-30.3
184870,48.7,-30.5
184880,48,-30.6
184890,47.4,-30.7
184900,46.8,-30.8
184910,46.1,-30.9
184920,45.5,-31
184930,44.9,-31.1
184940,44.2,-31.3
184950,43.6,-31.4
184960,43,-31.5
184970,42.4,-31.6
184980,41.8,-31.7
184990,41.1,-31.9
185000,40.5,-32
185010,39.9,-32.1
185020,39.3,-32.3
185030,38.7,-32.4
185040,38.1,-32.5
185050,37.5,-32.7
185060,36.9,-32.8
185070,36.3,-32.9
185080,35.7,-33.1
185090,35.1,-33.2
185100,34.5,-33.4
185110,33.9,-33.5
185120,33.3,-33.7
185130,32.8,-33.8
185140,32.2,-34
185150,31.6,-34.1
185160,31,-34.3
185170,30.4,-34.4
185180,29.9,-34.6
185190,29.3,-34.7
185200,28.7,-34.9
185210,28.1,-35
185220,27.6,-35.2
185230,27,-35.3
185240,26.4,-35.5
185250,25.9,-35.7
185260,25.3,-35.8
185270,24.8,-36
185280,24.2,-36.1
185290,23.7,-36.3
185300,23.1,-36.5
185310,22.5,-36.6
185320,22,-36.8
185330,21.4,-37
185340,20.9,-37.1
185350,20.4,-37.3
185360,19.8,-37.5
185370,19.3,-37.6
185380,18.7,-37.8
185390,18.2,-38
185400,17.6,-38.2
185410,17.1,-38.3
185420,16.6,-38.5
185430,16,-38.7
185440,15.5,-38.8
185450,15,-39
185460,14.4,-39.2
185470,13.9,-39.4
185480,13.4,-39.6
185490,12.9,-39.7
185500,12.3,-39.9
185510,11.8,-40.1
185520,11.3,-40.3
185530,10.8,-40.4
185540,10.2,-40.6
185550,9.7,-40.8
185560,9.2,-41
185570,8.7,-41.2
185580,8.2,-41.3
185590,7.6,-41.5
185600,7.1,-41.7
185610,6.6,-41.9
185620,6.1,-42.1
185630,5.6,-42.3
185640,5.1,-42.4
185650,4.5,-42.6
185660,4,-42.8
185670,3.5,-43
185680,3,-43.2
185690,2.5,-43.4
185700,2,-43.6
185710,1.5,-43.7
185720,1,-43.9
185730,0.4,-44.1
185740,359.9,-44.3
185750,359.4,-44.5
185760,358.9,-44.7
185770,358.4,-44.9
185780,357.9,-45
185790,357.4,-45.2
185800,356.9,-45.4
185810,356.3,-45.6
185820,355.8,-45.8
185830,355.3,-46
185840,354.8,-46.2
185850,354.3,-46.4
185860,353.8,-46.5
185870,353.3,-46.7
185880,352.7,-46.9
185890,352.2,-47.1
185900,351.7,-47.3
185910,351.2,-47.5
185920,350.7,-47.7
185930,350.2,-47.8
185940,349.7,-48
185950,349.1,-48.2
185960,348.6,-48.4
185970,348.1,-48.6
185980,347.6,-48.8
185990,347,-48.9
186000,346.5,-49.1
186010,346,-49.3
186020,345.5,-49.5
186030,345,-49.7
186040,344.4,-49.9
186050,343.9,-50
186060,343.4,-50.2
186070,342.8,-50.4
186080,342.3,-50.6
186090,341.8,-50.8
186100,341.2,-50.9
186110,340.7,-51.1
186120,340.2,-51.3
186130,339.6,-51.5
186140,339.1,-51.7
186150,338.5,-51.8
186160,338,-52
186170,337.4,-52.2
186180,336.9,-52.4
186190,336.3,-52.5
186200,335.8,-52.7
186210,335.2,-52.9
186220,334.7,-53.1
186230,334.1,-53.2
186240,333.6,-53.4
186250,333,-53.6
186260,332.4,-53.7
186270,331.9,-53.9
186280,331.3,-54.1
186290,330.7,-54.2
186300,330.2,-54.4
186310,329.6,-54.6
186320,329,-54.7
186330,328.4,-54.9
186340,327.8,-55.1
186350,327.3,-55.2
186360,326.7,-55.4
186370,326.1,-55.5
186380,325.5,-55.7
186390,324.9,-55.9
186400,324.3,-56
186410,323.7,-56.2
186420,323.1,-56.3
186430,322.5,-56.5
186440,321.9,-56.6
186450,321.3,-56.8
186460,320.7,-56.9
186470,320,-57.1
186480,319.4,-57.2
186490,318.8,-57.4
186500,318.2,-57.5
186510,317.5,-57.7
186520,316.9,-57.8
186530,316.3,-57.9
186540,315.6,-58.1
186550,315,-58.2
186560,314.3,-58.3
186570,313.7,-58.5
186580,313,-58.6
186590,312.4,-58.7
186600,311.7,-58.9
186610,311.1,-59
186620,310.4,-59.1
186630,309.7,-59.2
186640,309.1,-59.3
186650,308.4,-59.5
186660,307.7,-59.6
186670,307,-59.7
186680,306.4,-59.8
186690,305.7,-59.9
186700,305,-60
186710,304.3,-60.1
186720,303.6,-60.2
186730,302.9,-60.3
186740,302.2,-60.4
186750,301.5,-60.5
186760,300.8,-60.6
186770,300.1,-60.7
186780,299.4,-60.8
186790,298.6,-60.9
186800,297.9,-61
186810,297.2,-61.1
186820,296.5,-61.2
186830,295.7,-61.3
186840,295,-61.3
186850,294.3,-61.4
186860,293.5,-61.5
186870,292.8,-61.6
186880,292.1,-61.6
186890,291.3,-61.7
186900,290.6,-61.8
186910,289.8,-61.8
186920,289.1,-61.9
186930,288.3,-61.9
186940,287.6,-62
186950,286.8,-62
186960,286.1,-62.1
186970,285.3,-62.1
186980,284.5,-62.2
186990,283.8,-62.2
187000,283,-62.3
187010,282.2,-62.3
187020,281.5,-62.3
187030,280.7,-62.4
187040,279.9,-62.4
187050,279.2,-62.4
187060,278.4,-62.4
187070,277.6,-62.5
187080,276.8,-62.5
187090,276.1,-62.5
187100,275.3,-62.5
187110,274.5,-62.5
187120,273.7,-62.5
187130,273,-62.5
187140,272.2,-62.5
187150,271.4,-62.5
187160,270.6,-62.5
187170,269.9,-62.5
187180,269.1,-62.5
187190,268.3,-62.5
187200,267.5,-62.5
187210,266.8,-62.4
187220,266,-62.4
187230,265.2,-62.4
187240,264.5,-62.4
187250,263.7,-62.3
187260,262.9,-62.3
187270,262.2,-62.3
187280,261.4,-62.2
187290,260.6,-62.2
187300,259.9,-62.1
187310,259.1,-62.1
187320,258.4,-62
187330,257.6,-62
187340,256.8,-61.9
187350,256.1,-61.9
187360,255.3,-61.8
187370,254.6,-61.7
187380,253.9,-61.7
187390,253.1,-61.6
187400,252.4,-61.5
187410,251.6,-61.5
187420,250.9,-61.4
187430,250.2,-61.3
187440,249.5,-61.2
187450,248.7,-61.1
187460,248,-61
187470,247.3,-61
187480,246.6,-60.9
187490,245.9,-60.8
187500,245.2,-60.7
187510,244.5,-60.6
187520,243.8,-60.5
187530,243.1,-60.4
187540,242.4,-60.3
187550,241.7,-60.1
187560,241,-60
187570,240.3,-59.9
187580,239.6,-59.8
187590,238.9,-59.7
187600,238.3,-59.6
187610,237.6,-59.4
187620,236.9,-59.3
187630,236.3,-59.2
187640,235.6,-59.1
187650,235,-58.9
187660,234.3,-58.8
187670,233.7,-58.7
187680,233,-58.5
187690,232.4,-58.4
187700,231.7,-58.3
187710,231.1,-58.1
187720,230.5,-58
187730,229.8,-57.8
187740,229.2,-57.7
187750,228.6,-57.5
187760,228,-57.4
187770,227.4,-57.2
187780,226.8,-57.1
187790,226.2,-56.9
187800,225.6,-56.8
187810,225,-56.6
187820,224.4,-56.4
187830,223.8,-56.3
187840,223.2,-56.1
187850,222.6,-55.9
187860,222,-55.8
187870,221.4,-55.6
187880,220.9,-55.4
187890,220.3,-55.3
187900,219.7,-55.1
187910,219.2,-54.9
187920,218.6,-54.7
187930,218,-54.6
187940,217.5,-54.4
187950,216.9,-54.2
187960,216.4,-54
187970,215.8,-53.8
187980,215.3,-53.7
187990,214.8,-53.5
188000,214.2,-53.3
188010,213.7,-53.1
188020,213.2,-52.9
188030,212.6,-52.7
188040,212.1,-52.5
188050,211.6,-52.3
188060,211,-52.2
188070,210.5,-52
188080,210,-51.8
188090,209.5,-51.6
188100,209,-51.4
188110,208.5,-51.2
188120,208,-51
188130,207.5,-50.8
188140,207,-50.6
188150,206.5,-50.4
188160,206,-50.2
188170,205.5,-50
188180,205,-49.8
188190,204.5,-49.6
188200,204,-49.4
188210,203.5,-49.2
188220,203,-48.9
188230,202.5,-48.7
188240,202,-48.5
188250,201.5,-48.3
188260,201.1,-48.1
188270,200.6,-47.9
188280,200.1,-47.7
188290,199.6,-47.5
188300,199.2,-47.3
188310,198.7,-47.1
188320,198.2,-46.8
188330,197.7,-46.6
188340,197.3,-46.4
188350,196.8,-46.2
188360,196.3,-46
188370,195.9,-45.8
188380,195.4,-45.5
188390,194.9,-45.3
188400,194.5,-45.1
188410,194,-44.9
188420,193.6,-44.7
188430,193.1,-44.4
188440,192.6,-44.2
188450,192.2,-44
188460,191.7,-43.8
188470,191.3,-43.6
188480,190.8,-43.3
188490,190.3,-43.1
188500,189.9,-42.9
188510,189.4,-42.7
188520,189,-42.4
188530,188.5,-42.2
188540,188.1,-42
188550,187.6,-41.8
188560,187.1,-41.6
188570,186.7,-41.3
188580,186.2,-41.1
188590,185.8,-40.9
188600,185.3,-40.7
188610,184.9,-40.4
188620,184.4,-40.2
188630,183.9,-40
188640,183.5,-39.8
188650,183,-39.5
188660,182.6,-39.3
188670,182.1,-39.1
188680,181.7,-38.8
188690,181.2,-38.6
188700,180.7,-38.4
188710,180.3,-38.2
188720,179.8,-37.9
188730,179.4,-37.7
188740,178.9,-37.5
188750,178.4,-37.3
188760,178,-37
188770,177.5,-36.8
188780,177,-36.6
188790,176.6,-36.3
188800,176.1,-36.1
188810,175.6,-35.9
188820,175.1,-35.7
188830,174.7,-35.4
188840,174.2,-35.2
188850,173.7,-35
188860,173.2,-34.8
188870,172.8,-34.5
188880,172.3,-34.3
188890,171.8,-34.1
188900,171.3,-33.9
188910,170.8,-33.6
188920,170.3,-33.4
188930,169.8,-33.2
188940,169.4,-33
188950,168.9,-32.7
188960,168.4,-32.5
188970,167.9,-32.3
188980,167.4,-32.1
188990,166.9,-31.9
189000,166.3,-31.6
189010,165.8,-31.4
189020,165.3,-31.2
189030,164.8,-31
189040,164.3,-30.8
189050,163.8,-30.5
189060,163.2,-30.3
189070,162.7,-30.1
189080,162.2,-29.9
189090,161.7,-29.7
189100,161.1,-29.4
189110,160.6,-29.2
189120,160,-29
189130,159.5,-28.8
189140,158.9,-28.6
189150,158.4,-28.4
189160,157.8,-28.2
189170,157.3,-28
189180,156.7,-27.8
189190,156.1,-27.5
189200,155.6,-27.3
189210,155,-27.1
189220,154.4,-26.9
189230,153.8,-26.7
189240,153.2,-26.5
189250,152.6,-26.3
189260,152.1,-26.1
189270,151.5,-25.9
189280,150.8,-25.7
189290,150.2,-25.5
189300,149.6,-25.3
189310,149,-25.1
189320,148.4,-24.9
189330,147.7,-24.8
189340,147.1,-24.6
189350,146.5,-24.4
189360,145.8,-24.2
189370,145.2,-24
189380,144.5,-23.8
189390,143.9,-23.6
189400,143.2,-23.5
189410,142.5,-23.3
189420,141.9,-23.1
189430,141.2,-22.9
189440,140.5,-22.8
189450,139.8,-22.6
189460,139.1,-22.4
189470,138.4,-22.3
189480,137.7,-22.1
189490,137,-21.9
189500,136.3,-21.8
189510,135.6,-21.6
189520,134.8,-21.5
189530,134.1,-21.3
189540,133.4,-21.2
189550,132.6,-21
189560,131.9,-20.9
189570,131.1,-20.7
189580,130.4,-20.6
189590,129.6,-20.5
189600,128.8,-20.3
189610,128,-20.2
189620,127.3,-20.1
189630,126.5,-19.9
189640,125.7,-19.8
189650,124.9,-19.7
189660,124.1,-19.6
189670,123.3,-19.5
189680,122.5,-19.4
189690,121.7,-19.3
189700,120.8,-19.2
189710,120,-19.1
189720,119.2,-19
189730,118.3,-18.9
189740,117.5,-18.8
189750,116.7,-18.7
189760,115.8,-18.7
189770,115,-18.6
189780,114.1,-18.5
189790,113.3,-18.4
189800,112.4,-18.4
189810,111.5,-18.3
189820,110.7,-18.3
189830,109.8,-18.2
189840,108.9,-18.2
189850,108.1,-18.1
189860,107.2,-18.1
189870,106.3,-18.1
189880,105.5,-18
189890,104.6,-18
189900,103.7,-18
189910,102.8,-18
189920,101.9,-18
189930,101.1,-17.9
189940,100.2,-17.9
189950,99.3,-17.9
189960,98.4,-17.9
189970,97.5,-18
189980,96.7,-18
189990,95.8,-18
190000,94.9,-18
190010,94,-18
190020,93.1,-18.1
190030,92.3,-18.1
190040,91.4,-18.2
190050,90.5,-18.2
190060,89.7,-18.2
190070,88.8,-18.3
190080,87.9,-18.4
190090,87.1,-18.4
190100,86.2,-18.5
190110,85.4,-18.6
190120,84.5,-18.6
190130,83.7,-18.7
190140,82.9,-18.8
190150,82,-18.9
190160,81.2,-19
190170,80.4,-19.1
190180,79.5,-19.1
190190,78.7,-19.2
190200,77.9,-19.4
190210,77.1,-19.5
190220,76.3,-19.6
190230,75.5,-19.7
190240,74.7,-19.8
190250,73.9,-19.9
190260,73.1,-20.1
190270,72.4,-20.2
190280,71.6,-20.3
190290,70.8,-20.5
190300,70.1,-20.6
190310,69.3,-20.7
190320,68.6,-20.9
190330,67.8,-21
190340,67.1,-21.2
190350,66.4,-21.3
190360,65.6,-21.5
190370,64.9,-21.6
190380,64.2,-21.8
190390,63.5,-22
190400,62.8,-22.1
190410,62.1,-22.3
190420,61.4,-22.5
190430,60.7,-22.6
190440,60,-22.8
190450,59.4,-23
190460,58.7,-23.2
190470,58.1,-23.4
190480,57.4,-23.5
190490,56.7,-23.7
190500,56.1,-23.9
190510,55.5,-24.1
190520,54.8,-24.3
190530,54.2,-24.5
190540,53.6,-24.7
190550,53,-24.9
190560,52.4,-25.1
190570,51.8,-25.3
190580,51.2,-25.5
190590,50.6,-25.7
190600,50,-25.9
190610,49.4,-26.1
190620,48.8,-26.3
190630,48.2,-26.5
190640,47.7,-26.8
190650,47.1,-27
190660,46.5,-27.2
190670,46,-27.4
190680,45.4,-27.6
190690,44.9,-27.8
190700,44.4,-28.1
190710,43.8,-28.3
190720,43.3,-28.5
190730,42.8,-28.7
190740,42.2,-29
190750,41.7,-29.2
190760,41.2,-29.4
190770,40.7,-29.6
190780,40.2,-29.9
190790,39.7,-30.1
190800,39.2,-30.3
190810,38.7,-30.6
190820,38.2,-30.8
190830,37.7,-31
190840,37.2,-31.3
190850,36.7,-31.5
190860,36.3,-31.7
190870,35.8,-32
190880,35.3,-32.2
190890,34.8,-32.5
190900,34.4,-32.7
190910,33.9,-32.9
190920,33.5,-33.2
190930,33,-33.4
190940,32.5,-33.7
190950,32.1,-33.9
190960,31.6,-34.2
190970,31.2,-34.4
190980,30.8,-34.6
190990,30.3,-34.9
191000,29.9,-35.1
191010,29.4,-35.4
191020,29,-35.6
191030,28.6,-35.9
191040,28.1,-36.1
191050,27.7,-36.4
191060,27.3,-36.6
191070,26.9,-36.9
191080,26.5,-37.1
191090,26,-37.4
191100,25.6,-37.6
191110,25.2,-37.9
191120,24.8,-38.1
191130,24.4,-38.4
191140,24,-38.6
191150,23.6,-38.9
191160,23.1,-39.1
191170,22.7,-39.4
191180,22.3,-39.6
191190,21.9,-39.9
191200,21.5,-40.1
191210,21.1,-40.4
191220,20.7,-40.7
191230,20.3,-40.9
191240,19.9,-41.2
191250,19.5,-41.4
191260,19.1,-41.7
191270,18.7,-41.9
191280,18.3,-42.2
191290,18,-42.4
191300,17.6,-42.7
191310,17.2,-42.9
191320,16.8,-43.2
191330,16.4,-43.5
191340,16,-43.7
191350,15.6,-44
191360,15.2,-44.2
191370,14.8,-44.5
191380,14.4,-44.7
191390,14,-45
191400,13.6,-45.2
191410,13.3,-45.5
191420,12.9,-45.8
191430,12.5,-46
191440,12.1,-46.3
191450,11.7,-46.5
191460,11.3,-46.8
191470,10.9,-47
191480,10.5,-47.3
191490,10.1,-47.5
191500,9.7,-47.8
191510,9.3,-48.1
191520,8.9,-48.3
191530,8.5,-48.6
191540,8.1,-48.8
191550,7.8,-49.1
191560,7.4,-49.3
191570,7,-49.6
191580,6.6,-49.8
191590,6.2,-50.1
191600,5.8,-50.3
191610,5.3,-50.6
191620,4.9,-50.9
191630,4.5,-51.1
191640,4.1,-51.4
191650,3.7,-51.6
191660,3.3,-51.9
191670,2.9,-52.1
191680,2.5,-52.4
191690,2.1,-52.6
191700,1.6,-52.9
191710,1.2,-53.1
191720,0.8,-53.4
191730,0.4,-53.6
191740,360,-53.9
191750,359.5,-54.1
191760,359.1,-54.4
191770,358.7,-54.6
191780,358.2,-54.8
191790,357.8,-55.1
191800,357.3,-55.3
191810,356.9,-55.6
191820,356.4,-55.8
191830,356,-56.1
191840,355.5,-56.3
191850,355.1,-56.6
191860,354.6,-56.8
191870,354.2,-57
191880,353.7,-57.3
191890,353.2,-57.5
191900,352.7,-57.8
191910,352.3,-58
191920,351.8,-58.2
191930,351.3,-58.5
191940,350.8,-58.7
191950,350.3,-58.9
191960,349.8,-59.2
191970,349.3,-59.4
191980,348.8,-59.6
191990,348.3,-59.9
192000,347.8,-60.1
192010,347.3,-60.3
192020,346.7,-60.5
192030,346.2,-60.8
192040,345.7,-61
192050,345.1,-61.2
192060,344.6,-61.4
192070,344,-61.7
192080,343.5,-61.9
192090,342.9,-62.1
192100,342.3,-62.3
192110,341.7,-62.5
192120,341.2,-62.7
192130,340.6,-63
192140,340,-63.2
192150,339.4,-63.4
192160,338.8,-63.6
192170,338.1,-63.8
192180,337.5,-64
192190,336.9,-64.2
192200,336.3,-64.4
192210,335.6,-64.6
192220,335,-64.8
192230,334.3,-65
192240,333.6,-65.2
192250,332.9,-65.4
192260,332.3,-65.6
192270,331.6,-65.7
192280,330.9,-65.9
192290,330.2,-66.1
192300,329.5,-66.3
192310,328.7,-66.5
192320,328,-66.6
192330,327.3,-66.8
192340,326.5,-67
192350,325.7,-67.2
192360,325,-67.3
192370,324.2,-67.5
192380,323.4,-67.6
192390,322.6,-67.8
192400,321.8,-68
192410,321,-68.1
192420,320.2,-68.2
192430,319.3,-68.4
192440,318.5,-68.5
192450,317.7,-68.7
192460,316.8,-68.8
192470,315.9,-68.9
192480,315.1,-69.1
192490,314.2,-69.2
192500,313.3,-69.3
192510,312.4,-69.4
192520,311.5,-69.5
192530,310.5,-69.6
192540,309.6,-69.7
192550,308.7,-69.8
192560,307.7,-69.9
192570,306.8,-70
192580,305.8,-70.1
192590,304.9,-70.2
192600,303.9,-70.3
192610,302.9,-70.4
192620,301.9,-70.4
192630,300.9,-70.5
192640,300,-70.6
192650,299,-70.6
192660,297.9,-70.7
192670,296.9,-70.7
192680,295.9,-70.8
192690,294.9,-70.8
192700,293.9,-70.8
192710,292.9,-70.9
192720,291.8,-70.9
192730,290.8,-70.9
192740,289.8,-70.9
192750,288.7,-70.9
192760,287.7,-70.9
192770,286.7,-70.9
192780,285.6,-70.9
192790,284.6,-70.9
192800,283.6,-70.9
192810,282.5,-70.9
192820,281.5,-70.9
192830,280.5,-70.8
192840,279.5,-70.8
192850,278.5,-70.8
192860,277.4,-70.7
192870,276.4,-70.7
192880,275.4,-70.6
192890,274.4,-70.6
192900,273.4,-70.5
192910,272.4,-70.4
192920,271.5,-70.4
192930,270.5,-70.3
192940,269.5,-70.2
192950,268.5,-70.1
192960,267.6,-70
192970,266.6,-70
192980,265.7,-69.9
192990,264.8,-69.8
193000,263.8,-69.6
193010,262.9,-69.5
193020,262,-69.4
193030,261.1,-69.3
193040,260.2,-69.2
193050,259.3,-69.1
193060,258.5,-68.9
193070,257.6,-68.8
193080,256.8,-68.7
193090,255.9,-68.5
193100,255.1,-68.4
193110,254.2,-68.2
193120,253.4,-68.1
193130,252.6,-67.9
193140,251.8,-67.8
193150,251,-67.6
193160,250.3,-67.5
193170,249.5,-67.3
193180,248.7,-67.1
193190,248,-67
193200,247.2,-66.8
193210,246.5,-66.6
193220,245.8,-66.4
193230,245.1,-66.3
193240,244.4,-66.1
193250,243.7,-65.9
193260,243,-65.7
193270,242.3,-65.5
193280,241.6,-65.3
193290,241,-65.1
193300,240.3,-64.9
193310,239.7,-64.7
193320,239.1,-64.5
193330,238.4,-64.3
193340,237.8,-64.1
193350,237.2,-63.9
193360,236.6,-63.7
193370,236,-63.5
193380,235.4,-63.3
193390,234.8,-63
193400,234.2,-62.8
193410,233.7,-62.6
193420,233.1,-62.4
193430,232.6,-62.2
193440,232,-61.9
193450,231.5,-61.7
193460,230.9,-61.5
193470,230.4,-61.2
193480,229.9,-61
193490,229.4,-60.8
193500,228.9,-60.5
193510,228.4,-60.3
193520,227.9,-60.1
193530,227.4,-59.8
193540,226.9,-59.6
193550,226.4,-59.4
193560,225.9,-59.1
193570,225.4,-58.9
193580,225,-58.6
193590,224.5,-58.4
193600,224.1,-58.1
193610,223.6,-57.9
193620,223.2,-57.6
193630,222.7,-57.4
193640,222.3,-57.1
193650,221.8,-56.9
193660,221.4,-56.6
193670,221,-56.4
193680,220.6,-56.1
193690,220.2,-55.9
193700,219.7,-55.6
193710,219.3,-55.4
193720,218.9,-55.1
193730,218.5,-54.9
193740,218.1,-54.6
193750,217.7,-54.3
193760,217.3,-54.1
193770,216.9,-53.8
193780,216.6,-53.5
193790,216.2,-53.3
193800,215.8,-53
193810,215.4,-52.8
193820,215,-52.5
193830,214.7,-52.2
193840,214.3,-52
193850,213.9,-51.7
193860,213.6,-51.4
193870,213.2,-51.2
193880,212.8,-50.9
193890,212.5,-50.6
193900,212.1,-50.3
193910,211.8,-50.1
193920,211.4,-49.8
193930,211.1,-49.5
193940,210.7,-49.3
193950,210.4,-49
193960,210,-48.7
193970,209.7,-48.4
193980,209.3,-48.2
193990,209,-47.9
194000,208.7,-47.6
194010,208.3,-47.3
194020,208,-47.1
194030,207.7,-46.8
194040,207.3,-46.5
194050,207,-46.2
194060,206.7,-46
194070,206.3,-45.7
194080,206,-45.4
194090,205.7,-45.1
194100,205.4,-44.8
194110,205,-44.6
194120,204.7,-44.3
194130,204.4,-44
194140,204.1,-43.7
194150,203.8,-43.4
194160,203.4,-43.2
194170,203.1,-42.9
194180,202.8,-42.6
194190,202.5,-42.3
194200,202.2,-42
194210,201.8,-41.7
194220,201.5,-41.5
194230,201.2,-41.2
194240,200.9,-40.9
194250,200.6,-40.6
194260,200.2,-40.3
194270,199.9,-40
194280,199.6,-39.7
194290,199.3,-39.5
194300,199,-39.2
194310,198.6,-38.9
194320,198.3,-38.6
194330,198,-38.3
194340,197.7,-38
194350,197.4,-37.7
194360,197,-37.5
194370,196.7,-37.2
194380,196.4,-36.9
194390,196.1,-36.6
194400,195.7,-36.3
194410,195.4,-36
194420,195.1,-35.7
194430,194.8,-35.4
194440,194.4,-35.2
194450,194.1,-34.9
194460,193.8,-34.6
194470,193.4,-34.3
194480,193.1,-34
194490,192.8,-33.7
194500,192.4,-33.4
194510,192.1,-33.1
194520,191.7,-32.8
194530,191.4,-32.5
194540,191,-32.3
194550,190.7,-32
194560,190.3,-31.7
194570,190,-31.4
194580,189.6,-31.1
194590,189.3,-30.8
194600,188.9,-30.5
194610,188.6,-30.2
194620,188.2,-29.9
194630,187.8,-29.6
194640,187.5,-29.4
194650,187.1,-29.1
194660,186.7,-28.8
194670,186.3,-28.5
194680,186,-28.2
194690,185.6,-27.9
194700,185.2,-27.6
194710,184.8,-27.3
194720,184.4,-27
194730,184,-26.7
194740,183.6,-26.5
194750,183.2,-26.2
194760,182.8,-25.9
194770,182.3,-25.6
194780,181.9,-25.3
194790,181.5,-25
194800,181.1,-24.7
194810,180.6,-24.4
194820,180.2,-24.1
194830,179.7,-23.8
194840,179.3,-23.6
194850,178.8,-23.3
194860,178.4,-23
194870,177.9,-22.7
194880,177.4,-22.4
194890,176.9,-22.1
194900,176.4,-21.8
194910,176,-21.6
194920,175.4,-21.3
194930,174.9,-21
194940,174.4,-20.7
194950,173.9,-20.4
194960,173.4,-20.1
194970,172.8,-19.8
194980,172.3,-19.6
194990,171.7,-19.3
195000,171.2,-19
195010,170.6,-18.7
195020,170,-18.4
195030,169.4,-18.2
195040,168.8,-17.9
195050,168.2,-17.6
195060,167.6,-17.3
195070,167,-17.1
195080,166.3,-16.8
195090,165.7,-16.5
195100,165,-16.2
195110,164.3,-16
195120,163.6,-15.7
195130,162.9,-15.4
195140,162.2,-15.2
195150,161.5,-14.9
195160,160.8,-14.7
195170,160,-14.4
195180,159.3,-14.1
195190,158.5,-13.9
195200,157.7,-13.6
195210,156.9,-13.4
195220,156.1,-13.1
195230,155.3,-12.9
195240,154.4,-12.6
195250,153.6,-12.4
195260,152.7,-12.2
195270,151.8,-11.9
195280,150.9,-11.7
195290,150,-11.5
195300,149,-11.3
195310,148.1,-11
195320,147.1,-10.8
195330,146.1,-10.6
195340,145.1,-10.4
195350,144.1,-10.2
195360,143.1,-10
195370,142.1,-9.8
195380,141,-9.6
195390,139.9,-9.5
195400,138.8,-9.3
195410,137.7,-9.1
195420,136.6,-9
195430,135.5,-8.8
195440,134.3,-8.7
195450,133.1,-8.5
195460,132,-8.4
195470,130.8,-8.3
195480,129.6,-8.2
195490,128.4,-8
195500,127.1,-7.9
195510,125.9,-7.9
195520,124.7,-7.8
195530,123.4,-7.7
195540,122.2,-7.6
195550,120.9,-7.6
195560,119.6,-7.5
195570,118.3,-7.5
195580,117.1,-7.5
195590,115.8,-7.4
195600,114.5,-7.4
195610,113.2,-7.4
195620,111.9,-7.4
195630,110.7,-7.5
195640,109.4,-7.5
195650,108.1,-7.5
195660,106.8,-7.6
195670,105.6,-7.6
195680,104.3,-7.7
195690,103.1,-7.8
195700,101.8,-7.8
195710,100.6,-7.9
195720,99.4,-8
195730,98.2,-8.1
195740,97,-8.2
195750,95.8,-8.4
195760,94.6,-8.5
195770,93.4,-8.6
195780,92.3,-8.8
195790,91.2,-8.9
195800,90,-9.1
195810,88.9,-9.3
195820,87.9,-9.4
195830,86.8,-9.6
195840,85.7,-9.8
195850,84.7,-10
195860,83.7,-10.2
195870,82.6,-10.4
195880,81.7,-10.6
195890,80.7,-10.8
195900,79.7,-11
195910,78.8,-11.2
195920,77.8,-11.5
195930,76.9,-11.7
195940,76,-11.9
195950,75.2,-12.2
195960,74.3,-12.4
195970,73.5,-12.6
195980,72.6,-12.9
195990,71.8,-13.1
196000,71,-13.4
196010,70.2,-13.6
196020,69.4,-13.9
196030,68.7,-14.1
196040,67.9,-14.4
196050,67.2,-14.7
196060,66.5,-14.9
196070,65.8,-15.2
196080,65.1,-15.5
196090,64.4,-15.7
196100,63.7,-16
196110,63.1,-16.3
196120,62.4,-16.6
196130,61.8,-16.8
196140,61.2,-17.1
196150,60.6,-17.4
196160,60,-17.7
196170,59.4,-17.9
196180,58.8,-18.2
196190,58.2,-18.5
196200,57.7,-18.8
196210,57.1,-19.1
196220,56.6,-19.4
196230,56,-19.7
196240,55.5,-19.9
196250,55,-20.2
196260,54.5,-20.5
196270,54,-20.8
196280,53.5,-21.1
196290,53,-21.4
196300,52.6,-21.7
196310,52.1,-22
196320,51.6,-22.3
196330,51.2,-22.6
196340,50.7,-22.9
196350,50.3,-23.2
196360,49.9,-23.5
196370,49.4,-23.8
196380,49,-24
196390,48.6,-24.3
196400,48.2,-24.6
196410,47.8,-24.9
196420,47.4,-25.2
196430,47,-25.5
196440,46.6,-25.8
196450,46.2,-26.1
196460,45.8,-26.4
196470,45.5,-26.7
196480,45.1,-27
196490,44.7,-27.3
196500,44.4,-27.6
196510,44,-27.9
196520,43.7,-28.2
196530,43.3,-28.5
196540,43,-28.8
196550,42.7,-29.1
196560,42.3,-29.4
196570,42,-29.7
196580,41.7,-30
196590,41.3,-30.3
196600,41,-30.6
196610,40.7,-30.9
196620,40.4,-31.2
196630,40.1,-31.6
196640,39.8,-31.9
196650,39.5,-32.2
196660,39.2,-32.5
196670,38.9,-32.8
196680,38.6,-33.1
196690,38.3,-33.4
196700,38,-33.7
196710,37.7,-34
196720,37.4,-34.3
196730,37.1,-34.6
196740,36.8,-34.9
196750,36.6,-35.2
196760,36.3,-35.5
196770,36,-35.8
196780,35.7,-36.1
196790,35.5,-36.4
196800,35.2,-36.7
196810,34.9,-37
196820,34.7,-37.3
196830,34.4,-37.6
196840,34.1,-37.9
196850,33.9,-38.2
196860,33.6,-38.5
196870,33.3,-38.8
196880,33.1,-39.1
196890,32.8,-39.4
196900,32.6,-39.7
196910,32.3,-40
196920,32.1,-40.3
196930,31.8,-40.6
196940,31.6,-40.9
196950,31.3,-41.3
196960,31.1,-41.6
196970,30.8,-41.9
196980,30.6,-42.2
196990,30.3,-42.5
197000,30.1,-42.8
197010,29.8,-43.1
197020,29.6,-43.4
197030,29.3,-43.7
197040,29.1,-44
197050,28.8,-44.3
197060,28.6,-44.6
197070,28.3,-44.9
197080,28.1,-45.2
197090,27.9,-45.5
197100,27.6,-45.8
197110,27.4,-46.1
197120,27.1,-46.4
197130,26.9,-46.7
197140,26.6,-47
197150,26.4,-47.3
197160,26.1,-47.6
197170,25.9,-47.9
197180,25.7,-48.2
197190,25.4,-48.5
197200,25.2,-48.8
197210,24.9,-49.1
197220,24.7,-49.4
197230,24.4,-49.7
197240,24.2,-50
197250,23.9,-50.3
197260,23.7,-50.6
197270,23.4,-50.9
197280,23.2,-51.2
197290,22.9,-51.5
197300,22.7,-51.8
197310,22.4,-52.1
197320,22.2,-52.4
197330,21.9,-52.7
197340,21.6,-53
197350,21.4,-53.3
197360,21.1,-53.6
197370,20.9,-53.9
197380,20.6,-54.2
197390,20.3,-54.5
197400,20.1,-54.8
197410,19.8,-55.1
197420,19.5,-55.4
197430,19.2,-55.7
197440,19,-56
197450,18.7,-56.3
197460,18.4,-56.6
197470,18.1,-56.9
197480,17.8,-57.2
197490,17.5,-57.5
197500,17.3,-57.8
197510,17,-58.1
197520,16.7,-58.4
197530,16.4,-58.7
197540,16.1,-58.9
197550,15.8,-59.2
197560,15.4,-59.5
197570,15.1,-59.8
197580,14.8,-60.1
197590,14.5,-60.4
197600,14.2,-60.7
197610,13.8,-61
197620,13.5,-61.3
197630,13.2,-61.6
197640,12.8,-61.9
197650,12.5,-62.1
197660,12.1,-62.4
197670,11.8,-62.7
197680,11.4,-63
197690,11,-63.3
197700,10.7,-63.6
197710,10.3,-63.9
197720,9.9,-64.1
197730,9.5,-64.4
197740,9.1,-64.7
197750,8.7,-65
197760,8.3,-65.3
197770,7.9,-65.6
197780,7.5,-65.8
197790,7,-66.1
197800,6.6,-66.4
197810,6.2,-66.7
197820,5.7,-66.9
197830,5.2,-67.2
197840,4.8,-67.5
197850,4.3,-67.8
197860,3.8,-68
197870,3.3,-68.3
197880,2.8,-68.6
197890,2.3,-68.8
197900,1.7,-69.1
197910,1.2,-69.4
197920,0.6,-69.6
197930,0,-69.9
197940,359.5,-70.2
197950,358.9,-70.4
197960,358.3,-70.7
197970,357.6,-70.9
197980,357,-71.2
197990,356.3,-71.4
198000,355.7,-71.7
198010,355,-71.9
198020,354.3,-72.2
198030,353.6,-72.4
198040,352.8,-72.7
198050,352.1,-72.9
198060,351.3,-73.1
198070,350.5,-73.4
198080,349.7,-73.6
198090,348.9,-73.8
198100,348,-74.1
198110,347.1,-74.3
198120,346.2,-74.5
198130,345.3,-74.7
198140,344.4,-74.9
198150,343.4,-75.1
198160,342.4,-75.3
198170,341.4,-75.5
198180,340.3,-75.7
198190,339.2,-75.9
198200,338.1,-76.1
198210,337,-76.3
198220,335.8,-76.5
198230,334.6,-76.6
198240,333.4,-76.8
198250,332.2,-77
198260,330.9,-77.1
198270,329.6,-77.3
198280,328.2,-77.4
198290,326.9,-77.6
198300,325.5,-77.7
198310,324.1,-77.8
198320,322.6,-77.9
198330,321.1,-78
198340,319.6,-78.2
198350,318.1,-78.2
198360,316.6,-78.3
198370,315,-78.4
198380,313.4,-78.5
198390,311.8,-78.5
198400,310.2,-78.6
198410,308.5,-78.6
198420,306.9,-78.7
198430,305.2,-78.7
198440,303.6,-78.7
198450,301.9,-78.7
198460,300.2,-78.7
198470,298.6,-78.7
198480,296.9,-78.7
198490,295.2,-78.7
198500,293.6,-78.7
198510,292,-78.6
198520,290.3,-78.6
198530,288.7,-78.5
198540,287.1,-78.4
198550,285.6,-78.4
198560,284,-78.3
198570,282.5,-78.2
198580,281,-78.1
198590,279.5,-78
198600,278,-77.9
198610,276.6,-77.7
198620,275.2,-77.6
198630,273.8,-77.5
198640,272.5,-77.3
198650,271.2,-77.2
198660,269.9,-77
198670,268.6,-76.9
198680,267.4,-76.7
198690,266.2,-76.5
198700,265.1,-76.3
198710,263.9,-76.2
198720,262.8,-76
198730,261.7,-75.8
198740,260.7,-75.6
198750,259.7,-75.4
198760,258.7,-75.2
198770,257.7,-75
198780,256.7,-74.8
198790,255.8,-74.5
198800,254.9,-74.3
198810,254,-74.1
198820,253.2,-73.9
198830,252.4,-73.6
198840,251.6,-73.4
198850,250.8,-73.2
198860,250,-72.9
198870,249.3,-72.7
198880,248.5,-72.5
198890,247.8,-72.2
198900,247.1,-72
198910,246.5,-71.7
198920,245.8,-71.5
198930,245.2,-71.2
198940,244.5,-71
198950,243.9,-70.7
198960,243.3,-70.4
198970,242.7,-70.2
198980,242.2,-69.9
198990,241.6,-69.7
199000,241.1,-69.4
199010,240.6,-69.1
199020,240,-68.8
199030,239.5,-68.6
199040,239,-68.3
199050,238.6,-68
199060,238.1,-67.8
199070,237.6,-67.5
199080,237.2,-67.2
199090,236.7,-66.9
199100,236.3,-66.6
199110,235.9,-66.4
199120,235.5,-66.1
199130,235,-65.8
199140,234.6,-65.5
199150,234.3,-65.2
199160,233.9,-65
199170,233.5,-64.7
199180,233.1,-64.4
199190,232.8,-64.1
199200,232.4,-63.8
199210,232.1,-63.5
199220,231.7,-63.2
199230,231.4,-62.9
199240,231,-62.6
199250,230.7,-62.4
199260,230.4,-62.1
199270,230.1,-61.8
199280,229.8,-61.5
199290,229.5,-61.2
199300,229.2,-60.9
199310,228.9,-60.6
199320,228.6,-60.3
199330,228.3,-60
199340,228,-59.7
199350,227.7,-59.4
199360,227.5,-59.1
199370,227.2,-58.8
199380,226.9,-58.5
199390,226.7,-58.2
199400,226.4,-57.9
199410,226.2,-57.6
199420,225.9,-57.3
199430,225.7,-57
199440,225.4,-56.7
199450,225.2,-56.4
199460,224.9,-56.1
199470,224.7,-55.8
199480,224.5,-55.5
199490,224.2,-55.2
199500,224,-54.9
199510,223.8,-54.6
199520,223.6,-54.3
199530,223.4,-54
199540,223.1,-53.7
199550,222.9,-53.3
199560,222.7,-53
199570,222.5,-52.7
199580,222.3,-52.4
199590,222.1,-52.1
199600,221.9,-51.8
199610,221.7,-51.5
199620,221.5,-51.2
199630,221.3,-50.9
199640,221.1,-50.6
199650,220.9,-50.3
199660,220.7,-50
199670,220.5,-49.6
199680,220.3,-49.3
199690,220.1,-49
199700,219.9,-48.7
199710,219.7,-48.4
199720,219.6,-48.1
199730,219.4,-47.8
199740,219.2,-47.5
199750,219,-47.1
199760,218.8,-46.8
199770,218.6,-46.5
199780,218.5,-46.2
199790,218.3,-45.9
199800,218.1,-45.6
199810,217.9,-45.3
199820,217.8,-45
199830,217.6,-44.6
199840,217.4,-44.3
199850,217.2,-44
199860,217.1,-43.7
199870,216.9,-43.4
199880,216.7,-43.1
199890,216.5,-42.7
199900,216.4,-42.4
199910,216.2,-42.1
199920,216,-41.8
199930,215.9,-41.5
199940,215.7,-41.1
199950,215.5,-40.8
199960,215.4,-40.5
199970,215.2,-40.2
199980,215,-39.9
199990,214.9,-39.6
200000,214.7,-39.2
200010,214.5,-38.9
200020,214.3,-38.6
200030,214.2,-38.3
200040,214,-37.9
200050,213.8,-37.6
200060,213.7,-37.3
200070,213.5,-37
200080,213.3,-36.7
200090,213.2,-36.3
200100,213,-36
200110,212.8,-35.7
200120,212.6,-35.4
200130,212.5,-35
200140,212.3,-34.7
200150,212.1,-34.4
200160,212,-34.1
200170,211.8,-33.7
200180,211.6,-33.4
200190,211.4,-33.1
200200,211.2,-32.8
200210,211.1,-32.4
200220,210.9,-32.1
200230,210.7,-31.8
200240,210.5,-31.5
200250,210.3,-31.1
200260,210.2,-30.8
200270,210,-30.5
200280,209.8,-30.1
200290,209.6,-29.8
200300,209.4,-29.5
200310,209.2,-29.1
200320,209,-28.8
200330,208.8,-28.5
200340,208.6,-28.1
200350,208.4,-27.8
200360,208.2,-27.5
200370,208,-27.1
200380,207.8,-26.8
200390,207.6,-26.5
200400,207.4,-26.1
200410,207.2,-25.8
200420,207,-25.5
200430,206.8,-25.1
200440,206.5,-24.8
200450,206.3,-24.4
200460,206.1,-24.1
200470,205.9,-23.8
200480,205.6,-23.4
200490,205.4,-23.1
200500,205.1,-22.7
200510,204.9,-22.4
200520,204.7,-22.1
200530,204.4,-21.7
200540,204.1,-21.4
200550,203.9,-21
200560,203.6,-20.7
200570,203.4,-20.3
200580,203.1,-20
200590,202.8,-19.6
200600,202.5,-19.3
200610,202.2,-18.9
200620,201.9,-18.6
200630,201.6,-18.2
200640,201.3,-17.9
200650,201,-17.5
200660,200.7,-17.2
200670,200.4,-16.8
200680,200,-16.4
200690,199.7,-16.1
200700,199.3,-15.7
200710,199,-15.4
200720,198.6,-15
200730,198.2,-14.6
200740,197.8,-14.3
200750,197.4,-13.9
200760,197,-13.5
200770,196.6,-13.1
200780,196.2,-12.8
200790,195.8,-12.4
200800,195.3,-12
200810,194.8,-11.6
200820,194.4,-11.3
200830,193.9,-10.9
200840,193.4,-10.5
200850,192.8,-10.1
200860,192.3,-9.7
200870,191.7,-9.3
200880,191.2,-9
200890,190.6,-8.6
200900,190,-8.2
200910,189.3,-7.8
200920,188.7,-7.4
200930,188,-7
200940,187.3,-6.6
200950,186.6,-6.2
200960,185.8,-5.7
200970,185,-5.3
200980,184.2,-4.9
200990,183.4,-4.5
201000,182.5,-4.1
201010,181.6,-3.7
201020,180.6,-3.2
201030,179.6,-2.8
201040,178.6,-2.4
201050,177.6,-2
201060,176.4,-1.5
201070,175.3,-1.1
201080,174.1,-0.7
201090,172.8,-0.3
201100,171.5,0.2
201110,170.2,0.6
201120,168.8,1
201130,167.3,1.4
201140,165.7,1.8
201150,164.2,2.2
201160,162.5,2.6
201170,160.8,3
201180,159,3.4
201190,157.1,3.8
201200,155.2,4.1
201210,153.2,4.5
201220,151.2,4.8
201230,149.1,5.1
201240,146.9,5.4
201250,144.7,5.6
201260,142.4,5.8
201270,140.1,6
201280,137.7,6.2
201290,135.4,6.3
201300,132.9,6.4
201310,130.5,6.5
201320,128.1,6.5
201330,125.6,6.5
201340,123.2,6.4
201350,120.8,6.3
201360,118.4,6.2
201370,116,6.1
201380,113.7,5.9
201390,111.5,5.6
201400,109.2,5.4
201410,107.1,5.1
201420,105,4.8
201430,102.9,4.5
201440,100.9,4.2
201450,99,3.8
201460,97.2,3.5
201470,95.4,3.1
201480,93.7,2.7
201490,92,2.3
201500,90.4,1.9
201510,88.9,1.5
201520,87.4,1
201530,86,0.6
201540,84.7,0.2
201550,83.4,-0.2
201560,82.1,-0.6
201570,80.9,-1.1
201580,79.8,-1.5
201590,78.7,-1.9
201600,77.6,-2.4
201610,76.6,-2.8
201620,75.6,-3.2
201630,74.7,-3.6
201640,73.8,-4
201650,72.9,-4.5
201660,72.1,-4.9
201670,71.3,-5.3
201680,70.5,-5.7
201690,69.8,-6.1
201700,69.1,-6.5
201710,68.4,-6.9
201720,67.7,-7.3
201730,67.1,-7.7
201740,66.5,-8.1
201750,65.9,-8.5
201760,65.3,-8.9
201770,64.7,-9.3
201780,64.2,-9.7
201790,63.7,-10.1
201800,63.1,-10.5
201810,62.7,-10.9
201820,62.2,-11.2
201830,61.7,-11.6
201840,61.3,-12
201850,60.8,-12.4
201860,60.4,-12.8
201870,60,-13.1
201880,59.6,-13.5
201890,59.2,-13.9
201900,58.9,-14.2
201910,58.5,-14.6
201920,58.1,-15
201930,57.8,-15.4
201940,57.4,-15.7
201950,57.1,-16.1
201960,56.8,-16.4
201970,56.5,-16.8
201980,56.2,-17.2
201990,55.9,-17.5
202000,55.6,-17.9
202010,55.3,-18.2
202020,55,-18.6
202030,54.8,-18.9
202040,54.5,-19.3
202050,54.3,-19.7
202060,54,-20
202070,53.8,-20.4
202080,53.5,-20.7
202090,53.3,-21.1
202100,53,-21.4
202110,52.8,-21.8
202120,52.6,-22.1
202130,52.4,-22.5
202140,52.2,-22.8
202150,52,-23.1
202160,51.8,-23.5
202170,51.6,-23.8
202180,51.4,-24.2
202190,51.2,-24.5
202200,51,-24.9
202210,50.8,-25.2
202220,50.6,-25.6
202230,50.4,-25.9
202240,50.3,-26.2
202250,50.1,-26.6
202260,49.9,-26.9
202270,49.7,-27.3
202280,49.6,-27.6
202290,49.4,-27.9
202300,49.2,-28.3
202310,49.1,-28.6
202320,48.9,-28.9
202330,48.8,-29.3
202340,48.6,-29.6
202350,48.5,-30
202360,48.3,-30.3
202370,48.2,-30.6
202380,48.1,-31
202390,47.9,-31.3
202400,47.8,-31.6
202410,47.6,-32
202420,47.5,-32.3
202430,47.4,-32.6
202440,47.2,-33
202450,47.1,-33.3
202460,47,-33.6
202470,46.8,-34
202480,46.7,-34.3
202490,46.6,-34.6
202500,46.5,-35
202510,46.4,-35.3
202520,46.2,-35.6
202530,46.1,-35.9
202540,46,-36.3
202550,45.9,-36.6
202560,45.8,-36.9
202570,45.7,-37.3
202580,45.5,-37.6
202590,45.4,-37.9
202600,45.3,-38.2
202610,45.2,-38.6
202620,45.1,-38.9
202630,45,-39.2
202640,44.9,-39.6
202650,44.8,-39.9
202660,44.7,-40.2
202670,44.6,-40.5
202680,44.5,-40.9
202690,44.3,-41.2
202700,44.2,-41.5
202710,44.1,-41.9
202720,44,-42.2
202730,43.9,-42.5
202740,43.8,-42.8
202750,43.7,-43.2
202760,43.6,-43.5
202770,43.5,-43.8
202780,43.4,-44.1
202790,43.3,-44.5
202800,43.2,-44.8
202810,43.1,-45.1
202820,43,-45.4
202830,42.9,-45.8
202840,42.8,-46.1
202850,42.7,-46.4
202860,42.6,-46.7
202870,42.5,-47.1
202880,42.4,-47.4
202890,42.3,-47.7
202900,42.3,-48
202910,42.2,-48.4
202920,42.1,-48.7
202930,42,-49
202940,41.9,-49.3
202950,41.8,-49.6
202960,41.7,-50
202970,41.6,-50.3
202980,41.5,-50.6
202990,41.4,-50.9
203000,41.3,-51.3
203010,41.2,-51.6
203020,41.1,-51.9
203030,41,-52.2
203040,40.9,-52.5
203050,40.8,-52.9
203060,40.7,-53.2
203070,40.6,-53.5
203080,40.5,-53.8
203090,40.4,-54.2
203100,40.3,-54.5
203110,40.2,-54.8
203120,40.1,-55.1
203130,40,-55.4
203140,39.8,-55.8
203150,39.7,-56.1
203160,39.6,-56.4
203170,39.5,-56.7
203180,39.4,-57
203190,39.3,-57.4
203200,39.2,-57.7
203210,39.1,-58
203220,39,-58.3
203230,38.8,-58.6
203240,38.7,-59
203250,38.6,-59.3
203260,38.5,-59.6
203270,38.4,-59.9
203280,38.3,-60.2
203290,38.1,-60.6
203300,38,-60.9
203310,37.9,-61.2
203320,37.7,-61.5
203330,37.6,-61.8
203340,37.5,-62.2
203350,37.3,-62.5
203360,37.2,-62.8
203370,37.1,-63.1
203380,36.9,-63.4
203390,36.8,-63.7
203400,36.6,-64.1
203410,36.5,-64.4
203420,36.3,-64.7
203430,36.2,-65
203440,36,-65.3
203450,35.9,-65.6
203460,35.7,-66
203470,35.5,-66.3
203480,35.4,-66.6
203490,35.2,-66.9
203500,35,-67.2
203510,34.8,-67.5
203520,34.6,-67.9
203530,34.4,-68.2
203540,34.2,-68.5
203550,34,-68.8
203560,33.8,-69.1
203570,33.6,-69.4
203580,33.4,-69.7
203590,33.2,-70
203600,32.9,-70.4
203610,32.7,-70.7
203620,32.5,-71
203630,32.2,-71.3
203640,31.9,-71.6
203650,31.7,-71.9
203660,31.4,-72.2
203670,31.1,-72.5
203680,30.8,-72.9
203690,30.5,-73.2
203700,30.2,-73.5
203710,29.9,-73.8
203720,29.5,-74.1
203730,29.2,-74.4
203740,28.8,-74.7
203750,28.4,-75
203760,28,-75.3
203770,27.6,-75.6
203780,27.2,-75.9
203790,26.8,-76.2
203800,26.3,-76.5
203810,25.8,-76.8
203820,25.3,-77.1
203830,24.8,-77.4
203840,24.2,-77.7
203850,23.6,-78
203860,23,-78.3
203870,22.4,-78.6
203880,21.7,-78.9
203890,21,-79.2
203900,20.3,-79.5
203910,19.5,-79.8
203920,18.6,-80.1
203930,17.7,-80.3
203940,16.8,-80.6
203950,15.8,-80.9
203960,14.8,-81.2
203970,13.6,-81.5
203980,12.4,-81.7
203990,11.2,-82
204000,9.8,-82.3
204010,8.3,-82.5
204020,6.8,-82.8
204030,5.1,-83
204040,3.3,-83.2
204050,1.4,-83.5
204060,359.4,-83.7
204070,357.2,-83.9
204080,354.8,-84.1
204090,352.3,-84.3
204100,349.6,-84.5
204110,346.7,-84.7
204120,343.7,-84.8
204130,340.4,-85
204140,337,-85.1
204150,333.4,-85.2
204160,329.7,-85.3
204170,325.8,-85.4
204180,321.9,-85.4
204190,317.9,-85.4
204200,313.8,-85.4
204210,309.8,-85.4
204220,305.9,-85.4
204230,302,-85.3
204240,298.3,-85.2
204250,294.7,-85.1
204260,291.3,-85
204270,288,-84.8
204280,285,-84.7
204290,282.1,-84.5
204300,279.4,-84.3
204310,276.9,-84.1
204320,274.5,-83.9
204330,272.3,-83.7
204340,270.3,-83.5
204350,268.4,-83.3
204360,266.6,-83
204370,264.9,-82.8
204380,263.4,-82.5
204390,261.9,-82.3
204400,260.6,-82
204410,259.3,-81.7
204420,258.1,-81.5
204430,257,-81.2
204440,255.9,-80.9
204450,254.9,-80.6
204460,254,-80.4
204470,253.1,-80.1
204480,252.3,-79.8
204490,251.5,-79.5
204500,250.8,-79.2
204510,250.1,-78.9
204520,249.4,-78.6
204530,248.8,-78.3
204540,248.2,-78
204550,247.6,-77.7
204560,247.1,-77.4
204570,246.6,-77.1
204580,246.1,-76.8
204590,245.6,-76.5
204600,245.1,-76.2
204610,244.7,-75.9
204620,244.3,-75.6
204630,243.9,-75.3
204640,243.5,-75
204650,243.1,-74.7
204660,242.8,-74.4
204670,242.5,-74.1
204680,242.1,-73.8
204690,241.8,-73.5
204700,241.5,-73.2
204710,241.2,-72.9
204720,241,-72.5
204730,240.7,-72.2
204740,240.4,-71.9
204750,240.2,-71.6
204760,239.9,-71.3
204770,239.7,-71
204780,239.5,-70.7
204790,239.3,-70.4
204800,239,-70
204810,238.8,-69.7
204820,238.6,-69.4
204830,238.4,-69.1
204840,238.3,-68.8
204850,238.1,-68.5
204860,237.9,-68.2
204870,237.7,-67.8
204880,237.6,-67.5
204890,237.4,-67.2
204900,237.2,-66.9
204910,237.1,-66.6
204920,236.9,-66.3
204930,236.8,-66
204940,236.7,-65.6
204950,236.5,-65.3
204960,236.4,-65
204970,236.3,-64.7
204980,236.1,-64.4
204990,236,-64
205000,235.9,-63.7
205010,235.8,-63.4
205020,235.7,-63.1
205030,235.6,-62.8
205040,235.4,-62.5
205050,235.3,-62.1
205060,235.2,-61.8
205070,235.1,-61.5
205080,235,-61.2
205090,234.9,-60.9
205100,234.8,-60.5
205110,234.8,-60.2
205120,234.7,-59.9
205130,234.6,-59.6
205140,234.5,-59.3
205150,234.4,-58.9
205160,234.3,-58.6
205170,234.2,-58.3
205180,234.2,-58
205190,234.1,-57.7
205200,234,-57.3
205210,233.9,-57
205220,233.9,-56.7
205230,233.8,-56.4
205240,233.7,-56.1
205250,233.7,-55.7
205260,233.6,-55.4
205270,233.5,-55.1
205280,233.5,-54.8
205290,233.4,-54.4
205300,233.3,-54.1
205310,233.3,-53.8
205320,233.2,-53.5
205330,233.2,-53.1
205340,233.1,-52.8
205350,233,-52.5
205360,233,-52.2
205370,232.9,-51.9
205380,232.9,-51.5
205390,232.8,-51.2
205400,232.8,-50.9
205410,232.7,-50.6
205420,232.7,-50.2
205430,232.6,-49.9
205440,232.6,-49.6
205450,232.5,-49.3
205460,232.5,-48.9
205470,232.4,-48.6
205480,232.4,-48.3
205490,232.3,-48
205500,232.3,-47.6
205510,232.3,-47.3
205520,232.2,-47
205530,232.2,-46.6
205540,232.1,-46.3
205550,232.1,-46
205560,232,-45.7
205570,232,-45.3
205580,232,-45
205590,231.9,-44.7
205600,231.9,-44.4
205610,231.8,-44
205620,231.8,-43.7
205630,231.8,-43.4
205640,231.7,-43
205650,231.7,-42.7
205660,231.7,-42.4
205670,231.6,-42
205680,231.6,-41.7
205690,231.6,-41.4
205700,231.5,-41.1
205710,231.5,-40.7
205720,231.5,-40.4
205730,231.4,-40.1
205740,231.4,-39.7
205750,231.4,-39.4
205760,231.3,-39.1
205770,231.3,-38.7
205780,231.3,-38.4
205790,231.2,-38.1
205800,231.2,-37.7
205810,231.2,-37.4
205820,231.1,-37.1
205830,231.1,-36.7
205840,231.1,-36.4
205850,231,-36.1
205860,231,-35.7
205870,231,-35.4
205880,231,-35.1
205890,230.9,-34.7
205900,230.9,-34.4
205910,230.9,-34
205920,230.8,-33.7
205930,230.8,-33.4
205940,230.8,-33
205950,230.7,-32.7
205960,230.7,-32.3
205970,230.7,-32
205980,230.6,-31.7
205990,230.6,-31.3
206000,230.6,-31
206010,230.6,-30.6
206020,230.5,-30.3
206030,230.5,-30
206040,230.5,-29.6
206050,230.4,-29.3
206060,230.4,-28.9
206070,230.4,-28.6
206080,230.3,-28.2
206090,230.3,-27.9
206100,230.3,-27.5
206110,230.2,-27.2
206120,230.2,-26.8
206130,230.2,-26.5
206140,230.1,-26.1
206150,230.1,-25.8
206160,230.1,-25.4
206170,230,-25.1
206180,230,-24.7
206190,230,-24.4
206200,229.9,-24
206210,229.9,-23.7
206220,229.8,-23.3
206230,229.8,-22.9
206240,229.8,-22.6
206250,229.7,-22.2
206260,229.7,-21.9
206270,229.6,-21.5
206280,229.6,-21.1
206290,229.6,-20.8
206300,229.5,-20.4
206310,229.5,-20
206320,229.4,-19.7
206330,229.4,-19.3
206340,229.3,-18.9
206350,229.3,-18.5
206360,229.2,-18.2
206370,229.2,-17.8
206380,229.1,-17.4
206390,229.1,-17
206400,229,-16.6
206410,228.9,-16.3
206420,228.9,-15.9
206430,228.8,-15.5
206440,228.8,-15.1
206450,228.7,-14.7
206460,228.6,-14.3
206470,228.6,-13.9
206480,228.5,-13.5
206490,228.4,-13.1
206500,228.3,-12.7
206510,228.3,-12.3
206520,228.2,-11.9
206530,228.1,-11.4
206540,228,-11
206550,227.9,-10.6
206560,227.8,-10.2
206570,227.7,-9.7
206580,227.6,-9.3
206590,227.5,-8.8
206600,227.4,-8.4
206610,227.3,-7.9
206620,227.1,-7.5
206630,227,-7
206640,226.9,-6.5
206650,226.7,-6
206660,226.6,-5.6
206670,226.4,-5.1
206680,226.3,-4.6
206690,226.1,-4
206700,225.9,-3.5
206710,225.7,-3
206720,225.5,-2.4
206730,225.3,-1.9
206740,225.1,-1.3
206750,224.8,-0.7
206760,224.6,-0.1
206770,224.3,0.5
206780,224,1.1
206790,223.7,1.8
206800,223.4,2.5
206810,223,3.2
206820,222.6,3.9
206830,222.2,4.7
206840,221.7,5.5
206850,221.3,6.3
206860,220.7,7.2
206870,220.2,8.1
206880,219.5,9.1
206890,218.8,10.1
206900,218.1,11.2
206910,217.2,12.3
206920,216.3,13.6
206930,215.2,14.9
206940,214,16.3
206950,212.7,17.9
206960,211.1,19.5
206970,209.4,21.4
206980,207.3,23.3
206990,204.9,25.5
207000,202.1,27.9
207010,198.8,30.4
207020,194.8,33.1
207030,189.9,36
207040,184,38.9
207050,176.9,41.7
207060,168.4,44.2
207070,158.6,46
207080,147.9,46.9
207090,136.9,46.8
207100,126.4,45.5
207110,117,43.5
207120,109,40.9
207130,102.3,38
207140,96.7,35.1
207150,92.2,32.3
207160,88.4,29.6
207170,85.2,27.1
207180,82.5,24.8
207190,80.3,22.7
207200,78.3,20.8
207210,76.6,19
207220,75.2,17.4
207230,73.9,15.9
207240,72.7,14.5
207250,71.7,13.2
207260,70.8,12
207270,70,10.9
207280,69.3,9.8
207290,68.6,8.8
207300,68,7.8
207310,67.4,6.9
207320,66.9,6.1
207330,66.5,5.3
207340,66,4.5
207350,65.6,3.7
207360,65.3,3
207370,64.9,2.3
207380,64.6,1.6
207390,64.3,1
207400,64,0.3
207410,63.8,-0.3
207420,63.5,-0.9
207430,63.3,-1.4
207440,63.1,-2
207450,62.9,-2.6
207460,62.7,-3.1
207470,62.5,-3.6
207480,62.4,-4.2
207490,62.2,-4.7
207500,62,-5.2
207510,61.9,-5.7
207520,61.8,-6.2
207530,61.6,-6.6
207540,61.5,-7.1
207550,61.4,-7.6
207560,61.3,-8
207570,61.2,-8.5
207580,61.1,-8.9
207590,61,-9.4
207600,60.9,-9.8
207610,60.8,-10.2
207620,60.7,-10.7
207630,60.7,-11.1
207640,60.6,-11.5
207650,60.5,-11.9
207660,60.4,-12.4
207670,60.4,-12.8
207680,60.3,-13.2
207690,60.3,-13.6
207700,60.2,-14
207710,60.2,-14.4
207720,60.1,-14.8
207730,60.1,-15.2
207740,60,-15.6
207750,60,-15.9
207760,59.9,-16.3
207770,59.9,-16.7
207780,59.9,-17.1
207790,59.8,-17.5
207800,59.8,-17.9
207810,59.7,-18.2
207820,59.7,-18.6
207830,59.7,-19
207840,59.7,-19.4
207850,59.6,-19.7
207860,59.6,-20.1
207870,59.6,-20.5
207880,59.6,-20.8
207890,59.5,-21.2
207900,59.5,-21.6
207910,59.5,-21.9
207920,59.5,-22.3
207930,59.5,-22.7
207940,59.5,-23
207950,59.4,-23.4
207960,59.4,-23.7
207970,59.4,-24.1
207980,59.4,-24.4
207990,59.4,-24.8
208000,59.4,-25.2
208010,59.4,-25.5
208020,59.4,-25.9
208030,59.4,-26.2
208040,59.4,-26.6
208050,59.4,-26.9
208060,59.4,-27.3
208070,59.4,-27.6
208080,59.3,-28
208090,59.3,-28.3
208100,59.3,-28.7
208110,59.3,-29
208120,59.3,-29.3
208130,59.3,-29.7
208140,59.3,-30
208150,59.3,-30.4
208160,59.4,-30.7
208170,59.4,-31.1
208180,59.4,-31.4
208190,59.4,-31.7
208200,59.4,-32.1
208210,59.4,-32.4
208220,59.4,-32.8
208230,59.4,-33.1
208240,59.4,-33.4
208250,59.4,-33.8
208260,59.4,-34.1
208270,59.4,-34.5
208280,59.4,-34.8
208290,59.4,-35.1
208300,59.4,-35.5
208310,59.4,-35.8
208320,59.5,-36.1
208330,59.5,-36.5
208340,59.5,-36.8
208350,59.5,-37.2
208360,59.5,-37.5
208370,59.5,-37.8
208380,59.5,-38.2
208390,59.5,-38.5
208400,59.6,-38.8
208410,59.6,-39.2
208420,59.6,-39.5
208430,59.6,-39.8
208440,59.6,-40.2
208450,59.6,-40.5
208460,59.6,-40.8
208470,59.7,-41.2
208480,59.7,-41.5
208490,59.7,-41.8
208500,59.7,-42.1
208510,59.7,-42.5
208520,59.7,-42.8
208530,59.8,-43.1
208540,59.8,-43.5
208550,59.8,-43.8
208560,59.8,-44.1
208570,59.8,-44.5
208580,59.9,-44.8
208590,59.9,-45.1
208600,59.9,-45.4
208610,59.9,-45.8
208620,59.9,-46.1
208630,60,-46.4
208640,60,-46.8
208650,60,-47.1
208660,60,-47.4
208670,60,-47.7
208680,60.1,-48.1
208690,60.1,-48.4
208700,60.1,-48.7
208710,60.1,-49.1
208720,60.2,-49.4
208730,60.2,-49.7
208740,60.2,-50
208750,60.2,-50.4
208760,60.2,-50.7
208770,60.3,-51
208780,60.3,-51.3
208790,60.3,-51.7
208800,60.3,-52
208810,60.4,-52.3
208820,60.4,-52.6
208830,60.4,-53
208840,60.5,-53.3
208850,60.5,-53.6
208860,60.5,-53.9
208870,60.5,-54.3
208880,60.6,-54.6
208890,60.6,-54.9
208900,60.6,-55.2
208910,60.6,-55.6
208920,60.7,-55.9
208930,60.7,-56.2
208940,60.7,-56.5
208950,60.8,-56.9
208960,60.8,-57.2
208970,60.8,-57.5
208980,60.9,-57.8
208990,60.9,-58.2
209000,60.9,-58.5
209010,60.9,-58.8
209020,61,-59.1
209030,61,-59.5
209040,61,-59.8
209050,61.1,-60.1
209060,61.1,-60.4
209070,61.1,-60.8
209080,61.2,-61.1
209090,61.2,-61.4
209100,61.2,-61.7
209110,61.3,-62
209120,61.3,-62.4
209130,61.3,-62.7
209140,61.4,-63
209150,61.4,-63.3
209160,61.5,-63.7
209170,61.5,-64
209180,61.5,-64.3
209190,61.6,-64.6
209200,61.6,-64.9
209210,61.6,-65.3
209220,61.7,-65.6
209230,61.7,-65.9
209240,61.8,-66.2
209250,61.8,-66.6
209260,61.8,-66.9
209270,61.9,-67.2
209280,61.9,-67.5
209290,62,-67.8
209300,62,-68.2
209310,62.1,-68.5
209320,62.1,-68.8
209330,62.1,-69.1
209340,62.2,-69.4
209350,62.2,-69.8
209360,62.3,-70.1
209370,62.3,-70.4
209380,62.4,-70.7
209390,62.4,-71.1
209400,62.5,-71.4
209410,62.5,-71.7
209420,62.6,-72
209430,62.6,-72.3
209440,62.7,-72.7
209450,62.7,-73
209460,62.8,-73.3
209470,62.8,-73.6
209480,62.9,-73.9
209490,63,-74.3
209500,63,-74.6
209510,63.1,-74.9
209520,63.1,-75.2
209530,63.2,-75.5
209540,63.3,-75.9
209550,63.3,-76.2
209560,63.4,-76.5
209570,63.5,-76.8
209580,63.6,-77.1
209590,63.6,-77.5
209600,63.7,-77.8
209610,63.8,-78.1
209620,63.9,-78.4
209630,64,-78.7
209640,64.1,-79.1
209650,64.2,-79.4
209660,64.3,-79.7
209670,64.4,-80
209680,64.5,-80.3
209690,64.6,-80.7
209700,64.7,-81
209710,64.8,-81.3
209720,65,-81.6
209730,65.1,-81.9
209740,65.2,-82.3
209750,65.4,-82.6
209760,65.6,-82.9
209770,65.8,-83.2
209780,66,-83.5
209790,66.2,-83.8
209800,66.4,-84.2
209810,66.7,-84.5
209820,67,-84.8
209830,67.3,-85.1
209840,67.7,-85.4
209850,68.1,-85.8
209860,68.5,-86.1
209870,69.1,-86.4
209880,69.7,-86.7
209890,70.5,-87
209900,71.5,-87.3
209910,72.7,-87.7
209920,74.3,-88
209930,76.4,-88.3
209940,79.5,-88.6
209950,84.3,-88.9
209960,92.5,-89.2
209970,108.9,-89.4
209980,143.3,-89.6
209990,185.1,-89.5
210000,208.1,-89.3
210010,219,-89
210020,224.9,-88.7
210030,228.6,-88.4
210040,231.1,-88.1
210050,232.9,-87.8
210060,234.2,-87.5
210070,235.3,-87.2
210080,236.1,-86.9
210090,236.8,-86.5
210100,237.4,-86.2
210110,238,-85.9
210120,238.4,-85.6
210130,238.8,-85.3
210140,239.1,-84.9
210150,239.4,-84.6
210160,239.7,-84.3
210170,240,-84
210180,240.2,-83.7
210190,240.4,-83.4
210200,240.6,-83
210210,240.8,-82.7
210220,240.9,-82.4
210230,241.1,-82.1
210240,241.2,-81.8
210250,241.4,-81.4
210260,241.5,-81.1
210270,241.7,-80.8
210280,241.8,-80.5
210290,241.9,-80.2
210300,242,-79.8
210310,242.1,-79.5
210320,242.2,-79.2
210330,242.3,-78.9
210340,242.4,-78.6
210350,242.5,-78.3
210360,242.6,-77.9
210370,242.7,-77.6
210380,242.8,-77.3
210390,242.8,-77
210400,242.9,-76.7
210410,243,-76.3
210420,243.1,-76
210430,243.2,-75.7
210440,243.2,-75.4
210450,243.3,-75.1
210460,243.4,-74.7
210470,243.4,-74.4
210480,243.5,-74.1
210490,243.6,-73.8
210500,243.7,-73.5
210510,243.7,-73.1
210520,243.8,-72.8
210530,243.9,-72.5
210540,243.9,-72.2
210550,244,-71.9
210560,244,-71.5
210570,244.1,-71.2
210580,244.2,-70.9
210590,244.2,-70.6
210600,244.3,-70.3
210610,244.3,-69.9
210620,244.4,-69.6
210630,244.5,-69.3
210640,244.5,-69
210650,244.6,-68.7
210660,244.6,-68.3
210670,244.7,-68
210680,244.8,-67.7
210690,244.8,-67.4
210700,244.9,-67.1
210710,244.9,-66.7
210720,245,-66.4
210730,245,-66.1
210740,245.1,-65.8
210750,245.2,-65.5
210760,245.2,-65.1
210770,245.3,-64.8
210780,245.3,-64.5
210790,245.4,-64.2
210800,245.4,-63.9
210810,245.5,-63.5
210820,245.5,-63.2
210830,245.6,-62.9
210840,245.6,-62.6
210850,245.7,-62.2
210860,245.8,-61.9
210870,245.8,-61.6
210880,245.9,-61.3
210890,245.9,-61
210900,246,-60.6
210910,246,-60.3
210920,246.1,-60
210930,246.1,-59.7
210940,246.2,-59.4
210950,246.2,-59
210960,246.3,-58.7
210970,246.3,-58.4
210980,246.4,-58.1
210990,246.5,-57.7
211000,246.5,-57.4
211010,246.6,-57.1
211020,246.6,-56.8
211030,246.7,-56.5
211040,246.7,-56.1
211050,246.8,-55.8
211060,246.8,-55.5
211070,246.9,-55.2
211080,246.9,-54.8
211090,247,-54.5
211100,247.1,-54.2
211110,247.1,-53.9
211120,247.2,-53.5
211130,247.2,-53.2
211140,247.3,-52.9
211150,247.3,-52.6
211160,247.4,-52.3
211170,247.4,-51.9
211180,247.5,-51.6
211190,247.5,-51.3
211200,247.6,-51
211210,247.7,-50.6
211220,247.7,-50.3
211230,247.8,-50
211240,247.8,-49.7
211250,247.9,-49.3
211260,247.9,-49
211270,248,-48.7
211280,248.1,-48.4
211290,248.1,-48
211300,248.2,-47.7
211310,248.2,-47.4
211320,248.3,-47.1
211330,248.3,-46.7
211340,248.4,-46.4
211350,248.5,-46.1
211360,248.5,-45.7
211370,248.6,-45.4
211380,248.6,-45.1
211390,248.7,-44.8
211400,248.7,-44.4
211410,248.8,-44.1
211420,248.9,-43.8
211430,248.9,-43.5
211440,249,-43.1
211450,249,-42.8
211460,249.1,-42.5
211470,249.2,-42.1
211480,249.2,-41.8
211490,249.3,-41.5
211500,249.4,-41.1
211510,249.4,-40.8
211520,249.5,-40.5
211530,249.5,-40.2
211540,249.6,-39.8
211550,249.7,-39.5
211560,249.7,-39.2
211570,249.8,-38.8
211580,249.9,-38.5
211590,249.9,-38.2
211600,250,-37.8
211610,250.1,-37.5
211620,250.1,-37.2
211630,250.2,-36.8
211640,250.2,-36.5
211650,250.3,-36.2
211660,250.4,-35.8
211670,250.5,-35.5
211680,250.5,-35.2
211690,250.6,-34.8
211700,250.7,-34.5
211710,250.7,-34.2
211720,250.8,-33.8
211730,250.9,-33.5
211740,250.9,-33.1
211750,251,-32.8
211760,251.1,-32.5
211770,251.2,-32.1
211780,251.2,-31.8
211790,251.3,-31.5
211800,251.4,-31.1
211810,251.5,-30.8
211820,251.5,-30.4
211830,251.6,-30.1
211840,251.7,-29.8
211850,251.8,-29.4
211860,251.8,-29.1
211870,251.9,-28.7
211880,252,-28.4
211890,252.1,-28
211900,252.2,-27.7
211910,252.2,-27.3
211920,252.3,-27
211930,252.4,-26.6
211940,252.5,-26.3
211950,252.6,-25.9
211960,252.7,-25.6
211970,252.8,-25.2
211980,252.8,-24.9
211990,252.9,-24.5
212000,253,-24.2
212010,253.1,-23.8
212020,253.2,-23.5
212030,253.3,-23.1
212040,253.4,-22.8
212050,253.5,-22.4
212060,253.6,-22.1
212070,253.7,-21.7
212080,253.8,-21.3
212090,253.9,-21
212100,254,-20.6
212110,254.1,-20.2
212120,254.2,-19.9
212130,254.3,-19.5
212140,254.4,-19.1
212150,254.6,-18.8
212160,254.7,-18.4
212170,254.8,-18
212180,254.9,-17.6
212190,255,-17.3
212200,255.1,-16.9
212210,255.3,-16.5
212220,255.4,-16.1
212230,255.5,-15.7
212240,255.7,-15.4
212250,255.8,-15
212260,255.9,-14.6
212270,256.1,-14.2
212280,256.2,-13.8
212290,256.4,-13.4
212300,256.5,-13
212310,256.7,-12.6
212320,256.8,-12.2
212330,257,-11.8
212340,257.2,-11.3
212350,257.3,-10.9
212360,257.5,-10.5
212370,257.7,-10.1
212380,257.9,-9.6
212390,258.1,-9.2
212400,258.3,-8.8
212410,258.5,-8.3
212420,258.7,-7.9
212430,258.9,-7.4
212440,259.2,-6.9
212450,259.4,-6.5
212460,259.6,-6
212470,259.9,-5.5
212480,260.1,-5
212490,260.4,-4.5
212500,260.7,-4
212510,261,-3.5
212520,261.3,-3
212530,261.6,-2.4
212540,262,-1.9
212550,262.3,-1.3
212560,262.7,-0.7
212570,263.1,-0.2
212580,263.5,0.5
212590,264,1.1
212600,264.4,1.7
212610,264.9,2.4
212620,265.4,3.1
212630,266,3.8
212640,266.6,4.5
212650,267.2,5.3
212660,267.9,6.1
212670,268.6,6.9
212680,269.4,7.8
212690,270.3,8.7
212700,271.2,9.7
212710,272.2,10.7
212720,273.4,11.8
212730,274.6,13
212740,275.9,14.2
212750,277.5,15.5
212760,279.1,16.9
212770,281,18.4
212780,283.2,20
212790,285.6,21.7
212800,288.4,23.5
212810,291.5,25.4
212820,295.2,27.4
212830,299.4,29.5
212840,304.3,31.6
212850,309.9,33.6
212860,316.3,35.5
212870,323.4,37.1
212880,331.3,38.2
212890,339.5,38.7
212900,347.9,38.6
212910,356.1,37.9
212920,3.8,36.7
212930,10.7,35
212940,16.9,33.1
212950,22.3,31
212960,27,28.9
212970,31.1,26.9
212980,34.6,24.9
212990,37.7,23
213000,40.4,21.2
213010,42.7,19.5
213020,44.8,18
213030,46.6,16.5
213040,48.3,15.1
213050,49.7,13.9
213060,51.1,12.7
213070,52.3,11.5
213080,53.4,10.5
213090,54.4,9.4
213100,55.3,8.5
213110,56.1,7.6
213120,56.9,6.7
213130,57.6,5.9
213140,58.3,5.1
213150,58.9,4.3
213160,59.5,3.6
213170,60.1,2.9
213180,60.6,2.2
213190,61.1,1.6
213200,61.5,0.9
213210,62,0.3
213220,62.4,-0.3
213230,62.8,-0.9
213240,63.1,-1.5
213250,63.5,-2
213260,63.8,-2.6
213270,64.2,-3.1
213280,64.5,-3.6
213290,64.8,-4.2
213300,65.1,-4.7
213310,65.3,-5.2
213320,65.6,-5.6
213330,65.9,-6.1
213340,66.1,-6.6
213350,66.3,-7.1
213360,66.6,-7.5
213370,66.8,-8
213380,67,-8.4
213390,67.2,-8.9
213400,67.4,-9.3
213410,67.6,-9.7
213420,67.8,-10.2
213430,68,-10.6
213440,68.2,-11
213450,68.4,-11.4
213460,68.6,-11.9
213470,68.7,-12.3
213480,68.9,-12.7
213490,69.1,-13.1
213500,69.2,-13.5
213510,69.4,-13.9
213520,69.5,-14.3
213530,69.7,-14.7
213540,69.8,-15.1
213550,70,-15.4
213560,70.1,-15.8
213570,70.2,-16.2
213580,70.4,-16.6
213590,70.5,-17
213600,70.6,-17.4
213610,70.8,-17.7
213620,70.9,-18.1
213630,71,-18.5
213640,71.2,-18.9
213650,71.3,-19.2
213660,71.4,-19.6
213670,71.5,-20
213680,71.6,-20.3
213690,71.8,-20.7
213700,71.9,-21
213710,72,-21.4
213720,72.1,-21.8
213730,72.2,-22.1
213740,72.3,-22.5
213750,72.4,-22.8
213760,72.5,-23.2
213770,72.6,-23.6
213780,72.8,-23.9
213790,72.9,-24.3
213800,73,-24.6
213810,73.1,-25
213820,73.2,-25.3
213830,73.3,-25.7
213840,73.4,-26
213850,73.5,-26.4
213860,73.6,-26.7
213870,73.7,-27.1
213880,73.8,-27.4
213890,73.9,-27.7
213900,74,-28.1
213910,74.1,-28.4
213920,74.2,-28.8
213930,74.2,-29.1
213940,74.3,-29.5
213950,74.4,-29.8
213960,74.5,-30.1
213970,74.6,-30.5
213980,74.7,-30.8
213990,74.8,-31.2
214000,74.9,-31.5
214010,75,-31.8
214020,75.1,-32.2
214030,75.2,-32.5
214040,75.3,-32.9
214050,75.4,-33.2
214060,75.4,-33.5
214070,75.5,-33.9
214080,75.6,-34.2
214090,75.7,-34.5
214100,75.8,-34.9
214110,75.9,-35.2
214120,76,-35.5
214130,76.1,-35.9
214140,76.2,-36.2
214150,76.2,-36.5
214160,76.3,-36.9
214170,76.4,-37.2
214180,76.5,-37.5
214190,76.6,-37.9
214200,76.7,-38.2
214210,76.8,-38.5
214220,76.9,-38.9
214230,76.9,-39.2
214240,77,-39.5
214250,77.1,-39.9
214260,77.2,-40.2
214270,77.3,-40.5
214280,77.4,-40.8
214290,77.5,-41.2
214300,77.6,-41.5
214310,77.6,-41.8
214320,77.7,-42.2
214330,77.8,-42.5
214340,77.9,-42.8
214350,78,-43.1
214360,78.1,-43.5
214370,78.2,-43.8
214380,78.3,-44.1
214390,78.3,-44.4
214400,78.4,-44.8
214410,78.5,-45.1
214420,78.6,-45.4
214430,78.7,-45.7
214440,78.8,-46.1
214450,78.9,-46.4
214460,79,-46.7
214470,79.1,-47
214480,79.2,-47.4
214490,79.2,-47.7
214500,79.3,-48
214510,79.4,-48.3
214520,79.5,-48.7
214530,79.6,-49
214540,79.7,-49.3
214550,79.8,-49.6
214560,79.9,-50
214570,80,-50.3
214580,80.1,-50.6
214590,80.2,-50.9
214600,80.3,-51.3
214610,80.4,-51.6
214620,80.5,-51.9
214630,80.5,-52.2
214640,80.6,-52.5
214650,80.7,-52.9
214660,80.8,-53.2
214670,80.9,-53.5
214680,81,-53.8
214690,81.1,-54.2
214700,81.2,-54.5
214710,81.3,-54.8
214720,81.4,-55.1
214730,81.5,-55.4
214740,81.6,-55.8
214750,81.7,-56.1
214760,81.9,-56.4
214770,82,-56.7
214780,82.1,-57
214790,82.2,-57.4
214800,82.3,-57.7
214810,82.4,-58
214820,82.5,-58.3
214830,82.6,-58.6
214840,82.7,-59
214850,82.8,-59.3
214860,82.9,-59.6
214870,83.1,-59.9
214880,83.2,-60.2
214890,83.3,-60.6
214900,83.4,-60.9
214910,83.5,-61.2
214920,83.7,-61.5
214930,83.8,-61.8
214940,83.9,-62.2
214950,84,-62.5
214960,84.2,-62.8
214970,84.3,-63.1
214980,84.4,-63.4
214990,84.5,-63.7
215000,84.7,-64.1
215010,84.8,-64.4
215020,85,-64.7
215030,85.1,-65
215040,85.2,-65.3
215050,85.4,-65.7
215060,85.5,-66
215070,85.7,-66.3
215080,85.8,-66.6
215090,86,-66.9
215100,86.1,-67.2
215110,86.3,-67.6
215120,86.5,-67.9
215130,86.6,-68.2
215140,86.8,-68.5
215150,87,-68.8
215160,87.1,-69.1
215170,87.3,-69.5
215180,87.5,-69.8
215190,87.7,-70.1
215200,87.9,-70.4
215210,88.1,-70.7
215220,88.3,-71
215230,88.5,-71.3
215240,88.7,-71.7
215250,88.9,-72
215260,89.1,-72.3
215270,89.4,-72.6
215280,89.6,-72.9
215290,89.8,-73.2
215300,90.1,-73.5
215310,90.3,-73.9
215320,90.6,-74.2
215330,90.9,-74.5
215340,91.2,-74.8
215350,91.4,-75.1
215360,91.7,-75.4
215370,92.1,-75.7
215380,92.4,-76
215390,92.7,-76.3
215400,93.1,-76.7
215410,93.4,-77
215420,93.8,-77.3
215430,94.2,-77.6
215440,94.6,-77.9
215450,95,-78.2
215460,95.5,-78.5
215470,95.9,-78.8
215480,96.4,-79.1
215490,96.9,-79.4
215500,97.5,-79.7
215510,98.1,-80
215520,98.7,-80.3
215530,99.3,-80.6
215540,100,-80.9
215550,100.7,-81.2
215560,101.5,-81.5
215570,102.3,-81.8
215580,103.2,-82.1
215590,104.1,-82.4
215600,105.2,-82.7
215610,106.3,-83
215620,107.4,-83.3
215630,108.7,-83.6
215640,110.1,-83.9
215650,111.7,-84.1
215660,113.3,-84.4
215670,115.2,-84.7
215680,117.2,-84.9
215690,119.5,-85.2
215700,121.9,-85.4
215710,124.7,-85.7
215720,127.8,-85.9
215730,131.2,-86.1
215740,134.9,-86.3
215750,139.1,-86.5
215760,143.8,-86.7
215770,148.8,-86.8
215780,154.3,-86.9
215790,160.2,-87
215800,166.3,-87.1
215810,172.5,-87.1
215820,178.8,-87.1
215830,184.9,-87
215840,190.7,-86.9
215850,196.2,-86.8
215860,201.3,-86.7
215870,205.9,-86.5
215880,210.2,-86.3
215890,214,-86.1
215900,217.4,-85.9
215910,220.5,-85.7
215920,223.2,-85.5
215930,225.7,-85.2
215940,228,-85
215950,230,-84.7
215960,231.9,-84.4
215970,233.6,-84.2
215980,235.1,-83.9
215990,236.5,-83.6
216000,237.8,-83.3
216010,239,-83
216020,240.1,-82.7
216030,241.1,-82.4
216040,242.1,-82.2
216050,243,-81.9
216060,243.8,-81.6
216070,244.6,-81.3
216080,245.3,-81
216090,246,-80.7
216100,246.6,-80.4
216110,247.2,-80.1
216120,247.8,-79.8
216130,248.4,-79.4
216140,248.9,-79.1
216150,249.4,-78.8
216160,249.8,-78.5
216170,250.3,-78.2
216180,250.7,-77.9
216190,251.1,-77.6
216200,251.5,-77.3
216210,251.9,-77
216220,252.3,-76.7
216230,252.6,-76.4
216240,253,-76.1
216250,253.3,-75.8
216260,253.6,-75.4
216270,253.9,-75.1
216280,254.2,-74.8
216290,254.5,-74.5
216300,254.7,-74.2
216310,255,-73.9
216320,255.3,-73.6
216330,255.5,-73.3
216340,255.8,-72.9
216350,256,-72.6
216360,256.2,-72.3
216370,256.5,-72
216380,256.7,-71.7
216390,256.9,-71.4
216400,257.1,-71.1
216410,257.3,-70.7
216420,257.5,-70.4
216430,257.7,-70.1
216440,257.9,-69.8
216450,258.1,-69.5
216460,258.3,-69.2
216470,258.4,-68.9
216480,258.6,-68.5
216490,258.8,-68.2
216500,259,-67.9
216510,259.1,-67.6
216520,259.3,-67.3
216530,259.5,-67
216540,259.6,-66.6
216550,259.8,-66.3
216560,259.9,-66
216570,260.1,-65.7
216580,260.2,-65.4
216590,260.4,-65.1
216600,260.5,-64.8
216610,260.7,-64.4
216620,260.8,-64.1
216630,260.9,-63.8
216640,261.1,-63.5
216650,261.2,-63.2
216660,261.3,-62.8
216670,261.5,-62.5
216680,261.6,-62.2
216690,261.7,-61.9
216700,261.9,-61.6
216710,262,-61.3
216720,262.1,-60.9
216730,262.2,-60.6
216740,262.4,-60.3
216750,262.5,-60
216760,262.6,-59.7
216770,262.7,-59.4
216780,262.8,-59
216790,263,-58.7
216800,263.1,-58.4
216810,263.2,-58.1
216820,263.3,-57.8
216830,263.4,-57.4
216840,263.5,-57.1
216850,263.7,-56.8
216860,263.8,-56.5
216870,263.9,-56.2
216880,264,-55.8
216890,264.1,-55.5
216900,264.2,-55.2
216910,264.3,-54.9
216920,264.4,-54.6
216930,264.5,-54.2
216940,264.6,-53.9
216950,264.7,-53.6
216960,264.9,-53.3
216970,265,-53
216980,265.1,-52.6
216990,265.2,-52.3
217000,265.3,-52
217010,265.4,-51.7
217020,265.5,-51.4
217030,265.6,-51
217040,265.7,-50.7
217050,265.8,-50.4
217060,265.9,-50.1
217070,266,-49.7
217080,266.1,-49.4
217090,266.2,-49.1
217100,266.3,-48.8
217110,266.4,-48.5
217120,266.5,-48.1
217130,266.6,-47.8
217140,266.7,-47.5
217150,266.8,-47.2
217160,266.9,-46.8
217170,267,-46.5
217180,267.1,-46.2
217190,267.2,-45.9
217200,267.3,-45.5
217210,267.4,-45.2
217220,267.5,-44.9
217230,267.6,-44.6
217240,267.7,-44.2
217250,267.8,-43.9
217260,267.9,-43.6
217270,268,-43.3
217280,268.1,-42.9
217290,268.2,-42.6
217300,268.3,-42.3
217310,268.4,-42
217320,268.5,-41.6
217330,268.6,-41.3
217340,268.7,-41
217350,268.8,-40.7
217360,268.9,-40.3
217370,269,-40
217380,269.1,-39.7
217390,269.2,-39.3
217400,269.3,-39
217410,269.4,-38.7
217420,269.5,-38.4
217430,269.6,-38
217440,269.7,-37.7
217450,269.8,-37.4
217460,269.9,-37
217470,270,-36.7
217480,270.1,-36.4
217490,270.2,-36
217500,270.3,-35.7
217510,270.4,-35.4
217520,270.5,-35
217530,270.6,-34.7
217540,270.8,-34.4
217550,270.9,-34
217560,271,-33.7
217570,271.1,-33.4
217580,271.2,-33
217590,271.3,-32.7
217600,271.4,-32.4
217610,271.5,-32
217620,271.6,-31.7
217630,271.7,-31.4
217640,271.8,-31
217650,272,-30.7
217660,272.1,-30.3
217670,272.2,-30
217680,272.3,-29.7
217690,272.4,-29.3
217700,272.5,-29
217710,272.7,-28.6
217720,272.8,-28.3
217730,272.9,-28
217740,273,-27.6
217750,273.1,-27.3
217760,273.3,-26.9
217770,273.4,-26.6
217780,273.5,-26.2
217790,273.6,-25.9
217800,273.8,-25.6
217810,273.9,-25.2
217820,274,-24.9
217830,274.1,-24.5
217840,274.3,-24.2
217850,274.4,-23.8
217860,274.6,-23.5
217870,274.7,-23.1
217880,274.8,-22.7
217890,275,-22.4
217900,275.1,-22
217910,275.3,-21.7
217920,275.4,-21.3
217930,275.6,-21
217940,275.7,-20.6
217950,275.9,-20.2
217960,276,-19.9
217970,276.2,-19.5
217980,276.3,-19.1
217990,276.5,-18.8
218000,276.7,-18.4
218010,276.8,-18
218020,277,-17.7
218030,277.2,-17.3
218040,277.3,-16.9
218050,277.5,-16.5
218060,277.7,-16.2
218070,277.9,-15.8
218080,278.1,-15.4
218090,278.3,-15
218100,278.5,-14.6
218110,278.7,-14.2
218120,278.9,-13.9
218130,279.1,-13.5
218140,279.3,-13.1
218150,279.5,-12.7
218160,279.8,-12.3
218170,280,-11.9
218180,280.3,-11.5
218190,280.5,-11
218200,280.8,-10.6
218210,281,-10.2
218220,281.3,-9.8
218230,281.6,-9.4
218240,281.8,-8.9
218250,282.1,-8.5
218260,282.4,-8
218270,282.8,-7.6
218280,283.1,-7.2
218290,283.4,-6.7
218300,283.8,-6.2
218310,284.1,-5.8
218320,284.5,-5.3
218330,284.9,-4.8
218340,285.3,-4.3
218350,285.7,-3.8
218360,286.1,-3.3
218370,286.6,-2.8
218380,287.1,-2.3
218390,287.6,-1.7
218400,288.1,-1.2
218410,288.7,-0.6
218420,289.2,-0
218430,289.9,0.6
218440,290.5,1.2
218450,291.2,1.8
218460,291.9,2.4
218470,292.7,3.1
218480,293.5,3.8
218490,294.4,4.5
218500,295.3,5.2
218510,296.3,5.9
218520,297.4,6.7
218530,298.5,7.5
218540,299.7,8.4
218550,301.1,9.2
218560,302.5,10.1
218570,304.1,11.1
218580,305.8,12.1
218590,307.6,13.1
218600,309.7,14.2
218610,311.9,15.3
218620,314.3,16.4
218630,317,17.6
218640,320,18.8
218650,323.2,20
218660,326.8,21.2
218670,330.7,22.4
218680,334.9,23.5
218690,339.5,24.5
218700,344.5,25.4
218710,349.7,26.1
218720,355.1,26.6
218730,0.7,26.8
218740,6.3,26.8
218750,11.9,26.5
218760,17.3,26
218770,22.4,25.2
218780,27.3,24.3
218790,31.8,23.2
218800,36,22.1
218810,39.8,20.9
218820,43.3,19.7
218830,46.5,18.5
218840,49.4,17.3
218850,52,16.1
218860,54.4,15
218870,56.6,13.9
218880,58.6,12.8
218890,60.4,11.8
218900,62,10.8
218910,63.6,9.9
218920,65,9
218930,66.3,8.1
218940,67.5,7.3
218950,68.6,6.5
218960,69.7,5.7
218970,70.7,5
218980,71.6,4.2
218990,72.4,3.5
219000,73.2,2.9
219010,74,2.2
219020,74.7,1.6
219030,75.4,1
219040,76,0.3
219050,76.6,-0.2
219060,77.2,-0.8
219070,77.7,-1.4
219080,78.3,-1.9
219090,78.8,-2.5
219100,79.2,-3
219110,79.7,-3.5
219120,80.1,-4
219130,80.5,-4.5
219140,80.9,-5
219150,81.3,-5.5
219160,81.7,-6
219170,82,-6.4
219180,82.4,-6.9
219190,82.7,-7.3
219200,83,-7.8
219210,83.4,-8.2
219220,83.7,-8.7
219230,83.9,-9.1
219240,84.2,-9.5
219250,84.5,-10
219260,84.8,-10.4
219270,85,-10.8
219280,85.3,-11.2
219290,85.5,-11.6
219300,85.8,-12
219310,86,-12.4
219320,86.2,-12.8
219330,86.4,-13.2
219340,86.6,-13.6
219350,86.9,-14
219360,87.1,-14.4
219370,87.3,-14.8
219380,87.5,-15.2
219390,87.7,-15.6
219400,87.8,-16
219410,88,-16.3
219420,88.2,-16.7
219430,88.4,-17.1
219440,88.6,-17.5
219450,88.7,-17.9
219460,88.9,-18.2
219470,89.1,-18.6
219480,89.2,-19
219490,89.4,-19.3
219500,89.5,-19.7
219510,89.7,-20.1
219520,89.9,-20.4
219530,90,-20.8
219540,90.2,-21.1
219550,90.3,-21.5
219560,90.4,-21.9
219570,90.6,-22.2
219580,90.7,-22.6
219590,90.9,-22.9
219600,91,-23.3
219610,91.1,-23.6
219620,91.3,-24
219630,91.4,-24.3
219640,91.5,-24.7
219650,91.7,-25
219660,91.8,-25.4
219670,91.9,-25.7
219680,92,-26.1
219690,92.2,-26.4
219700,92.3,-26.8
219710,92.4,-27.1
219720,92.5,-27.5
219730,92.6,-27.8
219740,92.8,-28.1
219750,92.9,-28.5
219760,93,-28.8
219770,93.1,-29.2
219780,93.2,-29.5
219790,93.3,-29.9
219800,93.5,-30.2
219810,93.6,-30.5
219820,93.7,-30.9
219830,93.8,-31.2
219840,93.9,-31.5
219850,94,-31.9
219860,94.1,-32.2
219870,94.2,-32.6
219880,94.3,-32.9
219890,94.4,-33.2
219900,94.5,-33.6
219910,94.6,-33.9
219920,94.7,-34.2
219930,94.8,-34.6
219940,94.9,-34.9
219950,95,-35.2
219960,95.2,-35.6
219970,95.3,-35.9
219980,95.4,-36.2
219990,95.5,-36.6
220000,95.6,-36.9
220010,95.7,-37.2
220020,95.8,-37.6
220030,95.9,-37.9
220040,96,-38.2
220050,96,-38.6
220060,96.1,-38.9
220070,96.2,-39.2
220080,96.3,-39.5
220090,96.4,-39.9
220100,96.5,-40.2
220110,96.6,-40.5
220120,96.7,-40.9
220130,96.8,-41.2
220140,96.9,-41.5
220150,97,-41.8
220160,97.1,-42.2
220170,97.2,-42.5
220180,97.3,-42.8
220190,97.4,-43.1
220200,97.5,-43.5
220210,97.6,-43.8
220220,97.7,-44.1
220230,97.8,-44.5
220240,97.9,-44.8
220250,98,-45.1
220260,98.1,-45.4
220270,98.2,-45.8
220280,98.3,-46.1
220290,98.3,-46.4
220300,98.4,-46.7
220310,98.5,-47.1
220320,98.6,-47.4
220330,98.7,-47.7
220340,98.8,-48
220350,98.9,-48.3
220360,99,-48.7
220370,99.1,-49
220380,99.2,-49.3
220390,99.3,-49.6
220400,99.4,-50
220410,99.5,-50.3
220420,99.6,-50.6
220430,99.7,-50.9
220440,99.8,-51.3
220450,99.9,-51.6
220460,100,-51.9
220470,100.1,-52.2
220480,100.2,-52.5
220490,100.3,-52.9
220500,100.4,-53.2
220510,100.5,-53.5
220520,100.6,-53.8
220530,100.7,-54.2
220540,100.8,-54.5
220550,100.9,-54.8
220560,101,-55.1
220570,101.1,-55.4
220580,101.2,-55.8
220590,101.3,-56.1
220600,101.4,-56.4
220610,101.5,-56.7
220620,101.6,-57
220630,101.7,-57.4
220640,101.8,-57.7
220650,101.9,-58
220660,102,-58.3
220670,102.1,-58.6
220680,102.2,-59
220690,102.3,-59.3
220700,102.4,-59.6
220710,102.6,-59.9
220720,102.7,-60.2
220730,102.8,-60.6
220740,102.9,-60.9
220750,103,-61.2
220760,103.1,-61.5
220770,103.2,-61.8
220780,103.4,-62.1
220790,103.5,-62.5
220800,103.6,-62.8
220810,103.7,-63.1
220820,103.8,-63.4
220830,104,-63.7
220840,104.1,-64.1
220850,104.2,-64.4
220860,104.3,-64.7
220870,104.5,-65
220880,104.6,-65.3
220890,104.7,-65.6
220900,104.9,-66
220910,105,-66.3
220920,105.2,-66.6
220930,105.3,-66.9
220940,105.4,-67.2
220950,105.6,-67.6
220960,105.7,-67.9
220970,105.9,-68.2
220980,106,-68.5
220990,106.2,-68.8
221000,106.4,-69.1
221010,106.5,-69.5
221020,106.7,-69.8
221030,106.9,-70.1
221040,107,-70.4
221050,107.2,-70.7
221060,107.4,-71
221070,107.6,-71.3
221080,107.8,-71.7
221090,108,-72
221100,108.2,-72.3
221110,108.4,-72.6
221120,108.6,-72.9
221130,108.8,-73.2
221140,109,-73.6
221150,109.2,-73.9
221160,109.5,-74.2
221170,109.7,-74.5
221180,110,-74.8
221190,110.2,-75.1
221200,110.5,-75.4
221210,110.7,-75.7
221220,111,-76.1
221230,111.3,-76.4
221240,111.6,-76.7
221250,111.9,-77
221260,112.3,-77.3
221270,112.6,-77.6
221280,113,-77.9
221290,113.4,-78.2
221300,113.7,-78.6
221310,114.2,-78.9
221320,114.6,-79.2
221330,115,-79.5
221340,115.5,-79.8
221350,116,-80.1
221360,116.6,-80.4
221370,117.1,-80.7
221380,117.7,-81
221390,118.4,-81.3
221400,119,-81.6
221410,119.8,-81.9
221420,120.5,-82.2
221430,121.4,-82.5
221440,122.3,-82.8
221450,123.2,-83.1
221460,124.3,-83.4
221470,125.5,-83.7
221480,126.7,-84
221490,128.1,-84.3
221500,129.6,-84.6
221510,131.3,-84.8
221520,133.1,-85.1
221530,135.2,-85.4
221540,137.5,-85.7
221550,140.2,-85.9
221560,143.1,-86.2
221570,146.4,-86.4
221580,150.2,-86.6
221590,154.5,-86.8
221600,159.3,-87
221610,164.8,-87.2
221620,170.8,-87.3
221630,177.3,-87.4
221640,184.3,-87.5
221650,191.6,-87.5
221660,198.9,-87.5
221670,206,-87.4
221680,212.8,-87.3
221690,219,-87.2
221700,224.6,-87.1
221710,229.7,-86.9
221720,234.2,-86.7
221730,238.1,-86.5
221740,241.6,-86.2
221750,244.7,-86
221760,247.5,-85.8
221770,249.9,-85.5
221780,252.1,-85.2
221790,254,-85
221800,255.7,-84.7
221810,257.3,-84.4
221820,258.7,-84.1
221830,260,-83.8
221840,261.2,-83.5
221850,262.3,-83.2
221860,263.3,-82.9
221870,264.2,-82.6
221880,265.1,-82.3
221890,265.9,-82
221900,266.6,-81.7
221910,267.3,-81.4
221920,268,-81.1
221930,268.6,-80.8
221940,269.2,-80.5
221950,269.7,-80.2
221960,270.2,-79.9
221970,270.7,-79.6
221980,271.2,-79.3
221990,271.6,-79
222000,272,-78.7
222010,272.4,-78.4
222020,272.8,-78
222030,273.1,-77.7
222040,273.5,-77.4
222050,273.8,-77.1
222060,274.1,-76.8
222070,274.4,-76.5
222080,274.7,-76.2
222090,275,-75.9
222100,275.3,-75.5
222110,275.6,-75.2
222120,275.8,-74.9
222130,276.1,-74.6
222140,276.3,-74.3
222150,276.5,-74
222160,276.8,-73.7
222170,277,-73.3
222180,277.2,-73
222190,277.4,-72.7
222200,277.6,-72.4
222210,277.8,-72.1
222220,278,-71.8
222230,278.2,-71.5
222240,278.3,-71.1
222250,278.5,-70.8
222260,278.7,-70.5
222270,278.9,-70.2
222280,279,-69.9
222290,279.2,-69.6
222300,279.3,-69.2
222310,279.5,-68.9
222320,279.6,-68.6
222330,279.8,-68.3
222340,279.9,-68
222350,280.1,-67.7
222360,280.2,-67.3
222370,280.4,-67
222380,280.5,-66.7
222390,280.6,-66.4
222400,280.8,-66.1
222410,280.9,-65.7
222420,281,-65.4
222430,281.1,-65.1
222440,281.3,-64.8
222450,281.4,-64.5
222460,281.5,-64.2
222470,281.6,-63.8
222480,281.7,-63.5
222490,281.8,-63.2
222500,282,-62.9
222510,282.1,-62.6
222520,282.2,-62.2
222530,282.3,-61.9
222540,282.4,-61.6
222550,282.5,-61.3
222560,282.6,-61
222570,282.7,-60.6
222580,282.8,-60.3
222590,282.9,-60
222600,283,-59.7
222610,283.1,-59.4
222620,283.2,-59
222630,283.3,-58.7
222640,283.4,-58.4
222650,283.5,-58.1
222660,283.6,-57.8
222670,283.7,-57.4
222680,283.8,-57.1
222690,283.9,-56.8
222700,284,-56.5
222710,284.1,-56.2
222720,284.1,-55.8
222730,284.2,-55.5
222740,284.3,-55.2
222750,284.4,-54.9
222760,284.5,-54.6
222770,284.6,-54.2
222780,284.7,-53.9
222790,284.8,-53.6
222800,284.8,-53.3
222810,284.9,-52.9
222820,285,-52.6
222830,285.1,-52.3
222840,285.2,-52
222850,285.3,-51.6
222860,285.3,-51.3
222870,285.4,-51
222880,285.5,-50.7
222890,285.6,-50.4
222900,285.7,-50
222910,285.7,-49.7
222920,285.8,-49.4
222930,285.9,-49.1
222940,286,-48.7
222950,286.1,-48.4
222960,286.1,-48.1
222970,286.2,-47.8
222980,286.3,-47.4
222990,286.4,-47.1
223000,286.5,-46.8
223010,286.5,-46.5
223020,286.6,-46.1
223030,286.7,-45.8
223040,286.8,-45.5
223050,286.8,-45.2
223060,286.9,-44.8
223070,287,-44.5
223080,287.1,-44.2
223090,287.1,-43.8
223100,287.2,-43.5
223110,287.3,-43.2
223120,287.4,-42.9
223130,287.4,-42.5
223140,287.5,-42.2
223150,287.6,-41.9
223160,287.6,-41.6
223170,287.7,-41.2
223180,287.8,-40.9
223190,287.9,-40.6
223200,287.9,-40.2
223210,288,-39.9
223220,288.1,-39.6
223230,288.2,-39.2
223240,288.2,-38.9
223250,288.3,-38.6
223260,288.4,-38.3
223270,288.5,-37.9
223280,288.5,-37.6
223290,288.6,-37.3
223300,288.7,-36.9
223310,288.7,-36.6
223320,288.8,-36.3
223330,288.9,-35.9
223340,289,-35.6
223350,289,-35.3
223360,289.1,-34.9
223370,289.2,-34.6
223380,289.2,-34.2
223390,289.3,-33.9
223400,289.4,-33.6
223410,289.5,-33.2
223420,289.5,-32.9
223430,289.6,-32.6
223440,289.7,-32.2
223450,289.8,-31.9
223460,289.8,-31.6
223470,289.9,-31.2
223480,290,-30.9
223490,290.1,-30.5
223500,290.1,-30.2
223510,290.2,-29.8
223520,290.3,-29.5
223530,290.4,-29.2
223540,290.4,-28.8
223550,290.5,-28.5
223560,290.6,-28.1
223570,290.7,-27.8
223580,290.7,-27.4
223590,290.8,-27.1
223600,290.9,-26.7
223610,291,-26.4
223620,291,-26
223630,291.1,-25.7
223640,291.2,-25.3
223650,291.3,-25
223660,291.4,-24.6
223670,291.4,-24.3
223680,291.5,-23.9
223690,291.6,-23.6
223700,291.7,-23.2
223710,291.8,-22.9
223720,291.8,-22.5
223730,291.9,-22.2
223740,292,-21.8
223750,292.1,-21.4
223760,292.2,-21.1
223770,292.3,-20.7
223780,292.4,-20.3
223790,292.4,-20
223800,292.5,-19.6
223810,292.6,-19.2
223820,292.7,-18.9
223830,292.8,-18.5
223840,292.9,-18.1
223850,293,-17.7
223860,293.1,-17.4
223870,293.2,-17
223880,293.3,-16.6
223890,293.4,-16.2
223900,293.5,-15.8
223910,293.6,-15.5
223920,293.7,-15.1
223930,293.8,-14.7
223940,293.9,-14.3
223950,294,-13.9
223960,294.1,-13.5
223970,294.2,-13.1
223980,294.4,-12.7
223990,294.5,-12.3
224000,294.6,-11.9
224010,294.7,-11.4
224020,294.8,-11
224030,295,-10.6
224040,295.1,-10.2
224050,295.2,-9.7
224060,295.4,-9.3
224070,295.5,-8.9
224080,295.7,-8.4
224090,295.8,-8
224100,296,-7.5
224110,296.1,-7
224120,296.3,-6.6
224130,296.4,-6.1
224140,296.6,-5.6
224150,296.8,-5.1
224160,297,-4.6
224170,297.2,-4.1
224180,297.4,-3.6
224190,297.6,-3.1
224200,297.8,-2.5
224210,298,-2
224220,298.3,-1.4
224230,298.5,-0.8
224240,298.8,-0.2
224250,299,0.4
224260,299.3,1
224270,299.6,1.7
224280,299.9,2.4
224290,300.3,3.1
224300,300.6,3.8
224310,301,4.5
224320,301.4,5.3
224330,301.9,6.1
224340,302.4,7
224350,302.9,7.9
224360,303.4,8.9
224370,304,9.9
224380,304.7,11
224390,305.4,12.1
224400,306.2,13.3
224410,307.1,14.7
224420,308.1,16.1
224430,309.3,17.6
224440,310.5,19.3
224450,312,21.2
224460,313.7,23.2
224470,315.7,25.4
224480,318.1,27.9
224490,320.9,30.6
224500,324.3,33.6
224510,328.5,36.9
224520,333.8,40.4
224530,340.4,44
224540,348.8,47.4
224550,359.2,50.3
224560,11.4,52.3
224570,24.8,52.8
224580,37.9,51.8
224590,49.7,49.5
224600,59.4,46.4
224610,67.2,42.9
224620,73.4,39.3
224630,78.4,35.8
224640,82.3,32.6
224650,85.6,29.7
224660,88.2,27.1
224670,90.5,24.7
224680,92.4,22.5
224690,94,20.5
224700,95.4,18.7
224710,96.6,17
224720,97.7,15.5
224730,98.7,14.1
224740,99.5,12.8
224750,100.3,11.6
224760,101,10.5
224770,101.7,9.4
224780,102.3,8.5
224790,102.8,7.5
224800,103.3,6.6
224810,103.7,5.8
224820,104.2,5
224830,104.6,4.2
224840,104.9,3.4
224850,105.3,2.7
224860,105.6,2
224870,105.9,1.4
224880,106.2,0.7
224890,106.5,0.1
224900,106.8,-0.5
224910,107,-1.1
224920,107.3,-1.7
224930,107.5,-2.3
224940,107.7,-2.8
224950,107.9,-3.4
224960,108.1,-3.9
224970,108.3,-4.4
224980,108.5,-4.9
224990,108.7,-5.4
225000,108.8,-5.9
225010,109,-6.4
225020,109.1,-6.9
225030,109.3,-7.3
225040,109.4,-7.8
225050,109.6,-8.3
225060,109.7,-8.7
225070,109.9,-9.1
225080,110,-9.6
225090,110.1,-10
225100,110.2,-10.5
225110,110.4,-10.9
225120,110.5,-11.3
225130,110.6,-11.7
225140,110.7,-12.1
225150,110.8,-12.6
225160,110.9,-13
225170,111,-13.4
225180,111.1,-13.8
225190,111.2,-14.2
225200,111.3,-14.6
225210,111.4,-15
225220,111.5,-15.4
225230,111.6,-15.7
225240,111.7,-16.1
225250,111.8,-16.5
225260,111.9,-16.9
225270,112,-17.3
225280,112,-17.7
225290,112.1,-18
225300,112.2,-18.4
225310,112.3,-18.8
225320,112.4,-19.2
225330,112.4,-19.5
225340,112.5,-19.9
225350,112.6,-20.3
225360,112.7,-20.6
225370,112.7,-21
225380,112.8,-21.4
225390,112.9,-21.7
225400,112.9,-22.1
225410,113,-22.5
225420,113.1,-22.8
225430,113.1,-23.2
225440,113.2,-23.5
225450,113.3,-23.9
225460,113.3,-24.2
225470,113.4,-24.6
225480,113.5,-24.9
225490,113.5,-25.3
225500,113.6,-25.7
225510,113.6,-26
225520,113.7,-26.4
225530,113.8,-26.7
225540,113.8,-27.1
225550,113.9,-27.4
225560,113.9,-27.8
225570,114,-28.1
225580,114.1,-28.4
225590,114.1,-28.8
225600,114.2,-29.1
225610,114.2,-29.5
225620,114.3,-29.8
225630,114.3,-30.2
225640,114.4,-30.5
225650,114.4,-30.9
225660,114.5,-31.2
225670,114.5,-31.5
225680,114.6,-31.9
225690,114.6,-32.2
225700,114.7,-32.6
225710,114.7,-32.9
225720,114.8,-33.2
225730,114.8,-33.6
225740,114.9,-33.9
225750,114.9,-34.2
225760,115,-34.6
225770,115,-34.9
225780,115.1,-35.3
225790,115.1,-35.6
225800,115.2,-35.9
225810,115.2,-36.3
225820,115.2,-36.6
225830,115.3,-36.9
225840,115.3,-37.3
225850,115.4,-37.6
225860,115.4,-37.9
225870,115.5,-38.3
225880,115.5,-38.6
225890,115.6,-38.9
225900,115.6,-39.3
225910,115.6,-39.6
225920,115.7,-39.9
225930,115.7,-40.3
225940,115.8,-40.6
225950,115.8,-40.9
225960,115.8,-41.3
225970,115.9,-41.6
225980,115.9,-41.9
225990,116,-42.3
226000,116,-42.6
226010,116,-42.9
226020,116.1,-43.2
226030,116.1,-43.6
226040,116.2,-43.9
226050,116.2,-44.2
226060,116.2,-44.6
226070,116.3,-44.9
226080,116.3,-45.2
226090,116.3,-45.5
226100,116.4,-45.9
226110,116.4,-46.2
226120,116.4,-46.5
226130,116.5,-46.9
226140,116.5,-47.2
226150,116.5,-47.5
226160,116.6,-47.8
226170,116.6,-48.2
226180,116.6,-48.5
226190,116.7,-48.8
226200,116.7,-49.1
226210,116.7,-49.5
226220,116.8,-49.8
226230,116.8,-50.1
226240,116.8,-50.4
226250,116.9,-50.8
226260,116.9,-51.1
226270,116.9,-51.4
226280,117,-51.7
226290,117,-52.1
226300,117,-52.4
226310,117.1,-52.7
226320,117.1,-53
226330,117.1,-53.4
226340,117.1,-53.7
226350,117.2,-54
226360,117.2,-54.3
226370,117.2,-54.7
226380,117.3,-55
226390,117.3,-55.3
226400,117.3,-55.6
226410,117.3,-56
226420,117.4,-56.3
226430,117.4,-56.6
226440,117.4,-56.9
226450,117.4,-57.3
226460,117.5,-57.6
226470,117.5,-57.9
226480,117.5,-58.2
226490,117.5,-58.6
226500,117.5,-58.9
226510,117.6,-59.2
226520,117.6,-59.5
226530,117.6,-59.8
226540,117.6,-60.2
226550,117.7,-60.5
226560,117.7,-60.8
226570,117.7,-61.1
226580,117.7,-61.5
226590,117.7,-61.8
226600,117.7,-62.1
226610,117.8,-62.4
226620,117.8,-62.7
226630,117.8,-63.1
226640,117.8,-63.4
226650,117.8,-63.7
226660,117.8,-64
226670,117.8,-64.4
226680,117.9,-64.7
226690,117.9,-65
226700,117.9,-65.3
226710,117.9,-65.6
226720,117.9,-66
226730,117.9,-66.3
226740,117.9,-66.6
226750,117.9,-66.9
226760,117.9,-67.2
226770,117.9,-67.6
226780,117.9,-67.9
226790,118,-68.2
226800,118,-68.5
226810,118,-68.8
226820,118,-69.2
226830,118,-69.5
226840,118,-69.8
226850,118,-70.1
226860,117.9,-70.4
226870,117.9,-70.8
226880,117.9,-71.1
226890,117.9,-71.4
226900,117.9,-71.7
226910,117.9,-72.1
226920,117.9,-72.4
226930,117.9,-72.7
226940,117.9,-73
226950,117.8,-73.3
226960,117.8,-73.7
226970,117.8,-74
226980,117.8,-74.3
226990,117.7,-74.6
227000,117.7,-74.9
227010,117.7,-75.3
227020,117.6,-75.6
227030,117.6,-75.9
227040,117.6,-76.2
227050,117.5,-76.5
227060,117.5,-76.8
227070,117.4,-77.2
227080,117.4,-77.5
227090,117.3,-77.8
227100,117.2,-78.1
227110,117.2,-78.4
227120,117.1,-78.8
227130,117,-79.1
227140,116.9,-79.4
227150,116.8,-79.7
227160,116.7,-80
227170,116.6,-80.4
227180,116.4,-80.7
227190,116.3,-81
227200,116.1,-81.3
227210,116,-81.6
227220,115.8,-82
227230,115.6,-82.3
227240,115.4,-82.6
227250,115.1,-82.9
227260,114.9,-83.2
227270,114.6,-83.5
227280,114.2,-83.9
227290,113.9,-84.2
227300,113.5,-84.5
227310,113,-84.8
227320,112.5,-85.1
227330,111.9,-85.4
227340,111.1,-85.8
227350,110.3,-86.1
227360,109.4,-86.4
227370,108.2,-86.7
227380,106.8,-87
227390,105.1,-87.3
227400,102.9,-87.6
227410,100,-87.9
227420,96.3,-88.2
227430,91.1,-88.5
227440,83.5,-88.8
227450,72.3,-89
227460,55.5,-89.2
227470,33.2,-89.2
227480,10.6,-89.2
227490,353.2,-89
227500,341.4,-88.8
227510,333.6,-88.5
227520,328.2,-88.2
227530,324.3,-87.9
227540,321.4,-87.6
227550,319.1,-87.3
227560,317.3,-87
227570,315.9,-86.7
227580,314.7,-86.4
227590,313.7,-86.1
227600,312.9,-85.8
227610,312.2,-85.5
227620,311.6,-85.2
227630,311,-84.8
227640,310.5,-84.5
227650,310.1,-84.2
227660,309.7,-83.9
227670,309.4,-83.6
227680,309.1,-83.3
227690,308.8,-82.9
227700,308.6,-82.6
227710,308.3,-82.3
227720,308.1,-82
227730,307.9,-81.7
227740,307.8,-81.3
227750,307.6,-81
227760,307.5,-80.7
227770,307.3,-80.4
227780,307.2,-80.1
227790,307.1,-79.8
227800,307,-79.4
227810,306.9,-79.1
227820,306.8,-78.8
227830,306.7,-78.5
227840,306.6,-78.2
227850,306.5,-77.8
227860,306.4,-77.5
227870,306.4,-77.2
227880,306.3,-76.9
227890,306.3,-76.6
227900,306.2,-76.2
227910,306.1,-75.9
227920,306.1,-75.6
227930,306.1,-75.3
227940,306,-75
227950,306,-74.6
227960,305.9,-74.3
227970,305.9,-74
227980,305.9,-73.7
227990,305.8,-73.4
228000,305.8,-73
228010,305.8,-72.7
228020,305.7,-72.4
228030,305.7,-72.1
228040,305.7,-71.8
228050,305.7,-71.4
228060,305.6,-71.1
228070,305.6,-70.8
228080,305.6,-70.5
228090,305.6,-70.1
228100,305.6,-69.8
228110,305.5,-69.5
228120,305.5,-69.2
228130,305.5,-68.9
228140,305.5,-68.5
228150,305.5,-68.2
228160,305.5,-67.9
228170,305.4,-67.6
228180,305.4,-67.3
228190,305.4,-66.9
228200,305.4,-66.6
228210,305.4,-66.3
228220,305.4,-66
228230,305.4,-65.6
228240,305.4,-65.3
228250,305.4,-65
228260,305.4,-64.7
228270,305.3,-64.4
228280,305.3,-64
228290,305.3,-63.7
228300,305.3,-63.4
228310,305.3,-63.1
228320,305.3,-62.7
228330,305.3,-62.4
228340,305.3,-62.1
228350,305.3,-61.8
228360,305.3,-61.5
228370,305.3,-61.1
228380,305.3,-60.8
228390,305.3,-60.5
228400,305.3,-60.2
228410,305.3,-59.8
228420,305.3,-59.5
228430,305.3,-59.2
228440,305.3,-58.9
228450,305.3,-58.6
228460,305.2,-58.2
228470,305.2,-57.9
228480,305.2,-57.6
228490,305.2,-57.3
228500,305.2,-56.9
228510,305.2,-56.6
228520,305.2,-56.3
228530,305.2,-56
228540,305.2,-55.6
228550,305.2,-55.3
228560,305.2,-55
228570,305.2,-54.7
228580,305.2,-54.3
228590,305.2,-54
228600,305.2,-53.7
228610,305.2,-53.4
228620,305.2,-53
228630,305.2,-52.7
228640,305.2,-52.4
228650,305.2,-52.1
228660,305.2,-51.7
228670,305.2,-51.4
228680,305.2,-51.1
228690,305.2,-50.8
228700,305.1,-50.4
228710,305.1,-50.1
228720,305.1,-49.8
228730,305.1,-49.5
228740,305.1,-49.1
228750,305.1,-48.8
228760,305.1,-48.5
228770,305.1,-48.1
228780,305.1,-47.8
228790,305.1,-47.5
228800,305.1,-47.2
228810,305.1,-46.8
228820,305.1,-46.5
228830,305.1,-46.2
228840,305,-45.9
228850,305,-45.5
228860,305,-45.2
228870,305,-44.9
228880,305,-44.5
228890,305,-44.2
228900,305,-43.9
228910,305,-43.5
228920,305,-43.2
228930,305,-42.9
228940,304.9,-42.6
228950,304.9,-42.2
228960,304.9,-41.9
228970,304.9,-41.6
228980,304.9,-41.2
228990,304.9,-40.9
229000,304.9,-40.6
229010,304.9,-40.2
229020,304.8,-39.9
229030,304.8,-39.6
229040,304.8,-39.2
229050,304.8,-38.9
229060,304.8,-38.6
229070,304.8,-38.2
229080,304.7,-37.9
229090,304.7,-37.6
229100,304.7,-37.2
229110,304.7,-36.9
229120,304.7,-36.6
229130,304.6,-36.2
229140,304.6,-35.9
229150,304.6,-35.6
229160,304.6,-35.2
229170,304.6,-34.9
229180,304.5,-34.6
229190,304.5,-34.2
229200,304.5,-33.9
229210,304.5,-33.5
229220,304.4,-33.2
229230,304.4,-32.9
229240,304.4,-32.5
229250,304.3,-32.2
229260,304.3,-31.9
229270,304.3,-31.5
229280,304.2,-31.2
229290,304.2,-30.8
229300,304.2,-30.5
229310,304.1,-30.1
229320,304.1,-29.8
229330,304.1,-29.5
229340,304,-29.1
229350,304,-28.8
229360,304,-28.4
229370,303.9,-28.1
229380,303.9,-27.7
229390,303.8,-27.4
229400,303.8,-27
229410,303.7,-26.7
229420,303.7,-26.3
229430,303.6,-26
229440,303.6,-25.6
229450,303.5,-25.3
229460,303.5,-24.9
229470,303.4,-24.6
229480,303.4,-24.2
229490,303.3,-23.9
229500,303.3,-23.5
229510,303.2,-23.2
229520,303.1,-22.8
229530,303.1,-22.4
229540,303,-22.1
229550,302.9,-21.7
229560,302.9,-21.4
229570,302.8,-21
229580,302.7,-20.6
229590,302.6,-20.3
229600,302.6,-19.9
229610,302.5,-19.5
229620,302.4,-19.2
229630,302.3,-18.8
229640,302.2,-18.4
229650,302.1,-18.1
229660,302,-17.7
229670,301.9,-17.3
229680,301.8,-16.9
229690,301.7,-16.5
229700,301.6,-16.2
229710,301.5,-15.8
229720,301.4,-15.4
229730,301.3,-15
229740,301.1,-14.6
229750,301,-14.2
229760,300.9,-13.8
229770,300.7,-13.4
229780,300.6,-13
229790,300.4,-12.6
229800,300.3,-12.2
229810,300.1,-11.8
229820,300,-11.4
229830,299.8,-11
229840,299.6,-10.5
229850,299.4,-10.1
229860,299.2,-9.7
229870,299,-9.3
229880,298.8,-8.8
229890,298.6,-8.4
229900,298.3,-7.9
229910,298.1,-7.5
229920,297.9,-7
229930,297.6,-6.6
229940,297.3,-6.1
229950,297,-5.6
229960,296.7,-5.1
229970,296.4,-4.6
229980,296.1,-4.1
229990,295.7,-3.6
230000,295.3,-3.1
230010,294.9,-2.6
230020,294.5,-2.1
230030,294.1,-1.5
230040,293.6,-0.9
230050,293.1,-0.4
230060,292.6,0.2
230070,292.1,0.8
230080,291.5,1.5
230090,290.9,2.1
230100,290.2,2.7
230110,289.5,3.4
230120,288.7,4.1
230130,287.9,4.9
230140,287,5.6
230150,286.1,6.4
230160,285,7.2
230170,283.9,8
230180,282.7,8.9
230190,281.4,9.8
230200,280,10.8
230210,278.4,11.8
230220,276.7,12.8
230230,274.8,13.9
230240,272.7,15
230250,270.4,16.2
230260,267.8,17.4
230270,265,18.7
230280,261.9,20
230290,258.4,21.3
230300,254.6,22.5
230310,250.4,23.7
230320,245.8,24.9
230330,240.9,25.9
230340,235.6,26.7
230350,230,27.3
230360,224.2,27.6
230370,218.4,27.6
230380,212.6,27.3
230390,207,26.8
230400,201.6,26
230410,196.6,25.1
230420,191.9,24
230430,187.6,22.8
230440,183.7,21.5
230450,180.1,20.2
230460,176.9,18.9
230470,174,17.7
230480,171.4,16.4
230490,169,15.2
230500,166.9,14.1
230510,164.9,13
230520,163.2,11.9
230530,161.6,10.9
230540,160.1,9.9
230550,158.7,9
230560,157.5,8.1
230570,156.4,7.3
230580,155.3,6.4
230590,154.3,5.6
230600,153.4,4.9
230610,152.6,4.2
230620,151.8,3.4
230630,151.1,2.8
230640,150.4,2.1
230650,149.7,1.5
230660,149.1,0.8
230670,148.6,0.2
230680,148,-0.4
230690,147.5,-1
230700,147,-1.5
230710,146.6,-2.1
230720,146.2,-2.6
230730,145.8,-3.1
230740,145.4,-3.7
230750,145,-4.2
230760,144.7,-4.7
230770,144.3,-5.2
230780,144,-5.7
230790,143.7,-6.1
230800,143.4,-6.6
230810,143.1,-7.1
230820,142.8,-7.5
230830,142.6,-8
230840,142.3,-8.4
230850,142.1,-8.9
230860,141.9,-9.3
230870,141.7,-9.8
230880,141.4,-10.2
230890,141.2,-10.6
230900,141,-11
230910,140.8,-11.4
230920,140.7,-11.9
230930,140.5,-12.3
230940,140.3,-12.7
230950,140.1,-13.1
230960,140,-13.5
230970,139.8,-13.9
230980,139.7,-14.3
230990,139.5,-14.7
231000,139.4,-15.1
231010,139.2,-15.5
231020,139.1,-15.8
231030,139,-16.2
231040,138.8,-16.6
231050,138.7,-17
231060,138.6,-17.4
231070,138.4,-17.7
231080,138.3,-18.1
231090,138.2,-18.5
231100,138.1,-18.9
231110,138,-19.2
231120,137.9,-19.6
231130,137.8,-20
231140,137.7,-20.3
231150,137.6,-20.7
231160,137.5,-21.1
231170,137.4,-21.4
231180,137.3,-21.8
231190,137.2,-22.2
231200,137.1,-22.5
231210,137,-22.9
231220,136.9,-23.2
231230,136.8,-23.6
231240,136.7,-23.9
231250,136.6,-24.3
231260,136.6,-24.6
231270,136.5,-25
231280,136.4,-25.4
231290,136.3,-25.7
231300,136.2,-26.1
231310,136.1,-26.4
231320,136.1,-26.8
231330,136,-27.1
231340,135.9,-27.4
231350,135.8,-27.8
231360,135.8,-28.1
231370,135.7,-28.5
231380,135.6,-28.8
231390,135.5,-29.2
231400,135.5,-29.5
231410,135.4,-29.9
231420,135.3,-30.2
231430,135.2,-30.5
231440,135.2,-30.9
231450,135.1,-31.2
231460,135,-31.6
231470,135,-31.9
231480,134.9,-32.2
231490,134.8,-32.6
231500,134.8,-32.9
231510,134.7,-33.3
231520,134.6,-33.6
231530,134.6,-33.9
231540,134.5,-34.3
231550,134.4,-34.6
231560,134.4,-34.9
231570,134.3,-35.3
231580,134.2,-35.6
231590,134.2,-35.9
231600,134.1,-36.3
231610,134,-36.6
231620,134,-36.9
231630,133.9,-37.3
231640,133.8,-37.6
231650,133.8,-37.9
231660,133.7,-38.3
231670,133.6,-38.6
231680,133.5,-38.9
231690,133.5,-39.3
231700,133.4,-39.6
231710,133.3,-39.9
231720,133.3,-40.3
231730,133.2,-40.6
231740,133.1,-40.9
231750,133.1,-41.2
231760,133,-41.6
231770,132.9,-41.9
231780,132.9,-42.2
231790,132.8,-42.6
231800,132.7,-42.9
231810,132.6,-43.2
231820,132.6,-43.5
231830,132.5,-43.9
231840,132.4,-44.2
231850,132.4,-44.5
231860,132.3,-44.9
231870,132.2,-45.2
231880,132.1,-45.5
231890,132.1,-45.8
231900,132,-46.2
231910,131.9,-46.5
231920,131.8,-46.8
231930,131.7,-47.1
231940,131.7,-47.5
231950,131.6,-47.8
231960,131.5,-48.1
231970,131.4,-48.4
231980,131.3,-48.8
231990,131.3,-49.1
232000,131.2,-49.4
232010,131.1,-49.7
232020,131,-50
232030,130.9,-50.4
232040,130.8,-50.7
232050,130.7,-51
232060,130.6,-51.3
232070,130.6,-51.7
232080,130.5,-52
232090,130.4,-52.3
232100,130.3,-52.6
232110,130.2,-52.9
232120,130.1,-53.3
232130,130,-53.6
232140,129.9,-53.9
232150,129.8,-54.2
232160,129.7,-54.5
232170,129.6,-54.9
232180,129.5,-55.2
232190,129.3,-55.5
232200,129.2,-55.8
232210,129.1,-56.1
232220,129,-56.5
232230,128.9,-56.8
232240,128.8,-57.1
232250,128.7,-57.4
232260,128.5,-57.7
232270,128.4,-58.1
232280,128.3,-58.4
232290,128.2,-58.7
232300,128,-59
232310,127.9,-59.3
232320,127.8,-59.6
232330,127.6,-60
232340,127.5,-60.3
232350,127.3,-60.6
232360,127.2,-60.9
232370,127,-61.2
232380,126.9,-61.5
232390,126.7,-61.9
232400,126.6,-62.2
232410,126.4,-62.5
232420,126.2,-62.8
232430,126.1,-63.1
232440,125.9,-63.4
232450,125.7,-63.7
232460,125.5,-64.1
232470,125.4,-64.4
232480,125.2,-64.7
232490,125,-65
232500,124.8,-65.3
232510,124.6,-65.6
232520,124.4,-65.9
232530,124.1,-66.2
232540,123.9,-66.5
232550,123.7,-66.9
232560,123.5,-67.2
232570,123.2,-67.5
232580,123,-67.8
232590,122.7,-68.1
232600,122.5,-68.4
232610,122.2,-68.7
232620,122,-69
232630,121.7,-69.3
232640,121.4,-69.6
232650,121.1,-69.9
232660,120.8,-70.2
232670,120.5,-70.5
232680,120.2,-70.8
232690,119.8,-71.2
232700,119.5,-71.5
232710,119.1,-71.8
232720,118.8,-72.1
232730,118.4,-72.4
232740,118,-72.7
232750,117.6,-73
232760,117.2,-73.3
232770,116.7,-73.5
232780,116.3,-73.8
232790,115.8,-74.1
232800,115.4,-74.4
232810,114.9,-74.7
232820,114.3,-75
232830,113.8,-75.3
232840,113.2,-75.6
232850,112.7,-75.9
232860,112.1,-76.2
232870,111.4,-76.5
232880,110.8,-76.7
232890,110.1,-77
232900,109.4,-77.3
232910,108.6,-77.6
232920,107.8,-77.9
232930,107,-78.1
232940,106.2,-78.4
232950,105.3,-78.7
232960,104.3,-78.9
232970,103.4,-79.2
232980,102.3,-79.5
232990,101.3,-79.7
233000,100.1,-80
233010,98.9,-80.2
233020,97.7,-80.4
233030,96.4,-80.7
233040,95,-80.9
233050,93.5,-81.1
233060,92,-81.4
233070,90.4,-81.6
233080,88.7,-81.8
233090,86.9,-82
233100,85.1,-82.2
233110,83.1,-82.4
233120,81.1,-82.6
233130,78.9,-82.7
233140,76.7,-82.9
233150,74.4,-83
233160,71.9,-83.1
233170,69.4,-83.3
233180,66.8,-83.4
233190,64.1,-83.5
233200,61.4,-83.5
233210,58.5,-83.6
233220,55.7,-83.7
233230,52.8,-83.7
233240,49.9,-83.7
233250,46.9,-83.7
233260,44,-83.7
233270,41.1,-83.6
233280,38.3,-83.6
233290,35.4,-83.5
233300,32.7,-83.5
233310,30,-83.4
233320,27.4,-83.3
233330,24.9,-83.1
233340,22.5,-83
233350,20.2,-82.9
233360,17.9,-82.7
233370,15.8,-82.5
233380,13.8,-82.4
233390,11.8,-82.2
233400,10,-82
233410,8.2,-81.8
233420,6.5,-81.6
233430,4.9,-81.3
233440,3.4,-81.1
233450,1.9,-80.9
233460,0.6,-80.7
233470,359.2,-80.4
233480,358,-80.2
233490,356.8,-79.9
233500,355.7,-79.7
233510,354.6,-79.4
233520,353.6,-79.2
233530,352.6,-78.9
233540,351.7,-78.6
233550,350.8,-78.4
233560,349.9,-78.1
233570,349.1,-77.8
233580,348.3,-77.6
233590,347.5,-77.3
233600,346.8,-77
233610,346.1,-76.7
233620,345.5,-76.4
233630,344.8,-76.1
233640,344.2,-75.9
233650,343.6,-75.6
233660,343,-75.3
233670,342.5,-75
233680,342,-74.7
233690,341.5,-74.4
233700,341,-74.1
233710,340.5,-73.8
233720,340,-73.5
233730,339.6,-73.2
233740,339.1,-72.9
233750,338.7,-72.6
233760,338.3,-72.3
233770,337.9,-72
233780,337.5,-71.7
233790,337.2,-71.4
233800,336.8,-71.1
233810,336.5,-70.8
233820,336.1,-70.5
233830,335.8,-70.2
233840,335.5,-69.9
233850,335.2,-69.6
233860,334.9,-69.3
233870,334.6,-69
233880,334.3,-68.7
233890,334,-68.4
233900,333.7,-68.1
233910,333.4,-67.8
233920,333.2,-67.5
233930,332.9,-67.2
233940,332.6,-66.9
233950,332.4,-66.6
233960,332.2,-66.2
233970,331.9,-65.9
233980,331.7,-65.6
233990,331.5,-65.3
234000,331.2,-65
234010,331,-64.7
234020,330.8,-64.4
234030,330.6,-64.1
234040,330.4,-63.8
234050,330.2,-63.5
234060,330,-63.1
234070,329.8,-62.8
234080,329.6,-62.5
234090,329.4,-62.2
234100,329.2,-61.9
234110,329,-61.6
234120,328.8,-61.3
234130,328.6,-61
234140,328.5,-60.6
234150,328.3,-60.3
234160,328.1,-60
234170,327.9,-59.7
234180,327.8,-59.4
234190,327.6,-59.1
234200,327.4,-58.8
234210,327.3,-58.4
234220,327.1,-58.1
234230,326.9,-57.8
234240,326.8,-57.5
234250,326.6,-57.2
234260,326.5,-56.9
234270,326.3,-56.6
234280,326.2,-56.2
234290,326,-55.9
234300,325.8,-55.6
234310,325.7,-55.3
234320,325.5,-55
234330,325.4,-54.7
234340,325.3,-54.3
234350,325.1,-54
234360,325,-53.7
234370,324.8,-53.4
234380,324.7,-53.1
234390,324.5,-52.8
234400,324.4,-52.4
234410,324.2,-52.1
234420,324.1,-51.8
234430,324,-51.5
234440,323.8,-51.2
234450,323.7,-50.8
234460,323.5,-50.5
234470,323.4,-50.2
234480,323.3,-49.9
234490,323.1,-49.6
234500,323,-49.3
234510,322.9,-48.9
234520,322.7,-48.6
234530,322.6,-48.3
234540,322.4,-48
234550,322.3,-47.7
234560,322.2,-47.3
234570,322,-47
234580,321.9,-46.7
234590,321.8,-46.4
234600,321.6,-46.1
234610,321.5,-45.7
234620,321.4,-45.4
234630,321.2,-45.1
234640,321.1,-44.8
234650,320.9,-44.5
234660,320.8,-44.1
234670,320.7,-43.8
234680,320.5,-43.5
234690,320.4,-43.2
234700,320.2,-42.9
234710,320.1,-42.5
234720,320,-42.2
234730,319.8,-41.9
234740,319.7,-41.6
234750,319.5,-41.2
234760,319.4,-40.9
234770,319.2,-40.6
234780,319.1,-40.3
234790,319,-40
234800,318.8,-39.6
234810,318.7,-39.3
234820,318.5,-39
234830,318.4,-38.7
234840,318.2,-38.3
234850,318.1,-38
234860,317.9,-37.7
234870,317.8,-37.4
234880,317.6,-37
234890,317.4,-36.7
234900,317.3,-36.4
234910,317.1,-36.1
234920,317,-35.7
234930,316.8,-35.4
234940,316.6,-35.1
234950,316.5,-34.8
234960,316.3,-34.4
234970,316.1,-34.1
234980,316,-33.8
234990,315.8,-33.5
235000,315.6,-33.1
235010,315.5,-32.8
235020,315.3,-32.5
235030,315.1,-32.2
235040,314.9,-31.8
235050,314.7,-31.5
235060,314.5,-31.2
235070,314.4,-30.9
235080,314.2,-30.5
235090,314,-30.2
235100,313.8,-29.9
235110,313.6,-29.5
235120,313.4,-29.2
235130,313.2,-28.9
235140,313,-28.6
235150,312.8,-28.2
235160,312.6,-27.9
235170,312.3,-27.6
235180,312.1,-27.2
235190,311.9,-26.9
235200,311.7,-26.6
235210,311.4,-26.2
235220,311.2,-25.9
235230,311,-25.6
235240,310.7,-25.2
235250,310.5,-24.9
235260,310.3,-24.6
235270,310,-24.2
235280,309.7,-23.9
235290,309.5,-23.6
235300,309.2,-23.2
235310,308.9,-22.9
235320,308.7,-22.6
235330,308.4,-22.2
235340,308.1,-21.9
235350,307.8,-21.6
235360,307.5,-21.2
235370,307.2,-20.9
235380,306.9,-20.5
235390,306.6,-20.2
235400,306.3,-19.9
235410,305.9,-19.5
235420,305.6,-19.2
235430,305.3,-18.8
235440,304.9,-18.5
235450,304.6,-18.2
235460,304.2,-17.8
235470,303.8,-17.5
235480,303.4,-17.1
235490,303.1,-16.8
235500,302.7,-16.4
235510,302.2,-16.1
235520,301.8,-15.7
235530,301.4,-15.4
235540,301,-15.1
235550,300.5,-14.7
235560,300,-14.4
235570,299.6,-14
235580,299.1,-13.7
235590,298.6,-13.3
235600,298.1,-13
235610,297.5,-12.6
235620,297,-12.3
235630,296.4,-11.9
235640,295.9,-11.5
235650,295.3,-11.2
235660,294.7,-10.8
235670,294,-10.5
235680,293.4,-10.1
235690,292.7,-9.8
235700,292,-9.4
235710,291.3,-9.1
235720,290.6,-8.7
235730,289.9,-8.4
235740,289.1,-8
235750,288.3,-7.6
235760,287.5,-7.3
235770,286.6,-6.9
235780,285.8,-6.6
235790,284.9,-6.2
235800,283.9,-5.9
235810,283,-5.5
235820,282,-5.2
235830,280.9,-4.8
235840,279.9,-4.5
235850,278.8,-4.1
235860,277.7,-3.8
235870,276.5,-3.5
235880,275.3,-3.1
235890,274,-2.8
235900,272.8,-2.5
235910,271.4,-2.1
235920,270.1,-1.8
235930,268.7,-1.5
235940,267.2,-1.2
235950,265.7,-0.9
235960,264.2,-0.7
235970,262.6,-0.4
235980,261,-0.1
235990,259.4,0.1
236000,257.7,0.3
236010,256,0.6
236020,254.2,0.8
236030,252.4,0.9
236040,250.6,1.1
236050,248.7,1.3
236060,246.8,1.4
236070,244.9,1.5
236080,243,1.6
236090,241.1,1.6
236100,239.1,1.7
236110,237.2,1.7
236120,235.2,1.7
236130,233.2,1.7
236140,231.3,1.6
236150,229.4,1.6
236160,227.4,1.5
236170,225.5,1.4
236180,223.6,1.2
236190,221.8,1.1
236200,219.9,0.9
236210,218.1,0.7
236220,216.4,0.5
236230,214.6,0.3
236240,212.9,0.1
236250,211.3,-0.2
236260,209.7,-0.4
236270,208.1,-0.7
236280,206.5,-1
236290,205,-1.3
236300,203.6,-1.6
236310,202.2,-1.9
236320,200.8,-2.2
236330,199.5,-2.5
236340,198.2,-2.8
236350,196.9,-3.2
236360,195.7,-3.5
236370,194.5,-3.8
236380,193.4,-4.2
236390,192.3,-4.5
236400,191.2,-4.9
236410,190.1,-5.2
236420,189.1,-5.6
236430,188.2,-5.9
236440,187.2,-6.3
236450,186.3,-6.6
236460,185.4,-7
236470,184.5,-7.3
236480,183.7,-7.7
236490,182.9,-8.1
236500,182.1,-8.4
236510,181.3,-8.8
236520,180.6,-9.1
236530,179.9,-9.5
236540,179.2,-9.8
236550,178.5,-10.2
236560,177.8,-10.5
236570,177.2,-10.9
236580,176.6,-11.2
236590,176,-11.6
236600,175.4,-12
236610,174.8,-12.3
236620,174.2,-12.7
236630,173.7,-13
236640,173.1,-13.4
236650,172.6,-13.7
236660,172.1,-14
236670,171.6,-14.4
236680,171.1,-14.7
236690,170.6,-15.1
236700,170.2,-15.4
236710,169.7,-15.8
236720,169.3,-16.1
236730,168.8,-16.5
236740,168.4,-16.8
236750,168,-17.1
236760,167.6,-17.5
236770,167.2,-17.8
236780,166.8,-18.2
236790,166.4,-18.5
236800,166,-18.8
236810,165.7,-19.2
236820,165.3,-19.5
236830,165,-19.9
236840,164.6,-20.2
236850,164.3,-20.5
236860,163.9,-20.9
236870,163.6,-21.2
236880,163.3,-21.5
236890,162.9,-21.9
236900,162.6,-22.2
236910,162.3,-22.5
236920,162,-22.9
236930,161.7,-23.2
236940,161.4,-23.5
236950,161.1,-23.8
236960,160.8,-24.2
236970,160.5,-24.5
236980,160.2,-24.8
236990,160,-25.2
237000,159.7,-25.5
237010,159.4,-25.8
237020,159.2,-26.1
237030,158.9,-26.5
237040,158.6,-26.8
237050,158.4,-27.1
237060,158.1,-27.5
237070,157.9,-27.8
237080,157.6,-28.1
237090,157.3,-28.4
237100,157.1,-28.8
237110,156.9,-29.1
237120,156.6,-29.4
237130,156.4,-29.7
237140,156.1,-30
237150,155.9,-30.4
237160,155.7,-30.7
237170,155.4,-31
237180,155.2,-31.3
237190,155,-31.7
237200,154.7,-32
237210,154.5,-32.3
237220,154.3,-32.6
237230,154.1,-32.9
237240,153.8,-33.3
237250,153.6,-33.6
237260,153.4,-33.9
237270,153.2,-34.2
237280,153,-34.5
237290,152.7,-34.8
237300,152.5,-35.2
237310,152.3,-35.5
237320,152.1,-35.8
237330,151.9,-36.1
237340,151.7,-36.4
237350,151.4,-36.7
237360,151.2,-37.1
237370,151,-37.4
237380,150.8,-37.7
237390,150.6,-38
237400,150.4,-38.3
237410,150.2,-38.6
237420,150,-38.9
237430,149.7,-39.3
237440,149.5,-39.6
237450,149.3,-39.9
237460,149.1,-40.2
237470,148.9,-40.5
237480,148.7,-40.8
237490,148.5,-41.1
237500,148.3,-41.4
237510,148.1,-41.8
237520,147.8,-42.1
237530,147.6,-42.4
237540,147.4,-42.7
237550,147.2,-43
237560,147,-43.3
237570,146.8,-43.6
237580,146.6,-43.9
237590,146.4,-44.2
237600,146.1,-44.5
237610,145.9,-44.8
237620,145.7,-45.2
237630,145.5,-45.5
237640,145.3,-45.8
237650,145,-46.1
237660,144.8,-46.4
237670,144.6,-46.7
237680,144.4,-47
237690,144.2,-47.3
237700,143.9,-47.6
237710,143.7,-47.9
237720,143.5,-48.2
237730,143.2,-48.5
237740,143,-48.8
237750,142.8,-49.1
237760,142.5,-49.4
237770,142.3,-49.7
237780,142.1,-50
237790,141.8,-50.3
237800,141.6,-50.6
237810,141.4,-50.9
237820,141.1,-51.2
237830,140.9,-51.5
237840,140.6,-51.8
237850,140.4,-52.1
237860,140.1,-52.4
237870,139.9,-52.7
237880,139.6,-53
237890,139.3,-53.3
237900,139.1,-53.6
237910,138.8,-53.9
237920,138.5,-54.2
237930,138.3,-54.5
237940,138,-54.8
237950,137.7,-55.1
237960,137.4,-55.4
237970,137.2,-55.7
237980,136.9,-56
237990,136.6,-56.3
238000,136.3,-56.6
238010,136,-56.9
238020,135.7,-57.2
238030,135.4,-57.4
238040,135.1,-57.7
238050,134.8,-58
238060,134.5,-58.3
238070,134.2,-58.6
238080,133.8,-58.9
238090,133.5,-59.2
238100,133.2,-59.5
238110,132.8,-59.7
238120,132.5,-60
238130,132.2,-60.3
238140,131.8,-60.6
238150,131.4,-60.9
238160,131.1,-61.2
238170,130.7,-61.4
238180,130.3,-61.7
238190,130,-62
238200,129.6,-62.3
238210,129.2,-62.6
238220,128.8,-62.8
238230,128.4,-63.1
238240,128,-63.4
238250,127.6,-63.7
238260,127.2,-63.9
238270,126.7,-64.2
238280,126.3,-64.5
238290,125.8,-64.7
238300,125.4,-65
238310,124.9,-65.3
238320,124.5,-65.5
238330,124,-65.8
238340,123.5,-66.1
238350,123,-66.3
238360,122.5,-66.6
238370,122,-66.9
238380,121.4,-67.1
238390,120.9,-67.4
238400,120.4,-67.6
238410,119.8,-67.9
238420,119.2,-68.1
238430,118.7,-68.4
238440,118.1,-68.6
238450,117.5,-68.9
238460,116.9,-69.1
238470,116.2,-69.4
238480,115.6,-69.6
238490,114.9,-69.8
238500,114.3,-70.1
238510,113.6,-70.3
238520,112.9,-70.5
238530,112.2,-70.8
238540,111.4,-71
238550,110.7,-71.2
238560,109.9,-71.4
238570,109.2,-71.7
238580,108.4,-71.9
238590,107.5,-72.1
238600,106.7,-72.3
238610,105.9,-72.5
238620,105,-72.7
238630,104.1,-72.9
238640,103.2,-73.1
238650,102.3,-73.3
238660,101.4,-73.5
238670,100.4,-73.7
238680,99.4,-73.8
238690,98.4,-74
238700,97.4,-74.2
238710,96.4,-74.3
238720,95.3,-74.5
238730,94.2,-74.7
238740,93.1,-74.8
238750,92,-75
238760,90.8,-75.1
238770,89.7,-75.2
238780,88.5,-75.4
238790,87.3,-75.5
238800,86.1,-75.6
238810,84.8,-75.7
238820,83.6,-75.8
238830,82.3,-75.9
238840,81,-76
238850,79.7,-76.1
238860,78.3,-76.2
238870,77,-76.3
238880,75.6,-76.3
238890,74.3,-76.4
238900,72.9,-76.5
238910,71.5,-76.5
238920,70.1,-76.5
238930,68.7,-76.6
238940,67.3,-76.6
238950,65.9,-76.6
238960,64.5,-76.6
238970,63.1,-76.6
238980,61.6,-76.6
238990,60.2,-76.6
239000,58.8,-76.6
239010,57.4,-76.6
239020,56,-76.5
239030,54.6,-76.5
239040,53.2,-76.5
239050,51.8,-76.4
239060,50.5,-76.3
239070,49.1,-76.3
239080,47.8,-76.2
239090,46.4,-76.1
239100,45.1,-76
239110,43.8,-75.9
239120,42.5,-75.8
239130,41.3,-75.7
239140,40,-75.6
239150,38.8,-75.5
239160,37.6,-75.4
239170,36.4,-75.2
239180,35.3,-75.1
239190,34.1,-75
239200,33,-74.8
239210,31.9,-74.7
239220,30.8,-74.5
239230,29.7,-74.3
239240,28.7,-74.2
239250,27.7,-74
239260,26.6,-73.8
239270,25.7,-73.7
239280,24.7,-73.5
239290,23.7,-73.3
239300,22.8,-73.1
239310,21.9,-72.9
239320,21,-72.7
239330,20.1,-72.5
239340,19.3,-72.3
239350,18.4,-72.1
239360,17.6,-71.9
239370,16.8,-71.7
239380,16,-71.5
239390,15.3,-71.2
239400,14.5,-71
239410,13.8,-70.8
239420,13,-70.6
239430,12.3,-70.3
239440,11.6,-70.1
239450,10.9,-69.9
239460,10.3,-69.6
239470,9.6,-69.4
239480,9,-69.2
239490,8.3,-68.9
239500,7.7,-68.7
239510,7.1,-68.4
239520,6.5,-68.2
239530,5.9,-68
239540,5.3,-67.7
239550,4.8,-67.5
239560,4.2,-67.2
239570,3.7,-67
239580,3.1,-66.7
239590,2.6,-66.4
239600,2.1,-66.2
239610,1.6,-65.9
239620,1.1,-65.7
239630,0.6,-65.4
239640,0.1,-65.1
239650,359.6,-64.9
239660,359.1,-64.6
239670,358.7,-64.4
239680,358.2,-64.1
239690,357.8,-63.8
239700,357.3,-63.6
239710,356.9,-63.3
239720,356.4,-63
239730,356,-62.7
239740,355.6,-62.5
239750,355.2,-62.2
239760,354.8,-61.9
239770,354.4,-61.7
239780,354,-61.4
239790,353.6,-61.1
239800,353.2,-60.8
239810,352.8,-60.6
239820,352.4,-60.3
239830,352.1,-60
239840,351.7,-59.7
239850,351.3,-59.4
239860,350.9,-59.2
239870,350.6,-58.9
239880,350.2,-58.6
239890,349.9,-58.3
239900,349.5,-58
239910,349.2,-57.8
239920,348.8,-57.5
239930,348.5,-57.2
239940,348.2,-56.9
239950,347.8,-56.6
239960,347.5,-56.3
239970,347.2,-56.1
239980,346.8,-55.8
239990,346.5,-55.5
240000,346.2,-55.2
240010,345.9,-54.9
240020,345.6,-54.6
240030,345.2,-54.4
240040,344.9,-54.1
240050,344.6,-53.8
240060,344.3,-53.5
240070,344,-53.2
240080,343.7,-52.9
240090,343.4,-52.6
240100,343.1,-52.3
240110,342.8,-52.1
240120,342.5,-51.8
240130,342.2,-51.5
240140,341.9,-51.2
240150,341.6,-50.9
240160,341.3,-50.6
240170,341,-50.3
240180,340.7,-50
240190,340.4,-49.7
240200,340.1,-49.5
240210,339.9,-49.2
240220,339.6,-48.9
240230,339.3,-48.6
240240,339,-48.3
240250,338.7,-48
240260,338.4,-47.7
240270,338.1,-47.4
240280,337.8,-47.1
240290,337.6,-46.8
240300,337.3,-46.5
240310,337,-46.3
240320,336.7,-46
240330,336.4,-45.7
240340,336.1,-45.4
240350,335.8,-45.1
240360,335.6,-44.8
240370,335.3,-44.5
240380,335,-44.2
240390,334.7,-43.9
240400,334.4,-43.6
240410,334.1,-43.3
240420,333.8,-43
240430,333.5,-42.8
240440,333.3,-42.5
240450,333,-42.2
240460,332.7,-41.9
240470,332.4,-41.6
240480,332.1,-41.3
240490,331.8,-41
240500,331.5,-40.7
240510,331.2,-40.4
240520,330.9,-40.1
240530,330.6,-39.8
240540,330.3,-39.5
240550,330,-39.3
240560,329.7,-39
240570,329.4,-38.7
240580,329.1,-38.4
240590,328.8,-38.1
240600,328.5,-37.8
240610,328.2,-37.5
240620,327.9,-37.2
240630,327.6,-36.9
240640,327.3,-36.6
240650,326.9,-36.3
240660,326.6,-36.1
240670,326.3,-35.8
240680,326,-35.5
240690,325.7,-35.2
240700,325.3,-34.9
240710,325,-34.6
240720,324.7,-34.3
240730,324.3,-34
240740,324,-33.7
240750,323.7,-33.4
240760,323.3,-33.2
240770,323,-32.9
240780,322.6,-32.6
240790,322.3,-32.3
240800,321.9,-32
240810,321.6,-31.7
240820,321.2,-31.4
240830,320.9,-31.1
240840,320.5,-30.9
240850,320.1,-30.6
240860,319.8,-30.3
240870,319.4,-30
240880,319,-29.7
240890,318.6,-29.4
240900,318.3,-29.1
240910,317.9,-28.9
240920,317.5,-28.6
240930,317.1,-28.3
240940,316.7,-28
240950,316.3,-27.7
240960,315.8,-27.4
240970,315.4,-27.2
240980,315,-26.9
240990,314.6,-26.6
241000,314.1,-26.3
241010,313.7,-26
241020,313.3,-25.8
241030,312.8,-25.5
241040,312.4,-25.2
241050,311.9,-24.9
241060,311.4,-24.7
241070,311,-24.4
241080,310.5,-24.1
241090,310,-23.8
241100,309.5,-23.6
241110,309,-23.3
241120,308.5,-23
241130,308,-22.8
241140,307.5,-22.5
241150,307,-22.2
241160,306.5,-21.9
241170,305.9,-21.7
241180,305.4,-21.4
241190,304.8,-21.2
241200,304.3,-20.9
241210,303.7,-20.6
241220,303.1,-20.4
241230,302.5,-20.1
241240,301.9,-19.9
241250,301.3,-19.6
241260,300.7,-19.3
241270,300.1,-19.1
241280,299.5,-18.8
241290,298.8,-18.6
241300,298.2,-18.3
241310,297.5,-18.1
241320,296.8,-17.9
241330,296.2,-17.6
241340,295.5,-17.4
241350,294.8,-17.1
241360,294,-16.9
241370,293.3,-16.7
241380,292.6,-16.4
241390,291.8,-16.2
241400,291.1,-16
241410,290.3,-15.8
241420,289.5,-15.5
241430,288.8,-15.3
241440,287.9,-15.1
241450,287.1,-14.9
241460,286.3,-14.7
241470,285.5,-14.5
241480,284.6,-14.3
241490,283.8,-14.1
241500,282.9,-13.9
241510,282,-13.7
241520,281.1,-13.5
241530,280.2,-13.4
241540,279.3,-13.2
241550,278.3,-13
241560,277.4,-12.8
241570,276.4,-12.7
241580,275.5,-12.5
241590,274.5,-12.4
241600,273.5,-12.2
241610,272.5,-12.1
241620,271.5,-11.9
241630,270.5,-11.8
241640,269.4,-11.7
241650,268.4,-11.6
241660,267.3,-11.5
241670,266.3,-11.4
241680,265.2,-11.3
241690,264.1,-11.2
241700,263,-11.1
241710,261.9,-11
241720,260.8,-10.9
241730,259.7,-10.9
241740,258.6,-10.8
241750,257.5,-10.8
241760,256.4,-10.7
241770,255.3,-10.7
241780,254.1,-10.7
241790,253,-10.6
241800,251.9,-10.6
241810,250.7,-10.6
241820,249.6,-10.6
241830,248.5,-10.6
241840,247.3,-10.6
241850,246.2,-10.7
241860,245.1,-10.7
241870,243.9,-10.7
241880,242.8,-10.8
241890,241.7,-10.8
241900,240.6,-10.9
241910,239.5,-10.9
241920,238.4,-11
241930,237.3,-11.1
241940,236.2,-11.2
241950,235.1,-11.3
241960,234,-11.4
241970,233,-11.5
241980,231.9,-11.6
241990,230.9,-11.7
242000,229.8,-11.8
242010,228.8,-12
242020,227.8,-12.1
242030,226.8,-12.2
242040,225.8,-12.4
242050,224.8,-12.5
242060,223.8,-12.7
242070,222.8,-12.8
242080,221.9,-13
242090,220.9,-13.2
242100,220,-13.3
242110,219.1,-13.5
242120,218.2,-13.7
242130,217.3,-13.9
242140,216.4,-14.1
242150,215.5,-14.3
242160,214.6,-14.5
242170,213.8,-14.7
242180,212.9,-14.9
242190,212.1,-15.1
242200,211.3,-15.3
242210,210.5,-15.5
242220,209.7,-15.7
242230,208.9,-15.9
242240,208.1,-16.2
242250,207.4,-16.4
242260,206.6,-16.6
242270,205.9,-16.8
242280,205.1,-17.1
242290,204.4,-17.3
242300,203.7,-17.5
242310,203,-17.8
242320,202.3,-18
242330,201.6,-18.3
242340,201,-18.5
242350,200.3,-18.7
242360,199.6,-19
242370,199,-19.2
242380,198.4,-19.5
242390,197.7,-19.7
242400,197.1,-20
242410,196.5,-20.2
242420,195.9,-20.5
242430,195.3,-20.7
242440,194.7,-21
242450,194.1,-21.3
242460,193.6,-21.5
242470,193,-21.8
242480,192.4,-22
242490,191.9,-22.3
242500,191.3,-22.5
242510,190.8,-22.8
242520,190.3,-23.1
242530,189.7,-23.3
242540,189.2,-23.6
242550,188.7,-23.9
242560,188.2,-24.1
242570,187.7,-24.4
242580,187.2,-24.7
242590,186.7,-24.9
242600,186.2,-25.2
242610,185.7,-25.5
242620,185.2,-25.7
242630,184.8,-26
242640,184.3,-26.3
242650,183.8,-26.5
242660,183.4,-26.8
242670,182.9,-27.1
242680,182.5,-27.4
242690,182,-27.6
242700,181.6,-27.9
242710,181.1,-28.2
242720,180.7,-28.4
242730,180.3,-28.7
242740,179.9,-29
242750,179.4,-29.3
242760,179,-29.5
242770,178.6,-29.8
242780,178.2,-30.1
242790,177.8,-30.4
242800,177.3,-30.6
242810,176.9,-30.9
242820,176.5,-31.2
242830,176.1,-31.4
242840,175.7,-31.7
242850,175.3,-32
242860,174.9,-32.3
242870,174.5,-32.5
242880,174.2,-32.8
242890,173.8,-33.1
242900,173.4,-33.4
242910,173,-33.6
242920,172.6,-33.9
242930,172.2,-34.2
242940,171.9,-34.5
242950,171.5,-34.7
242960,171.1,-35
242970,170.7,-35.3
242980,170.4,-35.6
242990,170,-35.8
243000,169.6,-36.1
243010,169.2,-36.4
243020,168.9,-36.7
243030,168.5,-36.9
243040,168.1,-37.2
243050,167.8,-37.5
243060,167.4,-37.7
243070,167,-38
243080,166.7,-38.3
243090,166.3,-38.6
243100,166,-38.8
243110,165.6,-39.1
243120,165.2,-39.4
243130,164.9,-39.6
243140,164.5,-39.9
243150,164.2,-40.2
243160,163.8,-40.5
243170,163.4,-40.7
243180,163.1,-41
243190,162.7,-41.3
243200,162.4,-41.5
243210,162,-41.8
243220,161.6,-42.1
243230,161.3,-42.3
243240,160.9,-42.6
243250,160.5,-42.9
243260,160.2,-43.2
243270,159.8,-43.4
243280,159.5,-43.7
243290,159.1,-44
243300,158.7,-44.2
243310,158.4,-44.5
243320,158,-44.8
243330,157.6,-45
243340,157.3,-45.3
243350,156.9,-45.5
243360,156.5,-45.8
243370,156.2,-46.1
243380,155.8,-46.3
243390,155.4,-46.6
243400,155,-46.9
243410,154.7,-47.1
243420,154.3,-47.4
243430,153.9,-47.6
243440,153.5,-47.9
243450,153.2,-48.2
243460,152.8,-48.4
243470,152.4,-48.7
243480,152,-48.9
243490,151.6,-49.2
243500,151.2,-49.5
243510,150.8,-49.7
243520,150.4,-50
243530,150,-50.2
243540,149.6,-50.5
243550,149.2,-50.7
243560,148.8,-51
243570,148.4,-51.2
243580,148,-51.5
243590,147.6,-51.7
243600,147.2,-52
243610,146.8,-52.2
243620,146.4,-52.5
243630,146,-52.7
243640,145.5,-53
243650,145.1,-53.2
243660,144.7,-53.5
243670,144.2,-53.7
243680,143.8,-54
243690,143.4,-54.2
243700,142.9,-54.4
243710,142.5,-54.7
243720,142,-54.9
243730,141.6,-55.2
243740,141.1,-55.4
243750,140.7,-55.6
243760,140.2,-55.9
243770,139.7,-56.1
243780,139.3,-56.3
243790,138.8,-56.6
243800,138.3,-56.8
243810,137.8,-57
243820,137.3,-57.3
243830,136.9,-57.5
243840,136.4,-57.7
243850,135.9,-57.9
243860,135.4,-58.2
243870,134.8,-58.4
243880,134.3,-58.6
243890,133.8,-58.8
243900,133.3,-59
243910,132.8,-59.3
243920,132.2,-59.5
243930,131.7,-59.7
243940,131.1,-59.9
243950,130.6,-60.1
243960,130,-60.3
243970,129.5,-60.5
243980,128.9,-60.7
243990,128.3,-60.9
244000,127.7,-61.2
244010,127.2,-61.4
244020,126.6,-61.6
244030,126,-61.7
244040,125.4,-61.9
244050,124.8,-62.1
244060,124.1,-62.3
244070,123.5,-62.5
244080,122.9,-62.7
244090,122.3,-62.9
244100,121.6,-63.1
244110,121,-63.3
244120,120.3,-63.4
244130,119.6,-63.6
244140,119,-63.8
244150,118.3,-64
244160,117.6,-64.1
244170,116.9,-64.3
244180,116.2,-64.5
244190,115.5,-64.6
244200,114.8,-64.8
244210,114.1,-65
244220,113.4,-65.1
244230,112.6,-65.3
244240,111.9,-65.4
244250,111.1,-65.6
244260,110.4,-65.7
244270,109.6,-65.8
244280,108.9,-66
244290,108.1,-66.1
244300,107.3,-66.2
244310,106.5,-66.4
244320,105.7,-66.5
244330,104.9,-66.6
244340,104.1,-66.7
244350,103.3,-66.9
244360,102.5,-67
244370,101.6,-67.1
244380,100.8,-67.2
244390,100,-67.3
244400,99.1,-67.4
244410,98.2,-67.5
244420,97.4,-67.6
244430,96.5,-67.7
244440,95.6,-67.8
244450,94.8,-67.8
244460,93.9,-67.9
244470,93,-68
244480,92.1,-68.1
244490,91.2,-68.1
244500,90.3,-68.2
244510,89.4,-68.2
244520,88.5,-68.3
244530,87.6,-68.3
244540,86.6,-68.4
244550,85.7,-68.4
244560,84.8,-68.5
244570,83.9,-68.5
244580,82.9,-68.5
244590,82,-68.6
244600,81.1,-68.6
244610,80.1,-68.6
244620,79.2,-68.6
244630,78.3,-68.6
244640,77.3,-68.6
244650,76.4,-68.6
244660,75.5,-68.6
244670,74.5,-68.6
244680,73.6,-68.6
244690,72.7,-68.6
244700,71.7,-68.6
244710,70.8,-68.5
244720,69.9,-68.5
244730,68.9,-68.5
244740,68,-68.4
244750,67.1,-68.4
244760,66.2,-68.3
244770,65.2,-68.3
244780,64.3,-68.2
244790,63.4,-68.2
244800,62.5,-68.1
244810,61.6,-68.1
244820,60.7,-68
244830,59.8,-67.9
244840,58.9,-67.9
244850,58.1,-67.8
244860,57.2,-67.7
244870,56.3,-67.6
244880,55.5,-67.5
244890,54.6,-67.4
244900,53.7,-67.3
244910,52.9,-67.2
244920,52,-67.1
244930,51.2,-67
244940,50.4,-66.9
244950,49.6,-66.8
244960,48.7,-66.7
244970,47.9,-66.6
244980,47.1,-66.4
244990,46.3,-66.3
245000,45.5,-66.2
245010,44.8,-66
245020,44,-65.9
245030,43.2,-65.8
245040,42.4,-65.6
245050,41.7,-65.5
245060,40.9,-65.4
245070,40.2,-65.2
245080,39.5,-65.1
245090,38.7,-64.9
245100,38,-64.7
245110,37.3,-64.6
245120,36.6,-64.4
245130,35.9,-64.3
245140,35.2,-64.1
245150,34.5,-63.9
245160,33.8,-63.8
245170,33.1,-63.6
245180,32.4,-63.4
245190,31.8,-63.3
245200,31.1,-63.1
245210,30.5,-62.9
245220,29.8,-62.7
245230,29.2,-62.5
245240,28.5,-62.4
245250,27.9,-62.2
245260,27.3,-62
245270,26.7,-61.8
245280,26.1,-61.6
245290,25.5,-61.4
245300,24.8,-61.2
245310,24.3,-61
245320,23.7,-60.8
245330,23.1,-60.6
245340,22.5,-60.4
245350,21.9,-60.2
245360,21.3,-60
245370,20.8,-59.8
245380,20.2,-59.6
245390,19.7,-59.4
245400,19.1,-59.2
245410,18.6,-59
245420,18,-58.8
245430,17.5,-58.6
245440,16.9,-58.4
245450,16.4,-58.1
245460,15.9,-57.9
245470,15.3,-57.7
245480,14.8,-57.5
245490,14.3,-57.3
245500,13.8,-57.1
245510,13.3,-56.8
245520,12.8,-56.6
245530,12.3,-56.4
245540,11.8,-56.2
245550,11.3,-56
245560,10.8,-55.7
245570,10.3,-55.5
245580,9.8,-55.3
245590,9.3,-55.1
245600,8.8,-54.8
245610,8.4,-54.6
245620,7.9,-54.4
245630,7.4,-54.2
245640,6.9,-53.9
245650,6.5,-53.7
245660,6,-53.5
245670,5.5,-53.3
245680,5.1,-53
245690,4.6,-52.8
245700,4.2,-52.6
245710,3.7,-52.3
245720,3.2,-52.1
245730,2.8,-51.9
245740,2.3,-51.6
245750,1.9,-51.4
245760,1.4,-51.2
245770,1,-50.9
245780,0.6,-50.7
245790,0.1,-50.5
245800,359.7,-50.2
245810,359.2,-50
245820,358.8,-49.8
245830,358.3,-49.5
245840,357.9,-49.3
245850,357.5,-49
245860,357,-48.8
245870,356.6,-48.6
245880,356.2,-48.3
245890,355.7,-48.1
245900,355.3,-47.9
245910,354.9,-47.6
245920,354.4,-47.4
245930,354,-47.2
245940,353.6,-46.9
245950,353.2,-46.7
245960,352.7,-46.4
245970,352.3,-46.2
245980,351.9,-46
245990,351.4,-45.7
246000,351,-45.5
246010,350.6,-45.2
246020,350.2,-45
246030,349.7,-44.8
246040,349.3,-44.5
246050,348.9,-44.3
246060,348.5,-44.1
246070,348,-43.8
246080,347.6,-43.6
246090,347.2,-43.3
246100,346.7,-43.1
246110,346.3,-42.9
246120,345.9,-42.6
246130,345.4,-42.4
246140,345,-42.2
246150,344.6,-41.9
246160,344.2,-41.7
246170,343.7,-41.5
246180,343.3,-41.2
246190,342.8,-41
246200,342.4,-40.7
246210,342,-40.5
246220,341.5,-40.3
246230,341.1,-40
246240,340.7,-39.8
246250,340.2,-39.6
246260,339.8,-39.3
246270,339.3,-39.1
246280,338.9,-38.9
246290,338.4,-38.6
246300,338,-38.4
246310,337.5,-38.2
246320,337.1,-37.9
246330,336.6,-37.7
246340,336.2,-37.5
246350,335.7,-37.2
246360,335.3,-37
246370,334.8,-36.8
246380,334.3,-36.6
246390,333.9,-36.3
246400,333.4,-36.1
246410,332.9,-35.9
246420,332.5,-35.7
246430,332,-35.4
246440,331.5,-35.2
246450,331,-35
246460,330.6,-34.8
246470,330.1,-34.5
246480,329.6,-34.3
246490,329.1,-34.1
246500,328.6,-33.9
246510,328.1,-33.7
246520,327.6,-33.4
246530,327.1,-33.2
246540,326.6,-33
246550,326.1,-32.8
246560,325.6,-32.6
246570,325.1,-32.3
246580,324.6,-32.1
246590,324.1,-31.9
246600,323.6,-31.7
246610,323,-31.5
246620,322.5,-31.3
246630,322,-31.1
246640,321.5,-30.9
246650,320.9,-30.7
246660,320.4,-30.5
246670,319.8,-30.3
246680,319.3,-30.1
246690,318.7,-29.9
246700,318.2,-29.7
246710,317.6,-29.5
246720,317.1,-29.3
246730,316.5,-29.1
246740,315.9,-28.9
246750,315.4,-28.7
246760,314.8,-28.5
246770,314.2,-28.3
246780,313.6,-28.1
246790,313,-27.9
246800,312.4,-27.7
246810,311.8,-27.5
246820,311.2,-27.4
246830,310.6,-27.2
246840,310,-27
246850,309.4,-26.8
246860,308.8,-26.6
246870,308.2,-26.5
246880,307.5,-26.3
246890,306.9,-26.1
246900,306.3,-26
246910,305.6,-25.8
246920,305,-25.6
246930,304.3,-25.5
246940,303.7,-25.3
246950,303,-25.1
246960,302.4,-25
246970,301.7,-24.8
246980,301,-24.7
246990,300.4,-24.5
247000,299.7,-24.4
247010,299,-24.2
247020,298.3,-24.1
247030,297.6,-23.9
247040,296.9,-23.8
247050,296.2,-23.7
247060,295.5,-23.5
247070,294.8,-23.4
247080,294.1,-23.3
247090,293.3,-23.2
247100,292.6,-23
247110,291.9,-22.9
247120,291.1,-22.8
247130,290.4,-22.7
247140,289.7,-22.6
247150,288.9,-22.5
247160,288.2,-22.4
247170,287.4,-22.3
247180,286.7,-22.2
247190,285.9,-22.1
247200,285.1,-22
247210,284.4,-21.9
247220,283.6,-21.8
247230,282.8,-21.7
247240,282,-21.6
247250,281.3,-21.6
247260,280.5,-21.5
247270,279.7,-21.4
247280,278.9,-21.3
247290,278.1,-21.3
247300,277.3,-21.2
247310,276.5,-21.2
247320,275.7,-21.1
247330,274.9,-21.1
247340,274.1,-21
247350,273.3,-21
247360,272.5,-20.9
247370,271.7,-20.9
247380,270.8,-20.9
247390,270,-20.8
247400,269.2,-20.8
247410,268.4,-20.8
247420,267.6,-20.8
247430,266.8,-20.8
247440,266,-20.8
247450,265.1,-20.8
247460,264.3,-20.8
247470,263.5,-20.8
247480,262.7,-20.8
247490,261.9,-20.8
247500,261,-20.8
247510,260.2,-20.8
247520,259.4,-20.8
247530,258.6,-20.8
247540,257.8,-20.9
247550,257,-20.9
247560,256.1,-20.9
247570,255.3,-21
247580,254.5,-21
247590,253.7,-21.1
247600,252.9,-21.1
247610,252.1,-21.1
247620,251.3,-21.2
247630,250.5,-21.3
247640,249.7,-21.3
247650,248.9,-21.4
247660,248.1,-21.5
247670,247.3,-21.5
247680,246.5,-21.6
247690,245.8,-21.7
247700,245,-21.8
247710,244.2,-21.8
247720,243.4,-21.9
247730,242.6,-22
247740,241.9,-22.1
247750,241.1,-22.2
247760,240.3,-22.3
247770,239.6,-22.4
247780,238.8,-22.5
247790,238.1,-22.6
247800,237.3,-22.7
247810,236.6,-22.8
247820,235.9,-22.9
247830,235.1,-23.1
247840,234.4,-23.2
247850,233.7,-23.3
247860,232.9,-23.4
247870,232.2,-23.6
247880,231.5,-23.7
247890,230.8,-23.8
247900,230.1,-23.9
247910,229.4,-24.1
247920,228.7,-24.2
247930,228,-24.4
247940,227.3,-24.5
247950,226.6,-24.6
247960,225.9,-24.8
247970,225.2,-24.9
247980,224.6,-25.1
247990,223.9,-25.2
248000,223.2,-25.4
248010,222.6,-25.6
248020,221.9,-25.7
248030,221.2,-25.9
248040,220.6,-26
248050,219.9,-26.2
248060,219.3,-26.4
248070,218.7,-26.5
248080,218,-26.7
248090,217.4,-26.9
248100,216.8,-27
248110,216.1,-27.2
248120,215.5,-27.4
248130,214.9,-27.5
248140,214.3,-27.7
248150,213.7,-27.9
248160,213.1,-28.1
248170,212.5,-28.3
248180,211.9,-28.4
248190,211.3,-28.6
248200,210.7,-28.8
248210,210.1,-29
248220,209.5,-29.2
248230,208.9,-29.4
248240,208.3,-29.5
248250,207.8,-29.7
248260,207.2,-29.9
248270,206.6,-30.1
248280,206,-30.3
248290,205.5,-30.5
248300,204.9,-30.7
248310,204.4,-30.9
248320,203.8,-31.1
248330,203.2,-31.3
248340,202.7,-31.5
248350,202.1,-31.7
248360,201.6,-31.8
248370,201.1,-32
248380,200.5,-32.2
248390,200,-32.4
248400,199.4,-32.6
248410,198.9,-32.8
248420,198.4,-33
248430,197.8,-33.2
248440,197.3,-33.4
248450,196.8,-33.6
248460,196.3,-33.8
248470,195.7,-34
248480,195.2,-34.2
248490,194.7,-34.4
248500,194.2,-34.6
248510,193.7,-34.9
248520,193.1,-35.1
248530,192.6,-35.3
248540,192.1,-35.5
248550,191.6,-35.7
248560,191.1,-35.9
248570,190.6,-36.1
248580,190.1,-36.3
248590,189.6,-36.5
248600,189.1,-36.7
248610,188.6,-36.9
248620,188.1,-37.1
248630,187.6,-37.3
248640,187.1,-37.5
248650,186.6,-37.7
248660,186.1,-37.9
248670,185.6,-38.1
248680,185.1,-38.3
248690,184.6,-38.5
248700,184.1,-38.8
248710,183.6,-39
248720,183.1,-39.2
248730,182.6,-39.4
248740,182.1,-39.6
248750,181.6,-39.8
248760,181.2,-40
248770,180.7,-40.2
248780,180.2,-40.4
248790,179.7,-40.6
248800,179.2,-40.8
248810,178.7,-41
248820,178.2,-41.2
248830,177.7,-41.4
248840,177.2,-41.6
248850,176.7,-41.8
248860,176.3,-42
248870,175.8,-42.2
248880,175.3,-42.4
248890,174.8,-42.6
248900,174.3,-42.8
248910,173.8,-43
248920,173.3,-43.2
248930,172.8,-43.4
248940,172.3,-43.6
248950,171.8,-43.8
248960,171.4,-44
248970,170.9,-44.2
248980,170.4,-44.4
248990,169.9,-44.6
249000,169.4,-44.8
249010,168.9,-45
249020,168.4,-45.2
249030,167.9,-45.4
249040,167.4,-45.6
249050,166.9,-45.8
249060,166.4,-46
249070,165.9,-46.2
249080,165.4,-46.4
249090,164.9,-46.6
249100,164.4,-46.8
249110,163.9,-47
249120,163.4,-47.2
249130,162.9,-47.4
249140,162.3,-47.6
249150,161.8,-47.8
249160,161.3,-47.9
249170,160.8,-48.1
249180,160.3,-48.3
249190,159.8,-48.5
249200,159.3,-48.7
249210,158.7,-48.9
249220,158.2,-49.1
249230,157.7,-49.2
249240,157.2,-49.4
249250,156.6,-49.6
249260,156.1,-49.8
249270,155.6,-50
249280,155.1,-50.1
249290,154.5,-50.3
249300,154,-50.5
249310,153.5,-50.7
249320,152.9,-50.8
249330,152.4,-51
249340,151.8,-51.2
249350,151.3,-51.4
249360,150.7,-51.5
249370,150.2,-51.7
249380,149.6,-51.9
249390,149.1,-52
249400,148.5,-52.2
249410,148,-52.4
249420,147.4,-52.5
249430,146.8,-52.7
249440,146.3,-52.9
249450,145.7,-53
249460,145.1,-53.2
249470,144.6,-53.3
249480,144,-53.5
249490,143.4,-53.6
249500,142.8,-53.8
249510,142.3,-53.9
249520,141.7,-54.1
249530,141.1,-54.2
249540,140.5,-54.4
249550,139.9,-54.5
249560,139.3,-54.7
249570,138.7,-54.8
249580,138.1,-55
249590,137.5,-55.1
249600,136.9,-55.3
249610,136.3,-55.4
249620,135.7,-55.5
249630,135.1,-55.7
249640,134.4,-55.8
249650,133.8,-55.9
249660,133.2,-56.1
249670,132.6,-56.2
249680,131.9,-56.3
249690,131.3,-56.4
249700,130.7,-56.6
249710,130,-56.7
249720,129.4,-56.8
249730,128.8,-56.9
249740,128.1,-57
249750,127.5,-57.1
249760,126.8,-57.2
249770,126.2,-57.4
249780,125.5,-57.5
249790,124.9,-57.6
249800,124.2,-57.7
249810,123.5,-57.8
249820,122.9,-57.9
249830,122.2,-58
249840,121.5,-58.1
249850,120.9,-58.2
249860,120.2,-58.3
249870,119.5,-58.3
249880,118.8,-58.4
249890,118.1,-58.5
249900,117.4,-58.6
249910,116.8,-58.7
249920,116.1,-58.8
249930,115.4,-58.8
249940,114.7,-58.9
249950,114,-59
249960,113.3,-59.1
249970,112.6,-59.1
249980,111.9,-59.2
249990,111.2,-59.3
250000,110.5,-59.3
250010,109.8,-59.4
250020,109.1,-59.4
250030,108.3,-59.5
250040,107.6,-59.5
250050,106.9,-59.6
250060,106.2,-59.6
250070,105.5,-59.7
250080,104.8,-59.7
250090,104,-59.8
250100,103.3,-59.8
250110,102.6,-59.8
250120,101.9,-59.9
250130,101.1,-59.9
250140,100.4,-59.9
250150,99.7,-60
250160,99,-60
250170,98.2,-60
250180,97.5,-60
250190,96.8,-60
250200,96,-60.1
250210,95.3,-60.1
250220,94.6,-60.1
250230,93.8,-60.1
250240,93.1,-60.1
250250,92.4,-60.1
250260,91.6,-60.1
250270,90.9,-60.1
250280,90.2,-60.1
250290,89.5,-60.1
250300,88.7,-60.1
250310,88,-60.1
250320,87.3,-60
250330,86.5,-60
250340,85.8,-60
250350,85.1,-60
250360,84.3,-60
250370,83.6,-59.9
250380,82.9,-59.9
250390,82.2,-59.9
250400,81.4,-59.8
250410,80.7,-59.8
250420,80,-59.8
250430,79.3,-59.7
250440,78.5,-59.7
250450,77.8,-59.6
250460,77.1,-59.6
250470,76.4,-59.5
250480,75.7,-59.5
250490,75,-59.4
250500,74.3,-59.4
250510,73.5,-59.3
250520,72.8,-59.3
250530,72.1,-59.2
250540,71.4,-59.1
250550,70.7,-59.1
250560,70,-59
250570,69.3,-58.9
250580,68.6,-58.9
250590,67.9,-58.8
250600,67.2,-58.7
250610,66.5,-58.6
250620,65.8,-58.6
250630,65.2,-58.5
250640,64.5,-58.4
250650,63.8,-58.3
250660,63.1,-58.2
250670,62.4,-58.1
250680,61.8,-58
250690,61.1,-58
250700,60.4,-57.9
250710,59.7,-57.8
250720,59.1,-57.7
250730,58.4,-57.6
250740,57.7,-57.5
250750,57.1,-57.4
250760,56.4,-57.3
250770,55.8,-57.2
250780,55.1,-57
250790,54.5,-56.9
250800,53.8,-56.8
250810,53.2,-56.7
250820,52.5,-56.6
250830,51.9,-56.5
250840,51.2,-56.4
250850,50.6,-56.3
250860,50,-56.1
250870,49.3,-56
250880,48.7,-55.9
250890,48.1,-55.8
250900,47.5,-55.6
250910,46.8,-55.5
250920,46.2,-55.4
250930,45.6,-55.3
250940,45,-55.1
250950,44.4,-55
250960,43.7,-54.9
250970,43.1,-54.7
250980,42.5,-54.6
250990,41.9,-54.5
251000,41.3,-54.3
251010,40.7,-54.2
251020,40.1,-54.1
251030,39.5,-53.9
251040,38.9,-53.8
251050,38.3,-53.6
251060,37.7,-53.5
251070,37.1,-53.4
251080,36.6,-53.2
251090,36,-53.1
251100,35.4,-52.9
251110,34.8,-52.8
251120,34.2,-52.6
251130,33.6,-52.5
251140,33.1,-52.3
251150,32.5,-52.2
251160,31.9,-52
251170,31.3,-51.9
251180,30.8,-51.7
251190,30.2,-51.6
251200,29.6,-51.4
251210,29.1,-51.3
251220,28.5,-51.1
251230,27.9,-51
251240,27.4,-50.8
251250,26.8,-50.7
251260,26.2,-50.5
251270,25.7,-50.3
251280,25.1,-50.2
251290,24.6,-50
251300,24,-49.9
251310,23.4,-49.7
251320,22.9,-49.6
251330,22.3,-49.4
251340,21.8,-49.2
251350,21.2,-49.1
251360,20.7,-48.9
251370,20.1,-48.8
251380,19.6,-48.6
251390,19,-48.4
251400,18.5,-48.3
251410,18,-48.1
251420,17.4,-48
251430,16.9,-47.8
251440,16.3,-47.6
251450,15.8,-47.5
251460,15.2,-47.3
251470,14.7,-47.1
251480,14.2,-47
251490,13.6,-46.8
251500,13.1,-46.6
251510,12.5,-46.5
251520,12,-46.3
251530,11.5,-46.2
251540,10.9,-46
251550,10.4,-45.8
251560,9.8,-45.7
251570,9.3,-45.5
251580,8.8,-45.3
251590,8.2,-45.2
251600,7.7,-45
251610,7.1,-44.8
251620,6.6,-44.7
251630,6.1,-44.5
251640,5.5,-44.4
251650,5,-44.2
251660,4.5,-44
251670,3.9,-43.9
251680,3.4,-43.7
251690,2.8,-43.5
251700,2.3,-43.4
251710,1.8,-43.2
251720,1.2,-43.1
251730,0.7,-42.9
251740,0.1,-42.7
251750,359.6,-42.6
251760,359.1,-42.4
251770,358.5,-42.2
251780,358,-42.1
251790,357.4,-41.9
251800,356.9,-41.8
251810,356.4,-41.6
251820,355.8,-41.5
251830,355.3,-41.3
251840,354.7,-41.1
251850,354.2,-41
251860,353.6,-40.8
251870,353.1,-40.7
251880,352.5,-40.5
251890,352,-40.4
251900,351.4,-40.2
251910,350.9,-40
251920,350.3,-39.9
251930,349.8,-39.7
251940,349.2,-39.6
251950,348.7,-39.4
251960,348.1,-39.3
251970,347.6,-39.1
251980,347,-39
251990,346.4,-38.8
252000,345.9,-38.7
252010,345.3,-38.5
252020,344.8,-38.4
252030,344.2,-38.2
252040,343.6,-38.1
252050,343.1,-38
252060,342.5,-37.8
252070,341.9,-37.7
252080,341.4,-37.5
252090,340.8,-37.4
252100,340.2,-37.2
252110,339.6,-37.1
252120,339.1,-37
252130,338.5,-36.8
252140,337.9,-36.7
252150,337.3,-36.6
252160,336.8,-36.4
252170,336.2,-36.3
252180,335.6,-36.2
252190,335,-36
252200,334.4,-35.9
252210,333.8,-35.8
252220,333.2,-35.6
252230,332.7,-35.5
252240,332.1,-35.4
252250,331.5,-35.3
252260,330.9,-35.1
252270,330.3,-35
252280,329.7,-34.9
252290,329.1,-34.8
252300,328.5,-34.6
252310,327.9,-34.5
252320,327.3,-34.4
252330,326.7,-34.3
252340,326.1,-34.2
252350,325.4,-34.1
252360,324.8,-34
252370,324.2,-33.8
252380,323.6,-33.7
252390,323,-33.6
252400,322.4,-33.5
252410,321.8,-33.4
252420,321.1,-33.3
252430,320.5,-33.2
252440,319.9,-33.1
252450,319.3,-33
252460,318.6,-32.9
252470,318,-32.8
252480,317.4,-32.7
252490,316.7,-32.6
252500,316.1,-32.5
252510,315.5,-32.4
252520,314.8,-32.3
252530,314.2,-32.3
252540,313.6,-32.2
252550,312.9,-32.1
252560,312.3,-32
252570,311.6,-31.9
252580,311,-31.8
252590,310.3,-31.8
252600,309.7,-31.7
252610,309,-31.6
252620,308.4,-31.5
252630,307.7,-31.5
252640,307.1,-31.4
252650,306.4,-31.3
252660,305.8,-31.3
252670,305.1,-31.2
252680,304.5,-31.1
252690,303.8,-31.1
252700,303.1,-31
252710,302.5,-31
252720,301.8,-30.9
252730,301.2,-30.9
252740,300.5,-30.8
252750,299.8,-30.8
252760,299.2,-30.7
252770,298.5,-30.7
252780,297.8,-30.6
252790,297.1,-30.6
252800,296.5,-30.5
252810,295.8,-30.5
252820,295.1,-30.5
252830,294.5,-30.4
252840,293.8,-30.4
252850,293.1,-30.4
252860,292.4,-30.3
252870,291.8,-30.3
252880,291.1,-30.3
252890,290.4,-30.3
252900,289.7,-30.2
252910,289,-30.2
252920,288.4,-30.2
252930,287.7,-30.2
252940,287,-30.2
252950,286.3,-30.2
252960,285.7,-30.1
252970,285,-30.1
252980,284.3,-30.1
252990,283.6,-30.1
253000,282.9,-30.1
253010,282.2,-30.1
253020,281.6,-30.1
253030,280.9,-30.1
253040,280.2,-30.1
253050,279.5,-30.1
253060,278.8,-30.2
253070,278.2,-30.2
253080,277.5,-30.2
253090,276.8,-30.2
253100,276.1,-30.2
253110,275.4,-30.2
253120,274.8,-30.2
253130,274.1,-30.3
253140,273.4,-30.3
253150,272.7,-30.3
253160,272.1,-30.3
253170,271.4,-30.4
253180,270.7,-30.4
253190,270,-30.4
253200,269.4,-30.5
253210,268.7,-30.5
253220,268,-30.5
253230,267.3,-30.6
253240,266.7,-30.6
253250,266,-30.7
253260,265.3,-30.7
253270,264.6,-30.8
253280,264,-30.8
253290,263.3,-30.8
253300,262.6,-30.9
253310,262,-31
253320,261.3,-31
253330,260.6,-31.1
253340,260,-31.1
253350,259.3,-31.2
253360,258.7,-31.2
253370,258,-31.3
253380,257.3,-31.4
253390,256.7,-31.4
253400,256,-31.5
253410,255.4,-31.6
253420,254.7,-31.6
253430,254.1,-31.7
253440,253.4,-31.8
253450,252.8,-31.8
253460,252.1,-31.9
253470,251.5,-32
253480,250.8,-32.1
253490,250.2,-32.2
253500,249.5,-32.2
253510,248.9,-32.3
253520,248.2,-32.4
253530,247.6,-32.5
253540,246.9,-32.6
253550,246.3,-32.7
253560,245.7,-32.7
253570,245,-32.8
253580,244.4,-32.9
253590,243.8,-33
253600,243.1,-33.1
253610,242.5,-33.2
253620,241.9,-33.3
253630,241.2,-33.4
253640,240.6,-33.5
253650,240,-33.6
253660,239.4,-33.7
253670,238.7,-33.8
253680,238.1,-33.9
253690,237.5,-34
253700,236.9,-34.1
253710,236.2,-34.2
253720,235.6,-34.3
253730,235,-34.4
253740,234.4,-34.5
253750,233.8,-34.6
253760,233.2,-34.7
253770,232.5,-34.8
253780,231.9,-34.9
253790,231.3,-35
253800,230.7,-35.1
253810,230.1,-35.2
253820,229.5,-35.4
253830,228.9,-35.5
253840,228.3,-35.6
253850,227.7,-35.7
253860,227.1,-35.8
253870,226.5,-35.9
253880,225.9,-36
253890,225.3,-36.2
253900,224.7,-36.3
253910,224.1,-36.4
253920,223.5,-36.5
253930,222.9,-36.6
253940,222.3,-36.7
253950,221.7,-36.9
253960,221.1,-37
253970,220.5,-37.1
253980,219.9,-37.2
253990,219.3,-37.3
254000,218.7,-37.5
254010,218.1,-37.6
254020,217.6,-37.7
254030,217,-37.8
254040,216.4,-37.9
254050,215.8,-38.1
254060,215.2,-38.2
254070,214.6,-38.3
254080,214,-38.4
254090,213.4,-38.6
254100,212.9,-38.7
254110,212.3,-38.8
254120,211.7,-38.9
254130,211.1,-39.1
254140,210.5,-39.2
254150,209.9,-39.3
254160,209.4,-39.4
254170,208.8,-39.6
254180,208.2,-39.7
254190,207.6,-39.8
254200,207,-39.9
254210,206.5,-40.1
254220,205.9,-40.2
254230,205.3,-40.3
254240,204.7,-40.4
254250,204.2,-40.6
254260,203.6,-40.7
254270,203,-40.8
254280,202.4,-40.9
254290,201.8,-41
254300,201.3,-41.2
254310,200.7,-41.3
254320,200.1,-41.4
254330,199.5,-41.5
254340,199,-41.7
254350,198.4,-41.8
254360,197.8,-41.9
254370,197.2,-42
254380,196.7,-42.2
254390,196.1,-42.3
254400,195.5,-42.4
254410,194.9,-42.5
254420,194.3,-42.7
254430,193.8,-42.8
254440,193.2,-42.9
254450,192.6,-43
254460,192,-43.1
254470,191.5,-43.3
254480,190.9,-43.4
254490,190.3,-43.5
254500,189.7,-43.6
254510,189.1,-43.7
254520,188.6,-43.9
254530,188,-44
254540,187.4,-44.1
254550,186.8,-44.2
254560,186.2,-44.3
254570,185.7,-44.4
254580,185.1,-44.6
254590,184.5,-44.7
254600,183.9,-44.8
254610,183.3,-44.9
254620,182.7,-45
254630,182.2,-45.1
254640,181.6,-45.2
254650,181,-45.3
254660,180.4,-45.5
254670,179.8,-45.6
254680,179.2,-45.7
254690,178.7,-45.8
254700,178.1,-45.9
254710,177.5,-46
254720,176.9,-46.1
254730,176.3,-46.2
254740,175.7,-46.3
254750,175.1,-46.4
254760,174.5,-46.5
254770,173.9,-46.6
254780,173.3,-46.7
254790,172.8,-46.8
254800,172.2,-46.9
254810,171.6,-47
254820,171,-47.1
254830,170.4,-47.2
254840,169.8,-47.3
254850,169.2,-47.4
254860,168.6,-47.5
254870,168,-47.6
254880,167.4,-47.7
254890,166.8,-47.8
254900,166.2,-47.9
254910,165.6,-48
254920,165,-48.1
254930,164.4,-48.2
254940,163.8,-48.3
254950,163.2,-48.4
254960,162.6,-48.4
254970,161.9,-48.5
254980,161.3,-48.6
254990,160.7,-48.7
255000,160.1,-48.8
255010,159.5,-48.9
255020,158.9,-48.9
255030,158.3,-49
255040,157.7,-49.1
255050,157.1,-49.2
255060,156.5,-49.3
255070,155.8,-49.3
255080,155.2,-49.4
255090,154.6,-49.5
255100,154,-49.6
255110,153.4,-49.6
255120,152.8,-49.7
255130,152.1,-49.8
255140,151.5,-49.8
255150,150.9,-49.9
255160,150.3,-50
255170,149.6,-50
255180,149,-50.1
255190,148.4,-50.2
255200,147.8,-50.2
255210,147.1,-50.3
255220,146.5,-50.4
255230,145.9,-50.4
255240,145.3,-50.5
255250,144.6,-50.5
255260,144,-50.6
255270,143.4,-50.6
255280,142.7,-50.7
255290,142.1,-50.7
255300,141.5,-50.8
255310,140.9,-50.8
255320,140.2,-50.9
255330,139.6,-50.9
255340,138.9,-51
255350,138.3,-51
255360,137.7,-51.1
255370,137,-51.1
255380,136.4,-51.1
255390,135.8,-51.2
255400,135.1,-51.2
255410,134.5,-51.2
255420,133.9,-51.3
255430,133.2,-51.3
255440,132.6,-51.3
255450,131.9,-51.4
255460,131.3,-51.4
255470,130.7,-51.4
255480,130,-51.5
255490,129.4,-51.5
255500,128.7,-51.5
255510,128.1,-51.5
255520,127.4,-51.6
255530,126.8,-51.6
255540,126.2,-51.6
255550,125.5,-51.6
255560,124.9,-51.6
255570,124.2,-51.6
255580,123.6,-51.7
255590,122.9,-51.7
255600,122.3,-51.7
255610,121.6,-51.7
255620,121,-51.7
255630,120.4,-51.7
255640,119.7,-51.7
255650,119.1,-51.7
255660,118.4,-51.7
255670,117.8,-51.7
255680,117.1,-51.7
255690,116.5,-51.7
255700,115.8,-51.7
255710,115.2,-51.7
255720,114.6,-51.7
255730,113.9,-51.7
255740,113.3,-51.7
255750,112.6,-51.7
255760,112,-51.7
255770,111.3,-51.7
255780,110.7,-51.7
255790,110,-51.7
255800,109.4,-51.6
255810,108.7,-51.6
255820,108.1,-51.6
255830,107.5,-51.6
255840,106.8,-51.6
255850,106.2,-51.6
255860,105.5,-51.5
255870,104.9,-51.5
255880,104.2,-51.5
255890,103.6,-51.5
255900,103,-51.4
255910,102.3,-51.4
255920,101.7,-51.4
255930,101,-51.4
255940,100.4,-51.3
255950,99.8,-51.3
255960,99.1,-51.3
255970,98.5,-51.2
255980,97.8,-51.2
255990,97.2,-51.2
256000,96.6,-51.1
256010,95.9,-51.1
256020,95.3,-51
256030,94.7,-51
256040,94,-51
256050,93.4,-50.9
256060,92.7,-50.9
256070,92.1,-50.8
256080,91.5,-50.8
256090,90.8,-50.7
256100,90.2,-50.7
256110,89.6,-50.6
256120,88.9,-50.6
256130,88.3,-50.5
256140,87.7,-50.5
256150,87.1,-50.4
256160,86.4,-50.4
256170,85.8,-50.3
256180,85.2,-50.3
256190,84.5,-50.2
256200,83.9,-50.2
256210,83.3,-50.1
256220,82.7,-50.1
256230,82,-50
256240,81.4,-49.9
256250,80.8,-49.9
256260,80.2,-49.8
256270,79.5,-49.8
256280,78.9,-49.7
256290,78.3,-49.6
256300,77.7,-49.6
256310,77,-49.5
256320,76.4,-49.4
256330,75.8,-49.4
256340,75.2,-49.3
256350,74.6,-49.2
256360,73.9,-49.2
256370,73.3,-49.1
256380,72.7,-49
256390,72.1,-48.9
256400,71.5,-48.9
256410,70.9,-48.8
256420,70.2,-48.7
256430,69.6,-48.7
256440,69,-48.6
256450,68.4,-48.5
256460,67.8,-48.4
256470,67.2,-48.4
256480,66.6,-48.3
256490,66,-48.2
256500,65.3,-48.1
256510,64.7,-48.1
256520,64.1,-48
256530,63.5,-47.9
256540,62.9,-47.8
256550,62.3,-47.7
256560,61.7,-47.7
256570,61.1,-47.6
256580,60.5,-47.5
256590,59.9,-47.4
256600,59.3,-47.3
256610,58.7,-47.3
256620,58,-47.2
256630,57.4,-47.1
256640,56.8,-47
256650,56.2,-46.9
256660,55.6,-46.8
256670,55,-46.8
256680,54.4,-46.7
256690,53.8,-46.6
256700,53.2,-46.5
256710,52.6,-46.4
256720,52,-46.3
256730,51.4,-46.3
256740,50.8,-46.2
256750,50.2,-46.1
256760,49.6,-46
256770,49,-45.9
256780,48.4,-45.8
256790,47.8,-45.7
256800,47.2,-45.7
256810,46.6,-45.6
256820,46,-45.5
256830,45.4,-45.4
256840,44.8,-45.3
256850,44.2,-45.2
256860,43.6,-45.1
256870,43,-45.1
256880,42.4,-45
256890,41.8,-44.9
256900,41.2,-44.8
256910,40.6,-44.7
256920,40,-44.6
256930,39.4,-44.5
256940,38.8,-44.5
256950,38.2,-44.4
256960,37.6,-44.3
256970,37,-44.2
256980,36.4,-44.1
256990,35.8,-44
257000,35.2,-44
257010,34.6,-43.9
257020,34,-43.8
257030,33.4,-43.7
257040,32.8,-43.6
257050,32.2,-43.5
257060,31.6,-43.4
257070,31,-43.4
257080,30.4,-43.3
257090,29.8,-43.2
257100,29.2,-43.1
257110,28.6,-43
257120,28,-43
257130,27.4,-42.9
257140,26.8,-42.8
257150,26.2,-42.7
257160,25.6,-42.6
257170,25,-42.5
257180,24.4,-42.5
257190,23.8,-42.4
257200,23.2,-42.3
257210,22.6,-42.2
257220,22,-42.1
257230,21.4,-42.1
257240,20.8,-42
257250,20.2,-41.9
257260,19.6,-41.8
257270,19,-41.8
257280,18.4,-41.7
257290,17.8,-41.6
257300,17.2,-41.5
257310,16.6,-41.5
257320,16,-41.4
257330,15.4,-41.3
257340,14.8,-41.2
257350,14.2,-41.2
257360,13.6,-41.1
257370,13,-41
257380,12.3,-41
257390,11.7,-40.9
257400,11.1,-40.8
257410,10.5,-40.8
257420,9.9,-40.7
257430,9.3,-40.6
257440,8.7,-40.5
257450,8.1,-40.5
257460,7.5,-40.4
257470,6.9,-40.4
257480,6.3,-40.3
257490,5.7,-40.2
257500,5,-40.2
257510,4.4,-40.1
257520,3.8,-40
257530,3.2,-40
257540,2.6,-39.9
257550,2,-39.9
257560,1.4,-39.8
257570,0.8,-39.7
257580,0.1,-39.7
257590,359.5,-39.6
257600,358.9,-39.6
257610,358.3,-39.5
257620,357.7,-39.5
257630,357.1,-39.4
257640,356.5,-39.4
257650,355.8,-39.3
257660,355.2,-39.3
257670,354.6,-39.2
257680,354,-39.2
257690,353.4,-39.1
257700,352.7,-39.1
257710,352.1,-39
257720,351.5,-39
257730,350.9,-38.9
257740,350.3,-38.9
257750,349.6,-38.8
257760,349,-38.8
257770,348.4,-38.8
257780,347.8,-38.7
257790,347.2,-38.7
257800,346.5,-38.6
257810,345.9,-38.6
257820,345.3,-38.6
257830,344.7,-38.5
257840,344.1,-38.5
257850,343.4,-38.5
257860,342.8,-38.4
257870,342.2,-38.4
257880,341.6,-38.4
257890,340.9,-38.3
257900,340.3,-38.3
257910,339.7,-38.3
257920,339.1,-38.3
257930,338.4,-38.2
257940,337.8,-38.2
257950,337.2,-38.2
257960,336.6,-38.2
257970,335.9,-38.1
257980,335.3,-38.1
257990,334.7,-38.1
258000,334,-38.1
258010,333.4,-38.1
258020,332.8,-38
258030,332.2,-38
258040,331.5,-38
258050,330.9,-38
258060,330.3,-38
258070,329.6,-38
258080,329,-38
258090,328.4,-37.9
258100,327.8,-37.9
258110,327.1,-37.9
258120,326.5,-37.9
258130,325.9,-37.9
258140,325.2,-37.9
258150,324.6,-37.9
258160,324,-37.9
258170,323.4,-37.9
258180,322.7,-37.9
258190,322.1,-37.9
258200,321.5,-37.9
258210,320.8,-37.9
258220,320.2,-37.9
258230,319.6,-37.9
258240,319,-37.9
258250,318.3,-37.9
258260,317.7,-37.9
258270,317.1,-37.9
258280,316.4,-37.9
258290,315.8,-37.9
258300,315.2,-37.9
258310,314.6,-38
258320,313.9,-38
258330,313.3,-38
258340,312.7,-38
258350,312,-38
258360,311.4,-38
258370,310.8,-38
258380,310.1,-38.1
258390,309.5,-38.1
258400,308.9,-38.1
258410,308.3,-38.1
258420,307.6,-38.1
258430,307,-38.2
258440,306.4,-38.2
258450,305.8,-38.2
258460,305.1,-38.2
258470,304.5,-38.3
258480,303.9,-38.3
258490,303.2,-38.3
258500,302.6,-38.3
258510,302,-38.4
258520,301.4,-38.4
258530,300.7,-38.4
258540,300.1,-38.4
258550,299.5,-38.5
258560,298.9,-38.5
258570,298.2,-38.5
258580,297.6,-38.6
258590,297,-38.6
258600,296.4,-38.6
258610,295.7,-38.7
258620,295.1,-38.7
258630,294.5,-38.8
258640,293.9,-38.8
258650,293.2,-38.8
258660,292.6,-38.9
258670,292,-38.9
258680,291.4,-38.9
258690,290.8,-39
258700,290.1,-39
258710,289.5,-39.1
258720,288.9,-39.1
258730,288.3,-39.2
258740,287.6,-39.2
258750,287,-39.2
258760,286.4,-39.3
258770,285.8,-39.3
258780,285.2,-39.4
258790,284.5,-39.4
258800,283.9,-39.5
258810,283.3,-39.5
258820,282.7,-39.6
258830,282.1,-39.6
258840,281.4,-39.7
258850,280.8,-39.7
258860,280.2,-39.8
258870,279.6,-39.8
258880,279,-39.9
258890,278.4,-39.9
258900,277.7,-40
258910,277.1,-40
258920,276.5,-40.1
258930,275.9,-40.2
258940,275.3,-40.2
258950,274.7,-40.3
258960,274,-40.3
258970,273.4,-40.4
258980,272.8,-40.4
258990,272.2,-40.5
259000,271.6,-40.5
259010,271,-40.6
259020,270.4,-40.7
259030,269.7,-40.7
259040,269.1,-40.8
259050,268.5,-40.8
259060,267.9,-40.9
259070,267.3,-40.9
259080,266.7,-41
259090,266.1,-41.1
259100,265.4,-41.1
259110,264.8,-41.2
259120,264.2,-41.2
259130,263.6,-41.3
259140,263,-41.4
259150,262.4,-41.4
259160,261.8,-41.5
259170,261.2,-41.5
259180,260.5,-41.6
259190,259.9,-41.7
