ISO-10303-21;
HEADER;
/* Generated by software containing ST-Developer
 * from STEP Tools, Inc. (www.steptools.com) 
 */
/* OPTION: using custom renumber hook */

FILE_DESCRIPTION(
/* description */ (
'CAx-IF Rec.Pracs.---Representation and Presentation of Product Manufa
cturing Information (PMI)---4.0---2014-10-13',
'CAx-IF Rec.Pracs.---3D Tessellated Geometry---0.4---2014-09-14','2;1'),

/* implementation_level */ '2;1');

FILE_NAME(
/* name */ 'Lancetta',
/* time_stamp */ '2026-06-04T12:26:31+02:00',
/* author */ (''),
/* organization */ (''),
/* preprocessor_version */ 'ST-DEVELOPER v20',
/* originating_system */ 'SIEMENS PLM Software NX2506.8700',
/* authorisation */ $);

FILE_SCHEMA (('AP242_MANAGED_MODEL_BASED_3D_ENGINEERING_MIM_LF { 1 0 10303 442 3 1 4 }'));
ENDSEC;

DATA;
#10=DEFAULT_MODEL_GEOMETRIC_VIEW('Trimetric','',#60,#34,'','',#2272,*);
#11=MECHANICAL_DESIGN_AND_DRAUGHTING_RELATIONSHIP('','',#26,#27);
#12=MECHANICAL_DESIGN_AND_DRAUGHTING_RELATIONSHIP('','',#28,#27);
#13=MECHANICAL_DESIGN_AND_DRAUGHTING_RELATIONSHIP('','',#29,#27);
#14=MECHANICAL_DESIGN_AND_DRAUGHTING_RELATIONSHIP('','',#30,#27);
#15=MECHANICAL_DESIGN_AND_DRAUGHTING_RELATIONSHIP('','',#31,#27);
#16=MECHANICAL_DESIGN_AND_DRAUGHTING_RELATIONSHIP('','',#32,#27);
#17=MECHANICAL_DESIGN_AND_DRAUGHTING_RELATIONSHIP('','',#33,#27);
#18=MECHANICAL_DESIGN_AND_DRAUGHTING_RELATIONSHIP('','',#34,#27);
#19=MODEL_GEOMETRIC_VIEW('Top','',#53,#26);
#20=MODEL_GEOMETRIC_VIEW('Front','',#54,#28);
#21=MODEL_GEOMETRIC_VIEW('Right','',#55,#29);
#22=MODEL_GEOMETRIC_VIEW('Back','',#56,#30);
#23=MODEL_GEOMETRIC_VIEW('Bottom','',#57,#31);
#24=MODEL_GEOMETRIC_VIEW('Left','',#58,#32);
#25=MODEL_GEOMETRIC_VIEW('Isometric','',#59,#33);
#26=DRAUGHTING_MODEL('Top',(#53,#44),#2267);
#27=DRAUGHTING_MODEL('',(#45),#2267);
#28=DRAUGHTING_MODEL('Front',(#54,#46),#2267);
#29=DRAUGHTING_MODEL('Right',(#55,#47),#2267);
#30=DRAUGHTING_MODEL('Back',(#56,#48),#2267);
#31=DRAUGHTING_MODEL('Bottom',(#57,#49),#2267);
#32=DRAUGHTING_MODEL('Left',(#58,#50),#2267);
#33=DRAUGHTING_MODEL('Isometric',(#59,#51),#2267);
#34=DRAUGHTING_MODEL('Trimetric',(#60,#52),#2267);
#35=REPRESENTATION_MAP(#1296,#78);
#36=REPRESENTATION_MAP(#1296,#78);
#37=REPRESENTATION_MAP(#1296,#78);
#38=REPRESENTATION_MAP(#1296,#78);
#39=REPRESENTATION_MAP(#1296,#78);
#40=REPRESENTATION_MAP(#1296,#78);
#41=REPRESENTATION_MAP(#1296,#78);
#42=REPRESENTATION_MAP(#1296,#78);
#43=REPRESENTATION_MAP(#1296,#78);
#44=MAPPED_ITEM('',#35,#1296);
#45=MAPPED_ITEM('',#36,#1296);
#46=MAPPED_ITEM('',#37,#1296);
#47=MAPPED_ITEM('',#38,#1296);
#48=MAPPED_ITEM('',#39,#1296);
#49=MAPPED_ITEM('',#40,#1296);
#50=MAPPED_ITEM('',#41,#1296);
#51=MAPPED_ITEM('',#42,#1296);
#52=MAPPED_ITEM('',#43,#1296);
#53=CAMERA_MODEL_D3('Top',#1431,#61);
#54=CAMERA_MODEL_D3('Front',#1433,#62);
#55=CAMERA_MODEL_D3('Right',#1435,#63);
#56=CAMERA_MODEL_D3('Back',#1437,#64);
#57=CAMERA_MODEL_D3('Bottom',#1439,#65);
#58=CAMERA_MODEL_D3('Left',#1441,#66);
#59=CAMERA_MODEL_D3('Isometric',#1443,#67);
#60=CAMERA_MODEL_D3('Trimetric',#1445,#68);
#61=VIEW_VOLUME(.PARALLEL.,#2243,137.353408813477,0.,.F.,0.,.F.,.F.,#69);
#62=VIEW_VOLUME(.PARALLEL.,#2246,22.4161491394043,0.,.F.,0.,.F.,.F.,#70);
#63=VIEW_VOLUME(.PARALLEL.,#2249,57.9034194946289,0.,.F.,0.,.F.,.F.,#71);
#64=VIEW_VOLUME(.PARALLEL.,#2252,22.4161491394043,0.,.F.,0.,.F.,.F.,#72);
#65=VIEW_VOLUME(.PARALLEL.,#2255,137.353408813477,0.,.F.,0.,.F.,.F.,#73);
#66=VIEW_VOLUME(.PARALLEL.,#2258,57.9034194946289,0.,.F.,0.,.F.,.F.,#74);
#67=VIEW_VOLUME(.PARALLEL.,#2261,94.374244623726,0.,.F.,0.,.F.,.F.,#75);
#68=VIEW_VOLUME(.CENTRAL.,#2264,1000.,0.,.F.,0.,.F.,.F.,#76);
#69=PLANAR_BOX('',68.4921020663601,68.4921020663601,#1432);
#70=PLANAR_BOX('',11.1779473698813,11.1779473698813,#1434);
#71=PLANAR_BOX('',28.8738878217653,28.8738878217653,#1436);
#72=PLANAR_BOX('',11.1779473698813,11.1779473698813,#1438);
#73=PLANAR_BOX('',68.4921020663601,68.4921020663601,#1440);
#74=PLANAR_BOX('',28.8738878217653,28.8738878217653,#1442);
#75=PLANAR_BOX('',47.0602837675599,47.0602837675599,#1444);
#76=PLANAR_BOX('',1000.,1000.,#1446);
#77=DRAUGHTING_PRE_DEFINED_COLOUR('black');
#78=ADVANCED_BREP_SHAPE_REPRESENTATION('',(#924,#925,#926),#2267);
#79=TOROIDAL_SURFACE('',#1410,8.,3.);
#80=ELLIPSE('',#1383,0.282842712474611,0.199999999999995);
#81=CYLINDRICAL_SURFACE('',#1333,2.75);
#82=CYLINDRICAL_SURFACE('',#1342,0.5);
#83=CYLINDRICAL_SURFACE('',#1345,6.34661428173794);
#84=CYLINDRICAL_SURFACE('',#1348,2.);
#85=CYLINDRICAL_SURFACE('',#1351,25.);
#86=CYLINDRICAL_SURFACE('',#1354,2.);
#87=CYLINDRICAL_SURFACE('',#1357,6.34661428173794);
#88=CYLINDRICAL_SURFACE('',#1368,5.);
#89=CYLINDRICAL_SURFACE('',#1373,16.55);
#90=CYLINDRICAL_SURFACE('',#1375,16.55);
#91=CYLINDRICAL_SURFACE('',#1381,0.199999999999995);
#92=CYLINDRICAL_SURFACE('',#1388,1.);
#93=CYLINDRICAL_SURFACE('',#1390,1.);
#94=CYLINDRICAL_SURFACE('',#1392,1.);
#95=CYLINDRICAL_SURFACE('',#1394,1.);
#96=CYLINDRICAL_SURFACE('',#1411,0.199999999999995);
#97=CYLINDRICAL_SURFACE('',#1420,14.95);
#98=CYLINDRICAL_SURFACE('',#1429,14.95);
#99=B_SPLINE_SURFACE_WITH_KNOTS('',3,1,((#1911,#1912),(#1913,#1914),(#1915,
#1916),(#1917,#1918)),.SURF_OF_LINEAR_EXTRUSION.,.F.,.F.,.F.,(4,4),(2,2),
(0.280994141674419,1.),(0.,1.),.PIECEWISE_BEZIER_KNOTS.);
#100=B_SPLINE_SURFACE_WITH_KNOTS('',3,1,((#1942,#1943),(#1944,#1945),(#1946,
#1947),(#1948,#1949)),.SURF_OF_LINEAR_EXTRUSION.,.F.,.F.,.F.,(4,4),(2,2),
(0.,0.00829225414385805),(0.,1.),.PIECEWISE_BEZIER_KNOTS.);
#101=B_SPLINE_SURFACE_WITH_KNOTS('',1,3,((#2131,#2132,#2133,#2134),(#2135,
#2136,#2137,#2138)),.SURF_OF_LINEAR_EXTRUSION.,.F.,.F.,.F.,(2,2),(4,4),
(0.,1.),(0.301769311315032,0.496531431092205),.PIECEWISE_BEZIER_KNOTS.);
#102=B_SPLINE_SURFACE_WITH_KNOTS('',1,3,((#2160,#2161,#2162,#2163),(#2164,
#2165,#2166,#2167)),.SURF_OF_LINEAR_EXTRUSION.,.F.,.F.,.F.,(2,2),(4,4),
(0.,1.),(0.0977376725937055,0.0982755900693914),
 .PIECEWISE_BEZIER_KNOTS.);
#103=B_SPLINE_CURVE_WITH_KNOTS('',3,(#1886,#1887,#1888,#1889),
 .UNSPECIFIED.,.F.,.F.,(4,4),(0.00040401274204942,0.000604134672431716),
 .UNSPECIFIED.);
#104=B_SPLINE_CURVE_WITH_KNOTS('',3,(#1894,#1895,#1896,#1897),
 .UNSPECIFIED.,.F.,.F.,(4,4),(0.0012849115320741,0.00148503346245639),
 .UNSPECIFIED.);
#105=B_SPLINE_CURVE_WITH_KNOTS('',3,(#1901,#1902,#1903,#1904),
 .UNSPECIFIED.,.F.,.F.,(4,4),(0.00130126770270763,0.00150138963308992),
 .UNSPECIFIED.);
#106=B_SPLINE_CURVE_WITH_KNOTS('',3,(#1905,#1906,#1907,#1908),
 .UNSPECIFIED.,.F.,.F.,(4,4),(0.0012849115320741,0.0014850334624564),
 .UNSPECIFIED.);
#107=B_SPLINE_CURVE_WITH_KNOTS('',3,(#1922,#1923,#1924,#1925),
 .UNSPECIFIED.,.F.,.F.,(4,4),(0.,1.),.UNSPECIFIED.);
#108=B_SPLINE_CURVE_WITH_KNOTS('',3,(#1929,#1930,#1931,#1932),
 .UNSPECIFIED.,.F.,.F.,(4,4),(0.,1.),.PIECEWISE_BEZIER_KNOTS.);
#109=B_SPLINE_CURVE_WITH_KNOTS('',3,(#1953,#1954,#1955,#1956),
 .UNSPECIFIED.,.F.,.F.,(4,4),(0.,1.),.UNSPECIFIED.);
#110=B_SPLINE_CURVE_WITH_KNOTS('',3,(#1960,#1961,#1962,#1963),
 .UNSPECIFIED.,.F.,.F.,(4,4),(0.,1.),.PIECEWISE_BEZIER_KNOTS.);
#111=B_SPLINE_CURVE_WITH_KNOTS('',3,(#1968,#1969,#1970,#1971),
 .UNSPECIFIED.,.F.,.F.,(4,4),(0.,1.),.UNSPECIFIED.);
#112=B_SPLINE_CURVE_WITH_KNOTS('',3,(#1982,#1983,#1984,#1985),
 .UNSPECIFIED.,.F.,.F.,(4,4),(0.,1.),.UNSPECIFIED.);
#113=B_SPLINE_CURVE_WITH_KNOTS('',3,(#2091,#2092,#2093,#2094),
 .UNSPECIFIED.,.F.,.F.,(4,4),(0.,1.),.UNSPECIFIED.);
#114=B_SPLINE_CURVE_WITH_KNOTS('',3,(#2104,#2105,#2106,#2107),
 .UNSPECIFIED.,.F.,.F.,(4,4),(0.,0.000282847348898372),.UNSPECIFIED.);
#115=B_SPLINE_CURVE_WITH_KNOTS('',3,(#2109,#2110,#2111,#2112),
 .UNSPECIFIED.,.F.,.F.,(4,4),(4.9065389333868E-18,0.000282847348898373),
 .UNSPECIFIED.);
#116=B_SPLINE_CURVE_WITH_KNOTS('',3,(#2127,#2128,#2129,#2130),
 .UNSPECIFIED.,.F.,.F.,(4,4),(0.,1.),.UNSPECIFIED.);
#117=B_SPLINE_CURVE_WITH_KNOTS('',3,(#2139,#2140,#2141,#2142),
 .UNSPECIFIED.,.F.,.F.,(4,4),(0.,1.),.UNSPECIFIED.);
#118=B_SPLINE_CURVE_WITH_KNOTS('',3,(#2154,#2155,#2156,#2157),
 .UNSPECIFIED.,.F.,.F.,(4,4),(0.,1.),.UNSPECIFIED.);
#119=B_SPLINE_CURVE_WITH_KNOTS('',3,(#2168,#2169,#2170,#2171),
 .UNSPECIFIED.,.F.,.F.,(4,4),(0.,1.),.UNSPECIFIED.);
#120=B_SPLINE_CURVE_WITH_KNOTS('',3,(#2214,#2215,#2216,#2217),
 .UNSPECIFIED.,.F.,.F.,(4,4),(0.,0.000282847348898372),.UNSPECIFIED.);
#121=B_SPLINE_CURVE_WITH_KNOTS('',3,(#2226,#2227,#2228,#2229),
 .UNSPECIFIED.,.F.,.F.,(4,4),(0.,0.000282847348898376),.UNSPECIFIED.);
#122=CONICAL_SURFACE('',#1318,14.95,0.0349065850398866);
#123=CONICAL_SURFACE('',#1396,0.5,0.785398163397448);
#124=CONICAL_SURFACE('',#1398,1.4,0.785398163397449);
#125=CONICAL_SURFACE('',#1399,1.4,0.785398163397449);
#126=CONICAL_SURFACE('',#1400,16.55,0.785398163397449);
#127=CONICAL_SURFACE('',#1401,16.55,0.785398163397449);
#128=CONICAL_SURFACE('',#1402,1.4,0.785398163397448);
#129=CONICAL_SURFACE('',#1403,1.4,0.785398163397449);
#130=CONICAL_SURFACE('',#1405,6.74661428173794,0.785398163397444);
#131=CONICAL_SURFACE('',#1406,6.74661428173794,0.785398163397448);
#132=CONICAL_SURFACE('',#1407,1.6,0.785398163397445);
#133=CONICAL_SURFACE('',#1408,1.6,0.785398163397447);
#134=CONICAL_SURFACE('',#1409,24.6,0.785398163397441);
#135=CONICAL_SURFACE('',#1430,24.6,0.785398163397454);
#136=ORIENTED_EDGE('',*,*,#430,.T.);
#137=ORIENTED_EDGE('',*,*,#431,.T.);
#138=ORIENTED_EDGE('',*,*,#432,.T.);
#139=ORIENTED_EDGE('',*,*,#433,.F.);
#140=ORIENTED_EDGE('',*,*,#434,.T.);
#141=ORIENTED_EDGE('',*,*,#435,.T.);
#142=ORIENTED_EDGE('',*,*,#436,.T.);
#143=ORIENTED_EDGE('',*,*,#437,.T.);
#144=ORIENTED_EDGE('',*,*,#438,.T.);
#145=ORIENTED_EDGE('',*,*,#439,.T.);
#146=ORIENTED_EDGE('',*,*,#440,.T.);
#147=ORIENTED_EDGE('',*,*,#441,.F.);
#148=ORIENTED_EDGE('',*,*,#442,.T.);
#149=ORIENTED_EDGE('',*,*,#443,.T.);
#150=ORIENTED_EDGE('',*,*,#444,.F.);
#151=ORIENTED_EDGE('',*,*,#445,.T.);
#152=ORIENTED_EDGE('',*,*,#446,.T.);
#153=ORIENTED_EDGE('',*,*,#447,.T.);
#154=ORIENTED_EDGE('',*,*,#448,.T.);
#155=ORIENTED_EDGE('',*,*,#449,.T.);
#156=ORIENTED_EDGE('',*,*,#450,.T.);
#157=ORIENTED_EDGE('',*,*,#433,.T.);
#158=ORIENTED_EDGE('',*,*,#451,.T.);
#159=ORIENTED_EDGE('',*,*,#452,.T.);
#160=ORIENTED_EDGE('',*,*,#453,.T.);
#161=ORIENTED_EDGE('',*,*,#454,.T.);
#162=ORIENTED_EDGE('',*,*,#455,.T.);
#163=ORIENTED_EDGE('',*,*,#456,.F.);
#164=ORIENTED_EDGE('',*,*,#457,.T.);
#165=ORIENTED_EDGE('',*,*,#458,.T.);
#166=ORIENTED_EDGE('',*,*,#459,.F.);
#167=ORIENTED_EDGE('',*,*,#460,.F.);
#168=ORIENTED_EDGE('',*,*,#461,.T.);
#169=ORIENTED_EDGE('',*,*,#462,.T.);
#170=ORIENTED_EDGE('',*,*,#463,.T.);
#171=ORIENTED_EDGE('',*,*,#464,.T.);
#172=ORIENTED_EDGE('',*,*,#465,.T.);
#173=ORIENTED_EDGE('',*,*,#466,.T.);
#174=ORIENTED_EDGE('',*,*,#467,.T.);
#175=ORIENTED_EDGE('',*,*,#447,.F.);
#176=ORIENTED_EDGE('',*,*,#468,.T.);
#177=ORIENTED_EDGE('',*,*,#469,.T.);
#178=ORIENTED_EDGE('',*,*,#470,.T.);
#179=ORIENTED_EDGE('',*,*,#471,.T.);
#180=ORIENTED_EDGE('',*,*,#472,.T.);
#181=ORIENTED_EDGE('',*,*,#473,.T.);
#182=ORIENTED_EDGE('',*,*,#474,.T.);
#183=ORIENTED_EDGE('',*,*,#475,.F.);
#184=ORIENTED_EDGE('',*,*,#476,.F.);
#185=ORIENTED_EDGE('',*,*,#477,.F.);
#186=ORIENTED_EDGE('',*,*,#478,.T.);
#187=ORIENTED_EDGE('',*,*,#479,.T.);
#188=ORIENTED_EDGE('',*,*,#480,.F.);
#189=ORIENTED_EDGE('',*,*,#481,.T.);
#190=ORIENTED_EDGE('',*,*,#482,.T.);
#191=ORIENTED_EDGE('',*,*,#483,.F.);
#192=ORIENTED_EDGE('',*,*,#479,.F.);
#193=ORIENTED_EDGE('',*,*,#484,.T.);
#194=ORIENTED_EDGE('',*,*,#477,.T.);
#195=ORIENTED_EDGE('',*,*,#485,.F.);
#196=ORIENTED_EDGE('',*,*,#475,.T.);
#197=ORIENTED_EDGE('',*,*,#486,.T.);
#198=ORIENTED_EDGE('',*,*,#481,.F.);
#199=ORIENTED_EDGE('',*,*,#487,.T.);
#200=ORIENTED_EDGE('',*,*,#478,.F.);
#201=ORIENTED_EDGE('',*,*,#484,.F.);
#202=ORIENTED_EDGE('',*,*,#482,.F.);
#203=ORIENTED_EDGE('',*,*,#486,.F.);
#204=ORIENTED_EDGE('',*,*,#485,.T.);
#205=ORIENTED_EDGE('',*,*,#476,.T.);
#206=ORIENTED_EDGE('',*,*,#483,.T.);
#207=ORIENTED_EDGE('',*,*,#480,.T.);
#208=ORIENTED_EDGE('',*,*,#459,.T.);
#209=ORIENTED_EDGE('',*,*,#488,.T.);
#210=ORIENTED_EDGE('',*,*,#453,.F.);
#211=ORIENTED_EDGE('',*,*,#489,.F.);
#212=ORIENTED_EDGE('',*,*,#490,.F.);
#213=ORIENTED_EDGE('',*,*,#491,.T.);
#214=ORIENTED_EDGE('',*,*,#441,.T.);
#215=ORIENTED_EDGE('',*,*,#492,.T.);
#216=ORIENTED_EDGE('',*,*,#493,.F.);
#217=ORIENTED_EDGE('',*,*,#494,.T.);
#218=ORIENTED_EDGE('',*,*,#490,.T.);
#219=ORIENTED_EDGE('',*,*,#495,.T.);
#220=ORIENTED_EDGE('',*,*,#496,.T.);
#221=ORIENTED_EDGE('',*,*,#493,.T.);
#222=ORIENTED_EDGE('',*,*,#497,.T.);
#223=ORIENTED_EDGE('',*,*,#498,.F.);
#224=ORIENTED_EDGE('',*,*,#499,.F.);
#225=ORIENTED_EDGE('',*,*,#500,.T.);
#226=ORIENTED_EDGE('',*,*,#498,.T.);
#227=ORIENTED_EDGE('',*,*,#501,.T.);
#228=ORIENTED_EDGE('',*,*,#463,.F.);
#229=ORIENTED_EDGE('',*,*,#502,.T.);
#230=ORIENTED_EDGE('',*,*,#499,.T.);
#231=ORIENTED_EDGE('',*,*,#503,.T.);
#232=ORIENTED_EDGE('',*,*,#504,.T.);
#233=ORIENTED_EDGE('',*,*,#444,.T.);
#234=ORIENTED_EDGE('',*,*,#505,.T.);
#235=ORIENTED_EDGE('',*,*,#506,.T.);
#236=ORIENTED_EDGE('',*,*,#507,.T.);
#237=ORIENTED_EDGE('',*,*,#460,.T.);
#238=ORIENTED_EDGE('',*,*,#489,.T.);
#239=ORIENTED_EDGE('',*,*,#456,.T.);
#240=ORIENTED_EDGE('',*,*,#508,.T.);
#241=ORIENTED_EDGE('',*,*,#509,.T.);
#242=ORIENTED_EDGE('',*,*,#510,.T.);
#243=ORIENTED_EDGE('',*,*,#464,.F.);
#244=ORIENTED_EDGE('',*,*,#503,.F.);
#245=ORIENTED_EDGE('',*,*,#501,.F.);
#246=ORIENTED_EDGE('',*,*,#497,.F.);
#247=ORIENTED_EDGE('',*,*,#495,.F.);
#248=ORIENTED_EDGE('',*,*,#492,.F.);
#249=ORIENTED_EDGE('',*,*,#511,.T.);
#250=ORIENTED_EDGE('',*,*,#512,.T.);
#251=ORIENTED_EDGE('',*,*,#487,.F.);
#252=ORIENTED_EDGE('',*,*,#512,.F.);
#253=ORIENTED_EDGE('',*,*,#445,.F.);
#254=ORIENTED_EDGE('',*,*,#513,.T.);
#255=ORIENTED_EDGE('',*,*,#514,.T.);
#256=ORIENTED_EDGE('',*,*,#515,.T.);
#257=ORIENTED_EDGE('',*,*,#509,.F.);
#258=ORIENTED_EDGE('',*,*,#516,.T.);
#259=ORIENTED_EDGE('',*,*,#517,.T.);
#260=ORIENTED_EDGE('',*,*,#518,.T.);
#261=ORIENTED_EDGE('',*,*,#506,.F.);
#262=ORIENTED_EDGE('',*,*,#449,.F.);
#263=ORIENTED_EDGE('',*,*,#519,.T.);
#264=ORIENTED_EDGE('',*,*,#520,.T.);
#265=ORIENTED_EDGE('',*,*,#521,.T.);
#266=ORIENTED_EDGE('',*,*,#522,.F.);
#267=ORIENTED_EDGE('',*,*,#523,.T.);
#268=ORIENTED_EDGE('',*,*,#434,.F.);
#269=ORIENTED_EDGE('',*,*,#450,.F.);
#270=ORIENTED_EDGE('',*,*,#521,.F.);
#271=ORIENTED_EDGE('',*,*,#467,.F.);
#272=ORIENTED_EDGE('',*,*,#524,.T.);
#273=ORIENTED_EDGE('',*,*,#525,.T.);
#274=ORIENTED_EDGE('',*,*,#519,.F.);
#275=ORIENTED_EDGE('',*,*,#448,.F.);
#276=ORIENTED_EDGE('',*,*,#525,.F.);
#277=ORIENTED_EDGE('',*,*,#526,.T.);
#278=ORIENTED_EDGE('',*,*,#527,.T.);
#279=ORIENTED_EDGE('',*,*,#522,.T.);
#280=ORIENTED_EDGE('',*,*,#520,.F.);
#281=ORIENTED_EDGE('',*,*,#528,.F.);
#282=ORIENTED_EDGE('',*,*,#529,.T.);
#283=ORIENTED_EDGE('',*,*,#468,.F.);
#284=ORIENTED_EDGE('',*,*,#446,.F.);
#285=ORIENTED_EDGE('',*,*,#432,.F.);
#286=ORIENTED_EDGE('',*,*,#530,.T.);
#287=ORIENTED_EDGE('',*,*,#531,.F.);
#288=ORIENTED_EDGE('',*,*,#451,.F.);
#289=ORIENTED_EDGE('',*,*,#531,.T.);
#290=ORIENTED_EDGE('',*,*,#532,.T.);
#291=ORIENTED_EDGE('',*,*,#528,.T.);
#292=ORIENTED_EDGE('',*,*,#452,.F.);
#293=ORIENTED_EDGE('',*,*,#515,.F.);
#294=ORIENTED_EDGE('',*,*,#533,.T.);
#295=ORIENTED_EDGE('',*,*,#461,.F.);
#296=ORIENTED_EDGE('',*,*,#510,.F.);
#297=ORIENTED_EDGE('',*,*,#518,.F.);
#298=ORIENTED_EDGE('',*,*,#534,.T.);
#299=ORIENTED_EDGE('',*,*,#457,.F.);
#300=ORIENTED_EDGE('',*,*,#507,.F.);
#301=ORIENTED_EDGE('',*,*,#443,.F.);
#302=ORIENTED_EDGE('',*,*,#535,.T.);
#303=ORIENTED_EDGE('',*,*,#516,.F.);
#304=ORIENTED_EDGE('',*,*,#505,.F.);
#305=ORIENTED_EDGE('',*,*,#455,.F.);
#306=ORIENTED_EDGE('',*,*,#536,.T.);
#307=ORIENTED_EDGE('',*,*,#513,.F.);
#308=ORIENTED_EDGE('',*,*,#508,.F.);
#309=ORIENTED_EDGE('',*,*,#537,.F.);
#310=ORIENTED_EDGE('',*,*,#526,.F.);
#311=ORIENTED_EDGE('',*,*,#538,.T.);
#312=ORIENTED_EDGE('',*,*,#488,.F.);
#313=ORIENTED_EDGE('',*,*,#524,.F.);
#314=ORIENTED_EDGE('',*,*,#466,.F.);
#315=ORIENTED_EDGE('',*,*,#539,.T.);
#316=ORIENTED_EDGE('',*,*,#454,.F.);
#317=ORIENTED_EDGE('',*,*,#538,.F.);
#318=ORIENTED_EDGE('',*,*,#537,.T.);
#319=ORIENTED_EDGE('',*,*,#458,.F.);
#320=ORIENTED_EDGE('',*,*,#540,.F.);
#321=ORIENTED_EDGE('',*,*,#435,.F.);
#322=ORIENTED_EDGE('',*,*,#523,.F.);
#323=ORIENTED_EDGE('',*,*,#527,.F.);
#324=ORIENTED_EDGE('',*,*,#539,.F.);
#325=ORIENTED_EDGE('',*,*,#465,.F.);
#326=ORIENTED_EDGE('',*,*,#541,.T.);
#327=ORIENTED_EDGE('',*,*,#536,.F.);
#328=ORIENTED_EDGE('',*,*,#540,.T.);
#329=ORIENTED_EDGE('',*,*,#534,.F.);
#330=ORIENTED_EDGE('',*,*,#542,.T.);
#331=ORIENTED_EDGE('',*,*,#436,.F.);
#332=ORIENTED_EDGE('',*,*,#541,.F.);
#333=ORIENTED_EDGE('',*,*,#474,.F.);
#334=ORIENTED_EDGE('',*,*,#543,.F.);
#335=ORIENTED_EDGE('',*,*,#514,.F.);
#336=ORIENTED_EDGE('',*,*,#542,.F.);
#337=ORIENTED_EDGE('',*,*,#517,.F.);
#338=ORIENTED_EDGE('',*,*,#544,.T.);
#339=ORIENTED_EDGE('',*,*,#437,.F.);
#340=ORIENTED_EDGE('',*,*,#543,.T.);
#341=ORIENTED_EDGE('',*,*,#473,.F.);
#342=ORIENTED_EDGE('',*,*,#545,.F.);
#343=ORIENTED_EDGE('',*,*,#533,.F.);
#344=ORIENTED_EDGE('',*,*,#544,.F.);
#345=ORIENTED_EDGE('',*,*,#535,.F.);
#346=ORIENTED_EDGE('',*,*,#546,.T.);
#347=ORIENTED_EDGE('',*,*,#438,.F.);
#348=ORIENTED_EDGE('',*,*,#545,.T.);
#349=ORIENTED_EDGE('',*,*,#472,.F.);
#350=ORIENTED_EDGE('',*,*,#547,.T.);
#351=ORIENTED_EDGE('',*,*,#462,.F.);
#352=ORIENTED_EDGE('',*,*,#546,.F.);
#353=ORIENTED_EDGE('',*,*,#442,.F.);
#354=ORIENTED_EDGE('',*,*,#548,.T.);
#355=ORIENTED_EDGE('',*,*,#439,.F.);
#356=ORIENTED_EDGE('',*,*,#547,.F.);
#357=ORIENTED_EDGE('',*,*,#471,.F.);
#358=ORIENTED_EDGE('',*,*,#549,.T.);
#359=ORIENTED_EDGE('',*,*,#502,.F.);
#360=ORIENTED_EDGE('',*,*,#548,.F.);
#361=ORIENTED_EDGE('',*,*,#491,.F.);
#362=ORIENTED_EDGE('',*,*,#550,.F.);
#363=ORIENTED_EDGE('',*,*,#440,.F.);
#364=ORIENTED_EDGE('',*,*,#549,.F.);
#365=ORIENTED_EDGE('',*,*,#470,.F.);
#366=ORIENTED_EDGE('',*,*,#551,.T.);
#367=ORIENTED_EDGE('',*,*,#500,.F.);
#368=ORIENTED_EDGE('',*,*,#550,.T.);
#369=ORIENTED_EDGE('',*,*,#494,.F.);
#370=ORIENTED_EDGE('',*,*,#552,.F.);
#371=ORIENTED_EDGE('',*,*,#430,.F.);
#372=ORIENTED_EDGE('',*,*,#529,.F.);
#373=ORIENTED_EDGE('',*,*,#532,.F.);
#374=ORIENTED_EDGE('',*,*,#530,.F.);
#375=ORIENTED_EDGE('',*,*,#431,.F.);
#376=ORIENTED_EDGE('',*,*,#552,.T.);
#377=ORIENTED_EDGE('',*,*,#496,.F.);
#378=ORIENTED_EDGE('',*,*,#551,.F.);
#379=ORIENTED_EDGE('',*,*,#469,.F.);
#380=ORIENTED_EDGE('',*,*,#511,.F.);
#381=ORIENTED_EDGE('',*,*,#504,.F.);
#382=ORIENTED_EDGE('',*,*,#553,.F.);
#383=ORIENTED_EDGE('',*,*,#554,.T.);
#384=ORIENTED_EDGE('',*,*,#555,.T.);
#385=ORIENTED_EDGE('',*,*,#556,.F.);
#386=ORIENTED_EDGE('',*,*,#557,.F.);
#387=ORIENTED_EDGE('',*,*,#558,.T.);
#388=ORIENTED_EDGE('',*,*,#553,.T.);
#389=ORIENTED_EDGE('',*,*,#559,.T.);
#390=ORIENTED_EDGE('',*,*,#560,.F.);
#391=ORIENTED_EDGE('',*,*,#561,.T.);
#392=ORIENTED_EDGE('',*,*,#562,.F.);
#393=ORIENTED_EDGE('',*,*,#555,.F.);
#394=ORIENTED_EDGE('',*,*,#563,.F.);
#395=ORIENTED_EDGE('',*,*,#560,.T.);
#396=ORIENTED_EDGE('',*,*,#554,.F.);
#397=ORIENTED_EDGE('',*,*,#558,.F.);
#398=ORIENTED_EDGE('',*,*,#564,.F.);
#399=ORIENTED_EDGE('',*,*,#559,.F.);
#400=ORIENTED_EDGE('',*,*,#556,.T.);
#401=ORIENTED_EDGE('',*,*,#562,.T.);
#402=ORIENTED_EDGE('',*,*,#563,.T.);
#403=ORIENTED_EDGE('',*,*,#557,.T.);
#404=ORIENTED_EDGE('',*,*,#564,.T.);
#405=ORIENTED_EDGE('',*,*,#561,.F.);
#406=ORIENTED_EDGE('',*,*,#565,.T.);
#407=ORIENTED_EDGE('',*,*,#566,.T.);
#408=ORIENTED_EDGE('',*,*,#567,.F.);
#409=ORIENTED_EDGE('',*,*,#568,.F.);
#410=ORIENTED_EDGE('',*,*,#569,.F.);
#411=ORIENTED_EDGE('',*,*,#570,.T.);
#412=ORIENTED_EDGE('',*,*,#571,.T.);
#413=ORIENTED_EDGE('',*,*,#572,.F.);
#414=ORIENTED_EDGE('',*,*,#571,.F.);
#415=ORIENTED_EDGE('',*,*,#573,.T.);
#416=ORIENTED_EDGE('',*,*,#565,.F.);
#417=ORIENTED_EDGE('',*,*,#574,.T.);
#418=ORIENTED_EDGE('',*,*,#567,.T.);
#419=ORIENTED_EDGE('',*,*,#575,.T.);
#420=ORIENTED_EDGE('',*,*,#569,.T.);
#421=ORIENTED_EDGE('',*,*,#576,.F.);
#422=ORIENTED_EDGE('',*,*,#568,.T.);
#423=ORIENTED_EDGE('',*,*,#576,.T.);
#424=ORIENTED_EDGE('',*,*,#572,.T.);
#425=ORIENTED_EDGE('',*,*,#574,.F.);
#426=ORIENTED_EDGE('',*,*,#570,.F.);
#427=ORIENTED_EDGE('',*,*,#575,.F.);
#428=ORIENTED_EDGE('',*,*,#566,.F.);
#429=ORIENTED_EDGE('',*,*,#573,.F.);
#430=EDGE_CURVE('',#577,#578,#939,.F.);
#431=EDGE_CURVE('',#578,#579,#940,.F.);
#432=EDGE_CURVE('',#579,#580,#1137,.F.);
#433=EDGE_CURVE('',#581,#580,#941,.F.);
#434=EDGE_CURVE('',#581,#582,#1138,.F.);
#435=EDGE_CURVE('',#582,#583,#1139,.T.);
#436=EDGE_CURVE('',#583,#584,#942,.T.);
#437=EDGE_CURVE('',#584,#585,#943,.F.);
#438=EDGE_CURVE('',#585,#586,#944,.T.);
#439=EDGE_CURVE('',#586,#587,#1140,.T.);
#440=EDGE_CURVE('',#587,#577,#945,.T.);
#441=EDGE_CURVE('',#588,#589,#1141,.T.);
#442=EDGE_CURVE('',#588,#590,#1142,.T.);
#443=EDGE_CURVE('',#590,#591,#1143,.T.);
#444=EDGE_CURVE('',#589,#591,#1144,.F.);
#445=EDGE_CURVE('',#592,#592,#946,.F.);
#446=EDGE_CURVE('',#593,#594,#103,.T.);
#447=EDGE_CURVE('',#594,#595,#947,.F.);
#448=EDGE_CURVE('',#595,#596,#104,.T.);
#449=EDGE_CURVE('',#596,#597,#948,.T.);
#450=EDGE_CURVE('',#597,#581,#105,.T.);
#451=EDGE_CURVE('',#580,#598,#106,.T.);
#452=EDGE_CURVE('',#598,#593,#949,.T.);
#453=EDGE_CURVE('',#599,#600,#1145,.F.);
#454=EDGE_CURVE('',#600,#601,#107,.T.);
#455=EDGE_CURVE('',#601,#602,#1146,.T.);
#456=EDGE_CURVE('',#599,#602,#108,.F.);
#457=EDGE_CURVE('',#603,#604,#1147,.F.);
#458=EDGE_CURVE('',#604,#605,#1148,.T.);
#459=EDGE_CURVE('',#606,#605,#1149,.F.);
#460=EDGE_CURVE('',#603,#606,#1150,.F.);
#461=EDGE_CURVE('',#607,#608,#1151,.F.);
#462=EDGE_CURVE('',#608,#609,#109,.T.);
#463=EDGE_CURVE('',#609,#610,#1152,.T.);
#464=EDGE_CURVE('',#610,#607,#110,.T.);
#465=EDGE_CURVE('',#611,#612,#950,.T.);
#466=EDGE_CURVE('',#612,#613,#111,.T.);
#467=EDGE_CURVE('',#613,#595,#1153,.F.);
#468=EDGE_CURVE('',#594,#614,#1154,.F.);
#469=EDGE_CURVE('',#614,#615,#951,.F.);
#470=EDGE_CURVE('',#615,#616,#952,.F.);
#471=EDGE_CURVE('',#616,#617,#953,.T.);
#472=EDGE_CURVE('',#617,#618,#112,.T.);
#473=EDGE_CURVE('',#618,#619,#954,.T.);
#474=EDGE_CURVE('',#619,#611,#955,.F.);
#475=EDGE_CURVE('',#620,#621,#1155,.T.);
#476=EDGE_CURVE('',#622,#620,#1156,.F.);
#477=EDGE_CURVE('',#623,#622,#1157,.F.);
#478=EDGE_CURVE('',#623,#621,#1158,.F.);
#479=EDGE_CURVE('',#624,#625,#1159,.F.);
#480=EDGE_CURVE('',#626,#625,#1160,.F.);
#481=EDGE_CURVE('',#626,#627,#1161,.T.);
#482=EDGE_CURVE('',#627,#624,#1162,.F.);
#483=EDGE_CURVE('',#625,#626,#956,.T.);
#484=EDGE_CURVE('',#624,#623,#957,.F.);
#485=EDGE_CURVE('',#620,#622,#958,.T.);
#486=EDGE_CURVE('',#621,#627,#959,.F.);
#487=EDGE_CURVE('',#628,#628,#960,.T.);
#488=EDGE_CURVE('',#605,#600,#961,.T.);
#489=EDGE_CURVE('',#606,#599,#962,.F.);
#490=EDGE_CURVE('',#629,#630,#1163,.T.);
#491=EDGE_CURVE('',#629,#588,#963,.F.);
#492=EDGE_CURVE('',#589,#630,#964,.T.);
#493=EDGE_CURVE('',#631,#632,#1164,.T.);
#494=EDGE_CURVE('',#631,#629,#965,.T.);
#495=EDGE_CURVE('',#630,#632,#966,.T.);
#496=EDGE_CURVE('',#633,#631,#967,.T.);
#497=EDGE_CURVE('',#632,#634,#968,.T.);
#498=EDGE_CURVE('',#633,#634,#1165,.T.);
#499=EDGE_CURVE('',#635,#636,#1166,.T.);
#500=EDGE_CURVE('',#635,#633,#969,.T.);
#501=EDGE_CURVE('',#634,#636,#970,.T.);
#502=EDGE_CURVE('',#609,#635,#971,.F.);
#503=EDGE_CURVE('',#636,#610,#972,.T.);
#504=EDGE_CURVE('',#637,#637,#973,.F.);
#505=EDGE_CURVE('',#591,#638,#974,.F.);
#506=EDGE_CURVE('',#638,#639,#975,.T.);
#507=EDGE_CURVE('',#639,#603,#976,.F.);
#508=EDGE_CURVE('',#602,#640,#977,.F.);
#509=EDGE_CURVE('',#640,#641,#978,.T.);
#510=EDGE_CURVE('',#641,#607,#979,.F.);
#511=EDGE_CURVE('',#642,#642,#980,.T.);
#512=EDGE_CURVE('',#643,#643,#981,.T.);
#513=EDGE_CURVE('',#640,#644,#1167,.T.);
#514=EDGE_CURVE('',#644,#645,#982,.T.);
#515=EDGE_CURVE('',#645,#641,#1168,.F.);
#516=EDGE_CURVE('',#638,#646,#1169,.T.);
#517=EDGE_CURVE('',#646,#647,#983,.T.);
#518=EDGE_CURVE('',#647,#639,#1170,.F.);
#519=EDGE_CURVE('',#596,#648,#1171,.T.);
#520=EDGE_CURVE('',#648,#649,#984,.T.);
#521=EDGE_CURVE('',#649,#597,#1172,.T.);
#522=EDGE_CURVE('',#650,#649,#1173,.T.);
#523=EDGE_CURVE('',#650,#582,#1174,.F.);
#524=EDGE_CURVE('',#613,#651,#113,.T.);
#525=EDGE_CURVE('',#651,#648,#1175,.T.);
#526=EDGE_CURVE('',#651,#652,#985,.F.);
#527=EDGE_CURVE('',#652,#650,#80,.F.);
#528=EDGE_CURVE('',#653,#593,#1176,.T.);
#529=EDGE_CURVE('',#653,#614,#114,.T.);
#530=EDGE_CURVE('',#579,#654,#115,.T.);
#531=EDGE_CURVE('',#598,#654,#1177,.T.);
#532=EDGE_CURVE('',#654,#653,#986,.T.);
#533=EDGE_CURVE('',#645,#608,#987,.F.);
#534=EDGE_CURVE('',#647,#604,#988,.F.);
#535=EDGE_CURVE('',#590,#646,#989,.F.);
#536=EDGE_CURVE('',#601,#644,#990,.F.);
#537=EDGE_CURVE('',#652,#605,#1178,.T.);
#538=EDGE_CURVE('',#651,#600,#116,.F.);
#539=EDGE_CURVE('',#612,#601,#117,.F.);
#540=EDGE_CURVE('',#583,#604,#1179,.T.);
#541=EDGE_CURVE('',#611,#644,#1180,.F.);
#542=EDGE_CURVE('',#647,#584,#1181,.F.);
#543=EDGE_CURVE('',#645,#619,#1182,.T.);
#544=EDGE_CURVE('',#646,#585,#1183,.F.);
#545=EDGE_CURVE('',#608,#618,#118,.F.);
#546=EDGE_CURVE('',#590,#586,#1184,.F.);
#547=EDGE_CURVE('',#617,#609,#119,.F.);
#548=EDGE_CURVE('',#588,#587,#1185,.F.);
#549=EDGE_CURVE('',#616,#635,#1186,.F.);
#550=EDGE_CURVE('',#577,#629,#1187,.T.);
#551=EDGE_CURVE('',#615,#633,#1188,.F.);
#552=EDGE_CURVE('',#578,#631,#1189,.T.);
#553=EDGE_CURVE('',#655,#656,#991,.F.);
#554=EDGE_CURVE('',#655,#657,#1190,.F.);
#555=EDGE_CURVE('',#657,#658,#992,.F.);
#556=EDGE_CURVE('',#656,#658,#1191,.F.);
#557=EDGE_CURVE('',#659,#660,#993,.F.);
#558=EDGE_CURVE('',#659,#655,#1192,.F.);
#559=EDGE_CURVE('',#656,#660,#1193,.F.);
#560=EDGE_CURVE('',#661,#657,#1194,.F.);
#561=EDGE_CURVE('',#661,#662,#994,.F.);
#562=EDGE_CURVE('',#658,#662,#1195,.F.);
#563=EDGE_CURVE('',#661,#659,#1196,.T.);
#564=EDGE_CURVE('',#660,#662,#1197,.F.);
#565=EDGE_CURVE('',#663,#664,#1198,.F.);
#566=EDGE_CURVE('',#664,#665,#120,.T.);
#567=EDGE_CURVE('',#666,#665,#1199,.F.);
#568=EDGE_CURVE('',#663,#666,#1200,.T.);
#569=EDGE_CURVE('',#667,#668,#1201,.F.);
#570=EDGE_CURVE('',#667,#669,#121,.T.);
#571=EDGE_CURVE('',#669,#670,#1202,.F.);
#572=EDGE_CURVE('',#668,#670,#1203,.F.);
#573=EDGE_CURVE('',#669,#664,#995,.T.);
#574=EDGE_CURVE('',#663,#670,#996,.F.);
#575=EDGE_CURVE('',#665,#667,#997,.F.);
#576=EDGE_CURVE('',#666,#668,#998,.F.);
#577=VERTEX_POINT('',#1853);
#578=VERTEX_POINT('',#1854);
#579=VERTEX_POINT('',#1856);
#580=VERTEX_POINT('',#1858);
#581=VERTEX_POINT('',#1860);
#582=VERTEX_POINT('',#1862);
#583=VERTEX_POINT('',#1864);
#584=VERTEX_POINT('',#1866);
#585=VERTEX_POINT('',#1868);
#586=VERTEX_POINT('',#1870);
#587=VERTEX_POINT('',#1872);
#588=VERTEX_POINT('',#1876);
#589=VERTEX_POINT('',#1877);
#590=VERTEX_POINT('',#1879);
#591=VERTEX_POINT('',#1881);
#592=VERTEX_POINT('',#1885);
#593=VERTEX_POINT('',#1890);
#594=VERTEX_POINT('',#1891);
#595=VERTEX_POINT('',#1893);
#596=VERTEX_POINT('',#1898);
#597=VERTEX_POINT('',#1900);
#598=VERTEX_POINT('',#1909);
#599=VERTEX_POINT('',#1920);
#600=VERTEX_POINT('',#1921);
#601=VERTEX_POINT('',#1926);
#602=VERTEX_POINT('',#1928);
#603=VERTEX_POINT('',#1935);
#604=VERTEX_POINT('',#1936);
#605=VERTEX_POINT('',#1938);
#606=VERTEX_POINT('',#1940);
#607=VERTEX_POINT('',#1951);
#608=VERTEX_POINT('',#1952);
#609=VERTEX_POINT('',#1957);
#610=VERTEX_POINT('',#1959);
#611=VERTEX_POINT('',#1966);
#612=VERTEX_POINT('',#1967);
#613=VERTEX_POINT('',#1972);
#614=VERTEX_POINT('',#1975);
#615=VERTEX_POINT('',#1977);
#616=VERTEX_POINT('',#1979);
#617=VERTEX_POINT('',#1981);
#618=VERTEX_POINT('',#1986);
#619=VERTEX_POINT('',#1988);
#620=VERTEX_POINT('',#1992);
#621=VERTEX_POINT('',#1993);
#622=VERTEX_POINT('',#1995);
#623=VERTEX_POINT('',#1997);
#624=VERTEX_POINT('',#2001);
#625=VERTEX_POINT('',#2002);
#626=VERTEX_POINT('',#2004);
#627=VERTEX_POINT('',#2006);
#628=VERTEX_POINT('',#2014);
#629=VERTEX_POINT('',#2023);
#630=VERTEX_POINT('',#2024);
#631=VERTEX_POINT('',#2029);
#632=VERTEX_POINT('',#2030);
#633=VERTEX_POINT('',#2035);
#634=VERTEX_POINT('',#2037);
#635=VERTEX_POINT('',#2041);
#636=VERTEX_POINT('',#2042);
#637=VERTEX_POINT('',#2050);
#638=VERTEX_POINT('',#2052);
#639=VERTEX_POINT('',#2054);
#640=VERTEX_POINT('',#2057);
#641=VERTEX_POINT('',#2059);
#642=VERTEX_POINT('',#2063);
#643=VERTEX_POINT('',#2065);
#644=VERTEX_POINT('',#2070);
#645=VERTEX_POINT('',#2072);
#646=VERTEX_POINT('',#2076);
#647=VERTEX_POINT('',#2078);
#648=VERTEX_POINT('',#2082);
#649=VERTEX_POINT('',#2084);
#650=VERTEX_POINT('',#2088);
#651=VERTEX_POINT('',#2095);
#652=VERTEX_POINT('',#2099);
#653=VERTEX_POINT('',#2103);
#654=VERTEX_POINT('',#2113);
#655=VERTEX_POINT('',#2186);
#656=VERTEX_POINT('',#2187);
#657=VERTEX_POINT('',#2189);
#658=VERTEX_POINT('',#2191);
#659=VERTEX_POINT('',#2195);
#660=VERTEX_POINT('',#2196);
#661=VERTEX_POINT('',#2201);
#662=VERTEX_POINT('',#2203);
#663=VERTEX_POINT('',#2212);
#664=VERTEX_POINT('',#2213);
#665=VERTEX_POINT('',#2218);
#666=VERTEX_POINT('',#2220);
#667=VERTEX_POINT('',#2224);
#668=VERTEX_POINT('',#2225);
#669=VERTEX_POINT('',#2230);
#670=VERTEX_POINT('',#2232);
#671=EDGE_LOOP('',(#136,#137,#138,#139,#140,#141,#142,#143,#144,#145,#146));
#672=EDGE_LOOP('',(#147,#148,#149,#150));
#673=EDGE_LOOP('',(#151));
#674=EDGE_LOOP('',(#152,#153,#154,#155,#156,#157,#158,#159));
#675=EDGE_LOOP('',(#160,#161,#162,#163));
#676=EDGE_LOOP('',(#164,#165,#166,#167));
#677=EDGE_LOOP('',(#168,#169,#170,#171));
#678=EDGE_LOOP('',(#172,#173,#174,#175,#176,#177,#178,#179,#180,#181,#182));
#679=EDGE_LOOP('',(#183,#184,#185,#186));
#680=EDGE_LOOP('',(#187,#188,#189,#190));
#681=EDGE_LOOP('',(#191,#192,#193,#194,#195,#196,#197,#198));
#682=EDGE_LOOP('',(#199));
#683=EDGE_LOOP('',(#200,#201,#202,#203));
#684=EDGE_LOOP('',(#204,#205));
#685=EDGE_LOOP('',(#206,#207));
#686=EDGE_LOOP('',(#208,#209,#210,#211));
#687=EDGE_LOOP('',(#212,#213,#214,#215));
#688=EDGE_LOOP('',(#216,#217,#218,#219));
#689=EDGE_LOOP('',(#220,#221,#222,#223));
#690=EDGE_LOOP('',(#224,#225,#226,#227));
#691=EDGE_LOOP('',(#228,#229,#230,#231));
#692=EDGE_LOOP('',(#232));
#693=EDGE_LOOP('',(#233,#234,#235,#236,#237,#238,#239,#240,#241,#242,#243,
#244,#245,#246,#247,#248));
#694=EDGE_LOOP('',(#249));
#695=EDGE_LOOP('',(#250));
#696=EDGE_LOOP('',(#251));
#697=EDGE_LOOP('',(#252));
#698=EDGE_LOOP('',(#253));
#699=EDGE_LOOP('',(#254,#255,#256,#257));
#700=EDGE_LOOP('',(#258,#259,#260,#261));
#701=EDGE_LOOP('',(#262,#263,#264,#265));
#702=EDGE_LOOP('',(#266,#267,#268,#269,#270));
#703=EDGE_LOOP('',(#271,#272,#273,#274,#275));
#704=EDGE_LOOP('',(#276,#277,#278,#279,#280));
#705=EDGE_LOOP('',(#281,#282,#283,#284));
#706=EDGE_LOOP('',(#285,#286,#287,#288));
#707=EDGE_LOOP('',(#289,#290,#291,#292));
#708=EDGE_LOOP('',(#293,#294,#295,#296));
#709=EDGE_LOOP('',(#297,#298,#299,#300));
#710=EDGE_LOOP('',(#301,#302,#303,#304));
#711=EDGE_LOOP('',(#305,#306,#307,#308));
#712=EDGE_LOOP('',(#309,#310,#311,#312));
#713=EDGE_LOOP('',(#313,#314,#315,#316,#317));
#714=EDGE_LOOP('',(#318,#319,#320,#321,#322,#323));
#715=EDGE_LOOP('',(#324,#325,#326,#327));
#716=EDGE_LOOP('',(#328,#329,#330,#331));
#717=EDGE_LOOP('',(#332,#333,#334,#335));
#718=EDGE_LOOP('',(#336,#337,#338,#339));
#719=EDGE_LOOP('',(#340,#341,#342,#343));
#720=EDGE_LOOP('',(#344,#345,#346,#347));
#721=EDGE_LOOP('',(#348,#349,#350,#351));
#722=EDGE_LOOP('',(#352,#353,#354,#355));
#723=EDGE_LOOP('',(#356,#357,#358,#359));
#724=EDGE_LOOP('',(#360,#361,#362,#363));
#725=EDGE_LOOP('',(#364,#365,#366,#367));
#726=EDGE_LOOP('',(#368,#369,#370,#371));
#727=EDGE_LOOP('',(#372,#373,#374,#375,#376,#377,#378,#379));
#728=EDGE_LOOP('',(#380));
#729=EDGE_LOOP('',(#381));
#730=EDGE_LOOP('',(#382,#383,#384,#385));
#731=EDGE_LOOP('',(#386,#387,#388,#389));
#732=EDGE_LOOP('',(#390,#391,#392,#393));
#733=EDGE_LOOP('',(#394,#395,#396,#397));
#734=EDGE_LOOP('',(#398,#399,#400,#401));
#735=EDGE_LOOP('',(#402,#403,#404,#405));
#736=EDGE_LOOP('',(#406,#407,#408,#409));
#737=EDGE_LOOP('',(#410,#411,#412,#413));
#738=EDGE_LOOP('',(#414,#415,#416,#417));
#739=EDGE_LOOP('',(#418,#419,#420,#421));
#740=EDGE_LOOP('',(#422,#423,#424,#425));
#741=EDGE_LOOP('',(#426,#427,#428,#429));
#742=FACE_BOUND('',#671,.T.);
#743=FACE_BOUND('',#672,.T.);
#744=FACE_BOUND('',#673,.T.);
#745=FACE_BOUND('',#674,.T.);
#746=FACE_BOUND('',#675,.T.);
#747=FACE_BOUND('',#676,.T.);
#748=FACE_BOUND('',#677,.T.);
#749=FACE_BOUND('',#678,.T.);
#750=FACE_BOUND('',#679,.T.);
#751=FACE_BOUND('',#680,.T.);
#752=FACE_BOUND('',#681,.T.);
#753=FACE_BOUND('',#682,.T.);
#754=FACE_BOUND('',#683,.T.);
#755=FACE_BOUND('',#684,.T.);
#756=FACE_BOUND('',#685,.T.);
#757=FACE_BOUND('',#686,.T.);
#758=FACE_BOUND('',#687,.T.);
#759=FACE_BOUND('',#688,.T.);
#760=FACE_BOUND('',#689,.T.);
#761=FACE_BOUND('',#690,.T.);
#762=FACE_BOUND('',#691,.T.);
#763=FACE_BOUND('',#692,.T.);
#764=FACE_BOUND('',#693,.T.);
#765=FACE_BOUND('',#694,.T.);
#766=FACE_BOUND('',#695,.T.);
#767=FACE_BOUND('',#696,.T.);
#768=FACE_BOUND('',#697,.T.);
#769=FACE_BOUND('',#698,.T.);
#770=FACE_BOUND('',#699,.T.);
#771=FACE_BOUND('',#700,.T.);
#772=FACE_BOUND('',#701,.T.);
#773=FACE_BOUND('',#702,.T.);
#774=FACE_BOUND('',#703,.T.);
#775=FACE_BOUND('',#704,.T.);
#776=FACE_BOUND('',#705,.T.);
#777=FACE_BOUND('',#706,.T.);
#778=FACE_BOUND('',#707,.T.);
#779=FACE_BOUND('',#708,.T.);
#780=FACE_BOUND('',#709,.T.);
#781=FACE_BOUND('',#710,.T.);
#782=FACE_BOUND('',#711,.T.);
#783=FACE_BOUND('',#712,.T.);
#784=FACE_BOUND('',#713,.T.);
#785=FACE_BOUND('',#714,.T.);
#786=FACE_BOUND('',#715,.T.);
#787=FACE_BOUND('',#716,.T.);
#788=FACE_BOUND('',#717,.T.);
#789=FACE_BOUND('',#718,.T.);
#790=FACE_BOUND('',#719,.T.);
#791=FACE_BOUND('',#720,.T.);
#792=FACE_BOUND('',#721,.T.);
#793=FACE_BOUND('',#722,.T.);
#794=FACE_BOUND('',#723,.T.);
#795=FACE_BOUND('',#724,.T.);
#796=FACE_BOUND('',#725,.T.);
#797=FACE_BOUND('',#726,.T.);
#798=FACE_BOUND('',#727,.T.);
#799=FACE_BOUND('',#728,.T.);
#800=FACE_BOUND('',#729,.T.);
#801=FACE_BOUND('',#730,.T.);
#802=FACE_BOUND('',#731,.T.);
#803=FACE_BOUND('',#732,.T.);
#804=FACE_BOUND('',#733,.T.);
#805=FACE_BOUND('',#734,.T.);
#806=FACE_BOUND('',#735,.T.);
#807=FACE_BOUND('',#736,.T.);
#808=FACE_BOUND('',#737,.T.);
#809=FACE_BOUND('',#738,.T.);
#810=FACE_BOUND('',#739,.T.);
#811=FACE_BOUND('',#740,.T.);
#812=FACE_BOUND('',#741,.T.);
#813=PLANE('',#1309);
#814=PLANE('',#1317);
#815=PLANE('',#1323);
#816=PLANE('',#1324);
#817=PLANE('',#1331);
#818=PLANE('',#1332);
#819=PLANE('',#1339);
#820=PLANE('',#1340);
#821=PLANE('',#1341);
#822=PLANE('',#1360);
#823=PLANE('',#1371);
#824=PLANE('',#1372);
#825=PLANE('',#1377);
#826=PLANE('',#1379);
#827=PLANE('',#1380);
#828=PLANE('',#1384);
#829=PLANE('',#1385);
#830=PLANE('',#1386);
#831=PLANE('',#1397);
#832=PLANE('',#1404);
#833=PLANE('',#1414);
#834=PLANE('',#1416);
#835=PLANE('',#1418);
#836=PLANE('',#1419);
#837=PLANE('',#1421);
#838=PLANE('',#1422);
#839=PLANE('',#1423);
#840=PLANE('',#1426);
#841=ADVANCED_FACE('',(#742),#813,.F.);
#842=ADVANCED_FACE('',(#743),#814,.F.);
#843=ADVANCED_FACE('',(#744,#745),#122,.F.);
#844=ADVANCED_FACE('',(#746),#99,.F.);
#845=ADVANCED_FACE('',(#747),#815,.F.);
#846=ADVANCED_FACE('',(#748),#100,.F.);
#847=ADVANCED_FACE('',(#749),#816,.F.);
#848=ADVANCED_FACE('',(#750),#817,.T.);
#849=ADVANCED_FACE('',(#751),#818,.T.);
#850=ADVANCED_FACE('',(#752,#753),#81,.F.);
#851=ADVANCED_FACE('',(#754),#819,.T.);
#852=ADVANCED_FACE('',(#755),#820,.T.);
#853=ADVANCED_FACE('',(#756),#821,.T.);
#854=ADVANCED_FACE('',(#757),#82,.T.);
#855=ADVANCED_FACE('',(#758),#83,.F.);
#856=ADVANCED_FACE('',(#759),#84,.T.);
#857=ADVANCED_FACE('',(#760),#85,.T.);
#858=ADVANCED_FACE('',(#761),#86,.T.);
#859=ADVANCED_FACE('',(#762),#87,.F.);
#860=ADVANCED_FACE('',(#763,#764),#822,.T.);
#861=ADVANCED_FACE('',(#765,#766),#88,.T.);
#862=ADVANCED_FACE('',(#767,#768),#823,.F.);
#863=ADVANCED_FACE('',(#769),#824,.T.);
#864=ADVANCED_FACE('',(#770),#89,.T.);
#865=ADVANCED_FACE('',(#771),#90,.T.);
#866=ADVANCED_FACE('',(#772),#825,.T.);
#867=ADVANCED_FACE('',(#773),#826,.T.);
#868=ADVANCED_FACE('',(#774),#827,.T.);
#869=ADVANCED_FACE('',(#775),#91,.F.);
#870=ADVANCED_FACE('',(#776),#828,.T.);
#871=ADVANCED_FACE('',(#777),#829,.T.);
#872=ADVANCED_FACE('',(#778),#830,.T.);
#873=ADVANCED_FACE('',(#779),#92,.F.);
#874=ADVANCED_FACE('',(#780),#93,.F.);
#875=ADVANCED_FACE('',(#781),#94,.F.);
#876=ADVANCED_FACE('',(#782),#95,.F.);
#877=ADVANCED_FACE('',(#783),#123,.T.);
#878=ADVANCED_FACE('',(#784),#101,.T.);
#879=ADVANCED_FACE('',(#785),#831,.F.);
#880=ADVANCED_FACE('',(#786),#124,.F.);
#881=ADVANCED_FACE('',(#787),#125,.F.);
#882=ADVANCED_FACE('',(#788),#126,.T.);
#883=ADVANCED_FACE('',(#789),#127,.T.);
#884=ADVANCED_FACE('',(#790),#128,.F.);
#885=ADVANCED_FACE('',(#791),#129,.F.);
#886=ADVANCED_FACE('',(#792),#102,.T.);
#887=ADVANCED_FACE('',(#793),#832,.F.);
#888=ADVANCED_FACE('',(#794),#130,.F.);
#889=ADVANCED_FACE('',(#795),#131,.F.);
#890=ADVANCED_FACE('',(#796),#132,.T.);
#891=ADVANCED_FACE('',(#797),#133,.T.);
#892=ADVANCED_FACE('',(#798),#134,.T.);
#893=ADVANCED_FACE('',(#799,#800),#79,.F.);
#894=ADVANCED_FACE('',(#801),#96,.T.);
#895=ADVANCED_FACE('',(#802),#833,.F.);
#896=ADVANCED_FACE('',(#803),#834,.T.);
#897=ADVANCED_FACE('',(#804),#835,.F.);
#898=ADVANCED_FACE('',(#805),#836,.F.);
#899=ADVANCED_FACE('',(#806),#97,.F.);
#900=ADVANCED_FACE('',(#807),#837,.F.);
#901=ADVANCED_FACE('',(#808),#838,.F.);
#902=ADVANCED_FACE('',(#809),#839,.T.);
#903=ADVANCED_FACE('',(#810),#840,.F.);
#904=ADVANCED_FACE('',(#811),#98,.F.);
#905=ADVANCED_FACE('',(#812),#135,.T.);
#906=CLOSED_SHELL('',(#841,#842,#843,#844,#845,#846,#847,#848,#849,#850,
#851,#852,#853,#854,#855,#856,#857,#858,#859,#860,#861,#862,#863,#864,#865,
#866,#867,#868,#869,#870,#871,#872,#873,#874,#875,#876,#877,#878,#879,#880,
#881,#882,#883,#884,#885,#886,#887,#888,#889,#890,#891,#892,#893));
#907=CLOSED_SHELL('',(#894,#895,#896,#897,#898,#899));
#908=CLOSED_SHELL('',(#900,#901,#902,#903,#904,#905));
#909=SURFACE_STYLE_USAGE(.BOTH.,#912);
#910=SURFACE_STYLE_USAGE(.BOTH.,#913);
#911=SURFACE_STYLE_USAGE(.BOTH.,#914);
#912=SURFACE_SIDE_STYLE('',(#915));
#913=SURFACE_SIDE_STYLE('',(#916));
#914=SURFACE_SIDE_STYLE('',(#917));
#915=SURFACE_STYLE_FILL_AREA(#918);
#916=SURFACE_STYLE_FILL_AREA(#919);
#917=SURFACE_STYLE_FILL_AREA(#920);
#918=FILL_AREA_STYLE('',(#921));
#919=FILL_AREA_STYLE('',(#922));
#920=FILL_AREA_STYLE('',(#923));
#921=FILL_AREA_STYLE_COLOUR('',#1079);
#922=FILL_AREA_STYLE_COLOUR('',#77);
#923=FILL_AREA_STYLE_COLOUR('',#77);
#924=MANIFOLD_SOLID_BREP('Extrude (2)',#906);
#925=MANIFOLD_SOLID_BREP('Extrude (6)',#907);
#926=MANIFOLD_SOLID_BREP('Extrude (12)',#908);
#927=CIRCLE('',#1297,14.95);
#928=CIRCLE('',#1298,16.55);
#929=CIRCLE('',#1299,0.199999999999995);
#930=CIRCLE('',#1300,0.199999999999994);
#931=CIRCLE('',#1301,2.75);
#932=CIRCLE('',#1302,6.34661428173794);
#933=CIRCLE('',#1303,2.);
#934=CIRCLE('',#1304,25.0000000000007);
#935=CIRCLE('',#1305,2.);
#936=CIRCLE('',#1306,6.3466142817379);
#937=CIRCLE('',#1307,0.499999999999999);
#938=CIRCLE('',#1308,4.);
#939=CIRCLE('',#1310,1.6);
#940=CIRCLE('',#1311,24.6);
#941=CIRCLE('',#1312,15.0547623084752);
#942=CIRCLE('',#1313,1.4);
#943=CIRCLE('',#1314,16.15);
#944=CIRCLE('',#1315,1.4);
#945=CIRCLE('',#1316,6.74661428173794);
#946=CIRCLE('',#1319,14.95);
#947=CIRCLE('',#1320,15.0547623084752);
#948=CIRCLE('',#1321,15.0477781545769);
#949=CIRCLE('',#1322,15.0477781545769);
#950=CIRCLE('',#1325,1.4);
#951=CIRCLE('',#1326,24.6);
#952=CIRCLE('',#1327,1.6);
#953=CIRCLE('',#1328,6.74661428173794);
#954=CIRCLE('',#1329,1.4);
#955=CIRCLE('',#1330,16.15);
#956=CIRCLE('',#1334,2.75);
#957=CIRCLE('',#1335,2.75);
#958=CIRCLE('',#1336,2.75);
#959=CIRCLE('',#1337,2.75);
#960=CIRCLE('',#1338,2.75);
#961=CIRCLE('',#1343,0.5);
#962=CIRCLE('',#1344,0.5);
#963=CIRCLE('',#1346,6.34661428173794);
#964=CIRCLE('',#1347,6.34661428173794);
#965=CIRCLE('',#1349,2.);
#966=CIRCLE('',#1350,2.);
#967=CIRCLE('',#1352,25.);
#968=CIRCLE('',#1353,25.);
#969=CIRCLE('',#1355,2.);
#970=CIRCLE('',#1356,2.);
#971=CIRCLE('',#1358,6.34661428173794);
#972=CIRCLE('',#1359,6.34661428173794);
#973=CIRCLE('',#1361,8.);
#974=CIRCLE('',#1362,1.);
#975=CIRCLE('',#1363,16.55);
#976=CIRCLE('',#1364,1.);
#977=CIRCLE('',#1365,1.);
#978=CIRCLE('',#1366,16.55);
#979=CIRCLE('',#1367,1.);
#980=CIRCLE('',#1369,5.);
#981=CIRCLE('',#1370,5.);
#982=CIRCLE('',#1374,16.55);
#983=CIRCLE('',#1376,16.55);
#984=CIRCLE('',#1378,0.199999999999995);
#985=CIRCLE('',#1382,0.199999999999995);
#986=CIRCLE('',#1387,24.8);
#987=CIRCLE('',#1389,1.);
#988=CIRCLE('',#1391,1.);
#989=CIRCLE('',#1393,1.);
#990=CIRCLE('',#1395,1.);
#991=CIRCLE('',#1412,0.199999999999995);
#992=CIRCLE('',#1413,0.199999999999995);
#993=CIRCLE('',#1415,14.95);
#994=CIRCLE('',#1417,14.95);
#995=CIRCLE('',#1424,24.6);
#996=CIRCLE('',#1425,14.95);
#997=CIRCLE('',#1427,24.8);
#998=CIRCLE('',#1428,14.95);
#999=SHAPE_REPRESENTATION_RELATIONSHIP('','',#1295,#1001);
#1000=SHAPE_REPRESENTATION_RELATIONSHIP('','',#1295,#78);
#1001=GEOMETRICALLY_BOUNDED_WIREFRAME_SHAPE_REPRESENTATION('',(#1282,#1283,
#1284,#1285,#1286,#1287,#1288,#1289,#1290,#1291,#1292,#1293),#2267);
#1002=STYLED_ITEM('',(#1028),#1103);
#1003=STYLED_ITEM('',(#1029),#1104);
#1004=STYLED_ITEM('',(#1030),#1105);
#1005=STYLED_ITEM('',(#1031),#1106);
#1006=STYLED_ITEM('',(#1032),#1107);
#1007=STYLED_ITEM('',(#1033),#1108);
#1008=STYLED_ITEM('',(#1034),#1109);
#1009=STYLED_ITEM('',(#1035),#1110);
#1010=STYLED_ITEM('',(#1036),#1111);
#1011=STYLED_ITEM('',(#1037),#1112);
#1012=STYLED_ITEM('',(#1038),#1113);
#1013=STYLED_ITEM('',(#1039),#1114);
#1014=STYLED_ITEM('',(#1040),#1115);
#1015=STYLED_ITEM('',(#1041),#1116);
#1016=STYLED_ITEM('',(#1042),#1117);
#1017=STYLED_ITEM('',(#1043),#1118);
#1018=STYLED_ITEM('',(#1044),#1119);
#1019=STYLED_ITEM('',(#1045),#1120);
#1020=STYLED_ITEM('',(#1046),#1121);
#1021=STYLED_ITEM('',(#1047),#1122);
#1022=STYLED_ITEM('',(#1048),#1123);
#1023=STYLED_ITEM('',(#1049),#1124);
#1024=STYLED_ITEM('',(#1050),#1125);
#1025=STYLED_ITEM('',(#1051),#924);
#1026=STYLED_ITEM('',(#1052),#925);
#1027=STYLED_ITEM('',(#1053),#926);
#1028=PRESENTATION_STYLE_ASSIGNMENT((#1054));
#1029=PRESENTATION_STYLE_ASSIGNMENT((#1055));
#1030=PRESENTATION_STYLE_ASSIGNMENT((#1056));
#1031=PRESENTATION_STYLE_ASSIGNMENT((#1057));
#1032=PRESENTATION_STYLE_ASSIGNMENT((#1058));
#1033=PRESENTATION_STYLE_ASSIGNMENT((#1059));
#1034=PRESENTATION_STYLE_ASSIGNMENT((#1060));
#1035=PRESENTATION_STYLE_ASSIGNMENT((#1061));
#1036=PRESENTATION_STYLE_ASSIGNMENT((#1062));
#1037=PRESENTATION_STYLE_ASSIGNMENT((#1063));
#1038=PRESENTATION_STYLE_ASSIGNMENT((#1064));
#1039=PRESENTATION_STYLE_ASSIGNMENT((#1065));
#1040=PRESENTATION_STYLE_ASSIGNMENT((#1066));
#1041=PRESENTATION_STYLE_ASSIGNMENT((#1067));
#1042=PRESENTATION_STYLE_ASSIGNMENT((#1068));
#1043=PRESENTATION_STYLE_ASSIGNMENT((#1069));
#1044=PRESENTATION_STYLE_ASSIGNMENT((#1070));
#1045=PRESENTATION_STYLE_ASSIGNMENT((#1071));
#1046=PRESENTATION_STYLE_ASSIGNMENT((#1072));
#1047=PRESENTATION_STYLE_ASSIGNMENT((#1073));
#1048=PRESENTATION_STYLE_ASSIGNMENT((#1074));
#1049=PRESENTATION_STYLE_ASSIGNMENT((#1075));
#1050=PRESENTATION_STYLE_ASSIGNMENT((#1076));
#1051=PRESENTATION_STYLE_ASSIGNMENT((#909));
#1052=PRESENTATION_STYLE_ASSIGNMENT((#910));
#1053=PRESENTATION_STYLE_ASSIGNMENT((#911));
#1054=CURVE_STYLE('',#1080,POSITIVE_LENGTH_MEASURE(0.352777777777778),#1077);
#1055=CURVE_STYLE('',#1081,POSITIVE_LENGTH_MEASURE(0.352777777777778),#1077);
#1056=CURVE_STYLE('',#1082,POSITIVE_LENGTH_MEASURE(0.352777777777778),#1077);
#1057=CURVE_STYLE('',#1083,POSITIVE_LENGTH_MEASURE(0.352777777777778),#1077);
#1058=CURVE_STYLE('',#1084,POSITIVE_LENGTH_MEASURE(0.352777777777778),#1077);
#1059=CURVE_STYLE('',#1085,POSITIVE_LENGTH_MEASURE(0.352777777777778),#1077);
#1060=CURVE_STYLE('',#1086,POSITIVE_LENGTH_MEASURE(0.352777777777778),#1077);
#1061=CURVE_STYLE('',#1087,POSITIVE_LENGTH_MEASURE(0.352777777777778),#1077);
#1062=CURVE_STYLE('',#1088,POSITIVE_LENGTH_MEASURE(0.352777777777778),#1077);
#1063=CURVE_STYLE('',#1089,POSITIVE_LENGTH_MEASURE(0.352777777777778),#1078);
#1064=CURVE_STYLE('',#1090,POSITIVE_LENGTH_MEASURE(0.352777777777778),#1078);
#1065=CURVE_STYLE('',#1091,POSITIVE_LENGTH_MEASURE(0.352777777777778),#1078);
#1066=CURVE_STYLE('',#1092,POSITIVE_LENGTH_MEASURE(0.352777777777778),#1078);
#1067=CURVE_STYLE('',#1093,POSITIVE_LENGTH_MEASURE(0.352777777777778),#1077);
#1068=CURVE_STYLE('',#1094,POSITIVE_LENGTH_MEASURE(0.352777777777778),#1077);
#1069=CURVE_STYLE('',#1095,POSITIVE_LENGTH_MEASURE(0.352777777777778),#1077);
#1070=CURVE_STYLE('',#1096,POSITIVE_LENGTH_MEASURE(0.352777777777778),#1077);
#1071=CURVE_STYLE('',#1097,POSITIVE_LENGTH_MEASURE(0.352777777777778),#1077);
#1072=CURVE_STYLE('',#1098,POSITIVE_LENGTH_MEASURE(0.352777777777778),#1077);
#1073=CURVE_STYLE('',#1099,POSITIVE_LENGTH_MEASURE(0.352777777777778),#1077);
#1074=CURVE_STYLE('',#1100,POSITIVE_LENGTH_MEASURE(0.352777777777778),#1078);
#1075=CURVE_STYLE('',#1101,POSITIVE_LENGTH_MEASURE(0.352777777777778),#1078);
#1076=CURVE_STYLE('',#1102,POSITIVE_LENGTH_MEASURE(0.352777777777778),#1078);
#1077=COLOUR_RGB('',0.545098066329956,0.52549022436142,0.419607847929001);
#1078=COLOUR_RGB('',0.200000002980232,0.600000023841858,1.);
#1079=COLOUR_RGB('',1.,0.862745098039216,0.227450980392157);
#1080=DRAUGHTING_PRE_DEFINED_CURVE_FONT('continuous');
#1081=DRAUGHTING_PRE_DEFINED_CURVE_FONT('continuous');
#1082=DRAUGHTING_PRE_DEFINED_CURVE_FONT('continuous');
#1083=DRAUGHTING_PRE_DEFINED_CURVE_FONT('continuous');
#1084=DRAUGHTING_PRE_DEFINED_CURVE_FONT('continuous');
#1085=DRAUGHTING_PRE_DEFINED_CURVE_FONT('continuous');
#1086=DRAUGHTING_PRE_DEFINED_CURVE_FONT('continuous');
#1087=DRAUGHTING_PRE_DEFINED_CURVE_FONT('continuous');
#1088=DRAUGHTING_PRE_DEFINED_CURVE_FONT('chain double dash');
#1089=DRAUGHTING_PRE_DEFINED_CURVE_FONT('continuous');
#1090=DRAUGHTING_PRE_DEFINED_CURVE_FONT('continuous');
#1091=DRAUGHTING_PRE_DEFINED_CURVE_FONT('continuous');
#1092=DRAUGHTING_PRE_DEFINED_CURVE_FONT('continuous');
#1093=DRAUGHTING_PRE_DEFINED_CURVE_FONT('continuous');
#1094=DRAUGHTING_PRE_DEFINED_CURVE_FONT('continuous');
#1095=DRAUGHTING_PRE_DEFINED_CURVE_FONT('continuous');
#1096=DRAUGHTING_PRE_DEFINED_CURVE_FONT('continuous');
#1097=DRAUGHTING_PRE_DEFINED_CURVE_FONT('continuous');
#1098=DRAUGHTING_PRE_DEFINED_CURVE_FONT('continuous');
#1099=DRAUGHTING_PRE_DEFINED_CURVE_FONT('continuous');
#1100=DRAUGHTING_PRE_DEFINED_CURVE_FONT('continuous');
#1101=DRAUGHTING_PRE_DEFINED_CURVE_FONT('continuous');
#1102=DRAUGHTING_PRE_DEFINED_CURVE_FONT('continuous');
#1103=TRIMMED_CURVE('Line30',#1126,(PARAMETER_VALUE(0.)),(
PARAMETER_VALUE(0.0249991999871996)),.T.,.PARAMETER.);
#1104=TRIMMED_CURVE('Line29',#1127,(PARAMETER_VALUE(0.)),(
PARAMETER_VALUE(0.0249991999871996)),.T.,.PARAMETER.);
#1105=TRIMMED_CURVE('Arc11',#927,(PARAMETER_VALUE(0.)),(
PARAMETER_VALUE(6.28318530717959)),.T.,.PARAMETER.);
#1106=TRIMMED_CURVE('Arc10',#928,(PARAMETER_VALUE(0.)),(
PARAMETER_VALUE(6.28318530717959)),.T.,.PARAMETER.);
#1107=TRIMMED_CURVE('Arc7',#929,(PARAMETER_VALUE(3.70180730094966E-16)),
(PARAMETER_VALUE(3.14159265358979)),.T.,.PARAMETER.);
#1108=TRIMMED_CURVE('Line25',#1128,(PARAMETER_VALUE(0.)),(
PARAMETER_VALUE(0.06)),.T.,.PARAMETER.);
#1109=TRIMMED_CURVE('Arc8',#930,(PARAMETER_VALUE(3.30291349825993E-14)),
(PARAMETER_VALUE(3.14159265358969)),.T.,.PARAMETER.);
#1110=TRIMMED_CURVE('Line24',#1129,(PARAMETER_VALUE(0.)),(
PARAMETER_VALUE(0.06)),.T.,.PARAMETER.);
#1111=TRIMMED_CURVE('Line23',#1130,(PARAMETER_VALUE(0.)),(
PARAMETER_VALUE(0.06)),.T.,.PARAMETER.);
#1112=TRIMMED_CURVE('Line22',#1131,(PARAMETER_VALUE(0.)),(
PARAMETER_VALUE(0.00432319326424346)),.T.,.PARAMETER.);
#1113=TRIMMED_CURVE('Line21',#1132,(PARAMETER_VALUE(0.)),(
PARAMETER_VALUE(0.00432319326424346)),.T.,.PARAMETER.);
#1114=TRIMMED_CURVE('Arc6',#931,(PARAMETER_VALUE(6.56567026495649E-33)),
(PARAMETER_VALUE(6.28318530717959)),.T.,.PARAMETER.);
#1115=TRIMMED_CURVE('Line20',#1133,(PARAMETER_VALUE(-3.52169616961151E-21)),
(PARAMETER_VALUE(0.0598978296768757)),.T.,.PARAMETER.);
#1116=TRIMMED_CURVE('Line26',#1134,(PARAMETER_VALUE(0.)),(
PARAMETER_VALUE(0.0169633424937413)),.T.,.PARAMETER.);
#1117=TRIMMED_CURVE('Arc14',#932,(PARAMETER_VALUE(1.02498950560639E-16)),
(PARAMETER_VALUE(0.743483078205905)),.T.,.PARAMETER.);
#1118=TRIMMED_CURVE('Arc16',#933,(PARAMETER_VALUE(1.54498809579187E-15)),
(PARAMETER_VALUE(2.13052787076389)),.T.,.PARAMETER.);
#1119=TRIMMED_CURVE('Arc12',#934,(PARAMETER_VALUE(0.)),(
PARAMETER_VALUE(0.482940512959784)),.T.,.PARAMETER.);
#1120=TRIMMED_CURVE('Arc15',#935,(PARAMETER_VALUE(0.)),(
PARAMETER_VALUE(2.12817175318818)),.T.,.PARAMETER.);
#1121=TRIMMED_CURVE('Arc13',#936,(PARAMETER_VALUE(1.36665267414186E-16)),
(PARAMETER_VALUE(0.739944746814313)),.T.,.PARAMETER.);
#1122=TRIMMED_CURVE('Line28',#1135,(PARAMETER_VALUE(0.)),(
PARAMETER_VALUE(0.0167571890731234)),.T.,.PARAMETER.);
#1123=TRIMMED_CURVE('Line19',#1136,(PARAMETER_VALUE(0.)),(
PARAMETER_VALUE(0.0601311067584824)),.T.,.PARAMETER.);
#1124=TRIMMED_CURVE('Arc5',#937,(PARAMETER_VALUE(0.)),(
PARAMETER_VALUE(6.28318530717959)),.T.,.PARAMETER.);
#1125=TRIMMED_CURVE('Arc4',#938,(PARAMETER_VALUE(0.)),(
PARAMETER_VALUE(6.28318530717959)),.T.,.PARAMETER.);
#1126=LINE('',#1828,#1204);
#1127=LINE('',#1829,#1205);
#1128=LINE('',#1833,#1206);
#1129=LINE('',#1835,#1207);
#1130=LINE('',#1836,#1208);
#1131=LINE('',#1837,#1209);
#1132=LINE('',#1838,#1210);
#1133=LINE('',#1840,#1211);
#1134=LINE('',#1841,#1212);
#1135=LINE('',#1847,#1213);
#1136=LINE('',#1848,#1214);
#1137=LINE('',#1857,#1215);
#1138=LINE('',#1861,#1216);
#1139=LINE('',#1863,#1217);
#1140=LINE('',#1871,#1218);
#1141=LINE('',#1875,#1219);
#1142=LINE('',#1878,#1220);
#1143=LINE('',#1880,#1221);
#1144=LINE('',#1882,#1222);
#1145=LINE('',#1919,#1223);
#1146=LINE('',#1927,#1224);
#1147=LINE('',#1934,#1225);
#1148=LINE('',#1937,#1226);
#1149=LINE('',#1939,#1227);
#1150=LINE('',#1941,#1228);
#1151=LINE('',#1950,#1229);
#1152=LINE('',#1958,#1230);
#1153=LINE('',#1973,#1231);
#1154=LINE('',#1974,#1232);
#1155=LINE('',#1991,#1233);
#1156=LINE('',#1994,#1234);
#1157=LINE('',#1996,#1235);
#1158=LINE('',#1998,#1236);
#1159=LINE('',#2000,#1237);
#1160=LINE('',#2003,#1238);
#1161=LINE('',#2005,#1239);
#1162=LINE('',#2007,#1240);
#1163=LINE('',#2022,#1241);
#1164=LINE('',#2028,#1242);
#1165=LINE('',#2038,#1243);
#1166=LINE('',#2040,#1244);
#1167=LINE('',#2069,#1245);
#1168=LINE('',#2073,#1246);
#1169=LINE('',#2075,#1247);
#1170=LINE('',#2079,#1248);
#1171=LINE('',#2081,#1249);
#1172=LINE('',#2085,#1250);
#1173=LINE('',#2087,#1251);
#1174=LINE('',#2089,#1252);
#1175=LINE('',#2096,#1253);
#1176=LINE('',#2102,#1254);
#1177=LINE('',#2114,#1255);
#1178=LINE('',#2126,#1256);
#1179=LINE('',#2144,#1257);
#1180=LINE('',#2146,#1258);
#1181=LINE('',#2148,#1259);
#1182=LINE('',#2150,#1260);
#1183=LINE('',#2152,#1261);
#1184=LINE('',#2159,#1262);
#1185=LINE('',#2173,#1263);
#1186=LINE('',#2175,#1264);
#1187=LINE('',#2177,#1265);
#1188=LINE('',#2179,#1266);
#1189=LINE('',#2181,#1267);
#1190=LINE('',#2188,#1268);
#1191=LINE('',#2192,#1269);
#1192=LINE('',#2197,#1270);
#1193=LINE('',#2198,#1271);
#1194=LINE('',#2200,#1272);
#1195=LINE('',#2204,#1273);
#1196=LINE('',#2206,#1274);
#1197=LINE('',#2208,#1275);
#1198=LINE('',#2211,#1276);
#1199=LINE('',#2219,#1277);
#1200=LINE('',#2221,#1278);
#1201=LINE('',#2223,#1279);
#1202=LINE('',#2231,#1280);
#1203=LINE('',#2233,#1281);
#1204=VECTOR('',#1449,1000.);
#1205=VECTOR('',#1450,1000.);
#1206=VECTOR('',#1457,1000.);
#1207=VECTOR('',#1460,1000.);
#1208=VECTOR('',#1461,1000.);
#1209=VECTOR('',#1462,1000.);
#1210=VECTOR('',#1463,1000.);
#1211=VECTOR('',#1466,1000.);
#1212=VECTOR('',#1467,1000.);
#1213=VECTOR('',#1478,1000.);
#1214=VECTOR('',#1479,1000.);
#1215=VECTOR('',#1490,1000.);
#1216=VECTOR('',#1493,1000.);
#1217=VECTOR('',#1494,1000.);
#1218=VECTOR('',#1501,1000.);
#1219=VECTOR('',#1506,1000.);
#1220=VECTOR('',#1507,1000.);
#1221=VECTOR('',#1508,1000.);
#1222=VECTOR('',#1509,1000.);
#1223=VECTOR('',#1520,1000.);
#1224=VECTOR('',#1521,1000.);
#1225=VECTOR('',#1524,1000.);
#1226=VECTOR('',#1525,1000.);
#1227=VECTOR('',#1526,1000.);
#1228=VECTOR('',#1527,1000.);
#1229=VECTOR('',#1528,1000.);
#1230=VECTOR('',#1529,1000.);
#1231=VECTOR('',#1534,1000.);
#1232=VECTOR('',#1535,1000.);
#1233=VECTOR('',#1548,1000.);
#1234=VECTOR('',#1549,1000.);
#1235=VECTOR('',#1550,1000.);
#1236=VECTOR('',#1551,1000.);
#1237=VECTOR('',#1554,1000.);
#1238=VECTOR('',#1555,1000.);
#1239=VECTOR('',#1556,1000.);
#1240=VECTOR('',#1557,1000.);
#1241=VECTOR('',#1584,1000.);
#1242=VECTOR('',#1591,1000.);
#1243=VECTOR('',#1602,1000.);
#1244=VECTOR('',#1605,1000.);
#1245=VECTOR('',#1644,1000.);
#1246=VECTOR('',#1647,1000.);
#1247=VECTOR('',#1650,1000.);
#1248=VECTOR('',#1653,1000.);
#1249=VECTOR('',#1656,1000.);
#1250=VECTOR('',#1659,1000.);
#1251=VECTOR('',#1662,1000.);
#1252=VECTOR('',#1663,1000.);
#1253=VECTOR('',#1666,1000.);
#1254=VECTOR('',#1675,1000.);
#1255=VECTOR('',#1678,1000.);
#1256=VECTOR('',#1701,1000.);
#1257=VECTOR('',#1704,1000.);
#1258=VECTOR('',#1707,1000.);
#1259=VECTOR('',#1710,1000.);
#1260=VECTOR('',#1713,1000.);
#1261=VECTOR('',#1716,1000.);
#1262=VECTOR('',#1721,1000.);
#1263=VECTOR('',#1724,1000.);
#1264=VECTOR('',#1727,1000.);
#1265=VECTOR('',#1730,1000.);
#1266=VECTOR('',#1733,1000.);
#1267=VECTOR('',#1736,1000.);
#1268=VECTOR('',#1745,1000.);
#1269=VECTOR('',#1748,1000.);
#1270=VECTOR('',#1753,1000.);
#1271=VECTOR('',#1754,1000.);
#1272=VECTOR('',#1757,1000.);
#1273=VECTOR('',#1760,1000.);
#1274=VECTOR('',#1763,1000.);
#1275=VECTOR('',#1766,1000.);
#1276=VECTOR('',#1771,1000.);
#1277=VECTOR('',#1772,1000.);
#1278=VECTOR('',#1773,1000.);
#1279=VECTOR('',#1776,1000.);
#1280=VECTOR('',#1777,1000.);
#1281=VECTOR('',#1778,1000.);
#1282=GEOMETRIC_CURVE_SET('',(#1103));
#1283=GEOMETRIC_CURVE_SET('',(#1104));
#1284=GEOMETRIC_CURVE_SET('',(#1105));
#1285=GEOMETRIC_CURVE_SET('',(#1106));
#1286=GEOMETRIC_CURVE_SET('',(#1107,#1108,#1109,#1110));
#1287=GEOMETRIC_CURVE_SET('',(#1111));
#1288=GEOMETRIC_CURVE_SET('',(#1112));
#1289=GEOMETRIC_CURVE_SET('',(#1113));
#1290=GEOMETRIC_CURVE_SET('',(#1114));
#1291=GEOMETRIC_CURVE_SET('',(#1115,#1116,#1117,#1118,#1119,#1120,#1121,
#1122,#1123));
#1292=GEOMETRIC_CURVE_SET('',(#1124));
#1293=GEOMETRIC_CURVE_SET('',(#1125));
#1294=SHAPE_DEFINITION_REPRESENTATION(#2272,#1295);
#1295=SHAPE_REPRESENTATION('Lancetta',(#1296),#2267);
#1296=AXIS2_PLACEMENT_3D('',#1827,#1447,#1448);
#1297=AXIS2_PLACEMENT_3D('',#1830,#1451,#1452);
#1298=AXIS2_PLACEMENT_3D('',#1831,#1453,#1454);
#1299=AXIS2_PLACEMENT_3D('',#1832,#1455,#1456);
#1300=AXIS2_PLACEMENT_3D('',#1834,#1458,#1459);
#1301=AXIS2_PLACEMENT_3D('',#1839,#1464,#1465);
#1302=AXIS2_PLACEMENT_3D('',#1842,#1468,#1469);
#1303=AXIS2_PLACEMENT_3D('',#1843,#1470,#1471);
#1304=AXIS2_PLACEMENT_3D('',#1844,#1472,#1473);
#1305=AXIS2_PLACEMENT_3D('',#1845,#1474,#1475);
#1306=AXIS2_PLACEMENT_3D('',#1846,#1476,#1477);
#1307=AXIS2_PLACEMENT_3D('',#1849,#1480,#1481);
#1308=AXIS2_PLACEMENT_3D('',#1850,#1482,#1483);
#1309=AXIS2_PLACEMENT_3D('',#1851,#1484,#1485);
#1310=AXIS2_PLACEMENT_3D('',#1852,#1486,#1487);
#1311=AXIS2_PLACEMENT_3D('',#1855,#1488,#1489);
#1312=AXIS2_PLACEMENT_3D('',#1859,#1491,#1492);
#1313=AXIS2_PLACEMENT_3D('',#1865,#1495,#1496);
#1314=AXIS2_PLACEMENT_3D('',#1867,#1497,#1498);
#1315=AXIS2_PLACEMENT_3D('',#1869,#1499,#1500);
#1316=AXIS2_PLACEMENT_3D('',#1873,#1502,#1503);
#1317=AXIS2_PLACEMENT_3D('',#1874,#1504,#1505);
#1318=AXIS2_PLACEMENT_3D('',#1883,#1510,#1511);
#1319=AXIS2_PLACEMENT_3D('',#1884,#1512,#1513);
#1320=AXIS2_PLACEMENT_3D('',#1892,#1514,#1515);
#1321=AXIS2_PLACEMENT_3D('',#1899,#1516,#1517);
#1322=AXIS2_PLACEMENT_3D('',#1910,#1518,#1519);
#1323=AXIS2_PLACEMENT_3D('',#1933,#1522,#1523);
#1324=AXIS2_PLACEMENT_3D('',#1964,#1530,#1531);
#1325=AXIS2_PLACEMENT_3D('',#1965,#1532,#1533);
#1326=AXIS2_PLACEMENT_3D('',#1976,#1536,#1537);
#1327=AXIS2_PLACEMENT_3D('',#1978,#1538,#1539);
#1328=AXIS2_PLACEMENT_3D('',#1980,#1540,#1541);
#1329=AXIS2_PLACEMENT_3D('',#1987,#1542,#1543);
#1330=AXIS2_PLACEMENT_3D('',#1989,#1544,#1545);
#1331=AXIS2_PLACEMENT_3D('',#1990,#1546,#1547);
#1332=AXIS2_PLACEMENT_3D('',#1999,#1552,#1553);
#1333=AXIS2_PLACEMENT_3D('',#2008,#1558,#1559);
#1334=AXIS2_PLACEMENT_3D('',#2009,#1560,#1561);
#1335=AXIS2_PLACEMENT_3D('',#2010,#1562,#1563);
#1336=AXIS2_PLACEMENT_3D('',#2011,#1564,#1565);
#1337=AXIS2_PLACEMENT_3D('',#2012,#1566,#1567);
#1338=AXIS2_PLACEMENT_3D('',#2013,#1568,#1569);
#1339=AXIS2_PLACEMENT_3D('',#2015,#1570,#1571);
#1340=AXIS2_PLACEMENT_3D('',#2016,#1572,#1573);
#1341=AXIS2_PLACEMENT_3D('',#2017,#1574,#1575);
#1342=AXIS2_PLACEMENT_3D('',#2018,#1576,#1577);
#1343=AXIS2_PLACEMENT_3D('',#2019,#1578,#1579);
#1344=AXIS2_PLACEMENT_3D('',#2020,#1580,#1581);
#1345=AXIS2_PLACEMENT_3D('',#2021,#1582,#1583);
#1346=AXIS2_PLACEMENT_3D('',#2025,#1585,#1586);
#1347=AXIS2_PLACEMENT_3D('',#2026,#1587,#1588);
#1348=AXIS2_PLACEMENT_3D('',#2027,#1589,#1590);
#1349=AXIS2_PLACEMENT_3D('',#2031,#1592,#1593);
#1350=AXIS2_PLACEMENT_3D('',#2032,#1594,#1595);
#1351=AXIS2_PLACEMENT_3D('',#2033,#1596,#1597);
#1352=AXIS2_PLACEMENT_3D('',#2034,#1598,#1599);
#1353=AXIS2_PLACEMENT_3D('',#2036,#1600,#1601);
#1354=AXIS2_PLACEMENT_3D('',#2039,#1603,#1604);
#1355=AXIS2_PLACEMENT_3D('',#2043,#1606,#1607);
#1356=AXIS2_PLACEMENT_3D('',#2044,#1608,#1609);
#1357=AXIS2_PLACEMENT_3D('',#2045,#1610,#1611);
#1358=AXIS2_PLACEMENT_3D('',#2046,#1612,#1613);
#1359=AXIS2_PLACEMENT_3D('',#2047,#1614,#1615);
#1360=AXIS2_PLACEMENT_3D('',#2048,#1616,#1617);
#1361=AXIS2_PLACEMENT_3D('',#2049,#1618,#1619);
#1362=AXIS2_PLACEMENT_3D('',#2051,#1620,#1621);
#1363=AXIS2_PLACEMENT_3D('',#2053,#1622,#1623);
#1364=AXIS2_PLACEMENT_3D('',#2055,#1624,#1625);
#1365=AXIS2_PLACEMENT_3D('',#2056,#1626,#1627);
#1366=AXIS2_PLACEMENT_3D('',#2058,#1628,#1629);
#1367=AXIS2_PLACEMENT_3D('',#2060,#1630,#1631);
#1368=AXIS2_PLACEMENT_3D('',#2061,#1632,#1633);
#1369=AXIS2_PLACEMENT_3D('',#2062,#1634,#1635);
#1370=AXIS2_PLACEMENT_3D('',#2064,#1636,#1637);
#1371=AXIS2_PLACEMENT_3D('',#2066,#1638,#1639);
#1372=AXIS2_PLACEMENT_3D('',#2067,#1640,#1641);
#1373=AXIS2_PLACEMENT_3D('',#2068,#1642,#1643);
#1374=AXIS2_PLACEMENT_3D('',#2071,#1645,#1646);
#1375=AXIS2_PLACEMENT_3D('',#2074,#1648,#1649);
#1376=AXIS2_PLACEMENT_3D('',#2077,#1651,#1652);
#1377=AXIS2_PLACEMENT_3D('',#2080,#1654,#1655);
#1378=AXIS2_PLACEMENT_3D('',#2083,#1657,#1658);
#1379=AXIS2_PLACEMENT_3D('',#2086,#1660,#1661);
#1380=AXIS2_PLACEMENT_3D('',#2090,#1664,#1665);
#1381=AXIS2_PLACEMENT_3D('',#2097,#1667,#1668);
#1382=AXIS2_PLACEMENT_3D('',#2098,#1669,#1670);
#1383=AXIS2_PLACEMENT_3D('',#2100,#1671,#1672);
#1384=AXIS2_PLACEMENT_3D('',#2101,#1673,#1674);
#1385=AXIS2_PLACEMENT_3D('',#2108,#1676,#1677);
#1386=AXIS2_PLACEMENT_3D('',#2115,#1679,#1680);
#1387=AXIS2_PLACEMENT_3D('',#2116,#1681,#1682);
#1388=AXIS2_PLACEMENT_3D('',#2117,#1683,#1684);
#1389=AXIS2_PLACEMENT_3D('',#2118,#1685,#1686);
#1390=AXIS2_PLACEMENT_3D('',#2119,#1687,#1688);
#1391=AXIS2_PLACEMENT_3D('',#2120,#1689,#1690);
#1392=AXIS2_PLACEMENT_3D('',#2121,#1691,#1692);
#1393=AXIS2_PLACEMENT_3D('',#2122,#1693,#1694);
#1394=AXIS2_PLACEMENT_3D('',#2123,#1695,#1696);
#1395=AXIS2_PLACEMENT_3D('',#2124,#1697,#1698);
#1396=AXIS2_PLACEMENT_3D('',#2125,#1699,#1700);
#1397=AXIS2_PLACEMENT_3D('',#2143,#1702,#1703);
#1398=AXIS2_PLACEMENT_3D('',#2145,#1705,#1706);
#1399=AXIS2_PLACEMENT_3D('',#2147,#1708,#1709);
#1400=AXIS2_PLACEMENT_3D('',#2149,#1711,#1712);
#1401=AXIS2_PLACEMENT_3D('',#2151,#1714,#1715);
#1402=AXIS2_PLACEMENT_3D('',#2153,#1717,#1718);
#1403=AXIS2_PLACEMENT_3D('',#2158,#1719,#1720);
#1404=AXIS2_PLACEMENT_3D('',#2172,#1722,#1723);
#1405=AXIS2_PLACEMENT_3D('',#2174,#1725,#1726);
#1406=AXIS2_PLACEMENT_3D('',#2176,#1728,#1729);
#1407=AXIS2_PLACEMENT_3D('',#2178,#1731,#1732);
#1408=AXIS2_PLACEMENT_3D('',#2180,#1734,#1735);
#1409=AXIS2_PLACEMENT_3D('',#2182,#1737,#1738);
#1410=AXIS2_PLACEMENT_3D('',#2183,#1739,#1740);
#1411=AXIS2_PLACEMENT_3D('',#2184,#1741,#1742);
#1412=AXIS2_PLACEMENT_3D('',#2185,#1743,#1744);
#1413=AXIS2_PLACEMENT_3D('',#2190,#1746,#1747);
#1414=AXIS2_PLACEMENT_3D('',#2193,#1749,#1750);
#1415=AXIS2_PLACEMENT_3D('',#2194,#1751,#1752);
#1416=AXIS2_PLACEMENT_3D('',#2199,#1755,#1756);
#1417=AXIS2_PLACEMENT_3D('',#2202,#1758,#1759);
#1418=AXIS2_PLACEMENT_3D('',#2205,#1761,#1762);
#1419=AXIS2_PLACEMENT_3D('',#2207,#1764,#1765);
#1420=AXIS2_PLACEMENT_3D('',#2209,#1767,#1768);
#1421=AXIS2_PLACEMENT_3D('',#2210,#1769,#1770);
#1422=AXIS2_PLACEMENT_3D('',#2222,#1774,#1775);
#1423=AXIS2_PLACEMENT_3D('',#2234,#1779,#1780);
#1424=AXIS2_PLACEMENT_3D('',#2235,#1781,#1782);
#1425=AXIS2_PLACEMENT_3D('',#2236,#1783,#1784);
#1426=AXIS2_PLACEMENT_3D('',#2237,#1785,#1786);
#1427=AXIS2_PLACEMENT_3D('',#2238,#1787,#1788);
#1428=AXIS2_PLACEMENT_3D('',#2239,#1789,#1790);
#1429=AXIS2_PLACEMENT_3D('',#2240,#1791,#1792);
#1430=AXIS2_PLACEMENT_3D('',#2241,#1793,#1794);
#1431=AXIS2_PLACEMENT_3D('',#2242,#1795,#1796);
#1432=AXIS2_PLACEMENT_3D('',#2244,#1797,#1798);
#1433=AXIS2_PLACEMENT_3D('',#2245,#1799,#1800);
#1434=AXIS2_PLACEMENT_3D('',#2247,#1801,#1802);
#1435=AXIS2_PLACEMENT_3D('',#2248,#1803,#1804);
#1436=AXIS2_PLACEMENT_3D('',#2250,#1805,#1806);
#1437=AXIS2_PLACEMENT_3D('',#2251,#1807,#1808);
#1438=AXIS2_PLACEMENT_3D('',#2253,#1809,#1810);
#1439=AXIS2_PLACEMENT_3D('',#2254,#1811,#1812);
#1440=AXIS2_PLACEMENT_3D('',#2256,#1813,#1814);
#1441=AXIS2_PLACEMENT_3D('',#2257,#1815,#1816);
#1442=AXIS2_PLACEMENT_3D('',#2259,#1817,#1818);
#1443=AXIS2_PLACEMENT_3D('',#2260,#1819,#1820);
#1444=AXIS2_PLACEMENT_3D('',#2262,#1821,#1822);
#1445=AXIS2_PLACEMENT_3D('',#2263,#1823,#1824);
#1446=AXIS2_PLACEMENT_3D('',#2265,#1825,#1826);
#1447=DIRECTION('',(0.,0.,1.));
#1448=DIRECTION('',(1.,0.,0.));
#1449=DIRECTION('',(0.,-1.,0.));
#1450=DIRECTION('',(1.2101818232794E-16,-1.,0.));
#1451=DIRECTION('',(0.,0.,1.));
#1452=DIRECTION('',(1.,2.89095631032363E-16,0.));
#1453=DIRECTION('',(0.,0.,1.));
#1454=DIRECTION('',(1.,2.35777736761283E-17,0.));
#1455=DIRECTION('',(0.,0.,1.));
#1456=DIRECTION('',(-1.,3.65325966551495E-16,0.));
#1457=DIRECTION('',(5.55111512312578E-17,1.,0.));
#1458=DIRECTION('',(0.,0.,1.));
#1459=DIRECTION('',(1.,7.1054273576012E-14,0.));
#1460=DIRECTION('',(5.55111512312578E-17,1.,0.));
#1461=DIRECTION('',(5.55111512312578E-17,1.,0.));
#1462=DIRECTION('',(5.13612488161313E-17,-1.,0.));
#1463=DIRECTION('',(1.02722497632263E-16,-1.,0.));
#1464=DIRECTION('',(0.,0.,1.));
#1465=DIRECTION('',(1.,-1.67225248748589E-17,0.));
#1466=DIRECTION('',(-0.0583333333334417,0.998297161281254,0.));
#1467=DIRECTION('',(0.0583333333334417,-0.998297161281254,0.));
#1468=DIRECTION('',(0.,0.,1.));
#1469=DIRECTION('',(-0.998297161281254,-0.0583333333334406,0.));
#1470=DIRECTION('',(0.,0.,1.));
#1471=DIRECTION('',(0.239759386428535,-0.970832342178304,0.));
#1472=DIRECTION('',(0.,0.,1.));
#1473=DIRECTION('',(-0.23850148313665,-0.971142133027714,0.));
#1474=DIRECTION('',(0.,0.,1.));
#1475=DIRECTION('',(-0.697998297217688,0.716099418433788,0.));
#1476=DIRECTION('',(0.,0.,1.));
#1477=DIRECTION('',(0.697998297217659,-0.716099418433816,0.));
#1478=DIRECTION('',(0.0582202508390292,0.998303762585437,0.));
#1479=DIRECTION('',(0.0582202508390291,0.998303762585437,0.));
#1480=DIRECTION('',(0.,0.,1.));
#1481=DIRECTION('',(1.,0.,0.));
#1482=DIRECTION('',(0.,0.,1.));
#1483=DIRECTION('',(1.,2.55478456841065E-16,0.));
#1484=DIRECTION('',(0.,0.,-1.));
#1485=DIRECTION('',(-1.,0.,0.));
#1486=DIRECTION('',(0.,0.,-1.));
#1487=DIRECTION('',(-1.,0.,0.));
#1488=DIRECTION('',(0.,0.,-1.));
#1489=DIRECTION('',(-1.,0.,0.));
#1490=DIRECTION('',(-5.55653613398821E-17,-1.,0.));
#1491=DIRECTION('',(0.,0.,-1.));
#1492=DIRECTION('',(-1.,0.,0.));
#1493=DIRECTION('',(-5.55653613398821E-17,-1.,0.));
#1494=DIRECTION('',(-0.0582202508390291,-0.998303762585437,0.));
#1495=DIRECTION('',(0.,0.,-1.));
#1496=DIRECTION('',(-1.,0.,0.));
#1497=DIRECTION('',(0.,0.,-1.));
#1498=DIRECTION('',(-1.,0.,0.));
#1499=DIRECTION('',(0.,0.,-1.));
#1500=DIRECTION('',(-1.,0.,0.));
#1501=DIRECTION('',(-0.0582202508390291,-0.998303762585437,0.));
#1502=DIRECTION('',(0.,0.,-1.));
#1503=DIRECTION('',(-1.,0.,0.));
#1504=DIRECTION('',(0.998303762585437,-0.0582202508390291,0.));
#1505=DIRECTION('',(0.0582202508390291,0.998303762585437,0.));
#1506=DIRECTION('',(0.,0.,-1.));
#1507=DIRECTION('',(0.0582202508390291,0.998303762585437,0.));
#1508=DIRECTION('',(0.,0.,-1.));
#1509=DIRECTION('',(-0.0582202508390291,-0.998303762585437,0.));
#1510=DIRECTION('',(0.,0.,1.));
#1511=DIRECTION('',(1.,0.,0.));
#1512=DIRECTION('',(0.,0.,1.));
#1513=DIRECTION('',(1.,0.,0.));
#1514=DIRECTION('',(0.,0.,-1.));
#1515=DIRECTION('',(-1.,0.,0.));
#1516=DIRECTION('',(0.,0.,1.));
#1517=DIRECTION('',(1.,0.,0.));
#1518=DIRECTION('',(0.,0.,1.));
#1519=DIRECTION('',(1.,0.,0.));
#1520=DIRECTION('',(0.,0.,-1.));
#1521=DIRECTION('',(0.,0.,-1.));
#1522=DIRECTION('',(0.998303762585437,-0.0582202508390291,0.));
#1523=DIRECTION('',(0.0582202508390291,0.998303762585437,0.));
#1524=DIRECTION('',(0.,0.,-1.));
#1525=DIRECTION('',(0.0582202508390291,0.998303762585437,0.));
#1526=DIRECTION('',(0.,0.,-1.));
#1527=DIRECTION('',(-0.0582202508390291,-0.998303762585437,0.));
#1528=DIRECTION('',(0.,0.,-1.));
#1529=DIRECTION('',(0.,0.,-1.));
#1530=DIRECTION('',(0.,0.,-1.));
#1531=DIRECTION('',(-1.,0.,0.));
#1532=DIRECTION('',(0.,0.,-1.));
#1533=DIRECTION('',(-1.,0.,0.));
#1534=DIRECTION('',(0.,1.,0.));
#1535=DIRECTION('',(0.,1.,0.));
#1536=DIRECTION('',(0.,0.,-1.));
#1537=DIRECTION('',(-1.,0.,0.));
#1538=DIRECTION('',(0.,0.,-1.));
#1539=DIRECTION('',(-1.,0.,0.));
#1540=DIRECTION('',(0.,0.,-1.));
#1541=DIRECTION('',(-1.,0.,0.));
#1542=DIRECTION('',(0.,0.,-1.));
#1543=DIRECTION('',(-1.,0.,0.));
#1544=DIRECTION('',(0.,0.,-1.));
#1545=DIRECTION('',(-1.,0.,0.));
#1546=DIRECTION('',(-1.,-5.01574695492409E-16,0.));
#1547=DIRECTION('',(5.01574695492409E-16,-1.,0.));
#1548=DIRECTION('',(0.,0.,1.));
#1549=DIRECTION('',(5.01574695492409E-16,-1.,0.));
#1550=DIRECTION('',(0.,0.,1.));
#1551=DIRECTION('',(5.01574695492409E-16,-1.,0.));
#1552=DIRECTION('',(1.,-3.00944817295445E-16,0.));
#1553=DIRECTION('',(3.00944817295445E-16,1.,0.));
#1554=DIRECTION('',(0.,0.,1.));
#1555=DIRECTION('',(3.00944817295445E-16,1.,0.));
#1556=DIRECTION('',(0.,0.,1.));
#1557=DIRECTION('',(3.00944817295445E-16,1.,0.));
#1558=DIRECTION('',(0.,0.,1.));
#1559=DIRECTION('',(1.,0.,0.));
#1560=DIRECTION('',(0.,0.,-1.));
#1561=DIRECTION('',(1.,1.22464679914735E-16,0.));
#1562=DIRECTION('',(0.,0.,-1.));
#1563=DIRECTION('',(1.,1.22464679914735E-16,0.));
#1564=DIRECTION('',(0.,0.,-1.));
#1565=DIRECTION('',(1.,1.22464679914735E-16,0.));
#1566=DIRECTION('',(0.,0.,-1.));
#1567=DIRECTION('',(1.,1.22464679914735E-16,0.));
#1568=DIRECTION('',(0.,0.,-1.));
#1569=DIRECTION('',(1.,1.22464679914735E-16,0.));
#1570=DIRECTION('',(0.,0.,-1.));
#1571=DIRECTION('',(-1.,0.,0.));
#1572=DIRECTION('',(0.,0.,-1.));
#1573=DIRECTION('',(-1.,0.,0.));
#1574=DIRECTION('',(0.,0.,-1.));
#1575=DIRECTION('',(-1.,0.,0.));
#1576=DIRECTION('',(0.,0.,-1.));
#1577=DIRECTION('',(-1.,0.,0.));
#1578=DIRECTION('',(0.,0.,-1.));
#1579=DIRECTION('',(-1.,0.,0.));
#1580=DIRECTION('',(0.,0.,1.));
#1581=DIRECTION('',(1.,0.,0.));
#1582=DIRECTION('',(0.,0.,-1.));
#1583=DIRECTION('',(-1.,0.,0.));
#1584=DIRECTION('',(0.,0.,-1.));
#1585=DIRECTION('',(0.,0.,-1.));
#1586=DIRECTION('',(-1.,0.,0.));
#1587=DIRECTION('',(0.,0.,-1.));
#1588=DIRECTION('',(1.,1.22464679914735E-16,0.));
#1589=DIRECTION('',(0.,0.,-1.));
#1590=DIRECTION('',(-1.,0.,0.));
#1591=DIRECTION('',(0.,0.,-1.));
#1592=DIRECTION('',(0.,0.,-1.));
#1593=DIRECTION('',(-1.,0.,0.));
#1594=DIRECTION('',(0.,0.,1.));
#1595=DIRECTION('',(1.,0.,0.));
#1596=DIRECTION('',(0.,0.,-1.));
#1597=DIRECTION('',(-1.,0.,0.));
#1598=DIRECTION('',(0.,0.,-1.));
#1599=DIRECTION('',(-1.,0.,0.));
#1600=DIRECTION('',(0.,0.,1.));
#1601=DIRECTION('',(1.,0.,0.));
#1602=DIRECTION('',(0.,0.,-1.));
#1603=DIRECTION('',(0.,0.,-1.));
#1604=DIRECTION('',(-1.,0.,0.));
#1605=DIRECTION('',(0.,0.,-1.));
#1606=DIRECTION('',(0.,0.,-1.));
#1607=DIRECTION('',(-1.,0.,0.));
#1608=DIRECTION('',(0.,0.,1.));
#1609=DIRECTION('',(1.,0.,0.));
#1610=DIRECTION('',(0.,0.,-1.));
#1611=DIRECTION('',(-1.,0.,0.));
#1612=DIRECTION('',(0.,0.,-1.));
#1613=DIRECTION('',(-1.,0.,0.));
#1614=DIRECTION('',(0.,0.,-1.));
#1615=DIRECTION('',(1.,1.22464679914735E-16,0.));
#1616=DIRECTION('',(0.,0.,-1.));
#1617=DIRECTION('',(-1.,0.,0.));
#1618=DIRECTION('',(0.,0.,-1.));
#1619=DIRECTION('',(-1.,0.,0.));
#1620=DIRECTION('',(0.,0.,-1.));
#1621=DIRECTION('',(-1.,0.,0.));
#1622=DIRECTION('',(0.,0.,-1.));
#1623=DIRECTION('',(1.,1.22464679914735E-16,0.));
#1624=DIRECTION('',(0.,0.,-1.));
#1625=DIRECTION('',(-1.,0.,0.));
#1626=DIRECTION('',(0.,0.,-1.));
#1627=DIRECTION('',(-1.,0.,0.));
#1628=DIRECTION('',(0.,0.,-1.));
#1629=DIRECTION('',(1.,1.22464679914735E-16,0.));
#1630=DIRECTION('',(0.,0.,-1.));
#1631=DIRECTION('',(-1.,0.,0.));
#1632=DIRECTION('',(0.,0.,1.));
#1633=DIRECTION('',(1.,0.,0.));
#1634=DIRECTION('',(0.,0.,-1.));
#1635=DIRECTION('',(-1.,0.,0.));
#1636=DIRECTION('',(0.,0.,1.));
#1637=DIRECTION('',(1.,0.,0.));
#1638=DIRECTION('',(0.,0.,1.));
#1639=DIRECTION('',(1.,0.,0.));
#1640=DIRECTION('',(0.,0.,1.));
#1641=DIRECTION('',(1.,0.,0.));
#1642=DIRECTION('',(0.,0.,1.));
#1643=DIRECTION('',(1.,0.,0.));
#1644=DIRECTION('',(0.,0.,1.));
#1645=DIRECTION('',(0.,0.,-1.));
#1646=DIRECTION('',(-1.,0.,0.));
#1647=DIRECTION('',(0.,0.,1.));
#1648=DIRECTION('',(0.,0.,1.));
#1649=DIRECTION('',(1.,0.,0.));
#1650=DIRECTION('',(0.,0.,1.));
#1651=DIRECTION('',(0.,0.,-1.));
#1652=DIRECTION('',(-1.,0.,0.));
#1653=DIRECTION('',(0.,0.,1.));
#1654=DIRECTION('',(0.,0.,1.));
#1655=DIRECTION('',(1.,0.,0.));
#1656=DIRECTION('',(5.55653613398821E-17,1.,0.));
#1657=DIRECTION('',(0.,0.,1.));
#1658=DIRECTION('',(1.,0.,0.));
#1659=DIRECTION('',(1.2035029241687E-16,-1.,0.));
#1660=DIRECTION('',(1.,1.2035029241687E-16,0.));
#1661=DIRECTION('',(-1.2035029241687E-16,1.,0.));
#1662=DIRECTION('',(0.,0.,-1.));
#1663=DIRECTION('',(-1.20146839955867E-16,0.998309497576476,-0.0581218293638875));
#1664=DIRECTION('',(-1.,5.55653613398821E-17,0.));
#1665=DIRECTION('',(-5.55653613398821E-17,-1.,0.));
#1666=DIRECTION('',(0.,0.,-1.));
#1667=DIRECTION('',(0.,0.,-1.));
#1668=DIRECTION('',(-1.,0.,0.));
#1669=DIRECTION('',(0.,0.,-1.));
#1670=DIRECTION('',(-1.,0.,0.));
#1671=DIRECTION('',(0.705907360208207,-0.0411679341706592,-0.707106781186549));
#1672=DIRECTION('',(-0.705907360208209,0.0411679341706593,-0.707106781186547));
#1673=DIRECTION('',(-1.,5.55653613398821E-17,0.));
#1674=DIRECTION('',(-5.55653613398821E-17,-1.,0.));
#1675=DIRECTION('',(5.55653613398821E-17,1.,0.));
#1676=DIRECTION('',(1.,1.2035029241687E-16,0.));
#1677=DIRECTION('',(-1.2035029241687E-16,1.,0.));
#1678=DIRECTION('',(1.2035029241687E-16,-1.,0.));
#1679=DIRECTION('',(0.,0.,1.));
#1680=DIRECTION('',(1.,0.,0.));
#1681=DIRECTION('',(0.,0.,1.));
#1682=DIRECTION('',(1.,0.,0.));
#1683=DIRECTION('',(0.,0.,-1.));
#1684=DIRECTION('',(-1.,0.,0.));
#1685=DIRECTION('',(0.,0.,-1.));
#1686=DIRECTION('',(-1.,0.,0.));
#1687=DIRECTION('',(0.,0.,1.));
#1688=DIRECTION('',(1.,0.,0.));
#1689=DIRECTION('',(0.,0.,-1.));
#1690=DIRECTION('',(-1.,0.,0.));
#1691=DIRECTION('',(0.,0.,1.));
#1692=DIRECTION('',(1.,0.,0.));
#1693=DIRECTION('',(0.,0.,-1.));
#1694=DIRECTION('',(-1.,0.,0.));
#1695=DIRECTION('',(0.,0.,-1.));
#1696=DIRECTION('',(-1.,0.,0.));
#1697=DIRECTION('',(0.,0.,-1.));
#1698=DIRECTION('',(-1.,0.,0.));
#1699=DIRECTION('',(0.,0.,-1.));
#1700=DIRECTION('',(-1.,0.,0.));
#1701=DIRECTION('',(-0.705907360208571,0.0411679341644271,-0.707106781186548));
#1702=DIRECTION('',(0.705907360208207,-0.0411679341706592,-0.707106781186549));
#1703=DIRECTION('',(0.0582202508390291,0.998303762585437,0.));
#1704=DIRECTION('',(-0.705907360208209,0.0411679341706583,-0.707106781186547));
#1705=DIRECTION('',(0.,0.,1.));
#1706=DIRECTION('',(1.,0.,0.));
#1707=DIRECTION('',(-0.16156266939746,-0.688402138184627,0.707106781186548));
#1708=DIRECTION('',(0.,0.,1.));
#1709=DIRECTION('',(1.,0.,0.));
#1710=DIRECTION('',(-0.161373754436693,0.688446447720523,-0.707106781186547));
#1711=DIRECTION('',(0.,0.,-1.));
#1712=DIRECTION('',(-1.,0.,0.));
#1713=DIRECTION('',(-0.240650343774285,0.664896542359274,0.707106781186548));
#1714=DIRECTION('',(0.,0.,-1.));
#1715=DIRECTION('',(-1.,0.,0.));
#1716=DIRECTION('',(-0.240306844439506,-0.665020766980646,-0.707106781186547));
#1717=DIRECTION('',(0.,0.,1.));
#1718=DIRECTION('',(1.,0.,0.));
#1719=DIRECTION('',(0.,0.,1.));
#1720=DIRECTION('',(1.,0.,0.));
#1721=DIRECTION('',(-0.705907360208208,0.0411679341706583,-0.707106781186547));
#1722=DIRECTION('',(0.705907360208207,-0.0411679341706592,-0.707106781186549));
#1723=DIRECTION('',(0.0582202508390291,0.998303762585437,0.));
#1724=DIRECTION('',(-0.705907360208209,0.0411679341706583,-0.707106781186547));
#1725=DIRECTION('',(0.,0.,1.));
#1726=DIRECTION('',(1.,0.,0.));
#1727=DIRECTION('',(-0.491707019845312,-0.508157659230715,0.70710678118655));
#1728=DIRECTION('',(0.,0.,1.));
#1729=DIRECTION('',(1.,0.,0.));
#1730=DIRECTION('',(-0.493559329219271,0.506358754778292,-0.707106781186548));
#1731=DIRECTION('',(0.,0.,-1.));
#1732=DIRECTION('',(-1.,0.,0.));
#1733=DIRECTION('',(-0.169535487996759,0.686482132549492,0.707106781186549));
#1734=DIRECTION('',(0.,0.,-1.));
#1735=DIRECTION('',(-1.,0.,0.));
#1736=DIRECTION('',(-0.168646016048981,-0.686701187759862,-0.707106781186548));
#1737=DIRECTION('',(0.,0.,-1.));
#1738=DIRECTION('',(-1.,0.,0.));
#1739=DIRECTION('',(0.,0.,-1.));
#1740=DIRECTION('',(-1.,0.,0.));
#1741=DIRECTION('',(0.,0.,-1.));
#1742=DIRECTION('',(-1.,0.,0.));
#1743=DIRECTION('',(0.,0.,1.));
#1744=DIRECTION('',(1.,0.,0.));
#1745=DIRECTION('',(0.,0.,-1.));
#1746=DIRECTION('',(0.,0.,1.));
#1747=DIRECTION('',(1.,0.,0.));
#1748=DIRECTION('',(0.,0.,-1.));
#1749=DIRECTION('',(0.,0.,1.));
#1750=DIRECTION('',(1.,0.,0.));
#1751=DIRECTION('',(0.,0.,1.));
#1752=DIRECTION('',(1.,0.,0.));
#1753=DIRECTION('',(1.2035029241687E-16,-1.,0.));
#1754=DIRECTION('',(5.55653613398821E-17,1.,0.));
#1755=DIRECTION('',(0.,0.,1.));
#1756=DIRECTION('',(1.,0.,0.));
#1757=DIRECTION('',(-5.55653613398821E-17,-1.,0.));
#1758=DIRECTION('',(0.,0.,1.));
#1759=DIRECTION('',(1.,0.,0.));
#1760=DIRECTION('',(0.,1.,0.));
#1761=DIRECTION('',(1.,1.2035029241687E-16,0.));
#1762=DIRECTION('',(-1.2035029241687E-16,1.,0.));
#1763=DIRECTION('',(0.,0.,-1.));
#1764=DIRECTION('',(-1.,5.55653613398821E-17,0.));
#1765=DIRECTION('',(-5.55653613398821E-17,-1.,0.));
#1766=DIRECTION('',(0.,0.,-1.));
#1767=DIRECTION('',(0.,0.,-1.));
#1768=DIRECTION('',(-1.,0.,0.));
#1769=DIRECTION('',(-1.,5.55653613398821E-17,0.));
#1770=DIRECTION('',(-5.55653613398821E-17,-1.,0.));
#1771=DIRECTION('',(0.,1.,0.));
#1772=DIRECTION('',(5.55653613398821E-17,1.,0.));
#1773=DIRECTION('',(0.,0.,-1.));
#1774=DIRECTION('',(1.,1.2035029241687E-16,0.));
#1775=DIRECTION('',(-1.2035029241687E-16,1.,0.));
#1776=DIRECTION('',(1.2035029241687E-16,-1.,0.));
#1777=DIRECTION('',(-5.55653613398821E-17,-1.,0.));
#1778=DIRECTION('',(0.,0.,-1.));
#1779=DIRECTION('',(0.,0.,1.));
#1780=DIRECTION('',(1.,0.,0.));
#1781=DIRECTION('',(0.,0.,1.));
#1782=DIRECTION('',(1.,0.,0.));
#1783=DIRECTION('',(0.,0.,1.));
#1784=DIRECTION('',(1.,0.,0.));
#1785=DIRECTION('',(0.,0.,1.));
#1786=DIRECTION('',(1.,0.,0.));
#1787=DIRECTION('',(0.,0.,1.));
#1788=DIRECTION('',(1.,0.,0.));
#1789=DIRECTION('',(0.,0.,1.));
#1790=DIRECTION('',(1.,0.,0.));
#1791=DIRECTION('',(0.,0.,-1.));
#1792=DIRECTION('',(-1.,0.,0.));
#1793=DIRECTION('',(0.,0.,-1.));
#1794=DIRECTION('',(-1.,0.,0.));
#1795=DIRECTION('',(0.,0.,-1.));
#1796=DIRECTION('',(-1.,0.,0.));
#1797=DIRECTION('',(0.,0.,1.));
#1798=DIRECTION('',(1.,0.,0.));
#1799=DIRECTION('',(0.,1.,0.));
#1800=DIRECTION('',(-1.,0.,0.));
#1801=DIRECTION('',(0.,0.,1.));
#1802=DIRECTION('',(1.,0.,0.));
#1803=DIRECTION('',(-1.,0.,0.));
#1804=DIRECTION('',(0.,-1.,0.));
#1805=DIRECTION('',(0.,0.,1.));
#1806=DIRECTION('',(1.,0.,0.));
#1807=DIRECTION('',(0.,-1.,0.));
#1808=DIRECTION('',(1.,0.,0.));
#1809=DIRECTION('',(0.,0.,1.));
#1810=DIRECTION('',(1.,0.,0.));
#1811=DIRECTION('',(0.,0.,1.));
#1812=DIRECTION('',(-1.,0.,0.));
#1813=DIRECTION('',(0.,0.,1.));
#1814=DIRECTION('',(1.,0.,0.));
#1815=DIRECTION('',(1.,0.,0.));
#1816=DIRECTION('',(0.,1.,0.));
#1817=DIRECTION('',(0.,0.,1.));
#1818=DIRECTION('',(1.,0.,0.));
#1819=DIRECTION('',(-0.577350269189626,0.577350269189626,-0.577350269189626));
#1820=DIRECTION('',(-0.707106779123824,-0.707106783249271,-4.12544662320435E-9));
#1821=DIRECTION('',(0.,0.,1.));
#1822=DIRECTION('',(1.,0.,0.));
#1823=DIRECTION('',(-0.718873082975385,0.585048626190816,-0.375419226419883));
#1824=DIRECTION('',(-0.631219061976508,-0.77560460016525,-3.37704432473718E-8));
#1825=DIRECTION('',(0.,0.,1.));
#1826=DIRECTION('',(1.,0.,0.));
#1827=CARTESIAN_POINT('',(0.,0.,0.));
#1828=CARTESIAN_POINT('',(0.200000000000009,-9.1690494802445E-16,0.));
#1829=CARTESIAN_POINT('',(-0.200000000000006,-9.16904948024448E-16,0.));
#1830=CARTESIAN_POINT('',(-2.22044604925031E-15,-6.21724893790088E-15,0.));
#1831=CARTESIAN_POINT('',(3.77475828372553E-15,-2.66453525910038E-15,0.));
#1832=CARTESIAN_POINT('',(1.90125692967058E-15,-9.15933995315754E-16,0.));
#1833=CARTESIAN_POINT('',(0.200000000000009,-9.1690494802445E-16,0.));
#1834=CARTESIAN_POINT('',(1.38777878078145E-16,60.,0.));
#1835=CARTESIAN_POINT('',(-0.200000000000006,-9.16904948024448E-16,0.));
#1836=CARTESIAN_POINT('',(1.90648513101468E-15,-8.67361737988404E-16,0.));
#1837=CARTESIAN_POINT('',(1.7,2.16159663212173,0.));
#1838=CARTESIAN_POINT('',(-1.7,2.16159663212173,0.));
#1839=CARTESIAN_POINT('',(-1.16573417585641E-15,-3.33066907387547E-16,0.));
#1840=CARTESIAN_POINT('',(3.99318864512504,0.233333333333333,0.));
#1841=CARTESIAN_POINT('',(3.99318864512504,0.233333333333333,0.));
#1842=CARTESIAN_POINT('',(11.3185239784678,-16.3309041575748,0.));
#1843=CARTESIAN_POINT('',(5.51446588785685,-22.3291438701009,0.));
#1844=CARTESIAN_POINT('',(-8.39328606616618E-14,7.46069872548105E-13,0.));
#1845=CARTESIAN_POINT('',(-5.48553411214314,-22.3362690596373,0.));
#1846=CARTESIAN_POINT('',(-11.3114566683288,-16.3592634265935,0.));
#1847=CARTESIAN_POINT('',(-4.97560775119429,-16.7287649020547,0.));
#1848=CARTESIAN_POINT('',(-4.,0.,0.));
#1849=CARTESIAN_POINT('',(5.89805981832114E-16,60.,0.));
#1850=CARTESIAN_POINT('',(-2.22044604925031E-16,1.24344978758018E-14,0.));
#1851=CARTESIAN_POINT('',(2.24658650338466,30.116666209683,5.));
#1852=CARTESIAN_POINT('',(-5.4855341121432,-22.3362690596374,5.));
#1853=CARTESIAN_POINT('',(-6.60233138769145,-21.1905099901433,5.));
#1854=CARTESIAN_POINT('',(-5.86713648516185,-23.8900964724817,5.));
#1855=CARTESIAN_POINT('',(0.,0.,5.));
#1856=CARTESIAN_POINT('',(-0.200000000000007,-24.5991869784349,5.));
#1857=CARTESIAN_POINT('',(-0.200000000000002,60.,5.));
#1858=CARTESIAN_POINT('',(-0.200000000000006,-15.0534337665759,5.));
#1859=CARTESIAN_POINT('',(0.,0.,5.));
#1860=CARTESIAN_POINT('',(-0.200000000000005,15.0534337665759,5.));
#1861=CARTESIAN_POINT('',(-0.200000000000002,60.,5.));
#1862=CARTESIAN_POINT('',(-0.199999999999947,58.2882115573063,5.));
#1863=CARTESIAN_POINT('',(-1.82907940158143,30.3543556787767,5.));
#1864=CARTESIAN_POINT('',(-2.60758224235728,17.0053524723361,5.));
#1865=CARTESIAN_POINT('',(-4.00520750997689,17.0868608235107,5.));
#1866=CARTESIAN_POINT('',(-3.68570377698728,15.7238063988432,5.));
#1867=CARTESIAN_POINT('',(5.20417042793042E-15,-4.33680868994202E-16,5.));
#1868=CARTESIAN_POINT('',(-5.48849995637951,-15.1887744149692,5.));
#1869=CARTESIAN_POINT('',(-5.96428323433192,-16.5054483580625,5.));
#1870=CARTESIAN_POINT('',(-4.5666579667123,-16.5869567092371,5.));
#1871=CARTESIAN_POINT('',(-1.82907940158143,30.3543556787767,5.));
#1872=CARTESIAN_POINT('',(-4.57628624616011,-16.7520530023903,5.));
#1873=CARTESIAN_POINT('',(-11.3114566683289,-16.3592634265935,5.));
#1874=CARTESIAN_POINT('',(-4.,-3.5527136788005E-15,5.));
#1875=CARTESIAN_POINT('',(-4.97560775119429,-16.7287649020547,5.));
#1876=CARTESIAN_POINT('',(-4.97560775119429,-16.7287649020547,4.6));
#1877=CARTESIAN_POINT('',(-4.97560775119429,-16.7287649020547,0.));
#1878=CARTESIAN_POINT('',(-4.,-3.5527136788005E-15,4.6));
#1879=CARTESIAN_POINT('',(-4.96597947174648,-16.5636686089015,4.6));
#1880=CARTESIAN_POINT('',(-4.96597947174648,-16.5636686089015,0.));
#1881=CARTESIAN_POINT('',(-4.96597947174648,-16.5636686089015,0.));
#1882=CARTESIAN_POINT('',(-4.,-3.5527136788005E-15,0.));
#1883=CARTESIAN_POINT('',(0.,0.,2.));
#1884=CARTESIAN_POINT('',(0.,0.,2.));
#1885=CARTESIAN_POINT('',(14.95,0.,2.));
#1886=CARTESIAN_POINT('',(0.200000000000009,-15.0464489960044,4.8));
#1887=CARTESIAN_POINT('',(0.200000000000009,-15.0487772529569,4.86666666666334));
#1888=CARTESIAN_POINT('',(0.200000000000009,-15.051105509814,4.93333333333001));
#1889=CARTESIAN_POINT('',(0.200000000000009,-15.0534337665759,5.));
#1890=CARTESIAN_POINT('',(0.200000000000009,-15.0464489960044,4.8));
#1891=CARTESIAN_POINT('',(0.200000000000009,-15.0534337665759,5.));
#1892=CARTESIAN_POINT('',(0.,0.,5.));
#1893=CARTESIAN_POINT('',(0.200000000000009,15.0534337665759,5.));
#1894=CARTESIAN_POINT('',(0.20000000000001,15.0534337665759,5.));
#1895=CARTESIAN_POINT('',(0.20000000000001,15.051105509814,4.93333333333001));
#1896=CARTESIAN_POINT('',(0.20000000000001,15.0487772529569,4.86666666666334));
#1897=CARTESIAN_POINT('',(0.20000000000001,15.0464489960044,4.8));
#1898=CARTESIAN_POINT('',(0.20000000000001,15.0464489960044,4.8));
#1899=CARTESIAN_POINT('',(0.,0.,4.8));
#1900=CARTESIAN_POINT('',(-0.200000000000008,15.0464489960044,4.8));
#1901=CARTESIAN_POINT('',(-0.200000000000008,15.0464489960044,4.8));
#1902=CARTESIAN_POINT('',(-0.200000000000008,15.0487772529569,4.86666666666334));
#1903=CARTESIAN_POINT('',(-0.200000000000008,15.051105509814,4.93333333333001));
#1904=CARTESIAN_POINT('',(-0.200000000000008,15.0534337665759,5.));
#1905=CARTESIAN_POINT('',(-0.200000000000004,-15.0534337665759,5.));
#1906=CARTESIAN_POINT('',(-0.200000000000004,-15.051105509814,4.93333333333001));
#1907=CARTESIAN_POINT('',(-0.200000000000004,-15.0487772529569,4.86666666666334));
#1908=CARTESIAN_POINT('',(-0.200000000000004,-15.0464489960044,4.8));
#1909=CARTESIAN_POINT('',(-0.200000000000004,-15.0464489960044,4.8));
#1910=CARTESIAN_POINT('',(0.,0.,4.8));
#1911=CARTESIAN_POINT('',(3.01159984872101,17.027415175173,4.6));
#1912=CARTESIAN_POINT('',(3.01159984872101,17.027415175173,0.));
#1913=CARTESIAN_POINT('',(2.1744154000542,31.3516110227163,4.6));
#1914=CARTESIAN_POINT('',(2.1744154000542,31.3516110227163,0.));
#1915=CARTESIAN_POINT('',(1.3372077000271,45.6758055113582,4.6));
#1916=CARTESIAN_POINT('',(1.3372077000271,45.6758055113582,0.));
#1917=CARTESIAN_POINT('',(0.5,60.,4.6));
#1918=CARTESIAN_POINT('',(0.5,60.,0.));
#1919=CARTESIAN_POINT('',(0.5,60.,5.));
#1920=CARTESIAN_POINT('',(0.5,60.,0.));
#1921=CARTESIAN_POINT('',(0.5,60.,4.6));
#1922=CARTESIAN_POINT('',(0.5,60.,4.6));
#1923=CARTESIAN_POINT('',(1.33720770002693,45.675805511361,4.6));
#1924=CARTESIAN_POINT('',(2.17441540005387,31.351611022722,4.6));
#1925=CARTESIAN_POINT('',(3.01159984872051,17.0274151751816,4.6));
#1926=CARTESIAN_POINT('',(3.01159984872051,17.0274151751817,4.6));
#1927=CARTESIAN_POINT('',(3.01159984872051,17.0274151751817,5.));
#1928=CARTESIAN_POINT('',(3.01159984872051,17.0274151751817,0.));
#1929=CARTESIAN_POINT('',(3.99312609170217,0.233329677463943,0.));
#1930=CARTESIAN_POINT('',(2.82879243008336,20.1555555555556,0.));
#1931=CARTESIAN_POINT('',(1.66439621504168,40.0777777777778,0.));
#1932=CARTESIAN_POINT('',(0.5,60.,0.));
#1933=CARTESIAN_POINT('',(-4.,-3.5527136788005E-15,5.));
#1934=CARTESIAN_POINT('',(-3.00690374739145,17.0286405726717,5.));
#1935=CARTESIAN_POINT('',(-3.00690374739145,17.0286405726717,0.));
#1936=CARTESIAN_POINT('',(-3.00690374739145,17.0286405726717,4.6));
#1937=CARTESIAN_POINT('',(-4.,-3.5527136788005E-15,4.6));
#1938=CARTESIAN_POINT('',(-0.499151881292976,60.0291101254151,4.6));
#1939=CARTESIAN_POINT('',(-0.499151881292976,60.0291101254151,5.));
#1940=CARTESIAN_POINT('',(-0.499151881292976,60.0291101254151,0.));
#1941=CARTESIAN_POINT('',(-4.,-3.5527136788005E-15,0.));
#1942=CARTESIAN_POINT('',(4.98271695726178,-16.7011233240102,4.6));
#1943=CARTESIAN_POINT('',(4.98271695726178,-16.7011233240102,0.));
#1944=CARTESIAN_POINT('',(4.97998181717952,-16.6543150512133,4.6));
#1945=CARTESIAN_POINT('',(4.97998181717952,-16.6543150512133,0.));
#1946=CARTESIAN_POINT('',(4.97724667709726,-16.6075067784164,4.6));
#1947=CARTESIAN_POINT('',(4.97724667709726,-16.6075067784164,0.));
#1948=CARTESIAN_POINT('',(4.97451153697933,-16.5606985056215,4.6));
#1949=CARTESIAN_POINT('',(4.97451153697933,-16.5606985056215,0.));
#1950=CARTESIAN_POINT('',(4.97451153697946,-16.5606985056237,2.60208521396521E-15));
#1951=CARTESIAN_POINT('',(4.97451153697946,-16.5606985056237,0.));
#1952=CARTESIAN_POINT('',(4.97451153697946,-16.5606985056237,4.6));
#1953=CARTESIAN_POINT('',(4.97451153697933,-16.5606985056215,4.6));
#1954=CARTESIAN_POINT('',(4.97724667709726,-16.6075067784164,4.6));
#1955=CARTESIAN_POINT('',(4.97998181717952,-16.6543150512133,4.6));
#1956=CARTESIAN_POINT('',(4.98271695726178,-16.7011233240102,4.6));
#1957=CARTESIAN_POINT('',(4.98271695726178,-16.7011233240102,4.6));
#1958=CARTESIAN_POINT('',(4.98271695726178,-16.7011233240102,5.));
#1959=CARTESIAN_POINT('',(4.98271695726178,-16.7011233240102,0.));
#1960=CARTESIAN_POINT('',(4.98271695726178,-16.7011233240102,0.));
#1961=CARTESIAN_POINT('',(4.65287418654953,-11.0563044382291,0.));
#1962=CARTESIAN_POINT('',(4.32303141583729,-5.41148555244786,0.));
#1963=CARTESIAN_POINT('',(3.99312609170217,0.233329677463943,0.));
#1964=CARTESIAN_POINT('',(2.24658650338466,30.116666209683,5.));
#1965=CARTESIAN_POINT('',(4.00989627502578,17.0857610852878,5.));
#1966=CARTESIAN_POINT('',(3.69001850949666,15.7227943890255,5.));
#1967=CARTESIAN_POINT('',(2.6122812781984,17.0040768111392,5.));
#1968=CARTESIAN_POINT('',(2.6122812781984,17.0040768111392,5.));
#1969=CARTESIAN_POINT('',(1.80818751879896,30.7618418054711,5.));
#1970=CARTESIAN_POINT('',(1.00409375939951,44.5196067998031,5.));
#1971=CARTESIAN_POINT('',(0.200000000000064,58.277371794135,5.));
#1972=CARTESIAN_POINT('',(0.200000000000009,58.277371794135,5.));
#1973=CARTESIAN_POINT('',(0.200000000000009,-24.9991999871996,5.));
#1974=CARTESIAN_POINT('',(0.200000000000009,-24.9991999871996,5.));
#1975=CARTESIAN_POINT('',(0.200000000000009,-24.5991869784349,5.));
#1976=CARTESIAN_POINT('',(0.,0.,5.));
#1977=CARTESIAN_POINT('',(5.8980809061425,-23.8824756175862,5.));
#1978=CARTESIAN_POINT('',(5.5144658878568,-22.3291438701009,5.));
#1979=CARTESIAN_POINT('',(6.62707186574369,-21.1793143444883,5.));
#1980=CARTESIAN_POINT('',(11.3185239784678,-16.3309041575748,5.));
#1981=CARTESIAN_POINT('',(4.58339809274928,-16.7244566573436,5.));
#1982=CARTESIAN_POINT('',(4.58339809274928,-16.7244566573436,5.));
#1983=CARTESIAN_POINT('',(4.58066295266106,-16.6776483846488,5.));
#1984=CARTESIAN_POINT('',(4.57792781257283,-16.630840111954,5.));
#1985=CARTESIAN_POINT('',(4.57519267248461,-16.5840318392591,5.));
#1986=CARTESIAN_POINT('',(4.57519267248461,-16.5840318392591,5.));
#1987=CARTESIAN_POINT('',(5.97280869821627,-16.5023651715296,5.));
#1988=CARTESIAN_POINT('',(5.49634532627879,-15.1859371806383,5.));
#1989=CARTESIAN_POINT('',(5.20417042793042E-15,-4.33680868994202E-16,5.));
#1990=CARTESIAN_POINT('',(1.70000000012262,2.16159663202529,-6.4));
#1991=CARTESIAN_POINT('',(1.70000000012262,2.16159663202529,-6.4));
#1992=CARTESIAN_POINT('',(1.70000000012262,2.16159663202529,-6.2));
#1993=CARTESIAN_POINT('',(1.70000000012262,2.16159663202529,0.));
#1994=CARTESIAN_POINT('',(1.70000000012262,2.16159663202529,-6.2));
#1995=CARTESIAN_POINT('',(1.70000000012262,-2.16159663202529,-6.2));
#1996=CARTESIAN_POINT('',(1.70000000012262,-2.16159663202529,-6.4));
#1997=CARTESIAN_POINT('',(1.70000000012262,-2.16159663202529,0.));
#1998=CARTESIAN_POINT('',(1.70000000012262,2.16159663202529,0.));
#1999=CARTESIAN_POINT('',(-1.70000000012262,-2.1615966320253,-6.4));
#2000=CARTESIAN_POINT('',(-1.70000000012262,-2.1615966320253,-6.4));
#2001=CARTESIAN_POINT('',(-1.70000000012262,-2.1615966320253,0.));
#2002=CARTESIAN_POINT('',(-1.70000000012262,-2.1615966320253,-6.2));
#2003=CARTESIAN_POINT('',(-1.70000000012262,-2.1615966320253,-6.2));
#2004=CARTESIAN_POINT('',(-1.70000000012262,2.1615966320253,-6.2));
#2005=CARTESIAN_POINT('',(-1.70000000012262,2.1615966320253,-6.4));
#2006=CARTESIAN_POINT('',(-1.70000000012262,2.1615966320253,0.));
#2007=CARTESIAN_POINT('',(-1.70000000012262,-2.1615966320253,0.));
#2008=CARTESIAN_POINT('',(-8.67361737988403E-16,0.,-6.4));
#2009=CARTESIAN_POINT('',(-8.67361737988403E-16,0.,-6.2));
#2010=CARTESIAN_POINT('',(-8.67361737988403E-16,0.,0.));
#2011=CARTESIAN_POINT('',(-8.67361737988403E-16,0.,-6.2));
#2012=CARTESIAN_POINT('',(-8.67361737988403E-16,0.,0.));
#2013=CARTESIAN_POINT('',(-8.67361737988403E-16,0.,-7.6));
#2014=CARTESIAN_POINT('',(2.75,3.36777869765522E-16,-7.6));
#2015=CARTESIAN_POINT('',(-8.67361737988403E-16,0.,0.));
#2016=CARTESIAN_POINT('',(-8.67361737988403E-16,0.,-6.2));
#2017=CARTESIAN_POINT('',(-8.67361737988403E-16,0.,-6.2));
#2018=CARTESIAN_POINT('',(0.,60.,5.));
#2019=CARTESIAN_POINT('',(0.,60.,4.6));
#2020=CARTESIAN_POINT('',(0.,60.,0.));
#2021=CARTESIAN_POINT('',(-11.3114566683289,-16.3592634265935,5.));
#2022=CARTESIAN_POINT('',(-6.88153070657852,-20.9040702227697,5.));
#2023=CARTESIAN_POINT('',(-6.88153070657852,-20.9040702227697,4.6));
#2024=CARTESIAN_POINT('',(-6.88153070657852,-20.9040702227697,0.));
#2025=CARTESIAN_POINT('',(-11.3114566683289,-16.3592634265935,4.6));
#2026=CARTESIAN_POINT('',(-11.3114566683289,-16.3592634265935,0.));
#2027=CARTESIAN_POINT('',(-5.4855341121432,-22.3362690596374,5.));
#2028=CARTESIAN_POINT('',(-5.96253707841652,-24.2785533256928,5.));
#2029=CARTESIAN_POINT('',(-5.96253707841652,-24.2785533256928,4.6));
#2030=CARTESIAN_POINT('',(-5.96253707841652,-24.2785533256928,0.));
#2031=CARTESIAN_POINT('',(-5.4855341121432,-22.3362690596374,4.6));
#2032=CARTESIAN_POINT('',(-5.4855341121432,-22.3362690596374,0.));
#2033=CARTESIAN_POINT('',(0.,0.,5.));
#2034=CARTESIAN_POINT('',(0.,0.,4.6));
#2035=CARTESIAN_POINT('',(5.99398466071392,-24.2708085544575,4.6));
#2036=CARTESIAN_POINT('',(0.,0.,0.));
#2037=CARTESIAN_POINT('',(5.99398466071392,-24.2708085544575,0.));
#2038=CARTESIAN_POINT('',(5.99398466071392,-24.2708085544575,5.));
#2039=CARTESIAN_POINT('',(5.5144658878568,-22.3291438701009,5.));
#2040=CARTESIAN_POINT('',(6.90522336021541,-20.8918569630852,5.));
#2041=CARTESIAN_POINT('',(6.90522336021541,-20.8918569630852,4.6));
#2042=CARTESIAN_POINT('',(6.90522336021541,-20.8918569630852,0.));
#2043=CARTESIAN_POINT('',(5.5144658878568,-22.3291438701009,4.6));
#2044=CARTESIAN_POINT('',(5.5144658878568,-22.3291438701009,0.));
#2045=CARTESIAN_POINT('',(11.3185239784678,-16.3309041575748,5.));
#2046=CARTESIAN_POINT('',(11.3185239784678,-16.3309041575748,4.6));
#2047=CARTESIAN_POINT('',(11.3185239784678,-16.3309041575748,0.));
#2048=CARTESIAN_POINT('',(2.24658650338466,30.116666209683,0.));
#2049=CARTESIAN_POINT('',(0.,1.38777878078145E-14,0.));
#2050=CARTESIAN_POINT('',(-8.,1.38777878078145E-14,0.));
#2051=CARTESIAN_POINT('',(-5.96428323433192,-16.5054483580625,0.));
#2052=CARTESIAN_POINT('',(-5.62443803579448,-15.5649669701387,0.));
#2053=CARTESIAN_POINT('',(5.20417042793042E-15,-4.33680868994202E-16,0.));
#2054=CARTESIAN_POINT('',(-3.77699055784145,16.1132505201768,0.));
#2055=CARTESIAN_POINT('',(-4.00520750997689,17.0868608235107,0.));
#2056=CARTESIAN_POINT('',(4.00989627502579,17.0857610852878,0.));
#2057=CARTESIAN_POINT('',(3.7814121567907,16.1122134451004,0.));
#2058=CARTESIAN_POINT('',(5.20417042793042E-15,-4.33680868994202E-16,0.));
#2059=CARTESIAN_POINT('',(5.63247771826092,-15.5620594637501,0.));
#2060=CARTESIAN_POINT('',(5.97280869821627,-16.5023651715296,0.));
#2061=CARTESIAN_POINT('',(0.,1.38777878078145E-14,-7.6));
#2062=CARTESIAN_POINT('',(0.,1.38777878078145E-14,-3.));
#2063=CARTESIAN_POINT('',(-5.,1.38777878078145E-14,-3.));
#2064=CARTESIAN_POINT('',(0.,1.38777878078145E-14,-7.6));
#2065=CARTESIAN_POINT('',(5.,1.38777878078145E-14,-7.6));
#2066=CARTESIAN_POINT('',(0.,1.38777878078145E-14,-7.6));
#2067=CARTESIAN_POINT('',(0.,0.,2.));
#2068=CARTESIAN_POINT('',(5.20417042793042E-15,-4.33680868994202E-16,2.));
#2069=CARTESIAN_POINT('',(3.7814121567907,16.1122134451005,2.));
#2070=CARTESIAN_POINT('',(3.7814121567907,16.1122134451005,4.6));
#2071=CARTESIAN_POINT('',(5.20417042793042E-15,-4.33680868994202E-16,4.6));
#2072=CARTESIAN_POINT('',(5.63247771826092,-15.5620594637501,4.6));
#2073=CARTESIAN_POINT('',(5.63247771826092,-15.5620594637501,2.));
#2074=CARTESIAN_POINT('',(5.20417042793042E-15,-4.33680868994202E-16,2.));
#2075=CARTESIAN_POINT('',(-5.62443803579449,-15.5649669701387,2.));
#2076=CARTESIAN_POINT('',(-5.62443803579449,-15.5649669701387,4.6));
#2077=CARTESIAN_POINT('',(5.20417042793042E-15,-4.33680868994202E-16,4.6));
#2078=CARTESIAN_POINT('',(-3.77699055784146,16.1132505201768,4.6));
#2079=CARTESIAN_POINT('',(-3.77699055784146,16.1132505201768,2.));
#2080=CARTESIAN_POINT('',(0.,60.,4.8));
#2081=CARTESIAN_POINT('',(0.200000000000009,-9.1690494802445E-16,4.8));
#2082=CARTESIAN_POINT('',(0.200000000000013,60.,4.8));
#2083=CARTESIAN_POINT('',(0.,60.,4.8));
#2084=CARTESIAN_POINT('',(-0.199999999999995,60.,4.8));
#2085=CARTESIAN_POINT('',(-0.200000000000006,-9.16904948024448E-16,4.8));
#2086=CARTESIAN_POINT('',(-0.200000000000006,-9.16904948024448E-16,5.));
#2087=CARTESIAN_POINT('',(-0.199999999999995,60.,5.));
#2088=CARTESIAN_POINT('',(-0.200000000000004,60.,4.9003392474829));
#2089=CARTESIAN_POINT('',(-0.200000000000006,0.196906149840762,8.38209037238917));
#2090=CARTESIAN_POINT('',(0.200000000000009,-9.1690494802445E-16,5.));
#2091=CARTESIAN_POINT('',(0.200000000000013,58.277371794135,5.));
#2092=CARTESIAN_POINT('',(0.200000000000013,58.8493189650704,4.96662829541978));
#2093=CARTESIAN_POINT('',(0.200000000000013,59.4212661360058,4.93325659083956));
#2094=CARTESIAN_POINT('',(0.200000000000013,59.9932133069411,4.89988488625934));
#2095=CARTESIAN_POINT('',(0.199999999790446,59.9966354370318,4.89991390860424));
#2096=CARTESIAN_POINT('',(0.200000000000013,60.,5.));
#2097=CARTESIAN_POINT('',(0.,60.,5.));
#2098=CARTESIAN_POINT('',(0.,60.,4.9));
#2099=CARTESIAN_POINT('',(-0.199660752517082,60.0116440501678,4.90000000000001));
#2100=CARTESIAN_POINT('',(0.,60.,5.1));
#2101=CARTESIAN_POINT('',(0.200000000000009,-9.1690494802445E-16,5.));
#2102=CARTESIAN_POINT('',(0.200000000000009,-9.1690494802445E-16,4.8));
#2103=CARTESIAN_POINT('',(0.200000000000008,-24.7991935352745,4.8));
#2104=CARTESIAN_POINT('',(0.200000000000008,-24.7991935352745,4.8));
#2105=CARTESIAN_POINT('',(0.200000000000008,-24.7325246918077,4.86666667548006));
#2106=CARTESIAN_POINT('',(0.200000000000008,-24.6658558395995,4.93333334221838));
#2107=CARTESIAN_POINT('',(0.200000000000008,-24.5991869784349,5.));
#2108=CARTESIAN_POINT('',(-0.200000000000006,-9.16904948024448E-16,5.));
#2109=CARTESIAN_POINT('',(-0.200000000000007,-24.5991869784349,5.));
#2110=CARTESIAN_POINT('',(-0.200000000000007,-24.6658558395995,4.93333334221838));
#2111=CARTESIAN_POINT('',(-0.200000000000003,-24.7325246918077,4.86666667548006));
#2112=CARTESIAN_POINT('',(-0.200000000000003,-24.7991935352745,4.8));
#2113=CARTESIAN_POINT('',(-0.200000000000003,-24.7991935352745,4.8));
#2114=CARTESIAN_POINT('',(-0.200000000000006,-9.16904948024448E-16,4.8));
#2115=CARTESIAN_POINT('',(0.,60.,4.8));
#2116=CARTESIAN_POINT('',(0.,0.,4.8));
#2117=CARTESIAN_POINT('',(5.97280869821627,-16.5023651715296,2.5));
#2118=CARTESIAN_POINT('',(5.97280869821627,-16.5023651715296,4.6));
#2119=CARTESIAN_POINT('',(-4.00520750997689,17.0868608235107,2.));
#2120=CARTESIAN_POINT('',(-4.00520750997689,17.0868608235107,4.6));
#2121=CARTESIAN_POINT('',(-5.96428323433192,-16.5054483580625,2.));
#2122=CARTESIAN_POINT('',(-5.96428323433192,-16.5054483580625,4.6));
#2123=CARTESIAN_POINT('',(4.00989627502578,17.0857610852878,3.5));
#2124=CARTESIAN_POINT('',(4.00989627502578,17.0857610852878,4.6));
#2125=CARTESIAN_POINT('',(0.,60.,4.6));
#2126=CARTESIAN_POINT('',(-0.499151881292976,60.0291101254151,4.6));
#2127=CARTESIAN_POINT('',(0.499999999999992,60.0000000000001,4.60000000000001));
#2128=CARTESIAN_POINT('',(0.400038371345914,59.9943466019586,4.69996162865409));
#2129=CARTESIAN_POINT('',(0.299980861798266,59.9920845914098,4.79992325730817));
#2130=CARTESIAN_POINT('',(0.199999999577294,59.9932133192631,4.89988488596225));
#2131=CARTESIAN_POINT('',(2.6122812781984,17.0040768111392,5.));
#2132=CARTESIAN_POINT('',(1.77423137655458,31.3430805281316,5.));
#2133=CARTESIAN_POINT('',(0.937217343612407,45.6639610595235,5.));
#2134=CARTESIAN_POINT('',(0.0997392057162858,59.9927826014062,5.));
#2135=CARTESIAN_POINT('',(3.01159984872051,17.0274151751816,4.6));
#2136=CARTESIAN_POINT('',(2.17354992179121,31.3664193247106,4.59999999997802));
#2137=CARTESIAN_POINT('',(1.33653587624371,45.6873000718299,4.6));
#2138=CARTESIAN_POINT('',(0.499057738354512,60.0161216136315,4.6));
#2139=CARTESIAN_POINT('',(3.01159984872051,17.0274151751816,4.6));
#2140=CARTESIAN_POINT('',(2.87849365854647,17.0196357205008,4.73333333333333));
#2141=CARTESIAN_POINT('',(2.74538746837244,17.01185626582,4.86666666666667));
#2142=CARTESIAN_POINT('',(2.6122812781984,17.0040768111392,5.));
#2143=CARTESIAN_POINT('',(-4.,-3.5527136788005E-15,4.6));
#2144=CARTESIAN_POINT('',(-2.60758224235728,17.0053524723361,5.));
#2145=CARTESIAN_POINT('',(4.00989627502578,17.0857610852878,5.));
#2146=CARTESIAN_POINT('',(3.7814121567907,16.1122134451004,4.6));
#2147=CARTESIAN_POINT('',(-4.00520750997689,17.0868608235107,5.));
#2148=CARTESIAN_POINT('',(-3.68570377698728,15.7238063988432,5.));
#2149=CARTESIAN_POINT('',(5.20417042793042E-15,-4.33680868994202E-16,4.6));
#2150=CARTESIAN_POINT('',(5.63247771826092,-15.5620594637501,4.6));
#2151=CARTESIAN_POINT('',(5.20417042793042E-15,-4.33680868994202E-16,4.6));
#2152=CARTESIAN_POINT('',(-5.48849995637951,-15.1887744149692,5.));
#2153=CARTESIAN_POINT('',(5.97280869821627,-16.5023651715296,5.));
#2154=CARTESIAN_POINT('',(4.57519267248459,-16.5840318392588,5.));
#2155=CARTESIAN_POINT('',(4.70829896064951,-16.5762540613798,4.86666666666667));
#2156=CARTESIAN_POINT('',(4.84140524881444,-16.5684762835008,4.73333333333333));
#2157=CARTESIAN_POINT('',(4.97451153697936,-16.5606985056219,4.6));
#2158=CARTESIAN_POINT('',(-5.96428323433192,-16.5054483580625,5.));
#2159=CARTESIAN_POINT('',(-4.5666579667123,-16.5869567092371,5.));
#2160=CARTESIAN_POINT('',(4.58339809274928,-16.7244566573436,5.));
#2161=CARTESIAN_POINT('',(4.58071150736679,-16.6784793334424,5.));
#2162=CARTESIAN_POINT('',(4.57798002495391,-16.6317336567673,5.));
#2163=CARTESIAN_POINT('',(4.57519267248461,-16.5840318392591,5.));
#2164=CARTESIAN_POINT('',(4.98271695726178,-16.7011233240102,4.6));
#2165=CARTESIAN_POINT('',(4.98003037187926,-16.655146000109,4.59999999999995));
#2166=CARTESIAN_POINT('',(4.97729888946084,-16.6084003233363,4.60000000000015));
#2167=CARTESIAN_POINT('',(4.97451153697933,-16.5606985056215,4.6));
#2168=CARTESIAN_POINT('',(4.98271695726178,-16.7011233240103,4.6));
#2169=CARTESIAN_POINT('',(4.84961066909095,-16.708901101788,4.73333333333333));
#2170=CARTESIAN_POINT('',(4.71650438092012,-16.7166788795658,4.86666666666667));
#2171=CARTESIAN_POINT('',(4.58339809274928,-16.7244566573436,5.));
#2172=CARTESIAN_POINT('',(-4.,-3.5527136788005E-15,4.6));
#2173=CARTESIAN_POINT('',(-4.57628624616011,-16.7520530023903,5.));
#2174=CARTESIAN_POINT('',(11.3185239784678,-16.3309041575748,5.));
#2175=CARTESIAN_POINT('',(6.90522336021541,-20.8918569630852,4.6));
#2176=CARTESIAN_POINT('',(-11.3114566683289,-16.3592634265935,5.));
#2177=CARTESIAN_POINT('',(-6.60233138769145,-21.1905099901433,5.));
#2178=CARTESIAN_POINT('',(5.5144658878568,-22.3291438701009,5.));
#2179=CARTESIAN_POINT('',(5.99398466071392,-24.2708085544575,4.6));
#2180=CARTESIAN_POINT('',(-5.4855341121432,-22.3362690596374,5.));
#2181=CARTESIAN_POINT('',(-5.86713648516185,-23.8900964724817,5.));
#2182=CARTESIAN_POINT('',(0.,0.,5.));
#2183=CARTESIAN_POINT('',(0.,1.38777878078145E-14,-3.));
#2184=CARTESIAN_POINT('',(0.,60.,5.));
#2185=CARTESIAN_POINT('',(0.,60.,4.8));
#2186=CARTESIAN_POINT('',(-0.199999999999995,60.,4.8));
#2187=CARTESIAN_POINT('',(0.200000000000013,60.,4.8));
#2188=CARTESIAN_POINT('',(-0.199999999999995,60.,5.));
#2189=CARTESIAN_POINT('',(-0.199999999999995,60.,5.));
#2190=CARTESIAN_POINT('',(0.,60.,5.));
#2191=CARTESIAN_POINT('',(0.200000000000013,60.,5.));
#2192=CARTESIAN_POINT('',(0.200000000000013,60.,5.));
#2193=CARTESIAN_POINT('',(0.,60.,4.8));
#2194=CARTESIAN_POINT('',(0.,0.,4.8));
#2195=CARTESIAN_POINT('',(-0.200000000000008,14.9486621474967,4.8));
#2196=CARTESIAN_POINT('',(0.20000000000001,14.9486621474967,4.8));
#2197=CARTESIAN_POINT('',(-0.200000000000006,-9.16904948024448E-16,4.8));
#2198=CARTESIAN_POINT('',(0.200000000000009,-9.1690494802445E-16,4.8));
#2199=CARTESIAN_POINT('',(0.,60.,5.));
#2200=CARTESIAN_POINT('',(-0.200000000000002,60.,5.));
#2201=CARTESIAN_POINT('',(-0.200000000000008,14.9486621474967,5.));
#2202=CARTESIAN_POINT('',(0.,0.,5.));
#2203=CARTESIAN_POINT('',(0.20000000000001,14.9486621474967,5.));
#2204=CARTESIAN_POINT('',(0.200000000000009,-24.9991999871996,5.));
#2205=CARTESIAN_POINT('',(-0.200000000000006,-9.16904948024448E-16,5.));
#2206=CARTESIAN_POINT('',(-0.200000000000008,14.9486621474967,5.3));
#2207=CARTESIAN_POINT('',(0.200000000000009,-9.1690494802445E-16,5.));
#2208=CARTESIAN_POINT('',(0.20000000000001,14.9486621474967,5.3));
#2209=CARTESIAN_POINT('',(0.,0.,5.3));
#2210=CARTESIAN_POINT('',(0.200000000000009,-9.1690494802445E-16,5.));
#2211=CARTESIAN_POINT('',(0.200000000000009,-24.9991999871996,5.));
#2212=CARTESIAN_POINT('',(0.200000000000009,-14.9486621474967,5.));
#2213=CARTESIAN_POINT('',(0.200000000000009,-24.5991869784349,5.));
#2214=CARTESIAN_POINT('',(0.200000000000009,-24.5991869784349,5.));
#2215=CARTESIAN_POINT('',(0.200000000000009,-24.6658558395995,4.93333334221838));
#2216=CARTESIAN_POINT('',(0.200000000000008,-24.7325246918077,4.86666667548005));
#2217=CARTESIAN_POINT('',(0.200000000000008,-24.7991935352745,4.8));
#2218=CARTESIAN_POINT('',(0.200000000000008,-24.7991935352745,4.8));
#2219=CARTESIAN_POINT('',(0.200000000000009,-9.1690494802445E-16,4.8));
#2220=CARTESIAN_POINT('',(0.200000000000009,-14.9486621474967,4.8));
#2221=CARTESIAN_POINT('',(0.200000000000009,-14.9486621474967,5.3));
#2222=CARTESIAN_POINT('',(-0.200000000000006,-9.16904948024448E-16,5.));
#2223=CARTESIAN_POINT('',(-0.200000000000006,-9.16904948024448E-16,4.8));
#2224=CARTESIAN_POINT('',(-0.200000000000003,-24.7991935352745,4.8));
#2225=CARTESIAN_POINT('',(-0.200000000000004,-14.9486621474967,4.8));
#2226=CARTESIAN_POINT('',(-0.200000000000003,-24.7991935352745,4.8));
#2227=CARTESIAN_POINT('',(-0.200000000000003,-24.7325246918077,4.86666667548006));
#2228=CARTESIAN_POINT('',(-0.200000000000003,-24.6658558395995,4.93333334221838));
#2229=CARTESIAN_POINT('',(-0.200000000000003,-24.5991869784349,5.));
#2230=CARTESIAN_POINT('',(-0.200000000000007,-24.5991869784349,5.));
#2231=CARTESIAN_POINT('',(-0.200000000000002,60.,5.));
#2232=CARTESIAN_POINT('',(-0.200000000000004,-14.9486621474967,5.));
#2233=CARTESIAN_POINT('',(-0.200000000000004,-14.9486621474967,5.3));
#2234=CARTESIAN_POINT('',(0.,60.,5.));
#2235=CARTESIAN_POINT('',(0.,0.,5.));
#2236=CARTESIAN_POINT('',(0.,0.,5.));
#2237=CARTESIAN_POINT('',(0.,60.,4.8));
#2238=CARTESIAN_POINT('',(0.,0.,4.8));
#2239=CARTESIAN_POINT('',(0.,0.,4.8));
#2240=CARTESIAN_POINT('',(0.,0.,5.3));
#2241=CARTESIAN_POINT('',(0.,0.,5.));
#2242=CARTESIAN_POINT('',(0.,17.7495250701904,137.353408813477));
#2243=CARTESIAN_POINT('',(0.,0.,0.));
#2244=CARTESIAN_POINT('',(-34.24605103318,-34.24605103318,137.353408813477));
#2245=CARTESIAN_POINT('',(5.32907051820075E-15,-22.4161491394043,-1.27499997615814));
#2246=CARTESIAN_POINT('',(0.,0.,0.));
#2247=CARTESIAN_POINT('',(-5.58897368494064,-5.58897368494064,22.4161491394043));
#2248=CARTESIAN_POINT('',(57.9034194946289,17.7495250701904,-1.27499997615814));
#2249=CARTESIAN_POINT('',(0.,0.,0.));
#2250=CARTESIAN_POINT('',(-14.4369439108826,-14.4369439108826,57.9034194946289));
#2251=CARTESIAN_POINT('',(5.32907051820075E-15,22.4161491394043,-1.27499997615814));
#2252=CARTESIAN_POINT('',(0.,0.,0.));
#2253=CARTESIAN_POINT('',(-5.58897368494064,-5.58897368494064,22.4161491394043));
#2254=CARTESIAN_POINT('',(0.,17.7495250701904,-137.353408813477));
#2255=CARTESIAN_POINT('',(0.,0.,0.));
#2256=CARTESIAN_POINT('',(-34.24605103318,-34.24605103318,137.353408813477));
#2257=CARTESIAN_POINT('',(-57.9034194946289,17.7495250701904,-1.27499997615814));
#2258=CARTESIAN_POINT('',(0.,0.,0.));
#2259=CARTESIAN_POINT('',(-14.4369439108826,-14.4369439108826,57.9034194946289));
#2260=CARTESIAN_POINT('',(60.828666528066,-43.0786541302999,59.5536664326986));
#2261=CARTESIAN_POINT('',(0.,0.,0.));
#2262=CARTESIAN_POINT('',(-23.53014188378,-23.53014188378,94.374244623726));
#2263=CARTESIAN_POINT('',(718.873082975385,-567.298612839376,374.144226443725));
#2264=CARTESIAN_POINT('',(0.,0.,0.));
#2265=CARTESIAN_POINT('',(-500.,-500.,1000.));
#2266=MECHANICAL_DESIGN_GEOMETRIC_PRESENTATION_REPRESENTATION('',(#1002,
#1003,#1004,#1005,#1006,#1007,#1008,#1009,#1010,#1011,#1012,#1013,#1014,
#1015,#1016,#1017,#1018,#1019,#1020,#1021,#1022,#1023,#1024,#1025,#1026,
#1027),#2267);
#2267=(
GEOMETRIC_REPRESENTATION_CONTEXT(3)
GLOBAL_UNCERTAINTY_ASSIGNED_CONTEXT((#2268))
GLOBAL_UNIT_ASSIGNED_CONTEXT((#2271,#2270,#2269))
REPRESENTATION_CONTEXT('Lancetta','TOP_LEVEL_ASSEMBLY_PART')
);
#2268=UNCERTAINTY_MEASURE_WITH_UNIT(LENGTH_MEASURE(0.0508),#2271,
'DISTANCE_ACCURACY_VALUE','Maximum Tolerance applied to model');
#2269=(
NAMED_UNIT(*)
SI_UNIT($,.STERADIAN.)
SOLID_ANGLE_UNIT()
);
#2270=(
NAMED_UNIT(*)
PLANE_ANGLE_UNIT()
SI_UNIT($,.RADIAN.)
);
#2271=(
LENGTH_UNIT()
NAMED_UNIT(*)
SI_UNIT(.MILLI.,.METRE.)
);
#2272=PRODUCT_DEFINITION_SHAPE('','',#2273);
#2273=PRODUCT_DEFINITION('','',#2275,#2274);
#2274=PRODUCT_DEFINITION_CONTEXT('',#2281,'design');
#2275=PRODUCT_DEFINITION_FORMATION_WITH_SPECIFIED_SOURCE('','',#2277,
 .NOT_KNOWN.);
#2276=PRODUCT_RELATED_PRODUCT_CATEGORY('','',(#2277));
#2277=PRODUCT('Lancetta','Lancetta','Lancetta',(#2279));
#2278=PRODUCT_CATEGORY('','');
#2279=PRODUCT_CONTEXT('',#2281,'mechanical');
#2280=APPLICATION_PROTOCOL_DEFINITION('international standard',
'ap242_managed_model_based_3d_engineering',2020,#2281);
#2281=APPLICATION_CONTEXT('managed model based 3d engineering');
ENDSEC;
END-ISO-10303-21;
