ISO-10303-21;
HEADER;
/* Generated by software containing ST-Developer
 * from STEP Tools, Inc. (www.steptools.com) 
 */
/* OPTION: using custom renumber hook */

FILE_DESCRIPTION(
/* description */ (
'CAx-IF Rec.Pracs.---Representation and Presentation of Product Manufa
cturing Information (PMI)---4.0---2014-10-13',
'CAx-IF Rec.Pracs.---3D Tessellated Geometry---0.4---2014-09-14','2;1'),

/* implementation_level */ '2;1');

FILE_NAME(
/* name */ 'Supporto',
/* time_stamp */ '2026-06-04T12:19:25+02:00',
/* author */ (''),
/* organization */ (''),
/* preprocessor_version */ 'ST-DEVELOPER v20',
/* originating_system */ 'SIEMENS PLM Software NX2506.8700',
/* authorisation */ $);

FILE_SCHEMA (('AP242_MANAGED_MODEL_BASED_3D_ENGINEERING_MIM_LF { 1 0 10303 442 3 1 4 }'));
ENDSEC;

DATA;
#10=DEFAULT_MODEL_GEOMETRIC_VIEW('Trimetric','',#60,#34,'','',#3458,*);
#11=MECHANICAL_DESIGN_AND_DRAUGHTING_RELATIONSHIP('','',#26,#27);
#12=MECHANICAL_DESIGN_AND_DRAUGHTING_RELATIONSHIP('','',#28,#27);
#13=MECHANICAL_DESIGN_AND_DRAUGHTING_RELATIONSHIP('','',#29,#27);
#14=MECHANICAL_DESIGN_AND_DRAUGHTING_RELATIONSHIP('','',#30,#27);
#15=MECHANICAL_DESIGN_AND_DRAUGHTING_RELATIONSHIP('','',#31,#27);
#16=MECHANICAL_DESIGN_AND_DRAUGHTING_RELATIONSHIP('','',#32,#27);
#17=MECHANICAL_DESIGN_AND_DRAUGHTING_RELATIONSHIP('','',#33,#27);
#18=MECHANICAL_DESIGN_AND_DRAUGHTING_RELATIONSHIP('','',#34,#27);
#19=MODEL_GEOMETRIC_VIEW('Top','',#53,#26);
#20=MODEL_GEOMETRIC_VIEW('Front','',#54,#28);
#21=MODEL_GEOMETRIC_VIEW('Right','',#55,#29);
#22=MODEL_GEOMETRIC_VIEW('Back','',#56,#30);
#23=MODEL_GEOMETRIC_VIEW('Bottom','',#57,#31);
#24=MODEL_GEOMETRIC_VIEW('Left','',#58,#32);
#25=MODEL_GEOMETRIC_VIEW('Isometric','',#59,#33);
#26=DRAUGHTING_MODEL('Top',(#53,#44),#3453);
#27=DRAUGHTING_MODEL('',(#45),#3453);
#28=DRAUGHTING_MODEL('Front',(#54,#46),#3453);
#29=DRAUGHTING_MODEL('Right',(#55,#47),#3453);
#30=DRAUGHTING_MODEL('Back',(#56,#48),#3453);
#31=DRAUGHTING_MODEL('Bottom',(#57,#49),#3453);
#32=DRAUGHTING_MODEL('Left',(#58,#50),#3453);
#33=DRAUGHTING_MODEL('Isometric',(#59,#51),#3453);
#34=DRAUGHTING_MODEL('Trimetric',(#60,#52),#3453);
#35=REPRESENTATION_MAP(#1981,#78);
#36=REPRESENTATION_MAP(#1981,#78);
#37=REPRESENTATION_MAP(#1981,#78);
#38=REPRESENTATION_MAP(#1981,#78);
#39=REPRESENTATION_MAP(#1981,#78);
#40=REPRESENTATION_MAP(#1981,#78);
#41=REPRESENTATION_MAP(#1981,#78);
#42=REPRESENTATION_MAP(#1981,#78);
#43=REPRESENTATION_MAP(#1981,#78);
#44=MAPPED_ITEM('',#35,#1981);
#45=MAPPED_ITEM('',#36,#1981);
#46=MAPPED_ITEM('',#37,#1981);
#47=MAPPED_ITEM('',#38,#1981);
#48=MAPPED_ITEM('',#39,#1981);
#49=MAPPED_ITEM('',#40,#1981);
#50=MAPPED_ITEM('',#41,#1981);
#51=MAPPED_ITEM('',#42,#1981);
#52=MAPPED_ITEM('',#43,#1981);
#53=CAMERA_MODEL_D3('Top',#2204,#61);
#54=CAMERA_MODEL_D3('Front',#2206,#62);
#55=CAMERA_MODEL_D3('Right',#2208,#63);
#56=CAMERA_MODEL_D3('Back',#2210,#64);
#57=CAMERA_MODEL_D3('Bottom',#2212,#65);
#58=CAMERA_MODEL_D3('Left',#2214,#66);
#59=CAMERA_MODEL_D3('Isometric',#2216,#67);
#60=CAMERA_MODEL_D3('Trimetric',#2218,#68);
#61=VIEW_VOLUME(.PARALLEL.,#3429,158.075057983398,0.,.F.,0.,.F.,.F.,#69);
#62=VIEW_VOLUME(.PARALLEL.,#3432,67.471061706543,0.,.F.,0.,.F.,.F.,#70);
#63=VIEW_VOLUME(.PARALLEL.,#3435,67.471061706543,0.,.F.,0.,.F.,.F.,#71);
#64=VIEW_VOLUME(.PARALLEL.,#3438,67.471061706543,0.,.F.,0.,.F.,.F.,#72);
#65=VIEW_VOLUME(.PARALLEL.,#3441,158.075057983398,0.,.F.,0.,.F.,.F.,#73);
#66=VIEW_VOLUME(.PARALLEL.,#3444,67.471061706543,0.,.F.,0.,.F.,.F.,#74);
#67=VIEW_VOLUME(.PARALLEL.,#3447,184.157627500172,0.,.F.,0.,.F.,.F.,#75);
#68=VIEW_VOLUME(.PARALLEL.,#3450,146.023029757871,0.,.F.,0.,.F.,.F.,#76);
#69=PLANAR_BOX('',78.8250768515504,78.8250768515504,#2205);
#70=PLANAR_BOX('',33.6448500612444,33.6448500612444,#2207);
#71=PLANAR_BOX('',33.6448500612444,33.6448500612444,#2209);
#72=PLANAR_BOX('',33.6448500612444,33.6448500612444,#2211);
#73=PLANAR_BOX('',78.8250768515504,78.8250768515504,#2213);
#74=PLANAR_BOX('',33.6448500612444,33.6448500612444,#2215);
#75=PLANAR_BOX('',91.8313067582411,91.8313067582411,#2217);
#76=PLANAR_BOX('',72.8152606084718,72.8152606084718,#2219);
#77=SHAPE_REPRESENTATION_RELATIONSHIP('','',#1980,#78);
#78=ADVANCED_BREP_SHAPE_REPRESENTATION('',(#1978),#3453);
#79=VERTEX_LOOP('',#1402);
#80=VERTEX_LOOP('',#1404);
#81=CONICAL_SURFACE('',#2023,1.95,0.174532925199433);
#82=CONICAL_SURFACE('',#2027,1.95,0.174532925199433);
#83=CONICAL_SURFACE('',#2047,6.6,0.785398163397448);
#84=CONICAL_SURFACE('',#2048,6.6,0.785398163397447);
#85=CONICAL_SURFACE('',#2049,6.6,0.785398163397448);
#86=CONICAL_SURFACE('',#2050,6.,0.78539816339745);
#87=CONICAL_SURFACE('',#2106,1.1,0.785398163397448);
#88=CONICAL_SURFACE('',#2109,1.1,0.785398163397448);
#89=CONICAL_SURFACE('',#2112,1.95,0.785398163397444);
#90=CONICAL_SURFACE('',#2113,1.55,0.785398163397452);
#91=CONICAL_SURFACE('',#2114,29.2,0.785398163397446);
#92=CONICAL_SURFACE('',#2115,48.8,0.785398163397445);
#93=CONICAL_SURFACE('',#2116,49.2,0.785398163397446);
#94=CONICAL_SURFACE('',#2125,24.2,0.785398163676479);
#95=CONICAL_SURFACE('',#2129,24.2,0.785398163397453);
#96=CONICAL_SURFACE('',#2132,14.5999999997938,0.785398163139675);
#97=CONICAL_SURFACE('',#2137,14.6,0.78539816339745);
#98=CONICAL_SURFACE('',#2173,1.6,0.785398163397447);
#99=CONICAL_SURFACE('',#2174,29.2,0.785398163397448);
#100=CONICAL_SURFACE('',#2175,0.600000000000001,0.785398163397446);
#101=CONICAL_SURFACE('',#2177,0.599999999999998,0.78539816339745);
#102=CONICAL_SURFACE('',#2178,26.2,0.785398163397448);
#103=CONICAL_SURFACE('',#2179,1.4,0.785398163397449);
#104=CONICAL_SURFACE('',#2181,1.6,0.785398163397447);
#105=CONICAL_SURFACE('',#2182,28.8,0.785398163397448);
#106=CONICAL_SURFACE('',#2183,0.600000000000001,0.785398163397446);
#107=CONICAL_SURFACE('',#2185,0.599999999999998,0.78539816339745);
#108=CONICAL_SURFACE('',#2186,26.6,0.785398163397444);
#109=CONICAL_SURFACE('',#2187,1.4,0.785398163397449);
#110=CONICAL_SURFACE('',#2189,1.6,0.785398163397448);
#111=CONICAL_SURFACE('',#2190,28.8,0.785398163397453);
#112=CONICAL_SURFACE('',#2191,0.6,0.785398163397448);
#113=CONICAL_SURFACE('',#2193,0.599999999999999,0.785398163397448);
#114=CONICAL_SURFACE('',#2194,26.6,0.785398163397448);
#115=CONICAL_SURFACE('',#2195,1.4,0.785398163397449);
#116=CONICAL_SURFACE('',#2197,1.6,0.785398163397452);
#117=CONICAL_SURFACE('',#2198,29.2,0.785398163397453);
#118=CONICAL_SURFACE('',#2199,0.6,0.785398163397452);
#119=CONICAL_SURFACE('',#2201,0.599999999999999,0.785398163397452);
#120=CONICAL_SURFACE('',#2202,26.2,0.785398163397453);
#121=CONICAL_SURFACE('',#2203,1.4,0.785398163397453);
#122=TOROIDAL_SURFACE('',#2016,27.2,3.00000000000001);
#123=ELLIPSE('',#1997,34.223968209429,24.2);
#124=ELLIPSE('',#1998,34.223968209429,24.2);
#125=ELLIPSE('',#2002,34.2239682094287,24.2);
#126=ELLIPSE('',#2003,34.2239682094289,24.2);
#127=B_SPLINE_CURVE_WITH_KNOTS('',3,(#2859,#2860,#2861,#2862),
 .UNSPECIFIED.,.F.,.F.,(4,4),(2.4532694666934E-18,0.000150767277893671),
 .UNSPECIFIED.);
#128=B_SPLINE_CURVE_WITH_KNOTS('',3,(#2911,#2912,#2913,#2914),
 .UNSPECIFIED.,.F.,.F.,(4,4),(0.,0.000150767277717175),.UNSPECIFIED.);
#129=B_SPLINE_CURVE_WITH_KNOTS('',3,(#2930,#2931,#2932,#2933),
 .UNSPECIFIED.,.F.,.F.,(4,4),(0.,0.00105174494799845),.UNSPECIFIED.);
#130=B_SPLINE_CURVE_WITH_KNOTS('',3,(#2937,#2938,#2939,#2940),
 .UNSPECIFIED.,.F.,.F.,(4,4),(8.67361737988404E-19,0.00105633555782499),
 .UNSPECIFIED.);
#131=B_SPLINE_CURVE_WITH_KNOTS('',3,(#2954,#2955,#2956,#2957),
 .UNSPECIFIED.,.F.,.F.,(4,4),(0.,0.00105174494799844),.UNSPECIFIED.);
#132=B_SPLINE_CURVE_WITH_KNOTS('',3,(#2961,#2962,#2963,#2964),
 .UNSPECIFIED.,.F.,.F.,(4,4),(0.,0.00105633555782499),.UNSPECIFIED.);
#133=B_SPLINE_CURVE_WITH_KNOTS('',3,(#3072,#3073,#3074,#3075),
 .UNSPECIFIED.,.F.,.F.,(4,4),(0.,1.07791355018668E-5),.UNSPECIFIED.);
#134=B_SPLINE_CURVE_WITH_KNOTS('',3,(#3088,#3089,#3090,#3091),
 .UNSPECIFIED.,.F.,.F.,(4,4),(0.,1.07791355018668E-5),.UNSPECIFIED.);
#135=B_SPLINE_CURVE_WITH_KNOTS('',3,(#3261,#3262,#3263,#3264),
 .UNSPECIFIED.,.F.,.F.,(4,4),(0.,0.000649993824289064),.UNSPECIFIED.);
#136=B_SPLINE_CURVE_WITH_KNOTS('',3,(#3276,#3277,#3278,#3279),
 .UNSPECIFIED.,.F.,.F.,(4,4),(0.,0.000570138319987777),.UNSPECIFIED.);
#137=B_SPLINE_CURVE_WITH_KNOTS('',3,(#3281,#3282,#3283,#3284),
 .UNSPECIFIED.,.F.,.F.,(4,4),(0.,0.000649993824289053),.UNSPECIFIED.);
#138=B_SPLINE_CURVE_WITH_KNOTS('',3,(#3289,#3290,#3291,#3292),
 .UNSPECIFIED.,.F.,.F.,(4,4),(0.,0.000795686162334773),.UNSPECIFIED.);
#139=B_SPLINE_CURVE_WITH_KNOTS('',3,(#3296,#3297,#3298,#3299),
 .UNSPECIFIED.,.F.,.F.,(4,4),(0.,0.000570138319987775),.UNSPECIFIED.);
#140=B_SPLINE_CURVE_WITH_KNOTS('',3,(#3305,#3306,#3307,#3308),
 .UNSPECIFIED.,.F.,.F.,(4,4),(0.,0.00079568616233477),.UNSPECIFIED.);
#141=B_SPLINE_CURVE_WITH_KNOTS('',3,(#3310,#3311,#3312,#3313),
 .UNSPECIFIED.,.F.,.F.,(4,4),(0.,0.000607371284863497),.UNSPECIFIED.);
#142=B_SPLINE_CURVE_WITH_KNOTS('',3,(#3321,#3322,#3323,#3324),
 .UNSPECIFIED.,.F.,.F.,(4,4),(0.,0.000607371284863496),.UNSPECIFIED.);
#143=PLANE('',#1985);
#144=PLANE('',#1986);
#145=PLANE('',#1987);
#146=PLANE('',#1988);
#147=PLANE('',#1989);
#148=PLANE('',#1990);
#149=PLANE('',#1991);
#150=PLANE('',#2004);
#151=PLANE('',#2009);
#152=PLANE('',#2018);
#153=PLANE('',#2025);
#154=PLANE('',#2029);
#155=PLANE('',#2034);
#156=PLANE('',#2038);
#157=PLANE('',#2042);
#158=PLANE('',#2046);
#159=PLANE('',#2051);
#160=PLANE('',#2052);
#161=PLANE('',#2053);
#162=PLANE('',#2055);
#163=PLANE('',#2059);
#164=PLANE('',#2063);
#165=PLANE('',#2070);
#166=PLANE('',#2077);
#167=PLANE('',#2081);
#168=PLANE('',#2085);
#169=PLANE('',#2092);
#170=PLANE('',#2099);
#171=PLANE('',#2117);
#172=PLANE('',#2118);
#173=PLANE('',#2119);
#174=PLANE('',#2120);
#175=PLANE('',#2121);
#176=PLANE('',#2122);
#177=PLANE('',#2123);
#178=PLANE('',#2124);
#179=PLANE('',#2126);
#180=PLANE('',#2127);
#181=PLANE('',#2128);
#182=PLANE('',#2130);
#183=PLANE('',#2131);
#184=PLANE('',#2133);
#185=PLANE('',#2134);
#186=PLANE('',#2135);
#187=PLANE('',#2136);
#188=PLANE('',#2138);
#189=PLANE('',#2139);
#190=PLANE('',#2140);
#191=PLANE('',#2141);
#192=PLANE('',#2142);
#193=PLANE('',#2143);
#194=PLANE('',#2144);
#195=PLANE('',#2145);
#196=PLANE('',#2146);
#197=PLANE('',#2147);
#198=PLANE('',#2172);
#199=PLANE('',#2176);
#200=PLANE('',#2180);
#201=PLANE('',#2184);
#202=PLANE('',#2188);
#203=PLANE('',#2192);
#204=PLANE('',#2196);
#205=PLANE('',#2200);
#206=LINE('',#2844,#347);
#207=LINE('',#2848,#348);
#208=LINE('',#2850,#349);
#209=LINE('',#2853,#350);
#210=LINE('',#2855,#351);
#211=LINE('',#2857,#352);
#212=LINE('',#2864,#353);
#213=LINE('',#2866,#354);
#214=LINE('',#2868,#355);
#215=LINE('',#2870,#356);
#216=LINE('',#2873,#357);
#217=LINE('',#2875,#358);
#218=LINE('',#2877,#359);
#219=LINE('',#2879,#360);
#220=LINE('',#2882,#361);
#221=LINE('',#2884,#362);
#222=LINE('',#2886,#363);
#223=LINE('',#2887,#364);
#224=LINE('',#2889,#365);
#225=LINE('',#2891,#366);
#226=LINE('',#2893,#367);
#227=LINE('',#2895,#368);
#228=LINE('',#2897,#369);
#229=LINE('',#2899,#370);
#230=LINE('',#2902,#371);
#231=LINE('',#2904,#372);
#232=LINE('',#2906,#373);
#233=LINE('',#2908,#374);
#234=LINE('',#2916,#375);
#235=LINE('',#2917,#376);
#236=LINE('',#2922,#377);
#237=LINE('',#2926,#378);
#238=LINE('',#2935,#379);
#239=LINE('',#2946,#380);
#240=LINE('',#2959,#381);
#241=LINE('',#2970,#382);
#242=LINE('',#2974,#383);
#243=LINE('',#2977,#384);
#244=LINE('',#2979,#385);
#245=LINE('',#2981,#386);
#246=LINE('',#2985,#387);
#247=LINE('',#2987,#388);
#248=LINE('',#2989,#389);
#249=LINE('',#2991,#390);
#250=LINE('',#2993,#391);
#251=LINE('',#2997,#392);
#252=LINE('',#3067,#393);
#253=LINE('',#3070,#394);
#254=LINE('',#3077,#395);
#255=LINE('',#3079,#396);
#256=LINE('',#3081,#397);
#257=LINE('',#3084,#398);
#258=LINE('',#3086,#399);
#259=LINE('',#3093,#400);
#260=LINE('',#3096,#401);
#261=LINE('',#3098,#402);
#262=LINE('',#3101,#403);
#263=LINE('',#3102,#404);
#264=LINE('',#3104,#405);
#265=LINE('',#3109,#406);
#266=LINE('',#3113,#407);
#267=LINE('',#3116,#408);
#268=LINE('',#3118,#409);
#269=LINE('',#3120,#410);
#270=LINE('',#3122,#411);
#271=LINE('',#3127,#412);
#272=LINE('',#3135,#413);
#273=LINE('',#3143,#414);
#274=LINE('',#3153,#415);
#275=LINE('',#3161,#416);
#276=LINE('',#3163,#417);
#277=LINE('',#3165,#418);
#278=LINE('',#3167,#419);
#279=LINE('',#3169,#420);
#280=LINE('',#3174,#421);
#281=LINE('',#3178,#422);
#282=LINE('',#3181,#423);
#283=LINE('',#3183,#424);
#284=LINE('',#3185,#425);
#285=LINE('',#3187,#426);
#286=LINE('',#3192,#427);
#287=LINE('',#3202,#428);
#288=LINE('',#3210,#429);
#289=LINE('',#3216,#430);
#290=LINE('',#3224,#431);
#291=LINE('',#3234,#432);
#292=LINE('',#3236,#433);
#293=LINE('',#3256,#434);
#294=LINE('',#3258,#435);
#295=LINE('',#3259,#436);
#296=LINE('',#3265,#437);
#297=LINE('',#3267,#438);
#298=LINE('',#3269,#439);
#299=LINE('',#3270,#440);
#300=LINE('',#3272,#441);
#301=LINE('',#3274,#442);
#302=LINE('',#3286,#443);
#303=LINE('',#3288,#444);
#304=LINE('',#3294,#445);
#305=LINE('',#3301,#446);
#306=LINE('',#3303,#447);
#307=LINE('',#3315,#448);
#308=LINE('',#3317,#449);
#309=LINE('',#3319,#450);
#310=LINE('',#3326,#451);
#311=LINE('',#3328,#452);
#312=LINE('',#3330,#453);
#313=LINE('',#3332,#454);
#314=LINE('',#3334,#455);
#315=LINE('',#3336,#456);
#316=LINE('',#3338,#457);
#317=LINE('',#3340,#458);
#318=LINE('',#3342,#459);
#319=LINE('',#3369,#460);
#320=LINE('',#3371,#461);
#321=LINE('',#3373,#462);
#322=LINE('',#3375,#463);
#323=LINE('',#3377,#464);
#324=LINE('',#3379,#465);
#325=LINE('',#3381,#466);
#326=LINE('',#3384,#467);
#327=LINE('',#3386,#468);
#328=LINE('',#3388,#469);
#329=LINE('',#3390,#470);
#330=LINE('',#3392,#471);
#331=LINE('',#3394,#472);
#332=LINE('',#3396,#473);
#333=LINE('',#3399,#474);
#334=LINE('',#3401,#475);
#335=LINE('',#3403,#476);
#336=LINE('',#3405,#477);
#337=LINE('',#3407,#478);
#338=LINE('',#3409,#479);
#339=LINE('',#3411,#480);
#340=LINE('',#3414,#481);
#341=LINE('',#3416,#482);
#342=LINE('',#3418,#483);
#343=LINE('',#3420,#484);
#344=LINE('',#3422,#485);
#345=LINE('',#3424,#486);
#346=LINE('',#3426,#487);
#347=VECTOR('',#2226,1000.);
#348=VECTOR('',#2229,1000.);
#349=VECTOR('',#2232,1000.);
#350=VECTOR('',#2233,1000.);
#351=VECTOR('',#2234,1000.);
#352=VECTOR('',#2235,1000.);
#353=VECTOR('',#2238,1000.);
#354=VECTOR('',#2239,1000.);
#355=VECTOR('',#2240,1000.);
#356=VECTOR('',#2243,1000.);
#357=VECTOR('',#2244,1000.);
#358=VECTOR('',#2245,1000.);
#359=VECTOR('',#2246,1000.);
#360=VECTOR('',#2249,1000.);
#361=VECTOR('',#2250,1000.);
#362=VECTOR('',#2251,1000.);
#363=VECTOR('',#2252,1000.);
#364=VECTOR('',#2253,1000.);
#365=VECTOR('',#2254,1000.);
#366=VECTOR('',#2255,1000.);
#367=VECTOR('',#2258,1000.);
#368=VECTOR('',#2259,1000.);
#369=VECTOR('',#2260,1000.);
#370=VECTOR('',#2263,1000.);
#371=VECTOR('',#2264,1000.);
#372=VECTOR('',#2265,1000.);
#373=VECTOR('',#2266,1000.);
#374=VECTOR('',#2269,1000.);
#375=VECTOR('',#2270,1000.);
#376=VECTOR('',#2271,1000.);
#377=VECTOR('',#2276,1000.);
#378=VECTOR('',#2279,1000.);
#379=VECTOR('',#2282,1000.);
#380=VECTOR('',#2287,1000.);
#381=VECTOR('',#2294,1000.);
#382=VECTOR('',#2299,1000.);
#383=VECTOR('',#2304,1000.);
#384=VECTOR('',#2305,1000.);
#385=VECTOR('',#2306,1000.);
#386=VECTOR('',#2307,1000.);
#387=VECTOR('',#2310,1000.);
#388=VECTOR('',#2311,1000.);
#389=VECTOR('',#2312,1000.);
#390=VECTOR('',#2313,1000.);
#391=VECTOR('',#2314,1000.);
#392=VECTOR('',#2317,1000.);
#393=VECTOR('',#2408,1000.);
#394=VECTOR('',#2409,1000.);
#395=VECTOR('',#2410,1000.);
#396=VECTOR('',#2411,1000.);
#397=VECTOR('',#2414,1000.);
#398=VECTOR('',#2415,1000.);
#399=VECTOR('',#2416,1000.);
#400=VECTOR('',#2417,1000.);
#401=VECTOR('',#2422,1000.);
#402=VECTOR('',#2425,1000.);
#403=VECTOR('',#2426,1000.);
#404=VECTOR('',#2427,1000.);
#405=VECTOR('',#2430,1000.);
#406=VECTOR('',#2433,1000.);
#407=VECTOR('',#2438,1000.);
#408=VECTOR('',#2439,1000.);
#409=VECTOR('',#2440,1000.);
#410=VECTOR('',#2441,1000.);
#411=VECTOR('',#2444,1000.);
#412=VECTOR('',#2447,1000.);
#413=VECTOR('',#2456,1000.);
#414=VECTOR('',#2463,1000.);
#415=VECTOR('',#2474,1000.);
#416=VECTOR('',#2481,1000.);
#417=VECTOR('',#2484,1000.);
#418=VECTOR('',#2485,1000.);
#419=VECTOR('',#2486,1000.);
#420=VECTOR('',#2489,1000.);
#421=VECTOR('',#2492,1000.);
#422=VECTOR('',#2497,1000.);
#423=VECTOR('',#2498,1000.);
#424=VECTOR('',#2499,1000.);
#425=VECTOR('',#2500,1000.);
#426=VECTOR('',#2503,1000.);
#427=VECTOR('',#2506,1000.);
#428=VECTOR('',#2517,1000.);
#429=VECTOR('',#2524,1000.);
#430=VECTOR('',#2531,1000.);
#431=VECTOR('',#2538,1000.);
#432=VECTOR('',#2549,1000.);
#433=VECTOR('',#2552,1000.);
#434=VECTOR('',#2581,1000.);
#435=VECTOR('',#2584,1000.);
#436=VECTOR('',#2585,1000.);
#437=VECTOR('',#2588,1000.);
#438=VECTOR('',#2591,1000.);
#439=VECTOR('',#2594,1000.);
#440=VECTOR('',#2595,1000.);
#441=VECTOR('',#2598,1000.);
#442=VECTOR('',#2601,1000.);
#443=VECTOR('',#2608,1000.);
#444=VECTOR('',#2611,1000.);
#445=VECTOR('',#2614,1000.);
#446=VECTOR('',#2619,1000.);
#447=VECTOR('',#2622,1000.);
#448=VECTOR('',#2629,1000.);
#449=VECTOR('',#2632,1000.);
#450=VECTOR('',#2635,1000.);
#451=VECTOR('',#2640,1000.);
#452=VECTOR('',#2643,1000.);
#453=VECTOR('',#2646,1000.);
#454=VECTOR('',#2649,1000.);
#455=VECTOR('',#2652,1000.);
#456=VECTOR('',#2655,1000.);
#457=VECTOR('',#2658,1000.);
#458=VECTOR('',#2661,1000.);
#459=VECTOR('',#2664,1000.);
#460=VECTOR('',#2717,1000.);
#461=VECTOR('',#2720,1000.);
#462=VECTOR('',#2723,1000.);
#463=VECTOR('',#2726,1000.);
#464=VECTOR('',#2729,1000.);
#465=VECTOR('',#2732,1000.);
#466=VECTOR('',#2735,1000.);
#467=VECTOR('',#2740,1000.);
#468=VECTOR('',#2743,1000.);
#469=VECTOR('',#2746,1000.);
#470=VECTOR('',#2749,1000.);
#471=VECTOR('',#2752,1000.);
#472=VECTOR('',#2755,1000.);
#473=VECTOR('',#2758,1000.);
#474=VECTOR('',#2763,1000.);
#475=VECTOR('',#2766,1000.);
#476=VECTOR('',#2769,1000.);
#477=VECTOR('',#2772,1000.);
#478=VECTOR('',#2775,1000.);
#479=VECTOR('',#2778,1000.);
#480=VECTOR('',#2781,1000.);
#481=VECTOR('',#2786,1000.);
#482=VECTOR('',#2789,1000.);
#483=VECTOR('',#2792,1000.);
#484=VECTOR('',#2795,1000.);
#485=VECTOR('',#2798,1000.);
#486=VECTOR('',#2801,1000.);
#487=VECTOR('',#2804,1000.);
#488=ORIENTED_EDGE('',*,*,#992,.T.);
#489=ORIENTED_EDGE('',*,*,#993,.T.);
#490=ORIENTED_EDGE('',*,*,#994,.T.);
#491=ORIENTED_EDGE('',*,*,#995,.T.);
#492=ORIENTED_EDGE('',*,*,#996,.T.);
#493=ORIENTED_EDGE('',*,*,#997,.T.);
#494=ORIENTED_EDGE('',*,*,#998,.F.);
#495=ORIENTED_EDGE('',*,*,#999,.T.);
#496=ORIENTED_EDGE('',*,*,#1000,.T.);
#497=ORIENTED_EDGE('',*,*,#1001,.T.);
#498=ORIENTED_EDGE('',*,*,#1002,.T.);
#499=ORIENTED_EDGE('',*,*,#1003,.T.);
#500=ORIENTED_EDGE('',*,*,#998,.T.);
#501=ORIENTED_EDGE('',*,*,#1004,.T.);
#502=ORIENTED_EDGE('',*,*,#1005,.T.);
#503=ORIENTED_EDGE('',*,*,#1006,.F.);
#504=ORIENTED_EDGE('',*,*,#1007,.T.);
#505=ORIENTED_EDGE('',*,*,#1008,.T.);
#506=ORIENTED_EDGE('',*,*,#1009,.T.);
#507=ORIENTED_EDGE('',*,*,#1010,.F.);
#508=ORIENTED_EDGE('',*,*,#1011,.T.);
#509=ORIENTED_EDGE('',*,*,#1006,.T.);
#510=ORIENTED_EDGE('',*,*,#1012,.T.);
#511=ORIENTED_EDGE('',*,*,#1013,.T.);
#512=ORIENTED_EDGE('',*,*,#1014,.T.);
#513=ORIENTED_EDGE('',*,*,#1015,.T.);
#514=ORIENTED_EDGE('',*,*,#1016,.T.);
#515=ORIENTED_EDGE('',*,*,#1017,.T.);
#516=ORIENTED_EDGE('',*,*,#1010,.T.);
#517=ORIENTED_EDGE('',*,*,#1018,.T.);
#518=ORIENTED_EDGE('',*,*,#1019,.T.);
#519=ORIENTED_EDGE('',*,*,#1020,.T.);
#520=ORIENTED_EDGE('',*,*,#1021,.F.);
#521=ORIENTED_EDGE('',*,*,#1022,.T.);
#522=ORIENTED_EDGE('',*,*,#1023,.T.);
#523=ORIENTED_EDGE('',*,*,#1024,.T.);
#524=ORIENTED_EDGE('',*,*,#1021,.T.);
#525=ORIENTED_EDGE('',*,*,#1025,.T.);
#526=ORIENTED_EDGE('',*,*,#1026,.T.);
#527=ORIENTED_EDGE('',*,*,#1027,.T.);
#528=ORIENTED_EDGE('',*,*,#1028,.T.);
#529=ORIENTED_EDGE('',*,*,#1029,.T.);
#530=ORIENTED_EDGE('',*,*,#1030,.F.);
#531=ORIENTED_EDGE('',*,*,#1031,.T.);
#532=ORIENTED_EDGE('',*,*,#1032,.T.);
#533=ORIENTED_EDGE('',*,*,#1033,.T.);
#534=ORIENTED_EDGE('',*,*,#1034,.T.);
#535=ORIENTED_EDGE('',*,*,#1035,.T.);
#536=ORIENTED_EDGE('',*,*,#1036,.T.);
#537=ORIENTED_EDGE('',*,*,#1037,.T.);
#538=ORIENTED_EDGE('',*,*,#1038,.F.);
#539=ORIENTED_EDGE('',*,*,#1039,.F.);
#540=ORIENTED_EDGE('',*,*,#1040,.T.);
#541=ORIENTED_EDGE('',*,*,#1041,.T.);
#542=ORIENTED_EDGE('',*,*,#1042,.T.);
#543=ORIENTED_EDGE('',*,*,#1043,.T.);
#544=ORIENTED_EDGE('',*,*,#1044,.T.);
#545=ORIENTED_EDGE('',*,*,#1045,.F.);
#546=ORIENTED_EDGE('',*,*,#1046,.T.);
#547=ORIENTED_EDGE('',*,*,#1047,.T.);
#548=ORIENTED_EDGE('',*,*,#1048,.T.);
#549=ORIENTED_EDGE('',*,*,#1049,.T.);
#550=ORIENTED_EDGE('',*,*,#1050,.T.);
#551=ORIENTED_EDGE('',*,*,#1051,.T.);
#552=ORIENTED_EDGE('',*,*,#1052,.T.);
#553=ORIENTED_EDGE('',*,*,#1053,.T.);
#554=ORIENTED_EDGE('',*,*,#1054,.T.);
#555=ORIENTED_EDGE('',*,*,#1055,.T.);
#556=ORIENTED_EDGE('',*,*,#1056,.T.);
#557=ORIENTED_EDGE('',*,*,#1057,.T.);
#558=ORIENTED_EDGE('',*,*,#1058,.T.);
#559=ORIENTED_EDGE('',*,*,#1059,.F.);
#560=ORIENTED_EDGE('',*,*,#1060,.T.);
#561=ORIENTED_EDGE('',*,*,#1061,.T.);
#562=ORIENTED_EDGE('',*,*,#1062,.T.);
#563=ORIENTED_EDGE('',*,*,#1063,.T.);
#564=ORIENTED_EDGE('',*,*,#1064,.T.);
#565=ORIENTED_EDGE('',*,*,#1065,.T.);
#566=ORIENTED_EDGE('',*,*,#1066,.T.);
#567=ORIENTED_EDGE('',*,*,#1067,.F.);
#568=ORIENTED_EDGE('',*,*,#1038,.T.);
#569=ORIENTED_EDGE('',*,*,#1068,.T.);
#570=ORIENTED_EDGE('',*,*,#1067,.T.);
#571=ORIENTED_EDGE('',*,*,#1069,.T.);
#572=ORIENTED_EDGE('',*,*,#1070,.T.);
#573=ORIENTED_EDGE('',*,*,#1071,.T.);
#574=ORIENTED_EDGE('',*,*,#1060,.F.);
#575=ORIENTED_EDGE('',*,*,#1072,.T.);
#576=ORIENTED_EDGE('',*,*,#1073,.T.);
#577=ORIENTED_EDGE('',*,*,#1059,.T.);
#578=ORIENTED_EDGE('',*,*,#1074,.T.);
#579=ORIENTED_EDGE('',*,*,#1075,.T.);
#580=ORIENTED_EDGE('',*,*,#1076,.T.);
#581=ORIENTED_EDGE('',*,*,#1076,.F.);
#582=ORIENTED_EDGE('',*,*,#1077,.T.);
#583=ORIENTED_EDGE('',*,*,#1078,.F.);
#584=ORIENTED_EDGE('',*,*,#1078,.T.);
#585=ORIENTED_EDGE('',*,*,#1079,.T.);
#586=ORIENTED_EDGE('',*,*,#1080,.F.);
#587=ORIENTED_EDGE('',*,*,#1080,.T.);
#588=ORIENTED_EDGE('',*,*,#1081,.T.);
#589=ORIENTED_EDGE('',*,*,#1082,.F.);
#590=ORIENTED_EDGE('',*,*,#1082,.T.);
#591=ORIENTED_EDGE('',*,*,#1081,.F.);
#592=ORIENTED_EDGE('',*,*,#1063,.F.);
#593=ORIENTED_EDGE('',*,*,#1077,.F.);
#594=ORIENTED_EDGE('',*,*,#1064,.F.);
#595=ORIENTED_EDGE('',*,*,#1079,.F.);
#596=ORIENTED_EDGE('',*,*,#1065,.F.);
#597=ORIENTED_EDGE('',*,*,#1066,.F.);
#598=ORIENTED_EDGE('',*,*,#1075,.F.);
#599=ORIENTED_EDGE('',*,*,#1083,.T.);
#600=ORIENTED_EDGE('',*,*,#1084,.T.);
#601=ORIENTED_EDGE('',*,*,#1085,.T.);
#602=ORIENTED_EDGE('',*,*,#1086,.F.);
#603=ORIENTED_EDGE('',*,*,#1087,.T.);
#604=ORIENTED_EDGE('',*,*,#1088,.T.);
#605=ORIENTED_EDGE('',*,*,#1089,.T.);
#606=ORIENTED_EDGE('',*,*,#1090,.T.);
#607=ORIENTED_EDGE('',*,*,#1091,.T.);
#608=ORIENTED_EDGE('',*,*,#1092,.T.);
#609=ORIENTED_EDGE('',*,*,#1086,.T.);
#610=ORIENTED_EDGE('',*,*,#1093,.T.);
#611=ORIENTED_EDGE('',*,*,#1090,.F.);
#612=ORIENTED_EDGE('',*,*,#1094,.T.);
#613=ORIENTED_EDGE('',*,*,#1095,.T.);
#614=ORIENTED_EDGE('',*,*,#1096,.T.);
#615=ORIENTED_EDGE('',*,*,#1045,.T.);
#616=ORIENTED_EDGE('',*,*,#1097,.T.);
#617=ORIENTED_EDGE('',*,*,#1098,.T.);
#618=ORIENTED_EDGE('',*,*,#1099,.T.);
#619=ORIENTED_EDGE('',*,*,#1100,.T.);
#620=ORIENTED_EDGE('',*,*,#1101,.T.);
#621=ORIENTED_EDGE('',*,*,#1102,.T.);
#622=ORIENTED_EDGE('',*,*,#1103,.T.);
#623=ORIENTED_EDGE('',*,*,#1104,.T.);
#624=ORIENTED_EDGE('',*,*,#1105,.T.);
#625=ORIENTED_EDGE('',*,*,#1106,.T.);
#626=ORIENTED_EDGE('',*,*,#1107,.T.);
#627=ORIENTED_EDGE('',*,*,#1108,.T.);
#628=ORIENTED_EDGE('',*,*,#1109,.T.);
#629=ORIENTED_EDGE('',*,*,#1110,.T.);
#630=ORIENTED_EDGE('',*,*,#1111,.T.);
#631=ORIENTED_EDGE('',*,*,#1039,.T.);
#632=ORIENTED_EDGE('',*,*,#1112,.T.);
#633=ORIENTED_EDGE('',*,*,#1113,.T.);
#634=ORIENTED_EDGE('',*,*,#1114,.T.);
#635=ORIENTED_EDGE('',*,*,#1115,.T.);
#636=ORIENTED_EDGE('',*,*,#1116,.T.);
#637=ORIENTED_EDGE('',*,*,#1117,.T.);
#638=ORIENTED_EDGE('',*,*,#1043,.F.);
#639=ORIENTED_EDGE('',*,*,#1118,.T.);
#640=ORIENTED_EDGE('',*,*,#1119,.T.);
#641=ORIENTED_EDGE('',*,*,#1120,.T.);
#642=ORIENTED_EDGE('',*,*,#1121,.T.);
#643=ORIENTED_EDGE('',*,*,#1122,.T.);
#644=ORIENTED_EDGE('',*,*,#1123,.T.);
#645=ORIENTED_EDGE('',*,*,#1124,.T.);
#646=ORIENTED_EDGE('',*,*,#1125,.T.);
#647=ORIENTED_EDGE('',*,*,#1036,.F.);
#648=ORIENTED_EDGE('',*,*,#1126,.T.);
#649=ORIENTED_EDGE('',*,*,#1127,.T.);
#650=ORIENTED_EDGE('',*,*,#1128,.T.);
#651=ORIENTED_EDGE('',*,*,#1129,.T.);
#652=ORIENTED_EDGE('',*,*,#1130,.T.);
#653=ORIENTED_EDGE('',*,*,#1131,.T.);
#654=ORIENTED_EDGE('',*,*,#1132,.T.);
#655=ORIENTED_EDGE('',*,*,#1133,.T.);
#656=ORIENTED_EDGE('',*,*,#1134,.T.);
#657=ORIENTED_EDGE('',*,*,#1135,.T.);
#658=ORIENTED_EDGE('',*,*,#1136,.T.);
#659=ORIENTED_EDGE('',*,*,#1137,.T.);
#660=ORIENTED_EDGE('',*,*,#1138,.T.);
#661=ORIENTED_EDGE('',*,*,#1139,.T.);
#662=ORIENTED_EDGE('',*,*,#1140,.T.);
#663=ORIENTED_EDGE('',*,*,#1034,.F.);
#664=ORIENTED_EDGE('',*,*,#1141,.T.);
#665=ORIENTED_EDGE('',*,*,#1142,.T.);
#666=ORIENTED_EDGE('',*,*,#1143,.T.);
#667=ORIENTED_EDGE('',*,*,#1144,.T.);
#668=ORIENTED_EDGE('',*,*,#1145,.T.);
#669=ORIENTED_EDGE('',*,*,#1146,.T.);
#670=ORIENTED_EDGE('',*,*,#1147,.T.);
#671=ORIENTED_EDGE('',*,*,#1148,.T.);
#672=ORIENTED_EDGE('',*,*,#1149,.T.);
#673=ORIENTED_EDGE('',*,*,#1150,.T.);
#674=ORIENTED_EDGE('',*,*,#1030,.T.);
#675=ORIENTED_EDGE('',*,*,#1151,.T.);
#676=ORIENTED_EDGE('',*,*,#1152,.T.);
#677=ORIENTED_EDGE('',*,*,#1153,.T.);
#678=ORIENTED_EDGE('',*,*,#1154,.T.);
#679=ORIENTED_EDGE('',*,*,#1155,.T.);
#680=ORIENTED_EDGE('',*,*,#1156,.T.);
#681=ORIENTED_EDGE('',*,*,#1157,.F.);
#682=ORIENTED_EDGE('',*,*,#1158,.F.);
#683=ORIENTED_EDGE('',*,*,#1159,.F.);
#684=ORIENTED_EDGE('',*,*,#1017,.F.);
#685=ORIENTED_EDGE('',*,*,#1160,.T.);
#686=ORIENTED_EDGE('',*,*,#1018,.F.);
#687=ORIENTED_EDGE('',*,*,#1024,.F.);
#688=ORIENTED_EDGE('',*,*,#1161,.T.);
#689=ORIENTED_EDGE('',*,*,#999,.F.);
#690=ORIENTED_EDGE('',*,*,#1003,.F.);
#691=ORIENTED_EDGE('',*,*,#1162,.T.);
#692=ORIENTED_EDGE('',*,*,#1007,.F.);
#693=ORIENTED_EDGE('',*,*,#1011,.F.);
#694=ORIENTED_EDGE('',*,*,#1163,.T.);
#695=ORIENTED_EDGE('',*,*,#1159,.T.);
#696=ORIENTED_EDGE('',*,*,#1164,.T.);
#697=ORIENTED_EDGE('',*,*,#1158,.T.);
#698=ORIENTED_EDGE('',*,*,#1164,.F.);
#699=ORIENTED_EDGE('',*,*,#1165,.T.);
#700=ORIENTED_EDGE('',*,*,#1157,.T.);
#701=ORIENTED_EDGE('',*,*,#1165,.F.);
#702=ORIENTED_EDGE('',*,*,#1072,.F.);
#703=ORIENTED_EDGE('',*,*,#1071,.F.);
#704=ORIENTED_EDGE('',*,*,#1073,.F.);
#705=ORIENTED_EDGE('',*,*,#1074,.F.);
#706=ORIENTED_EDGE('',*,*,#1061,.F.);
#707=ORIENTED_EDGE('',*,*,#1163,.F.);
#708=ORIENTED_EDGE('',*,*,#1069,.F.);
#709=ORIENTED_EDGE('',*,*,#1062,.F.);
#710=ORIENTED_EDGE('',*,*,#1068,.F.);
#711=ORIENTED_EDGE('',*,*,#1070,.F.);
#712=ORIENTED_EDGE('',*,*,#1162,.F.);
#713=ORIENTED_EDGE('',*,*,#1002,.F.);
#714=ORIENTED_EDGE('',*,*,#1166,.F.);
#715=ORIENTED_EDGE('',*,*,#1004,.F.);
#716=ORIENTED_EDGE('',*,*,#1167,.F.);
#717=ORIENTED_EDGE('',*,*,#1005,.F.);
#718=ORIENTED_EDGE('',*,*,#1168,.F.);
#719=ORIENTED_EDGE('',*,*,#1054,.F.);
#720=ORIENTED_EDGE('',*,*,#1169,.F.);
#721=ORIENTED_EDGE('',*,*,#1084,.F.);
#722=ORIENTED_EDGE('',*,*,#1170,.F.);
#723=ORIENTED_EDGE('',*,*,#1029,.F.);
#724=ORIENTED_EDGE('',*,*,#1168,.T.);
#725=ORIENTED_EDGE('',*,*,#1166,.T.);
#726=ORIENTED_EDGE('',*,*,#1171,.F.);
#727=ORIENTED_EDGE('',*,*,#1172,.F.);
#728=ORIENTED_EDGE('',*,*,#1052,.F.);
#729=ORIENTED_EDGE('',*,*,#1173,.F.);
#730=ORIENTED_EDGE('',*,*,#1083,.F.);
#731=ORIENTED_EDGE('',*,*,#1167,.T.);
#732=ORIENTED_EDGE('',*,*,#1053,.F.);
#733=ORIENTED_EDGE('',*,*,#1174,.F.);
#734=ORIENTED_EDGE('',*,*,#1012,.F.);
#735=ORIENTED_EDGE('',*,*,#1171,.T.);
#736=ORIENTED_EDGE('',*,*,#1001,.F.);
#737=ORIENTED_EDGE('',*,*,#1175,.F.);
#738=ORIENTED_EDGE('',*,*,#1055,.F.);
#739=ORIENTED_EDGE('',*,*,#1170,.T.);
#740=ORIENTED_EDGE('',*,*,#1173,.T.);
#741=ORIENTED_EDGE('',*,*,#1176,.F.);
#742=ORIENTED_EDGE('',*,*,#1169,.T.);
#743=ORIENTED_EDGE('',*,*,#1028,.F.);
#744=ORIENTED_EDGE('',*,*,#1177,.F.);
#745=ORIENTED_EDGE('',*,*,#1091,.F.);
#746=ORIENTED_EDGE('',*,*,#1093,.F.);
#747=ORIENTED_EDGE('',*,*,#1085,.F.);
#748=ORIENTED_EDGE('',*,*,#1174,.T.);
#749=ORIENTED_EDGE('',*,*,#1172,.T.);
#750=ORIENTED_EDGE('',*,*,#1178,.F.);
#751=ORIENTED_EDGE('',*,*,#1179,.F.);
#752=ORIENTED_EDGE('',*,*,#996,.F.);
#753=ORIENTED_EDGE('',*,*,#1180,.F.);
#754=ORIENTED_EDGE('',*,*,#993,.F.);
#755=ORIENTED_EDGE('',*,*,#1175,.T.);
#756=ORIENTED_EDGE('',*,*,#997,.F.);
#757=ORIENTED_EDGE('',*,*,#1181,.F.);
#758=ORIENTED_EDGE('',*,*,#1056,.F.);
#759=ORIENTED_EDGE('',*,*,#1176,.T.);
#760=ORIENTED_EDGE('',*,*,#1051,.F.);
#761=ORIENTED_EDGE('',*,*,#1182,.F.);
#762=ORIENTED_EDGE('',*,*,#1026,.F.);
#763=ORIENTED_EDGE('',*,*,#1177,.T.);
#764=ORIENTED_EDGE('',*,*,#1027,.F.);
#765=ORIENTED_EDGE('',*,*,#1183,.F.);
#766=ORIENTED_EDGE('',*,*,#1092,.F.);
#767=ORIENTED_EDGE('',*,*,#1178,.T.);
#768=ORIENTED_EDGE('',*,*,#1087,.F.);
#769=ORIENTED_EDGE('',*,*,#1184,.F.);
#770=ORIENTED_EDGE('',*,*,#1013,.F.);
#771=ORIENTED_EDGE('',*,*,#1161,.F.);
#772=ORIENTED_EDGE('',*,*,#1023,.F.);
#773=ORIENTED_EDGE('',*,*,#1185,.F.);
#774=ORIENTED_EDGE('',*,*,#994,.F.);
#775=ORIENTED_EDGE('',*,*,#1180,.T.);
#776=ORIENTED_EDGE('',*,*,#1000,.F.);
#777=ORIENTED_EDGE('',*,*,#1181,.T.);
#778=ORIENTED_EDGE('',*,*,#1179,.T.);
#779=ORIENTED_EDGE('',*,*,#1186,.F.);
#780=ORIENTED_EDGE('',*,*,#1183,.T.);
#781=ORIENTED_EDGE('',*,*,#1182,.T.);
#782=ORIENTED_EDGE('',*,*,#1187,.F.);
#783=ORIENTED_EDGE('',*,*,#1184,.T.);
#784=ORIENTED_EDGE('',*,*,#1094,.F.);
#785=ORIENTED_EDGE('',*,*,#1188,.F.);
#786=ORIENTED_EDGE('',*,*,#1014,.F.);
#787=ORIENTED_EDGE('',*,*,#1185,.T.);
#788=ORIENTED_EDGE('',*,*,#1022,.F.);
#789=ORIENTED_EDGE('',*,*,#1189,.F.);
#790=ORIENTED_EDGE('',*,*,#995,.F.);
#791=ORIENTED_EDGE('',*,*,#1186,.T.);
#792=ORIENTED_EDGE('',*,*,#992,.F.);
#793=ORIENTED_EDGE('',*,*,#1190,.F.);
#794=ORIENTED_EDGE('',*,*,#1057,.F.);
#795=ORIENTED_EDGE('',*,*,#1187,.T.);
#796=ORIENTED_EDGE('',*,*,#1050,.F.);
#797=ORIENTED_EDGE('',*,*,#1191,.F.);
#798=ORIENTED_EDGE('',*,*,#1088,.F.);
#799=ORIENTED_EDGE('',*,*,#1188,.T.);
#800=ORIENTED_EDGE('',*,*,#1089,.F.);
#801=ORIENTED_EDGE('',*,*,#1192,.F.);
#802=ORIENTED_EDGE('',*,*,#1008,.F.);
#803=ORIENTED_EDGE('',*,*,#1190,.T.);
#804=ORIENTED_EDGE('',*,*,#1189,.T.);
#805=ORIENTED_EDGE('',*,*,#1193,.F.);
#806=ORIENTED_EDGE('',*,*,#1192,.T.);
#807=ORIENTED_EDGE('',*,*,#1191,.T.);
#808=ORIENTED_EDGE('',*,*,#1194,.F.);
#809=ORIENTED_EDGE('',*,*,#1193,.T.);
#810=ORIENTED_EDGE('',*,*,#1025,.F.);
#811=ORIENTED_EDGE('',*,*,#1195,.F.);
#812=ORIENTED_EDGE('',*,*,#1058,.F.);
#813=ORIENTED_EDGE('',*,*,#1194,.T.);
#814=ORIENTED_EDGE('',*,*,#1049,.F.);
#815=ORIENTED_EDGE('',*,*,#1196,.F.);
#816=ORIENTED_EDGE('',*,*,#1009,.F.);
#817=ORIENTED_EDGE('',*,*,#1195,.T.);
#818=ORIENTED_EDGE('',*,*,#1020,.F.);
#819=ORIENTED_EDGE('',*,*,#1197,.F.);
#820=ORIENTED_EDGE('',*,*,#1047,.F.);
#821=ORIENTED_EDGE('',*,*,#1196,.T.);
#822=ORIENTED_EDGE('',*,*,#1048,.F.);
#823=ORIENTED_EDGE('',*,*,#1198,.F.);
#824=ORIENTED_EDGE('',*,*,#1015,.F.);
#825=ORIENTED_EDGE('',*,*,#1198,.T.);
#826=ORIENTED_EDGE('',*,*,#1197,.T.);
#827=ORIENTED_EDGE('',*,*,#1199,.F.);
#828=ORIENTED_EDGE('',*,*,#1160,.F.);
#829=ORIENTED_EDGE('',*,*,#1016,.F.);
#830=ORIENTED_EDGE('',*,*,#1199,.T.);
#831=ORIENTED_EDGE('',*,*,#1019,.F.);
#832=ORIENTED_EDGE('',*,*,#1104,.F.);
#833=ORIENTED_EDGE('',*,*,#1200,.T.);
#834=ORIENTED_EDGE('',*,*,#1098,.F.);
#835=ORIENTED_EDGE('',*,*,#1201,.T.);
#836=ORIENTED_EDGE('',*,*,#1108,.F.);
#837=ORIENTED_EDGE('',*,*,#1202,.T.);
#838=ORIENTED_EDGE('',*,*,#1102,.F.);
#839=ORIENTED_EDGE('',*,*,#1203,.T.);
#840=ORIENTED_EDGE('',*,*,#1135,.F.);
#841=ORIENTED_EDGE('',*,*,#1204,.T.);
#842=ORIENTED_EDGE('',*,*,#1137,.F.);
#843=ORIENTED_EDGE('',*,*,#1205,.T.);
#844=ORIENTED_EDGE('',*,*,#1131,.F.);
#845=ORIENTED_EDGE('',*,*,#1206,.T.);
#846=ORIENTED_EDGE('',*,*,#1133,.F.);
#847=ORIENTED_EDGE('',*,*,#1207,.T.);
#848=ORIENTED_EDGE('',*,*,#1139,.F.);
#849=ORIENTED_EDGE('',*,*,#1208,.T.);
#850=ORIENTED_EDGE('',*,*,#1032,.F.);
#851=ORIENTED_EDGE('',*,*,#1209,.T.);
#852=ORIENTED_EDGE('',*,*,#1041,.F.);
#853=ORIENTED_EDGE('',*,*,#1210,.T.);
#854=ORIENTED_EDGE('',*,*,#1106,.F.);
#855=ORIENTED_EDGE('',*,*,#1211,.T.);
#856=ORIENTED_EDGE('',*,*,#1127,.F.);
#857=ORIENTED_EDGE('',*,*,#1212,.T.);
#858=ORIENTED_EDGE('',*,*,#1129,.F.);
#859=ORIENTED_EDGE('',*,*,#1213,.T.);
#860=ORIENTED_EDGE('',*,*,#1100,.F.);
#861=ORIENTED_EDGE('',*,*,#1214,.T.);
#862=ORIENTED_EDGE('',*,*,#1095,.F.);
#863=ORIENTED_EDGE('',*,*,#1215,.T.);
#864=ORIENTED_EDGE('',*,*,#1035,.F.);
#865=ORIENTED_EDGE('',*,*,#1148,.F.);
#866=ORIENTED_EDGE('',*,*,#1216,.F.);
#867=ORIENTED_EDGE('',*,*,#1126,.F.);
#868=ORIENTED_EDGE('',*,*,#1216,.T.);
#869=ORIENTED_EDGE('',*,*,#1147,.F.);
#870=ORIENTED_EDGE('',*,*,#1217,.F.);
#871=ORIENTED_EDGE('',*,*,#1212,.F.);
#872=ORIENTED_EDGE('',*,*,#1217,.T.);
#873=ORIENTED_EDGE('',*,*,#1146,.F.);
#874=ORIENTED_EDGE('',*,*,#1218,.F.);
#875=ORIENTED_EDGE('',*,*,#1130,.F.);
#876=ORIENTED_EDGE('',*,*,#1218,.T.);
#877=ORIENTED_EDGE('',*,*,#1145,.F.);
#878=ORIENTED_EDGE('',*,*,#1219,.F.);
#879=ORIENTED_EDGE('',*,*,#1206,.F.);
#880=ORIENTED_EDGE('',*,*,#1219,.T.);
#881=ORIENTED_EDGE('',*,*,#1144,.F.);
#882=ORIENTED_EDGE('',*,*,#1220,.F.);
#883=ORIENTED_EDGE('',*,*,#1134,.F.);
#884=ORIENTED_EDGE('',*,*,#1220,.T.);
#885=ORIENTED_EDGE('',*,*,#1143,.F.);
#886=ORIENTED_EDGE('',*,*,#1221,.F.);
#887=ORIENTED_EDGE('',*,*,#1204,.F.);
#888=ORIENTED_EDGE('',*,*,#1221,.T.);
#889=ORIENTED_EDGE('',*,*,#1142,.F.);
#890=ORIENTED_EDGE('',*,*,#1222,.F.);
#891=ORIENTED_EDGE('',*,*,#1138,.F.);
#892=ORIENTED_EDGE('',*,*,#1033,.F.);
#893=ORIENTED_EDGE('',*,*,#1208,.F.);
#894=ORIENTED_EDGE('',*,*,#1222,.T.);
#895=ORIENTED_EDGE('',*,*,#1141,.F.);
#896=ORIENTED_EDGE('',*,*,#1037,.F.);
#897=ORIENTED_EDGE('',*,*,#1128,.F.);
#898=ORIENTED_EDGE('',*,*,#1223,.F.);
#899=ORIENTED_EDGE('',*,*,#1151,.F.);
#900=ORIENTED_EDGE('',*,*,#1223,.T.);
#901=ORIENTED_EDGE('',*,*,#1213,.F.);
#902=ORIENTED_EDGE('',*,*,#1224,.F.);
#903=ORIENTED_EDGE('',*,*,#1152,.F.);
#904=ORIENTED_EDGE('',*,*,#1224,.T.);
#905=ORIENTED_EDGE('',*,*,#1132,.F.);
#906=ORIENTED_EDGE('',*,*,#1225,.F.);
#907=ORIENTED_EDGE('',*,*,#1153,.F.);
#908=ORIENTED_EDGE('',*,*,#1225,.T.);
#909=ORIENTED_EDGE('',*,*,#1207,.F.);
#910=ORIENTED_EDGE('',*,*,#1226,.F.);
#911=ORIENTED_EDGE('',*,*,#1154,.F.);
#912=ORIENTED_EDGE('',*,*,#1226,.T.);
#913=ORIENTED_EDGE('',*,*,#1136,.F.);
#914=ORIENTED_EDGE('',*,*,#1227,.F.);
#915=ORIENTED_EDGE('',*,*,#1155,.F.);
#916=ORIENTED_EDGE('',*,*,#1227,.T.);
#917=ORIENTED_EDGE('',*,*,#1205,.F.);
#918=ORIENTED_EDGE('',*,*,#1228,.F.);
#919=ORIENTED_EDGE('',*,*,#1156,.F.);
#920=ORIENTED_EDGE('',*,*,#1228,.T.);
#921=ORIENTED_EDGE('',*,*,#1140,.F.);
#922=ORIENTED_EDGE('',*,*,#1229,.F.);
#923=ORIENTED_EDGE('',*,*,#1149,.F.);
#924=ORIENTED_EDGE('',*,*,#1229,.T.);
#925=ORIENTED_EDGE('',*,*,#1209,.F.);
#926=ORIENTED_EDGE('',*,*,#1031,.F.);
#927=ORIENTED_EDGE('',*,*,#1150,.F.);
#928=ORIENTED_EDGE('',*,*,#1046,.F.);
#929=ORIENTED_EDGE('',*,*,#1096,.F.);
#930=ORIENTED_EDGE('',*,*,#1230,.F.);
#931=ORIENTED_EDGE('',*,*,#1112,.F.);
#932=ORIENTED_EDGE('',*,*,#1230,.T.);
#933=ORIENTED_EDGE('',*,*,#1214,.F.);
#934=ORIENTED_EDGE('',*,*,#1231,.F.);
#935=ORIENTED_EDGE('',*,*,#1113,.F.);
#936=ORIENTED_EDGE('',*,*,#1231,.T.);
#937=ORIENTED_EDGE('',*,*,#1099,.F.);
#938=ORIENTED_EDGE('',*,*,#1232,.F.);
#939=ORIENTED_EDGE('',*,*,#1114,.F.);
#940=ORIENTED_EDGE('',*,*,#1232,.T.);
#941=ORIENTED_EDGE('',*,*,#1200,.F.);
#942=ORIENTED_EDGE('',*,*,#1233,.F.);
#943=ORIENTED_EDGE('',*,*,#1115,.F.);
#944=ORIENTED_EDGE('',*,*,#1233,.T.);
#945=ORIENTED_EDGE('',*,*,#1103,.F.);
#946=ORIENTED_EDGE('',*,*,#1234,.F.);
#947=ORIENTED_EDGE('',*,*,#1116,.F.);
#948=ORIENTED_EDGE('',*,*,#1234,.T.);
#949=ORIENTED_EDGE('',*,*,#1202,.F.);
#950=ORIENTED_EDGE('',*,*,#1235,.F.);
#951=ORIENTED_EDGE('',*,*,#1117,.F.);
#952=ORIENTED_EDGE('',*,*,#1235,.T.);
#953=ORIENTED_EDGE('',*,*,#1107,.F.);
#954=ORIENTED_EDGE('',*,*,#1236,.F.);
#955=ORIENTED_EDGE('',*,*,#1110,.F.);
#956=ORIENTED_EDGE('',*,*,#1236,.T.);
#957=ORIENTED_EDGE('',*,*,#1210,.F.);
#958=ORIENTED_EDGE('',*,*,#1040,.F.);
#959=ORIENTED_EDGE('',*,*,#1111,.F.);
#960=ORIENTED_EDGE('',*,*,#1044,.F.);
#961=ORIENTED_EDGE('',*,*,#1125,.F.);
#962=ORIENTED_EDGE('',*,*,#1237,.F.);
#963=ORIENTED_EDGE('',*,*,#1097,.F.);
#964=ORIENTED_EDGE('',*,*,#1237,.T.);
#965=ORIENTED_EDGE('',*,*,#1124,.F.);
#966=ORIENTED_EDGE('',*,*,#1238,.F.);
#967=ORIENTED_EDGE('',*,*,#1215,.F.);
#968=ORIENTED_EDGE('',*,*,#1238,.T.);
#969=ORIENTED_EDGE('',*,*,#1123,.F.);
#970=ORIENTED_EDGE('',*,*,#1239,.F.);
#971=ORIENTED_EDGE('',*,*,#1101,.F.);
#972=ORIENTED_EDGE('',*,*,#1239,.T.);
#973=ORIENTED_EDGE('',*,*,#1122,.F.);
#974=ORIENTED_EDGE('',*,*,#1240,.F.);
#975=ORIENTED_EDGE('',*,*,#1201,.F.);
#976=ORIENTED_EDGE('',*,*,#1240,.T.);
#977=ORIENTED_EDGE('',*,*,#1121,.F.);
#978=ORIENTED_EDGE('',*,*,#1241,.F.);
#979=ORIENTED_EDGE('',*,*,#1105,.F.);
#980=ORIENTED_EDGE('',*,*,#1241,.T.);
#981=ORIENTED_EDGE('',*,*,#1120,.F.);
#982=ORIENTED_EDGE('',*,*,#1242,.F.);
#983=ORIENTED_EDGE('',*,*,#1203,.F.);
#984=ORIENTED_EDGE('',*,*,#1242,.T.);
#985=ORIENTED_EDGE('',*,*,#1119,.F.);
#986=ORIENTED_EDGE('',*,*,#1243,.F.);
#987=ORIENTED_EDGE('',*,*,#1109,.F.);
#988=ORIENTED_EDGE('',*,*,#1042,.F.);
#989=ORIENTED_EDGE('',*,*,#1211,.F.);
#990=ORIENTED_EDGE('',*,*,#1243,.T.);
#991=ORIENTED_EDGE('',*,*,#1118,.F.);
#992=EDGE_CURVE('',#1244,#1245,#1405,.F.);
#993=EDGE_CURVE('',#1245,#1246,#206,.T.);
#994=EDGE_CURVE('',#1246,#1247,#1406,.T.);
#995=EDGE_CURVE('',#1247,#1244,#207,.F.);
#996=EDGE_CURVE('',#1248,#1249,#208,.T.);
#997=EDGE_CURVE('',#1249,#1250,#209,.T.);
#998=EDGE_CURVE('',#1251,#1250,#210,.F.);
#999=EDGE_CURVE('',#1251,#1252,#211,.T.);
#1000=EDGE_CURVE('',#1252,#1248,#127,.T.);
#1001=EDGE_CURVE('',#1250,#1253,#212,.T.);
#1002=EDGE_CURVE('',#1253,#1254,#213,.T.);
#1003=EDGE_CURVE('',#1254,#1251,#214,.T.);
#1004=EDGE_CURVE('',#1255,#1256,#215,.T.);
#1005=EDGE_CURVE('',#1256,#1257,#216,.T.);
#1006=EDGE_CURVE('',#1258,#1257,#217,.F.);
#1007=EDGE_CURVE('',#1258,#1255,#218,.T.);
#1008=EDGE_CURVE('',#1259,#1260,#219,.T.);
#1009=EDGE_CURVE('',#1260,#1261,#220,.T.);
#1010=EDGE_CURVE('',#1262,#1261,#221,.F.);
#1011=EDGE_CURVE('',#1262,#1258,#222,.T.);
#1012=EDGE_CURVE('',#1257,#1263,#223,.T.);
#1013=EDGE_CURVE('',#1263,#1264,#224,.T.);
#1014=EDGE_CURVE('',#1264,#1259,#225,.T.);
#1015=EDGE_CURVE('',#1261,#1265,#226,.T.);
#1016=EDGE_CURVE('',#1265,#1266,#227,.T.);
#1017=EDGE_CURVE('',#1266,#1262,#228,.T.);
#1018=EDGE_CURVE('',#1267,#1268,#229,.T.);
#1019=EDGE_CURVE('',#1268,#1269,#230,.T.);
#1020=EDGE_CURVE('',#1269,#1270,#231,.T.);
#1021=EDGE_CURVE('',#1267,#1270,#232,.F.);
#1022=EDGE_CURVE('',#1271,#1272,#233,.T.);
#1023=EDGE_CURVE('',#1272,#1273,#128,.T.);
#1024=EDGE_CURVE('',#1273,#1267,#234,.T.);
#1025=EDGE_CURVE('',#1270,#1271,#235,.T.);
#1026=EDGE_CURVE('',#1274,#1275,#1407,.T.);
#1027=EDGE_CURVE('',#1275,#1276,#236,.T.);
#1028=EDGE_CURVE('',#1276,#1277,#1408,.T.);
#1029=EDGE_CURVE('',#1277,#1274,#237,.F.);
#1030=EDGE_CURVE('',#1278,#1279,#1409,.T.);
#1031=EDGE_CURVE('',#1278,#1280,#129,.T.);
#1032=EDGE_CURVE('',#1280,#1281,#238,.T.);
#1033=EDGE_CURVE('',#1281,#1282,#130,.T.);
#1034=EDGE_CURVE('',#1282,#1283,#1410,.T.);
#1035=EDGE_CURVE('',#1283,#1284,#123,.F.);
#1036=EDGE_CURVE('',#1284,#1285,#239,.T.);
#1037=EDGE_CURVE('',#1285,#1279,#124,.T.);
#1038=EDGE_CURVE('',#1286,#1286,#1411,.T.);
#1039=EDGE_CURVE('',#1287,#1288,#1412,.T.);
#1040=EDGE_CURVE('',#1287,#1289,#131,.T.);
#1041=EDGE_CURVE('',#1289,#1290,#240,.F.);
#1042=EDGE_CURVE('',#1290,#1291,#132,.T.);
#1043=EDGE_CURVE('',#1291,#1292,#1413,.T.);
#1044=EDGE_CURVE('',#1292,#1293,#125,.F.);
#1045=EDGE_CURVE('',#1294,#1293,#241,.T.);
#1046=EDGE_CURVE('',#1294,#1288,#126,.T.);
#1047=EDGE_CURVE('',#1295,#1296,#242,.T.);
#1048=EDGE_CURVE('',#1296,#1297,#243,.T.);
#1049=EDGE_CURVE('',#1297,#1298,#244,.T.);
#1050=EDGE_CURVE('',#1298,#1299,#245,.T.);
#1051=EDGE_CURVE('',#1299,#1300,#1414,.F.);
#1052=EDGE_CURVE('',#1300,#1301,#246,.T.);
#1053=EDGE_CURVE('',#1301,#1302,#247,.T.);
#1054=EDGE_CURVE('',#1302,#1303,#248,.T.);
#1055=EDGE_CURVE('',#1303,#1304,#249,.T.);
#1056=EDGE_CURVE('',#1304,#1305,#250,.T.);
#1057=EDGE_CURVE('',#1305,#1306,#1415,.T.);
#1058=EDGE_CURVE('',#1306,#1295,#251,.T.);
#1059=EDGE_CURVE('',#1307,#1307,#1416,.F.);
#1060=EDGE_CURVE('',#1308,#1308,#1417,.T.);
#1061=EDGE_CURVE('',#1309,#1309,#1418,.T.);
#1062=EDGE_CURVE('',#1310,#1310,#1419,.F.);
#1063=EDGE_CURVE('',#1311,#1311,#1420,.T.);
#1064=EDGE_CURVE('',#1312,#1312,#1421,.T.);
#1065=EDGE_CURVE('',#1313,#1313,#1422,.T.);
#1066=EDGE_CURVE('',#1314,#1314,#1423,.T.);
#1067=EDGE_CURVE('',#1315,#1315,#1424,.T.);
#1068=EDGE_CURVE('',#1316,#1316,#1425,.F.);
#1069=EDGE_CURVE('',#1317,#1317,#1426,.T.);
#1070=EDGE_CURVE('',#1318,#1318,#1427,.T.);
#1071=EDGE_CURVE('',#1319,#1319,#1428,.T.);
#1072=EDGE_CURVE('',#1320,#1320,#1429,.F.);
#1073=EDGE_CURVE('',#1321,#1321,#1430,.F.);
#1074=EDGE_CURVE('',#1322,#1322,#1431,.T.);
#1075=EDGE_CURVE('',#1323,#1323,#1432,.F.);
#1076=EDGE_CURVE('',#1324,#1324,#1433,.F.);
#1077=EDGE_CURVE('',#1325,#1325,#1434,.F.);
#1078=EDGE_CURVE('',#1326,#1326,#1435,.F.);
#1079=EDGE_CURVE('',#1327,#1327,#1436,.F.);
#1080=EDGE_CURVE('',#1328,#1328,#1437,.F.);
#1081=EDGE_CURVE('',#1329,#1329,#1438,.F.);
#1082=EDGE_CURVE('',#1330,#1330,#1439,.F.);
#1083=EDGE_CURVE('',#1331,#1332,#252,.T.);
#1084=EDGE_CURVE('',#1332,#1333,#253,.T.);
#1085=EDGE_CURVE('',#1333,#1334,#133,.T.);
#1086=EDGE_CURVE('',#1335,#1334,#254,.F.);
#1087=EDGE_CURVE('',#1335,#1331,#255,.T.);
#1088=EDGE_CURVE('',#1336,#1337,#256,.T.);
#1089=EDGE_CURVE('',#1337,#1338,#257,.T.);
#1090=EDGE_CURVE('',#1338,#1339,#258,.F.);
#1091=EDGE_CURVE('',#1339,#1340,#134,.T.);
#1092=EDGE_CURVE('',#1340,#1336,#259,.T.);
#1093=EDGE_CURVE('',#1334,#1339,#1440,.F.);
#1094=EDGE_CURVE('',#1338,#1335,#260,.T.);
#1095=EDGE_CURVE('',#1341,#1342,#261,.F.);
#1096=EDGE_CURVE('',#1342,#1294,#262,.T.);
#1097=EDGE_CURVE('',#1293,#1341,#263,.T.);
#1098=EDGE_CURVE('',#1343,#1344,#264,.F.);
#1099=EDGE_CURVE('',#1344,#1345,#1441,.F.);
#1100=EDGE_CURVE('',#1345,#1346,#265,.T.);
#1101=EDGE_CURVE('',#1346,#1343,#1442,.T.);
#1102=EDGE_CURVE('',#1347,#1348,#266,.F.);
#1103=EDGE_CURVE('',#1348,#1349,#267,.T.);
#1104=EDGE_CURVE('',#1349,#1350,#268,.T.);
#1105=EDGE_CURVE('',#1350,#1347,#269,.T.);
#1106=EDGE_CURVE('',#1351,#1352,#270,.F.);
#1107=EDGE_CURVE('',#1352,#1353,#1443,.T.);
#1108=EDGE_CURVE('',#1353,#1354,#271,.T.);
#1109=EDGE_CURVE('',#1354,#1351,#1444,.F.);
#1110=EDGE_CURVE('',#1355,#1356,#1445,.F.);
#1111=EDGE_CURVE('',#1356,#1287,#1446,.F.);
#1112=EDGE_CURVE('',#1288,#1357,#272,.T.);
#1113=EDGE_CURVE('',#1357,#1358,#1447,.T.);
#1114=EDGE_CURVE('',#1358,#1359,#1448,.T.);
#1115=EDGE_CURVE('',#1359,#1360,#1449,.T.);
#1116=EDGE_CURVE('',#1360,#1361,#273,.T.);
#1117=EDGE_CURVE('',#1361,#1355,#1450,.T.);
#1118=EDGE_CURVE('',#1291,#1362,#1451,.T.);
#1119=EDGE_CURVE('',#1362,#1363,#1452,.T.);
#1120=EDGE_CURVE('',#1363,#1364,#1453,.F.);
#1121=EDGE_CURVE('',#1364,#1365,#274,.T.);
#1122=EDGE_CURVE('',#1365,#1366,#1454,.F.);
#1123=EDGE_CURVE('',#1366,#1367,#1455,.F.);
#1124=EDGE_CURVE('',#1367,#1368,#1456,.F.);
#1125=EDGE_CURVE('',#1368,#1292,#275,.T.);
#1126=EDGE_CURVE('',#1284,#1369,#276,.T.);
#1127=EDGE_CURVE('',#1369,#1370,#277,.T.);
#1128=EDGE_CURVE('',#1370,#1285,#278,.T.);
#1129=EDGE_CURVE('',#1371,#1372,#279,.F.);
#1130=EDGE_CURVE('',#1372,#1373,#1457,.F.);
#1131=EDGE_CURVE('',#1373,#1374,#280,.T.);
#1132=EDGE_CURVE('',#1374,#1371,#1458,.T.);
#1133=EDGE_CURVE('',#1375,#1376,#281,.F.);
#1134=EDGE_CURVE('',#1376,#1377,#282,.T.);
#1135=EDGE_CURVE('',#1377,#1378,#283,.T.);
#1136=EDGE_CURVE('',#1378,#1375,#284,.T.);
#1137=EDGE_CURVE('',#1379,#1380,#285,.F.);
#1138=EDGE_CURVE('',#1380,#1381,#1459,.T.);
#1139=EDGE_CURVE('',#1381,#1382,#286,.T.);
#1140=EDGE_CURVE('',#1382,#1379,#1460,.F.);
#1141=EDGE_CURVE('',#1282,#1383,#1461,.F.);
#1142=EDGE_CURVE('',#1383,#1384,#1462,.F.);
#1143=EDGE_CURVE('',#1384,#1385,#1463,.T.);
#1144=EDGE_CURVE('',#1385,#1386,#287,.T.);
#1145=EDGE_CURVE('',#1386,#1387,#1464,.T.);
#1146=EDGE_CURVE('',#1387,#1388,#1465,.T.);
#1147=EDGE_CURVE('',#1388,#1389,#1466,.T.);
#1148=EDGE_CURVE('',#1389,#1283,#288,.T.);
#1149=EDGE_CURVE('',#1390,#1391,#1467,.T.);
#1150=EDGE_CURVE('',#1391,#1278,#1468,.T.);
#1151=EDGE_CURVE('',#1279,#1392,#289,.T.);
#1152=EDGE_CURVE('',#1392,#1393,#1469,.F.);
#1153=EDGE_CURVE('',#1393,#1394,#1470,.F.);
#1154=EDGE_CURVE('',#1394,#1395,#1471,.F.);
#1155=EDGE_CURVE('',#1395,#1396,#290,.T.);
#1156=EDGE_CURVE('',#1396,#1390,#1472,.F.);
#1157=EDGE_CURVE('',#1397,#1397,#1473,.T.);
#1158=EDGE_CURVE('',#1398,#1398,#1474,.T.);
#1159=EDGE_CURVE('',#1399,#1399,#1475,.F.);
#1160=EDGE_CURVE('',#1266,#1268,#291,.F.);
#1161=EDGE_CURVE('',#1273,#1252,#1476,.F.);
#1162=EDGE_CURVE('',#1254,#1255,#292,.F.);
#1163=EDGE_CURVE('',#1400,#1400,#1477,.F.);
#1164=EDGE_CURVE('',#1401,#1401,#1478,.F.);
#1165=EDGE_CURVE('',#1403,#1403,#1479,.F.);
#1166=EDGE_CURVE('',#1256,#1253,#293,.F.);
#1167=EDGE_CURVE('',#1257,#1302,#294,.F.);
#1168=EDGE_CURVE('',#1303,#1256,#295,.T.);
#1169=EDGE_CURVE('',#1333,#1277,#135,.F.);
#1170=EDGE_CURVE('',#1274,#1332,#296,.T.);
#1171=EDGE_CURVE('',#1303,#1253,#297,.F.);
#1172=EDGE_CURVE('',#1301,#1331,#298,.F.);
#1173=EDGE_CURVE('',#1332,#1300,#299,.F.);
#1174=EDGE_CURVE('',#1263,#1301,#300,.T.);
#1175=EDGE_CURVE('',#1304,#1250,#301,.T.);
#1176=EDGE_CURVE('',#1274,#1300,#136,.F.);
#1177=EDGE_CURVE('',#1340,#1276,#137,.F.);
#1178=EDGE_CURVE('',#1263,#1331,#302,.F.);
#1179=EDGE_CURVE('',#1249,#1245,#303,.F.);
#1180=EDGE_CURVE('',#1246,#1248,#138,.T.);
#1181=EDGE_CURVE('',#1305,#1249,#304,.T.);
#1182=EDGE_CURVE('',#1275,#1299,#139,.T.);
#1183=EDGE_CURVE('',#1336,#1275,#305,.F.);
#1184=EDGE_CURVE('',#1264,#1335,#306,.T.);
#1185=EDGE_CURVE('',#1247,#1272,#140,.T.);
#1186=EDGE_CURVE('',#1305,#1245,#141,.F.);
#1187=EDGE_CURVE('',#1336,#1299,#307,.T.);
#1188=EDGE_CURVE('',#1259,#1338,#308,.F.);
#1189=EDGE_CURVE('',#1244,#1271,#309,.F.);
#1190=EDGE_CURVE('',#1306,#1244,#142,.T.);
#1191=EDGE_CURVE('',#1337,#1298,#310,.F.);
#1192=EDGE_CURVE('',#1260,#1337,#311,.T.);
#1193=EDGE_CURVE('',#1306,#1271,#312,.F.);
#1194=EDGE_CURVE('',#1260,#1298,#313,.F.);
#1195=EDGE_CURVE('',#1295,#1270,#314,.T.);
#1196=EDGE_CURVE('',#1261,#1297,#315,.F.);
#1197=EDGE_CURVE('',#1296,#1269,#316,.T.);
#1198=EDGE_CURVE('',#1265,#1296,#317,.T.);
#1199=EDGE_CURVE('',#1265,#1269,#318,.T.);
#1200=EDGE_CURVE('',#1349,#1344,#1480,.F.);
#1201=EDGE_CURVE('',#1343,#1350,#1481,.T.);
#1202=EDGE_CURVE('',#1353,#1348,#1482,.F.);
#1203=EDGE_CURVE('',#1347,#1354,#1483,.T.);
#1204=EDGE_CURVE('',#1377,#1380,#1484,.F.);
#1205=EDGE_CURVE('',#1379,#1378,#1485,.T.);
#1206=EDGE_CURVE('',#1373,#1376,#1486,.F.);
#1207=EDGE_CURVE('',#1375,#1374,#1487,.T.);
#1208=EDGE_CURVE('',#1381,#1281,#1488,.T.);
#1209=EDGE_CURVE('',#1280,#1382,#1489,.F.);
#1210=EDGE_CURVE('',#1289,#1352,#1490,.T.);
#1211=EDGE_CURVE('',#1351,#1290,#1491,.F.);
#1212=EDGE_CURVE('',#1369,#1372,#1492,.F.);
#1213=EDGE_CURVE('',#1371,#1370,#1493,.T.);
#1214=EDGE_CURVE('',#1345,#1342,#1494,.F.);
#1215=EDGE_CURVE('',#1341,#1346,#1495,.T.);
#1216=EDGE_CURVE('',#1369,#1389,#319,.T.);
#1217=EDGE_CURVE('',#1372,#1388,#320,.T.);
#1218=EDGE_CURVE('',#1373,#1387,#321,.T.);
#1219=EDGE_CURVE('',#1376,#1386,#322,.T.);
#1220=EDGE_CURVE('',#1377,#1385,#323,.T.);
#1221=EDGE_CURVE('',#1380,#1384,#324,.T.);
#1222=EDGE_CURVE('',#1381,#1383,#325,.T.);
#1223=EDGE_CURVE('',#1392,#1370,#326,.T.);
#1224=EDGE_CURVE('',#1393,#1371,#327,.T.);
#1225=EDGE_CURVE('',#1394,#1374,#328,.T.);
#1226=EDGE_CURVE('',#1395,#1375,#329,.T.);
#1227=EDGE_CURVE('',#1396,#1378,#330,.T.);
#1228=EDGE_CURVE('',#1390,#1379,#331,.T.);
#1229=EDGE_CURVE('',#1391,#1382,#332,.T.);
#1230=EDGE_CURVE('',#1357,#1342,#333,.T.);
#1231=EDGE_CURVE('',#1358,#1345,#334,.T.);
#1232=EDGE_CURVE('',#1359,#1344,#335,.T.);
#1233=EDGE_CURVE('',#1360,#1349,#336,.T.);
#1234=EDGE_CURVE('',#1361,#1348,#337,.T.);
#1235=EDGE_CURVE('',#1355,#1353,#338,.T.);
#1236=EDGE_CURVE('',#1356,#1352,#339,.T.);
#1237=EDGE_CURVE('',#1341,#1368,#340,.T.);
#1238=EDGE_CURVE('',#1346,#1367,#341,.T.);
#1239=EDGE_CURVE('',#1343,#1366,#342,.T.);
#1240=EDGE_CURVE('',#1350,#1365,#343,.T.);
#1241=EDGE_CURVE('',#1347,#1364,#344,.T.);
#1242=EDGE_CURVE('',#1354,#1363,#345,.T.);
#1243=EDGE_CURVE('',#1351,#1362,#346,.T.);
#1244=VERTEX_POINT('',#2842);
#1245=VERTEX_POINT('',#2843);
#1246=VERTEX_POINT('',#2845);
#1247=VERTEX_POINT('',#2847);
#1248=VERTEX_POINT('',#2851);
#1249=VERTEX_POINT('',#2852);
#1250=VERTEX_POINT('',#2854);
#1251=VERTEX_POINT('',#2856);
#1252=VERTEX_POINT('',#2858);
#1253=VERTEX_POINT('',#2865);
#1254=VERTEX_POINT('',#2867);
#1255=VERTEX_POINT('',#2871);
#1256=VERTEX_POINT('',#2872);
#1257=VERTEX_POINT('',#2874);
#1258=VERTEX_POINT('',#2876);
#1259=VERTEX_POINT('',#2880);
#1260=VERTEX_POINT('',#2881);
#1261=VERTEX_POINT('',#2883);
#1262=VERTEX_POINT('',#2885);
#1263=VERTEX_POINT('',#2888);
#1264=VERTEX_POINT('',#2890);
#1265=VERTEX_POINT('',#2894);
#1266=VERTEX_POINT('',#2896);
#1267=VERTEX_POINT('',#2900);
#1268=VERTEX_POINT('',#2901);
#1269=VERTEX_POINT('',#2903);
#1270=VERTEX_POINT('',#2905);
#1271=VERTEX_POINT('',#2909);
#1272=VERTEX_POINT('',#2910);
#1273=VERTEX_POINT('',#2915);
#1274=VERTEX_POINT('',#2920);
#1275=VERTEX_POINT('',#2921);
#1276=VERTEX_POINT('',#2923);
#1277=VERTEX_POINT('',#2925);
#1278=VERTEX_POINT('',#2928);
#1279=VERTEX_POINT('',#2929);
#1280=VERTEX_POINT('',#2934);
#1281=VERTEX_POINT('',#2936);
#1282=VERTEX_POINT('',#2941);
#1283=VERTEX_POINT('',#2943);
#1284=VERTEX_POINT('',#2945);
#1285=VERTEX_POINT('',#2947);
#1286=VERTEX_POINT('',#2950);
#1287=VERTEX_POINT('',#2952);
#1288=VERTEX_POINT('',#2953);
#1289=VERTEX_POINT('',#2958);
#1290=VERTEX_POINT('',#2960);
#1291=VERTEX_POINT('',#2965);
#1292=VERTEX_POINT('',#2967);
#1293=VERTEX_POINT('',#2969);
#1294=VERTEX_POINT('',#2971);
#1295=VERTEX_POINT('',#2975);
#1296=VERTEX_POINT('',#2976);
#1297=VERTEX_POINT('',#2978);
#1298=VERTEX_POINT('',#2980);
#1299=VERTEX_POINT('',#2982);
#1300=VERTEX_POINT('',#2984);
#1301=VERTEX_POINT('',#2986);
#1302=VERTEX_POINT('',#2988);
#1303=VERTEX_POINT('',#2990);
#1304=VERTEX_POINT('',#2992);
#1305=VERTEX_POINT('',#2994);
#1306=VERTEX_POINT('',#2996);
#1307=VERTEX_POINT('',#2999);
#1308=VERTEX_POINT('',#3001);
#1309=VERTEX_POINT('',#3004);
#1310=VERTEX_POINT('',#3006);
#1311=VERTEX_POINT('',#3008);
#1312=VERTEX_POINT('',#3010);
#1313=VERTEX_POINT('',#3012);
#1314=VERTEX_POINT('',#3014);
#1315=VERTEX_POINT('',#3017);
#1316=VERTEX_POINT('',#3020);
#1317=VERTEX_POINT('',#3023);
#1318=VERTEX_POINT('',#3025);
#1319=VERTEX_POINT('',#3028);
#1320=VERTEX_POINT('',#3031);
#1321=VERTEX_POINT('',#3034);
#1322=VERTEX_POINT('',#3037);
#1323=VERTEX_POINT('',#3040);
#1324=VERTEX_POINT('',#3042);
#1325=VERTEX_POINT('',#3046);
#1326=VERTEX_POINT('',#3048);
#1327=VERTEX_POINT('',#3052);
#1328=VERTEX_POINT('',#3054);
#1329=VERTEX_POINT('',#3058);
#1330=VERTEX_POINT('',#3060);
#1331=VERTEX_POINT('',#3068);
#1332=VERTEX_POINT('',#3069);
#1333=VERTEX_POINT('',#3071);
#1334=VERTEX_POINT('',#3076);
#1335=VERTEX_POINT('',#3078);
#1336=VERTEX_POINT('',#3082);
#1337=VERTEX_POINT('',#3083);
#1338=VERTEX_POINT('',#3085);
#1339=VERTEX_POINT('',#3087);
#1340=VERTEX_POINT('',#3092);
#1341=VERTEX_POINT('',#3099);
#1342=VERTEX_POINT('',#3100);
#1343=VERTEX_POINT('',#3105);
#1344=VERTEX_POINT('',#3106);
#1345=VERTEX_POINT('',#3108);
#1346=VERTEX_POINT('',#3110);
#1347=VERTEX_POINT('',#3114);
#1348=VERTEX_POINT('',#3115);
#1349=VERTEX_POINT('',#3117);
#1350=VERTEX_POINT('',#3119);
#1351=VERTEX_POINT('',#3123);
#1352=VERTEX_POINT('',#3124);
#1353=VERTEX_POINT('',#3126);
#1354=VERTEX_POINT('',#3128);
#1355=VERTEX_POINT('',#3132);
#1356=VERTEX_POINT('',#3133);
#1357=VERTEX_POINT('',#3136);
#1358=VERTEX_POINT('',#3138);
#1359=VERTEX_POINT('',#3140);
#1360=VERTEX_POINT('',#3142);
#1361=VERTEX_POINT('',#3144);
#1362=VERTEX_POINT('',#3148);
#1363=VERTEX_POINT('',#3150);
#1364=VERTEX_POINT('',#3152);
#1365=VERTEX_POINT('',#3154);
#1366=VERTEX_POINT('',#3156);
#1367=VERTEX_POINT('',#3158);
#1368=VERTEX_POINT('',#3160);
#1369=VERTEX_POINT('',#3164);
#1370=VERTEX_POINT('',#3166);
#1371=VERTEX_POINT('',#3170);
#1372=VERTEX_POINT('',#3171);
#1373=VERTEX_POINT('',#3173);
#1374=VERTEX_POINT('',#3175);
#1375=VERTEX_POINT('',#3179);
#1376=VERTEX_POINT('',#3180);
#1377=VERTEX_POINT('',#3182);
#1378=VERTEX_POINT('',#3184);
#1379=VERTEX_POINT('',#3188);
#1380=VERTEX_POINT('',#3189);
#1381=VERTEX_POINT('',#3191);
#1382=VERTEX_POINT('',#3193);
#1383=VERTEX_POINT('',#3197);
#1384=VERTEX_POINT('',#3199);
#1385=VERTEX_POINT('',#3201);
#1386=VERTEX_POINT('',#3203);
#1387=VERTEX_POINT('',#3205);
#1388=VERTEX_POINT('',#3207);
#1389=VERTEX_POINT('',#3209);
#1390=VERTEX_POINT('',#3213);
#1391=VERTEX_POINT('',#3214);
#1392=VERTEX_POINT('',#3217);
#1393=VERTEX_POINT('',#3219);
#1394=VERTEX_POINT('',#3221);
#1395=VERTEX_POINT('',#3223);
#1396=VERTEX_POINT('',#3225);
#1397=VERTEX_POINT('',#3229);
#1398=VERTEX_POINT('',#3231);
#1399=VERTEX_POINT('',#3233);
#1400=VERTEX_POINT('',#3239);
#1401=VERTEX_POINT('',#3242);
#1402=VERTEX_POINT('',#3243);
#1403=VERTEX_POINT('',#3247);
#1404=VERTEX_POINT('',#3248);
#1405=CIRCLE('',#1983,14.2);
#1406=CIRCLE('',#1984,14.2);
#1407=CIRCLE('',#1993,24.2);
#1408=CIRCLE('',#1994,24.2);
#1409=CIRCLE('',#1995,24.2);
#1410=CIRCLE('',#1996,24.2);
#1411=CIRCLE('',#1999,24.2);
#1412=CIRCLE('',#2000,24.2);
#1413=CIRCLE('',#2001,24.2);
#1414=CIRCLE('',#2005,23.8);
#1415=CIRCLE('',#2006,14.6);
#1416=CIRCLE('',#2007,1.95);
#1417=CIRCLE('',#2008,1.95);
#1418=CIRCLE('',#2010,29.6);
#1419=CIRCLE('',#2011,48.8);
#1420=CIRCLE('',#2012,6.6);
#1421=CIRCLE('',#2013,6.6);
#1422=CIRCLE('',#2014,6.6);
#1423=CIRCLE('',#2015,6.6);
#1424=CIRCLE('',#2017,27.2);
#1425=CIRCLE('',#2019,48.8);
#1426=CIRCLE('',#2021,49.2);
#1427=CIRCLE('',#2022,49.2);
#1428=CIRCLE('',#2024,1.60748159460631);
#1429=CIRCLE('',#2026,1.55);
#1430=CIRCLE('',#2028,1.60748159460631);
#1431=CIRCLE('',#2030,1.55);
#1432=CIRCLE('',#2032,6.);
#1433=CIRCLE('',#2033,6.);
#1434=CIRCLE('',#2036,6.);
#1435=CIRCLE('',#2037,6.);
#1436=CIRCLE('',#2040,6.);
#1437=CIRCLE('',#2041,6.);
#1438=CIRCLE('',#2044,6.);
#1439=CIRCLE('',#2045,6.);
#1440=CIRCLE('',#2054,23.7999999997768);
#1441=CIRCLE('',#2057,29.2);
#1442=CIRCLE('',#2058,29.2);
#1443=CIRCLE('',#2061,26.2);
#1444=CIRCLE('',#2062,26.2);
#1445=CIRCLE('',#2064,26.6);
#1446=CIRCLE('',#2065,1.4);
#1447=CIRCLE('',#2066,1.6);
#1448=CIRCLE('',#2067,28.8);
#1449=CIRCLE('',#2068,0.6);
#1450=CIRCLE('',#2069,0.599999999999998);
#1451=CIRCLE('',#2071,1.4);
#1452=CIRCLE('',#2072,26.6);
#1453=CIRCLE('',#2073,0.599999999999999);
#1454=CIRCLE('',#2074,0.6);
#1455=CIRCLE('',#2075,28.8);
#1456=CIRCLE('',#2076,1.6);
#1457=CIRCLE('',#2079,29.2);
#1458=CIRCLE('',#2080,29.2);
#1459=CIRCLE('',#2083,26.2);
#1460=CIRCLE('',#2084,26.2);
#1461=CIRCLE('',#2086,1.4);
#1462=CIRCLE('',#2087,26.6);
#1463=CIRCLE('',#2088,0.599999999999998);
#1464=CIRCLE('',#2089,0.6);
#1465=CIRCLE('',#2090,28.8);
#1466=CIRCLE('',#2091,1.6);
#1467=CIRCLE('',#2093,26.6);
#1468=CIRCLE('',#2094,1.4);
#1469=CIRCLE('',#2095,1.6);
#1470=CIRCLE('',#2096,28.8);
#1471=CIRCLE('',#2097,0.600000000000001);
#1472=CIRCLE('',#2098,0.599999999999998);
#1473=CIRCLE('',#2100,1.1);
#1474=CIRCLE('',#2101,1.1);
#1475=CIRCLE('',#2102,29.2);
#1476=CIRCLE('',#2103,14.5999999997938);
#1477=CIRCLE('',#2105,29.2);
#1478=CIRCLE('',#2107,1.1);
#1479=CIRCLE('',#2110,1.1);
#1480=CIRCLE('',#2149,1.);
#1481=CIRCLE('',#2150,1.);
#1482=CIRCLE('',#2152,1.);
#1483=CIRCLE('',#2153,1.);
#1484=CIRCLE('',#2155,1.);
#1485=CIRCLE('',#2156,1.);
#1486=CIRCLE('',#2158,1.);
#1487=CIRCLE('',#2159,1.);
#1488=CIRCLE('',#2161,1.);
#1489=CIRCLE('',#2162,1.);
#1490=CIRCLE('',#2164,1.);
#1491=CIRCLE('',#2165,1.);
#1492=CIRCLE('',#2167,2.);
#1493=CIRCLE('',#2168,2.);
#1494=CIRCLE('',#2170,2.);
#1495=CIRCLE('',#2171,2.);
#1496=EDGE_LOOP('',(#488,#489,#490,#491));
#1497=EDGE_LOOP('',(#492,#493,#494,#495,#496));
#1498=EDGE_LOOP('',(#497,#498,#499,#500));
#1499=EDGE_LOOP('',(#501,#502,#503,#504));
#1500=EDGE_LOOP('',(#505,#506,#507,#508,#509,#510,#511,#512));
#1501=EDGE_LOOP('',(#513,#514,#515,#516));
#1502=EDGE_LOOP('',(#517,#518,#519,#520));
#1503=EDGE_LOOP('',(#521,#522,#523,#524,#525));
#1504=EDGE_LOOP('',(#526,#527,#528,#529));
#1505=EDGE_LOOP('',(#530,#531,#532,#533,#534,#535,#536,#537));
#1506=EDGE_LOOP('',(#538));
#1507=EDGE_LOOP('',(#539,#540,#541,#542,#543,#544,#545,#546));
#1508=EDGE_LOOP('',(#547,#548,#549,#550,#551,#552,#553,#554,#555,#556,#557,
#558));
#1509=EDGE_LOOP('',(#559));
#1510=EDGE_LOOP('',(#560));
#1511=EDGE_LOOP('',(#561));
#1512=EDGE_LOOP('',(#562));
#1513=EDGE_LOOP('',(#563));
#1514=EDGE_LOOP('',(#564));
#1515=EDGE_LOOP('',(#565));
#1516=EDGE_LOOP('',(#566));
#1517=EDGE_LOOP('',(#567));
#1518=EDGE_LOOP('',(#568));
#1519=EDGE_LOOP('',(#569));
#1520=EDGE_LOOP('',(#570));
#1521=EDGE_LOOP('',(#571));
#1522=EDGE_LOOP('',(#572));
#1523=EDGE_LOOP('',(#573));
#1524=EDGE_LOOP('',(#574));
#1525=EDGE_LOOP('',(#575));
#1526=EDGE_LOOP('',(#576));
#1527=EDGE_LOOP('',(#577));
#1528=EDGE_LOOP('',(#578));
#1529=EDGE_LOOP('',(#579));
#1530=EDGE_LOOP('',(#580));
#1531=EDGE_LOOP('',(#581));
#1532=EDGE_LOOP('',(#582));
#1533=EDGE_LOOP('',(#583));
#1534=EDGE_LOOP('',(#584));
#1535=EDGE_LOOP('',(#585));
#1536=EDGE_LOOP('',(#586));
#1537=EDGE_LOOP('',(#587));
#1538=EDGE_LOOP('',(#588));
#1539=EDGE_LOOP('',(#589));
#1540=EDGE_LOOP('',(#590));
#1541=EDGE_LOOP('',(#591));
#1542=EDGE_LOOP('',(#592));
#1543=EDGE_LOOP('',(#593));
#1544=EDGE_LOOP('',(#594));
#1545=EDGE_LOOP('',(#595));
#1546=EDGE_LOOP('',(#596));
#1547=EDGE_LOOP('',(#597));
#1548=EDGE_LOOP('',(#598));
#1549=EDGE_LOOP('',(#599,#600,#601,#602,#603));
#1550=EDGE_LOOP('',(#604,#605,#606,#607,#608));
#1551=EDGE_LOOP('',(#609,#610,#611,#612));
#1552=EDGE_LOOP('',(#613,#614,#615,#616));
#1553=EDGE_LOOP('',(#617,#618,#619,#620));
#1554=EDGE_LOOP('',(#621,#622,#623,#624));
#1555=EDGE_LOOP('',(#625,#626,#627,#628));
#1556=EDGE_LOOP('',(#629,#630,#631,#632,#633,#634,#635,#636,#637));
#1557=EDGE_LOOP('',(#638,#639,#640,#641,#642,#643,#644,#645,#646));
#1558=EDGE_LOOP('',(#647,#648,#649,#650));
#1559=EDGE_LOOP('',(#651,#652,#653,#654));
#1560=EDGE_LOOP('',(#655,#656,#657,#658));
#1561=EDGE_LOOP('',(#659,#660,#661,#662));
#1562=EDGE_LOOP('',(#663,#664,#665,#666,#667,#668,#669,#670,#671));
#1563=EDGE_LOOP('',(#672,#673,#674,#675,#676,#677,#678,#679,#680));
#1564=EDGE_LOOP('',(#681));
#1565=EDGE_LOOP('',(#682));
#1566=EDGE_LOOP('',(#683));
#1567=EDGE_LOOP('',(#684,#685,#686,#687,#688,#689,#690,#691,#692,#693));
#1568=EDGE_LOOP('',(#694));
#1569=EDGE_LOOP('',(#695));
#1570=EDGE_LOOP('',(#696));
#1571=EDGE_LOOP('',(#697));
#1572=EDGE_LOOP('',(#698));
#1573=EDGE_LOOP('',(#699));
#1574=EDGE_LOOP('',(#700));
#1575=EDGE_LOOP('',(#701));
#1576=EDGE_LOOP('',(#702));
#1577=EDGE_LOOP('',(#703));
#1578=EDGE_LOOP('',(#704));
#1579=EDGE_LOOP('',(#705));
#1580=EDGE_LOOP('',(#706));
#1581=EDGE_LOOP('',(#707));
#1582=EDGE_LOOP('',(#708));
#1583=EDGE_LOOP('',(#709));
#1584=EDGE_LOOP('',(#710));
#1585=EDGE_LOOP('',(#711));
#1586=EDGE_LOOP('',(#712,#713,#714,#715));
#1587=EDGE_LOOP('',(#716,#717,#718,#719));
#1588=EDGE_LOOP('',(#720,#721,#722,#723));
#1589=EDGE_LOOP('',(#724,#725,#726));
#1590=EDGE_LOOP('',(#727,#728,#729,#730));
#1591=EDGE_LOOP('',(#731,#732,#733,#734));
#1592=EDGE_LOOP('',(#735,#736,#737,#738));
#1593=EDGE_LOOP('',(#739,#740,#741));
#1594=EDGE_LOOP('',(#742,#743,#744,#745,#746,#747));
#1595=EDGE_LOOP('',(#748,#749,#750));
#1596=EDGE_LOOP('',(#751,#752,#753,#754));
#1597=EDGE_LOOP('',(#755,#756,#757,#758));
#1598=EDGE_LOOP('',(#759,#760,#761,#762));
#1599=EDGE_LOOP('',(#763,#764,#765,#766));
#1600=EDGE_LOOP('',(#767,#768,#769,#770));
#1601=EDGE_LOOP('',(#771,#772,#773,#774,#775,#776));
#1602=EDGE_LOOP('',(#777,#778,#779));
#1603=EDGE_LOOP('',(#780,#781,#782));
#1604=EDGE_LOOP('',(#783,#784,#785,#786));
#1605=EDGE_LOOP('',(#787,#788,#789,#790));
#1606=EDGE_LOOP('',(#791,#792,#793,#794));
#1607=EDGE_LOOP('',(#795,#796,#797,#798));
#1608=EDGE_LOOP('',(#799,#800,#801,#802));
#1609=EDGE_LOOP('',(#803,#804,#805));
#1610=EDGE_LOOP('',(#806,#807,#808));
#1611=EDGE_LOOP('',(#809,#810,#811,#812));
#1612=EDGE_LOOP('',(#813,#814,#815,#816));
#1613=EDGE_LOOP('',(#817,#818,#819,#820));
#1614=EDGE_LOOP('',(#821,#822,#823,#824));
#1615=EDGE_LOOP('',(#825,#826,#827));
#1616=EDGE_LOOP('',(#828,#829,#830,#831));
#1617=EDGE_LOOP('',(#832,#833,#834,#835));
#1618=EDGE_LOOP('',(#836,#837,#838,#839));
#1619=EDGE_LOOP('',(#840,#841,#842,#843));
#1620=EDGE_LOOP('',(#844,#845,#846,#847));
#1621=EDGE_LOOP('',(#848,#849,#850,#851));
#1622=EDGE_LOOP('',(#852,#853,#854,#855));
#1623=EDGE_LOOP('',(#856,#857,#858,#859));
#1624=EDGE_LOOP('',(#860,#861,#862,#863));
#1625=EDGE_LOOP('',(#864,#865,#866,#867));
#1626=EDGE_LOOP('',(#868,#869,#870,#871));
#1627=EDGE_LOOP('',(#872,#873,#874,#875));
#1628=EDGE_LOOP('',(#876,#877,#878,#879));
#1629=EDGE_LOOP('',(#880,#881,#882,#883));
#1630=EDGE_LOOP('',(#884,#885,#886,#887));
#1631=EDGE_LOOP('',(#888,#889,#890,#891));
#1632=EDGE_LOOP('',(#892,#893,#894,#895));
#1633=EDGE_LOOP('',(#896,#897,#898,#899));
#1634=EDGE_LOOP('',(#900,#901,#902,#903));
#1635=EDGE_LOOP('',(#904,#905,#906,#907));
#1636=EDGE_LOOP('',(#908,#909,#910,#911));
#1637=EDGE_LOOP('',(#912,#913,#914,#915));
#1638=EDGE_LOOP('',(#916,#917,#918,#919));
#1639=EDGE_LOOP('',(#920,#921,#922,#923));
#1640=EDGE_LOOP('',(#924,#925,#926,#927));
#1641=EDGE_LOOP('',(#928,#929,#930,#931));
#1642=EDGE_LOOP('',(#932,#933,#934,#935));
#1643=EDGE_LOOP('',(#936,#937,#938,#939));
#1644=EDGE_LOOP('',(#940,#941,#942,#943));
#1645=EDGE_LOOP('',(#944,#945,#946,#947));
#1646=EDGE_LOOP('',(#948,#949,#950,#951));
#1647=EDGE_LOOP('',(#952,#953,#954,#955));
#1648=EDGE_LOOP('',(#956,#957,#958,#959));
#1649=EDGE_LOOP('',(#960,#961,#962,#963));
#1650=EDGE_LOOP('',(#964,#965,#966,#967));
#1651=EDGE_LOOP('',(#968,#969,#970,#971));
#1652=EDGE_LOOP('',(#972,#973,#974,#975));
#1653=EDGE_LOOP('',(#976,#977,#978,#979));
#1654=EDGE_LOOP('',(#980,#981,#982,#983));
#1655=EDGE_LOOP('',(#984,#985,#986,#987));
#1656=EDGE_LOOP('',(#988,#989,#990,#991));
#1657=FACE_BOUND('',#1496,.T.);
#1658=FACE_BOUND('',#1497,.T.);
#1659=FACE_BOUND('',#1498,.T.);
#1660=FACE_BOUND('',#1499,.T.);
#1661=FACE_BOUND('',#1500,.T.);
#1662=FACE_BOUND('',#1501,.T.);
#1663=FACE_BOUND('',#1502,.T.);
#1664=FACE_BOUND('',#1503,.T.);
#1665=FACE_BOUND('',#1504,.T.);
#1666=FACE_BOUND('',#1505,.T.);
#1667=FACE_BOUND('',#1506,.T.);
#1668=FACE_BOUND('',#1507,.T.);
#1669=FACE_BOUND('',#1508,.T.);
#1670=FACE_BOUND('',#1509,.T.);
#1671=FACE_BOUND('',#1510,.T.);
#1672=FACE_BOUND('',#1511,.T.);
#1673=FACE_BOUND('',#1512,.T.);
#1674=FACE_BOUND('',#1513,.T.);
#1675=FACE_BOUND('',#1514,.T.);
#1676=FACE_BOUND('',#1515,.T.);
#1677=FACE_BOUND('',#1516,.T.);
#1678=FACE_BOUND('',#1517,.T.);
#1679=FACE_BOUND('',#1518,.T.);
#1680=FACE_BOUND('',#1519,.T.);
#1681=FACE_BOUND('',#1520,.T.);
#1682=FACE_BOUND('',#1521,.T.);
#1683=FACE_BOUND('',#1522,.T.);
#1684=FACE_BOUND('',#1523,.T.);
#1685=FACE_BOUND('',#1524,.T.);
#1686=FACE_BOUND('',#1525,.T.);
#1687=FACE_BOUND('',#1526,.T.);
#1688=FACE_BOUND('',#1527,.T.);
#1689=FACE_BOUND('',#1528,.T.);
#1690=FACE_BOUND('',#1529,.T.);
#1691=FACE_BOUND('',#1530,.T.);
#1692=FACE_BOUND('',#1531,.T.);
#1693=FACE_BOUND('',#1532,.T.);
#1694=FACE_BOUND('',#1533,.T.);
#1695=FACE_BOUND('',#1534,.T.);
#1696=FACE_BOUND('',#1535,.T.);
#1697=FACE_BOUND('',#1536,.T.);
#1698=FACE_BOUND('',#1537,.T.);
#1699=FACE_BOUND('',#1538,.T.);
#1700=FACE_BOUND('',#1539,.T.);
#1701=FACE_BOUND('',#1540,.T.);
#1702=FACE_BOUND('',#1541,.T.);
#1703=FACE_BOUND('',#1542,.T.);
#1704=FACE_BOUND('',#1543,.T.);
#1705=FACE_BOUND('',#1544,.T.);
#1706=FACE_BOUND('',#1545,.T.);
#1707=FACE_BOUND('',#1546,.T.);
#1708=FACE_BOUND('',#1547,.T.);
#1709=FACE_BOUND('',#1548,.T.);
#1710=FACE_BOUND('',#1549,.T.);
#1711=FACE_BOUND('',#1550,.T.);
#1712=FACE_BOUND('',#1551,.T.);
#1713=FACE_BOUND('',#1552,.T.);
#1714=FACE_BOUND('',#1553,.T.);
#1715=FACE_BOUND('',#1554,.T.);
#1716=FACE_BOUND('',#1555,.T.);
#1717=FACE_BOUND('',#1556,.T.);
#1718=FACE_BOUND('',#1557,.T.);
#1719=FACE_BOUND('',#1558,.T.);
#1720=FACE_BOUND('',#1559,.T.);
#1721=FACE_BOUND('',#1560,.T.);
#1722=FACE_BOUND('',#1561,.T.);
#1723=FACE_BOUND('',#1562,.T.);
#1724=FACE_BOUND('',#1563,.T.);
#1725=FACE_BOUND('',#1564,.T.);
#1726=FACE_BOUND('',#1565,.T.);
#1727=FACE_BOUND('',#1566,.T.);
#1728=FACE_BOUND('',#1567,.T.);
#1729=FACE_BOUND('',#1568,.T.);
#1730=FACE_BOUND('',#1569,.T.);
#1731=FACE_BOUND('',#1570,.T.);
#1732=FACE_BOUND('',#79,.T.);
#1733=FACE_BOUND('',#1571,.T.);
#1734=FACE_BOUND('',#1572,.T.);
#1735=FACE_BOUND('',#1573,.T.);
#1736=FACE_BOUND('',#80,.T.);
#1737=FACE_BOUND('',#1574,.T.);
#1738=FACE_BOUND('',#1575,.T.);
#1739=FACE_BOUND('',#1576,.T.);
#1740=FACE_BOUND('',#1577,.T.);
#1741=FACE_BOUND('',#1578,.T.);
#1742=FACE_BOUND('',#1579,.T.);
#1743=FACE_BOUND('',#1580,.T.);
#1744=FACE_BOUND('',#1581,.T.);
#1745=FACE_BOUND('',#1582,.T.);
#1746=FACE_BOUND('',#1583,.T.);
#1747=FACE_BOUND('',#1584,.T.);
#1748=FACE_BOUND('',#1585,.T.);
#1749=FACE_BOUND('',#1586,.T.);
#1750=FACE_BOUND('',#1587,.T.);
#1751=FACE_BOUND('',#1588,.T.);
#1752=FACE_BOUND('',#1589,.T.);
#1753=FACE_BOUND('',#1590,.T.);
#1754=FACE_BOUND('',#1591,.T.);
#1755=FACE_BOUND('',#1592,.T.);
#1756=FACE_BOUND('',#1593,.T.);
#1757=FACE_BOUND('',#1594,.T.);
#1758=FACE_BOUND('',#1595,.T.);
#1759=FACE_BOUND('',#1596,.T.);
#1760=FACE_BOUND('',#1597,.T.);
#1761=FACE_BOUND('',#1598,.T.);
#1762=FACE_BOUND('',#1599,.T.);
#1763=FACE_BOUND('',#1600,.T.);
#1764=FACE_BOUND('',#1601,.T.);
#1765=FACE_BOUND('',#1602,.T.);
#1766=FACE_BOUND('',#1603,.T.);
#1767=FACE_BOUND('',#1604,.T.);
#1768=FACE_BOUND('',#1605,.T.);
#1769=FACE_BOUND('',#1606,.T.);
#1770=FACE_BOUND('',#1607,.T.);
#1771=FACE_BOUND('',#1608,.T.);
#1772=FACE_BOUND('',#1609,.T.);
#1773=FACE_BOUND('',#1610,.T.);
#1774=FACE_BOUND('',#1611,.T.);
#1775=FACE_BOUND('',#1612,.T.);
#1776=FACE_BOUND('',#1613,.T.);
#1777=FACE_BOUND('',#1614,.T.);
#1778=FACE_BOUND('',#1615,.T.);
#1779=FACE_BOUND('',#1616,.T.);
#1780=FACE_BOUND('',#1617,.T.);
#1781=FACE_BOUND('',#1618,.T.);
#1782=FACE_BOUND('',#1619,.T.);
#1783=FACE_BOUND('',#1620,.T.);
#1784=FACE_BOUND('',#1621,.T.);
#1785=FACE_BOUND('',#1622,.T.);
#1786=FACE_BOUND('',#1623,.T.);
#1787=FACE_BOUND('',#1624,.T.);
#1788=FACE_BOUND('',#1625,.T.);
#1789=FACE_BOUND('',#1626,.T.);
#1790=FACE_BOUND('',#1627,.T.);
#1791=FACE_BOUND('',#1628,.T.);
#1792=FACE_BOUND('',#1629,.T.);
#1793=FACE_BOUND('',#1630,.T.);
#1794=FACE_BOUND('',#1631,.T.);
#1795=FACE_BOUND('',#1632,.T.);
#1796=FACE_BOUND('',#1633,.T.);
#1797=FACE_BOUND('',#1634,.T.);
#1798=FACE_BOUND('',#1635,.T.);
#1799=FACE_BOUND('',#1636,.T.);
#1800=FACE_BOUND('',#1637,.T.);
#1801=FACE_BOUND('',#1638,.T.);
#1802=FACE_BOUND('',#1639,.T.);
#1803=FACE_BOUND('',#1640,.T.);
#1804=FACE_BOUND('',#1641,.T.);
#1805=FACE_BOUND('',#1642,.T.);
#1806=FACE_BOUND('',#1643,.T.);
#1807=FACE_BOUND('',#1644,.T.);
#1808=FACE_BOUND('',#1645,.T.);
#1809=FACE_BOUND('',#1646,.T.);
#1810=FACE_BOUND('',#1647,.T.);
#1811=FACE_BOUND('',#1648,.T.);
#1812=FACE_BOUND('',#1649,.T.);
#1813=FACE_BOUND('',#1650,.T.);
#1814=FACE_BOUND('',#1651,.T.);
#1815=FACE_BOUND('',#1652,.T.);
#1816=FACE_BOUND('',#1653,.T.);
#1817=FACE_BOUND('',#1654,.T.);
#1818=FACE_BOUND('',#1655,.T.);
#1819=FACE_BOUND('',#1656,.T.);
#1820=CYLINDRICAL_SURFACE('',#1982,14.2);
#1821=CYLINDRICAL_SURFACE('',#1992,24.2);
#1822=CYLINDRICAL_SURFACE('',#2020,49.2);
#1823=CYLINDRICAL_SURFACE('',#2031,6.);
#1824=CYLINDRICAL_SURFACE('',#2035,6.);
#1825=CYLINDRICAL_SURFACE('',#2039,6.);
#1826=CYLINDRICAL_SURFACE('',#2043,6.);
#1827=CYLINDRICAL_SURFACE('',#2056,29.2);
#1828=CYLINDRICAL_SURFACE('',#2060,26.2);
#1829=CYLINDRICAL_SURFACE('',#2078,29.2);
#1830=CYLINDRICAL_SURFACE('',#2082,26.2);
#1831=CYLINDRICAL_SURFACE('',#2104,29.2);
#1832=CYLINDRICAL_SURFACE('',#2108,1.1);
#1833=CYLINDRICAL_SURFACE('',#2111,1.1);
#1834=CYLINDRICAL_SURFACE('',#2148,1.);
#1835=CYLINDRICAL_SURFACE('',#2151,1.);
#1836=CYLINDRICAL_SURFACE('',#2154,1.);
#1837=CYLINDRICAL_SURFACE('',#2157,1.);
#1838=CYLINDRICAL_SURFACE('',#2160,1.);
#1839=CYLINDRICAL_SURFACE('',#2163,1.);
#1840=CYLINDRICAL_SURFACE('',#2166,2.);
#1841=CYLINDRICAL_SURFACE('',#2169,2.);
#1842=ADVANCED_FACE('',(#1657),#1820,.F.);
#1843=ADVANCED_FACE('',(#1658),#143,.T.);
#1844=ADVANCED_FACE('',(#1659),#144,.T.);
#1845=ADVANCED_FACE('',(#1660),#145,.T.);
#1846=ADVANCED_FACE('',(#1661),#146,.T.);
#1847=ADVANCED_FACE('',(#1662),#147,.T.);
#1848=ADVANCED_FACE('',(#1663),#148,.T.);
#1849=ADVANCED_FACE('',(#1664),#149,.T.);
#1850=ADVANCED_FACE('',(#1665,#1666,#1667,#1668),#1821,.T.);
#1851=ADVANCED_FACE('',(#1669,#1670,#1671),#150,.F.);
#1852=ADVANCED_FACE('',(#1672,#1673,#1674,#1675,#1676,#1677),#151,.F.);
#1853=ADVANCED_FACE('',(#1678,#1679),#122,.F.);
#1854=ADVANCED_FACE('',(#1680,#1681),#152,.F.);
#1855=ADVANCED_FACE('',(#1682,#1683),#1822,.T.);
#1856=ADVANCED_FACE('',(#1684,#1685),#81,.T.);
#1857=ADVANCED_FACE('',(#1686),#153,.F.);
#1858=ADVANCED_FACE('',(#1687,#1688),#82,.T.);
#1859=ADVANCED_FACE('',(#1689),#154,.T.);
#1860=ADVANCED_FACE('',(#1690,#1691),#1823,.F.);
#1861=ADVANCED_FACE('',(#1692),#155,.T.);
#1862=ADVANCED_FACE('',(#1693,#1694),#1824,.F.);
#1863=ADVANCED_FACE('',(#1695),#156,.F.);
#1864=ADVANCED_FACE('',(#1696,#1697),#1825,.F.);
#1865=ADVANCED_FACE('',(#1698),#157,.F.);
#1866=ADVANCED_FACE('',(#1699,#1700),#1826,.F.);
#1867=ADVANCED_FACE('',(#1701),#158,.F.);
#1868=ADVANCED_FACE('',(#1702,#1703),#83,.F.);
#1869=ADVANCED_FACE('',(#1704,#1705),#84,.F.);
#1870=ADVANCED_FACE('',(#1706,#1707),#85,.F.);
#1871=ADVANCED_FACE('',(#1708,#1709),#86,.F.);
#1872=ADVANCED_FACE('',(#1710),#159,.F.);
#1873=ADVANCED_FACE('',(#1711),#160,.F.);
#1874=ADVANCED_FACE('',(#1712),#161,.F.);
#1875=ADVANCED_FACE('',(#1713),#162,.F.);
#1876=ADVANCED_FACE('',(#1714),#1827,.T.);
#1877=ADVANCED_FACE('',(#1715),#163,.F.);
#1878=ADVANCED_FACE('',(#1716),#1828,.F.);
#1879=ADVANCED_FACE('',(#1717),#164,.T.);
#1880=ADVANCED_FACE('',(#1718),#165,.F.);
#1881=ADVANCED_FACE('',(#1719),#166,.T.);
#1882=ADVANCED_FACE('',(#1720),#1829,.T.);
#1883=ADVANCED_FACE('',(#1721),#167,.T.);
#1884=ADVANCED_FACE('',(#1722),#1830,.F.);
#1885=ADVANCED_FACE('',(#1723),#168,.T.);
#1886=ADVANCED_FACE('',(#1724),#169,.F.);
#1887=ADVANCED_FACE('',(#1725,#1726,#1727,#1728),#170,.T.);
#1888=ADVANCED_FACE('',(#1729,#1730),#1831,.F.);
#1889=ADVANCED_FACE('',(#1731,#1732),#87,.F.);
#1890=ADVANCED_FACE('',(#1733,#1734),#1832,.F.);
#1891=ADVANCED_FACE('',(#1735,#1736),#88,.F.);
#1892=ADVANCED_FACE('',(#1737,#1738),#1833,.F.);
#1893=ADVANCED_FACE('',(#1739,#1740),#89,.T.);
#1894=ADVANCED_FACE('',(#1741,#1742),#90,.T.);
#1895=ADVANCED_FACE('',(#1743,#1744),#91,.F.);
#1896=ADVANCED_FACE('',(#1745,#1746),#92,.T.);
#1897=ADVANCED_FACE('',(#1747,#1748),#93,.T.);
#1898=ADVANCED_FACE('',(#1749),#171,.F.);
#1899=ADVANCED_FACE('',(#1750),#172,.T.);
#1900=ADVANCED_FACE('',(#1751),#173,.T.);
#1901=ADVANCED_FACE('',(#1752),#174,.T.);
#1902=ADVANCED_FACE('',(#1753),#175,.F.);
#1903=ADVANCED_FACE('',(#1754),#176,.T.);
#1904=ADVANCED_FACE('',(#1755),#177,.T.);
#1905=ADVANCED_FACE('',(#1756),#178,.T.);
#1906=ADVANCED_FACE('',(#1757),#94,.T.);
#1907=ADVANCED_FACE('',(#1758),#179,.T.);
#1908=ADVANCED_FACE('',(#1759),#180,.F.);
#1909=ADVANCED_FACE('',(#1760),#181,.T.);
#1910=ADVANCED_FACE('',(#1761),#95,.T.);
#1911=ADVANCED_FACE('',(#1762),#182,.F.);
#1912=ADVANCED_FACE('',(#1763),#183,.T.);
#1913=ADVANCED_FACE('',(#1764),#96,.F.);
#1914=ADVANCED_FACE('',(#1765),#184,.T.);
#1915=ADVANCED_FACE('',(#1766),#185,.T.);
#1916=ADVANCED_FACE('',(#1767),#186,.T.);
#1917=ADVANCED_FACE('',(#1768),#187,.F.);
#1918=ADVANCED_FACE('',(#1769),#97,.F.);
#1919=ADVANCED_FACE('',(#1770),#188,.F.);
#1920=ADVANCED_FACE('',(#1771),#189,.T.);
#1921=ADVANCED_FACE('',(#1772),#190,.T.);
#1922=ADVANCED_FACE('',(#1773),#191,.T.);
#1923=ADVANCED_FACE('',(#1774),#192,.T.);
#1924=ADVANCED_FACE('',(#1775),#193,.T.);
#1925=ADVANCED_FACE('',(#1776),#194,.T.);
#1926=ADVANCED_FACE('',(#1777),#195,.T.);
#1927=ADVANCED_FACE('',(#1778),#196,.T.);
#1928=ADVANCED_FACE('',(#1779),#197,.F.);
#1929=ADVANCED_FACE('',(#1780),#1834,.T.);
#1930=ADVANCED_FACE('',(#1781),#1835,.T.);
#1931=ADVANCED_FACE('',(#1782),#1836,.T.);
#1932=ADVANCED_FACE('',(#1783),#1837,.T.);
#1933=ADVANCED_FACE('',(#1784),#1838,.F.);
#1934=ADVANCED_FACE('',(#1785),#1839,.F.);
#1935=ADVANCED_FACE('',(#1786),#1840,.T.);
#1936=ADVANCED_FACE('',(#1787),#1841,.T.);
#1937=ADVANCED_FACE('',(#1788),#198,.F.);
#1938=ADVANCED_FACE('',(#1789),#98,.T.);
#1939=ADVANCED_FACE('',(#1790),#99,.T.);
#1940=ADVANCED_FACE('',(#1791),#100,.T.);
#1941=ADVANCED_FACE('',(#1792),#199,.F.);
#1942=ADVANCED_FACE('',(#1793),#101,.T.);
#1943=ADVANCED_FACE('',(#1794),#102,.F.);
#1944=ADVANCED_FACE('',(#1795),#103,.F.);
#1945=ADVANCED_FACE('',(#1796),#200,.T.);
#1946=ADVANCED_FACE('',(#1797),#104,.T.);
#1947=ADVANCED_FACE('',(#1798),#105,.T.);
#1948=ADVANCED_FACE('',(#1799),#106,.T.);
#1949=ADVANCED_FACE('',(#1800),#201,.T.);
#1950=ADVANCED_FACE('',(#1801),#107,.T.);
#1951=ADVANCED_FACE('',(#1802),#108,.F.);
#1952=ADVANCED_FACE('',(#1803),#109,.F.);
#1953=ADVANCED_FACE('',(#1804),#202,.T.);
#1954=ADVANCED_FACE('',(#1805),#110,.T.);
#1955=ADVANCED_FACE('',(#1806),#111,.T.);
#1956=ADVANCED_FACE('',(#1807),#112,.T.);
#1957=ADVANCED_FACE('',(#1808),#203,.T.);
#1958=ADVANCED_FACE('',(#1809),#113,.T.);
#1959=ADVANCED_FACE('',(#1810),#114,.F.);
#1960=ADVANCED_FACE('',(#1811),#115,.F.);
#1961=ADVANCED_FACE('',(#1812),#204,.F.);
#1962=ADVANCED_FACE('',(#1813),#116,.T.);
#1963=ADVANCED_FACE('',(#1814),#117,.T.);
#1964=ADVANCED_FACE('',(#1815),#118,.T.);
#1965=ADVANCED_FACE('',(#1816),#205,.F.);
#1966=ADVANCED_FACE('',(#1817),#119,.T.);
#1967=ADVANCED_FACE('',(#1818),#120,.F.);
#1968=ADVANCED_FACE('',(#1819),#121,.F.);
#1969=CLOSED_SHELL('',(#1842,#1843,#1844,#1845,#1846,#1847,#1848,#1849,
#1850,#1851,#1852,#1853,#1854,#1855,#1856,#1857,#1858,#1859,#1860,#1861,
#1862,#1863,#1864,#1865,#1866,#1867,#1868,#1869,#1870,#1871,#1872,#1873,
#1874,#1875,#1876,#1877,#1878,#1879,#1880,#1881,#1882,#1883,#1884,#1885,
#1886,#1887,#1888,#1889,#1890,#1891,#1892,#1893,#1894,#1895,#1896,#1897,
#1898,#1899,#1900,#1901,#1902,#1903,#1904,#1905,#1906,#1907,#1908,#1909,
#1910,#1911,#1912,#1913,#1914,#1915,#1916,#1917,#1918,#1919,#1920,#1921,
#1922,#1923,#1924,#1925,#1926,#1927,#1928,#1929,#1930,#1931,#1932,#1933,
#1934,#1935,#1936,#1937,#1938,#1939,#1940,#1941,#1942,#1943,#1944,#1945,
#1946,#1947,#1948,#1949,#1950,#1951,#1952,#1953,#1954,#1955,#1956,#1957,
#1958,#1959,#1960,#1961,#1962,#1963,#1964,#1965,#1966,#1967,#1968));
#1970=STYLED_ITEM('',(#1971),#1978);
#1971=PRESENTATION_STYLE_ASSIGNMENT((#1972));
#1972=SURFACE_STYLE_USAGE(.BOTH.,#1973);
#1973=SURFACE_SIDE_STYLE('',(#1974));
#1974=SURFACE_STYLE_FILL_AREA(#1975);
#1975=FILL_AREA_STYLE('',(#1976));
#1976=FILL_AREA_STYLE_COLOUR('',#1977);
#1977=COLOUR_RGB('',0.,0.6,0.);
#1978=MANIFOLD_SOLID_BREP('Revolve (16)',#1969);
#1979=SHAPE_DEFINITION_REPRESENTATION(#3458,#1980);
#1980=SHAPE_REPRESENTATION('Supporto',(#1981),#3453);
#1981=AXIS2_PLACEMENT_3D('',#2839,#2220,#2221);
#1982=AXIS2_PLACEMENT_3D('',#2840,#2222,#2223);
#1983=AXIS2_PLACEMENT_3D('',#2841,#2224,#2225);
#1984=AXIS2_PLACEMENT_3D('',#2846,#2227,#2228);
#1985=AXIS2_PLACEMENT_3D('',#2849,#2230,#2231);
#1986=AXIS2_PLACEMENT_3D('',#2863,#2236,#2237);
#1987=AXIS2_PLACEMENT_3D('',#2869,#2241,#2242);
#1988=AXIS2_PLACEMENT_3D('',#2878,#2247,#2248);
#1989=AXIS2_PLACEMENT_3D('',#2892,#2256,#2257);
#1990=AXIS2_PLACEMENT_3D('',#2898,#2261,#2262);
#1991=AXIS2_PLACEMENT_3D('',#2907,#2267,#2268);
#1992=AXIS2_PLACEMENT_3D('',#2918,#2272,#2273);
#1993=AXIS2_PLACEMENT_3D('',#2919,#2274,#2275);
#1994=AXIS2_PLACEMENT_3D('',#2924,#2277,#2278);
#1995=AXIS2_PLACEMENT_3D('',#2927,#2280,#2281);
#1996=AXIS2_PLACEMENT_3D('',#2942,#2283,#2284);
#1997=AXIS2_PLACEMENT_3D('',#2944,#2285,#2286);
#1998=AXIS2_PLACEMENT_3D('',#2948,#2288,#2289);
#1999=AXIS2_PLACEMENT_3D('',#2949,#2290,#2291);
#2000=AXIS2_PLACEMENT_3D('',#2951,#2292,#2293);
#2001=AXIS2_PLACEMENT_3D('',#2966,#2295,#2296);
#2002=AXIS2_PLACEMENT_3D('',#2968,#2297,#2298);
#2003=AXIS2_PLACEMENT_3D('',#2972,#2300,#2301);
#2004=AXIS2_PLACEMENT_3D('',#2973,#2302,#2303);
#2005=AXIS2_PLACEMENT_3D('',#2983,#2308,#2309);
#2006=AXIS2_PLACEMENT_3D('',#2995,#2315,#2316);
#2007=AXIS2_PLACEMENT_3D('',#2998,#2318,#2319);
#2008=AXIS2_PLACEMENT_3D('',#3000,#2320,#2321);
#2009=AXIS2_PLACEMENT_3D('',#3002,#2322,#2323);
#2010=AXIS2_PLACEMENT_3D('',#3003,#2324,#2325);
#2011=AXIS2_PLACEMENT_3D('',#3005,#2326,#2327);
#2012=AXIS2_PLACEMENT_3D('',#3007,#2328,#2329);
#2013=AXIS2_PLACEMENT_3D('',#3009,#2330,#2331);
#2014=AXIS2_PLACEMENT_3D('',#3011,#2332,#2333);
#2015=AXIS2_PLACEMENT_3D('',#3013,#2334,#2335);
#2016=AXIS2_PLACEMENT_3D('',#3015,#2336,#2337);
#2017=AXIS2_PLACEMENT_3D('',#3016,#2338,#2339);
#2018=AXIS2_PLACEMENT_3D('',#3018,#2340,#2341);
#2019=AXIS2_PLACEMENT_3D('',#3019,#2342,#2343);
#2020=AXIS2_PLACEMENT_3D('',#3021,#2344,#2345);
#2021=AXIS2_PLACEMENT_3D('',#3022,#2346,#2347);
#2022=AXIS2_PLACEMENT_3D('',#3024,#2348,#2349);
#2023=AXIS2_PLACEMENT_3D('',#3026,#2350,#2351);
#2024=AXIS2_PLACEMENT_3D('',#3027,#2352,#2353);
#2025=AXIS2_PLACEMENT_3D('',#3029,#2354,#2355);
#2026=AXIS2_PLACEMENT_3D('',#3030,#2356,#2357);
#2027=AXIS2_PLACEMENT_3D('',#3032,#2358,#2359);
#2028=AXIS2_PLACEMENT_3D('',#3033,#2360,#2361);
#2029=AXIS2_PLACEMENT_3D('',#3035,#2362,#2363);
#2030=AXIS2_PLACEMENT_3D('',#3036,#2364,#2365);
#2031=AXIS2_PLACEMENT_3D('',#3038,#2366,#2367);
#2032=AXIS2_PLACEMENT_3D('',#3039,#2368,#2369);
#2033=AXIS2_PLACEMENT_3D('',#3041,#2370,#2371);
#2034=AXIS2_PLACEMENT_3D('',#3043,#2372,#2373);
#2035=AXIS2_PLACEMENT_3D('',#3044,#2374,#2375);
#2036=AXIS2_PLACEMENT_3D('',#3045,#2376,#2377);
#2037=AXIS2_PLACEMENT_3D('',#3047,#2378,#2379);
#2038=AXIS2_PLACEMENT_3D('',#3049,#2380,#2381);
#2039=AXIS2_PLACEMENT_3D('',#3050,#2382,#2383);
#2040=AXIS2_PLACEMENT_3D('',#3051,#2384,#2385);
#2041=AXIS2_PLACEMENT_3D('',#3053,#2386,#2387);
#2042=AXIS2_PLACEMENT_3D('',#3055,#2388,#2389);
#2043=AXIS2_PLACEMENT_3D('',#3056,#2390,#2391);
#2044=AXIS2_PLACEMENT_3D('',#3057,#2392,#2393);
#2045=AXIS2_PLACEMENT_3D('',#3059,#2394,#2395);
#2046=AXIS2_PLACEMENT_3D('',#3061,#2396,#2397);
#2047=AXIS2_PLACEMENT_3D('',#3062,#2398,#2399);
#2048=AXIS2_PLACEMENT_3D('',#3063,#2400,#2401);
#2049=AXIS2_PLACEMENT_3D('',#3064,#2402,#2403);
#2050=AXIS2_PLACEMENT_3D('',#3065,#2404,#2405);
#2051=AXIS2_PLACEMENT_3D('',#3066,#2406,#2407);
#2052=AXIS2_PLACEMENT_3D('',#3080,#2412,#2413);
#2053=AXIS2_PLACEMENT_3D('',#3094,#2418,#2419);
#2054=AXIS2_PLACEMENT_3D('',#3095,#2420,#2421);
#2055=AXIS2_PLACEMENT_3D('',#3097,#2423,#2424);
#2056=AXIS2_PLACEMENT_3D('',#3103,#2428,#2429);
#2057=AXIS2_PLACEMENT_3D('',#3107,#2431,#2432);
#2058=AXIS2_PLACEMENT_3D('',#3111,#2434,#2435);
#2059=AXIS2_PLACEMENT_3D('',#3112,#2436,#2437);
#2060=AXIS2_PLACEMENT_3D('',#3121,#2442,#2443);
#2061=AXIS2_PLACEMENT_3D('',#3125,#2445,#2446);
#2062=AXIS2_PLACEMENT_3D('',#3129,#2448,#2449);
#2063=AXIS2_PLACEMENT_3D('',#3130,#2450,#2451);
#2064=AXIS2_PLACEMENT_3D('',#3131,#2452,#2453);
#2065=AXIS2_PLACEMENT_3D('',#3134,#2454,#2455);
#2066=AXIS2_PLACEMENT_3D('',#3137,#2457,#2458);
#2067=AXIS2_PLACEMENT_3D('',#3139,#2459,#2460);
#2068=AXIS2_PLACEMENT_3D('',#3141,#2461,#2462);
#2069=AXIS2_PLACEMENT_3D('',#3145,#2464,#2465);
#2070=AXIS2_PLACEMENT_3D('',#3146,#2466,#2467);
#2071=AXIS2_PLACEMENT_3D('',#3147,#2468,#2469);
#2072=AXIS2_PLACEMENT_3D('',#3149,#2470,#2471);
#2073=AXIS2_PLACEMENT_3D('',#3151,#2472,#2473);
#2074=AXIS2_PLACEMENT_3D('',#3155,#2475,#2476);
#2075=AXIS2_PLACEMENT_3D('',#3157,#2477,#2478);
#2076=AXIS2_PLACEMENT_3D('',#3159,#2479,#2480);
#2077=AXIS2_PLACEMENT_3D('',#3162,#2482,#2483);
#2078=AXIS2_PLACEMENT_3D('',#3168,#2487,#2488);
#2079=AXIS2_PLACEMENT_3D('',#3172,#2490,#2491);
#2080=AXIS2_PLACEMENT_3D('',#3176,#2493,#2494);
#2081=AXIS2_PLACEMENT_3D('',#3177,#2495,#2496);
#2082=AXIS2_PLACEMENT_3D('',#3186,#2501,#2502);
#2083=AXIS2_PLACEMENT_3D('',#3190,#2504,#2505);
#2084=AXIS2_PLACEMENT_3D('',#3194,#2507,#2508);
#2085=AXIS2_PLACEMENT_3D('',#3195,#2509,#2510);
#2086=AXIS2_PLACEMENT_3D('',#3196,#2511,#2512);
#2087=AXIS2_PLACEMENT_3D('',#3198,#2513,#2514);
#2088=AXIS2_PLACEMENT_3D('',#3200,#2515,#2516);
#2089=AXIS2_PLACEMENT_3D('',#3204,#2518,#2519);
#2090=AXIS2_PLACEMENT_3D('',#3206,#2520,#2521);
#2091=AXIS2_PLACEMENT_3D('',#3208,#2522,#2523);
#2092=AXIS2_PLACEMENT_3D('',#3211,#2525,#2526);
#2093=AXIS2_PLACEMENT_3D('',#3212,#2527,#2528);
#2094=AXIS2_PLACEMENT_3D('',#3215,#2529,#2530);
#2095=AXIS2_PLACEMENT_3D('',#3218,#2532,#2533);
#2096=AXIS2_PLACEMENT_3D('',#3220,#2534,#2535);
#2097=AXIS2_PLACEMENT_3D('',#3222,#2536,#2537);
#2098=AXIS2_PLACEMENT_3D('',#3226,#2539,#2540);
#2099=AXIS2_PLACEMENT_3D('',#3227,#2541,#2542);
#2100=AXIS2_PLACEMENT_3D('',#3228,#2543,#2544);
#2101=AXIS2_PLACEMENT_3D('',#3230,#2545,#2546);
#2102=AXIS2_PLACEMENT_3D('',#3232,#2547,#2548);
#2103=AXIS2_PLACEMENT_3D('',#3235,#2550,#2551);
#2104=AXIS2_PLACEMENT_3D('',#3237,#2553,#2554);
#2105=AXIS2_PLACEMENT_3D('',#3238,#2555,#2556);
#2106=AXIS2_PLACEMENT_3D('',#3240,#2557,#2558);
#2107=AXIS2_PLACEMENT_3D('',#3241,#2559,#2560);
#2108=AXIS2_PLACEMENT_3D('',#3244,#2561,#2562);
#2109=AXIS2_PLACEMENT_3D('',#3245,#2563,#2564);
#2110=AXIS2_PLACEMENT_3D('',#3246,#2565,#2566);
#2111=AXIS2_PLACEMENT_3D('',#3249,#2567,#2568);
#2112=AXIS2_PLACEMENT_3D('',#3250,#2569,#2570);
#2113=AXIS2_PLACEMENT_3D('',#3251,#2571,#2572);
#2114=AXIS2_PLACEMENT_3D('',#3252,#2573,#2574);
#2115=AXIS2_PLACEMENT_3D('',#3253,#2575,#2576);
#2116=AXIS2_PLACEMENT_3D('',#3254,#2577,#2578);
#2117=AXIS2_PLACEMENT_3D('',#3255,#2579,#2580);
#2118=AXIS2_PLACEMENT_3D('',#3257,#2582,#2583);
#2119=AXIS2_PLACEMENT_3D('',#3260,#2586,#2587);
#2120=AXIS2_PLACEMENT_3D('',#3266,#2589,#2590);
#2121=AXIS2_PLACEMENT_3D('',#3268,#2592,#2593);
#2122=AXIS2_PLACEMENT_3D('',#3271,#2596,#2597);
#2123=AXIS2_PLACEMENT_3D('',#3273,#2599,#2600);
#2124=AXIS2_PLACEMENT_3D('',#3275,#2602,#2603);
#2125=AXIS2_PLACEMENT_3D('',#3280,#2604,#2605);
#2126=AXIS2_PLACEMENT_3D('',#3285,#2606,#2607);
#2127=AXIS2_PLACEMENT_3D('',#3287,#2609,#2610);
#2128=AXIS2_PLACEMENT_3D('',#3293,#2612,#2613);
#2129=AXIS2_PLACEMENT_3D('',#3295,#2615,#2616);
#2130=AXIS2_PLACEMENT_3D('',#3300,#2617,#2618);
#2131=AXIS2_PLACEMENT_3D('',#3302,#2620,#2621);
#2132=AXIS2_PLACEMENT_3D('',#3304,#2623,#2624);
#2133=AXIS2_PLACEMENT_3D('',#3309,#2625,#2626);
#2134=AXIS2_PLACEMENT_3D('',#3314,#2627,#2628);
#2135=AXIS2_PLACEMENT_3D('',#3316,#2630,#2631);
#2136=AXIS2_PLACEMENT_3D('',#3318,#2633,#2634);
#2137=AXIS2_PLACEMENT_3D('',#3320,#2636,#2637);
#2138=AXIS2_PLACEMENT_3D('',#3325,#2638,#2639);
#2139=AXIS2_PLACEMENT_3D('',#3327,#2641,#2642);
#2140=AXIS2_PLACEMENT_3D('',#3329,#2644,#2645);
#2141=AXIS2_PLACEMENT_3D('',#3331,#2647,#2648);
#2142=AXIS2_PLACEMENT_3D('',#3333,#2650,#2651);
#2143=AXIS2_PLACEMENT_3D('',#3335,#2653,#2654);
#2144=AXIS2_PLACEMENT_3D('',#3337,#2656,#2657);
#2145=AXIS2_PLACEMENT_3D('',#3339,#2659,#2660);
#2146=AXIS2_PLACEMENT_3D('',#3341,#2662,#2663);
#2147=AXIS2_PLACEMENT_3D('',#3343,#2665,#2666);
#2148=AXIS2_PLACEMENT_3D('',#3344,#2667,#2668);
#2149=AXIS2_PLACEMENT_3D('',#3345,#2669,#2670);
#2150=AXIS2_PLACEMENT_3D('',#3346,#2671,#2672);
#2151=AXIS2_PLACEMENT_3D('',#3347,#2673,#2674);
#2152=AXIS2_PLACEMENT_3D('',#3348,#2675,#2676);
#2153=AXIS2_PLACEMENT_3D('',#3349,#2677,#2678);
#2154=AXIS2_PLACEMENT_3D('',#3350,#2679,#2680);
#2155=AXIS2_PLACEMENT_3D('',#3351,#2681,#2682);
#2156=AXIS2_PLACEMENT_3D('',#3352,#2683,#2684);
#2157=AXIS2_PLACEMENT_3D('',#3353,#2685,#2686);
#2158=AXIS2_PLACEMENT_3D('',#3354,#2687,#2688);
#2159=AXIS2_PLACEMENT_3D('',#3355,#2689,#2690);
#2160=AXIS2_PLACEMENT_3D('',#3356,#2691,#2692);
#2161=AXIS2_PLACEMENT_3D('',#3357,#2693,#2694);
#2162=AXIS2_PLACEMENT_3D('',#3358,#2695,#2696);
#2163=AXIS2_PLACEMENT_3D('',#3359,#2697,#2698);
#2164=AXIS2_PLACEMENT_3D('',#3360,#2699,#2700);
#2165=AXIS2_PLACEMENT_3D('',#3361,#2701,#2702);
#2166=AXIS2_PLACEMENT_3D('',#3362,#2703,#2704);
#2167=AXIS2_PLACEMENT_3D('',#3363,#2705,#2706);
#2168=AXIS2_PLACEMENT_3D('',#3364,#2707,#2708);
#2169=AXIS2_PLACEMENT_3D('',#3365,#2709,#2710);
#2170=AXIS2_PLACEMENT_3D('',#3366,#2711,#2712);
#2171=AXIS2_PLACEMENT_3D('',#3367,#2713,#2714);
#2172=AXIS2_PLACEMENT_3D('',#3368,#2715,#2716);
#2173=AXIS2_PLACEMENT_3D('',#3370,#2718,#2719);
#2174=AXIS2_PLACEMENT_3D('',#3372,#2721,#2722);
#2175=AXIS2_PLACEMENT_3D('',#3374,#2724,#2725);
#2176=AXIS2_PLACEMENT_3D('',#3376,#2727,#2728);
#2177=AXIS2_PLACEMENT_3D('',#3378,#2730,#2731);
#2178=AXIS2_PLACEMENT_3D('',#3380,#2733,#2734);
#2179=AXIS2_PLACEMENT_3D('',#3382,#2736,#2737);
#2180=AXIS2_PLACEMENT_3D('',#3383,#2738,#2739);
#2181=AXIS2_PLACEMENT_3D('',#3385,#2741,#2742);
#2182=AXIS2_PLACEMENT_3D('',#3387,#2744,#2745);
#2183=AXIS2_PLACEMENT_3D('',#3389,#2747,#2748);
#2184=AXIS2_PLACEMENT_3D('',#3391,#2750,#2751);
#2185=AXIS2_PLACEMENT_3D('',#3393,#2753,#2754);
#2186=AXIS2_PLACEMENT_3D('',#3395,#2756,#2757);
#2187=AXIS2_PLACEMENT_3D('',#3397,#2759,#2760);
#2188=AXIS2_PLACEMENT_3D('',#3398,#2761,#2762);
#2189=AXIS2_PLACEMENT_3D('',#3400,#2764,#2765);
#2190=AXIS2_PLACEMENT_3D('',#3402,#2767,#2768);
#2191=AXIS2_PLACEMENT_3D('',#3404,#2770,#2771);
#2192=AXIS2_PLACEMENT_3D('',#3406,#2773,#2774);
#2193=AXIS2_PLACEMENT_3D('',#3408,#2776,#2777);
#2194=AXIS2_PLACEMENT_3D('',#3410,#2779,#2780);
#2195=AXIS2_PLACEMENT_3D('',#3412,#2782,#2783);
#2196=AXIS2_PLACEMENT_3D('',#3413,#2784,#2785);
#2197=AXIS2_PLACEMENT_3D('',#3415,#2787,#2788);
#2198=AXIS2_PLACEMENT_3D('',#3417,#2790,#2791);
#2199=AXIS2_PLACEMENT_3D('',#3419,#2793,#2794);
#2200=AXIS2_PLACEMENT_3D('',#3421,#2796,#2797);
#2201=AXIS2_PLACEMENT_3D('',#3423,#2799,#2800);
#2202=AXIS2_PLACEMENT_3D('',#3425,#2802,#2803);
#2203=AXIS2_PLACEMENT_3D('',#3427,#2805,#2806);
#2204=AXIS2_PLACEMENT_3D('',#3428,#2807,#2808);
#2205=AXIS2_PLACEMENT_3D('',#3430,#2809,#2810);
#2206=AXIS2_PLACEMENT_3D('',#3431,#2811,#2812);
#2207=AXIS2_PLACEMENT_3D('',#3433,#2813,#2814);
#2208=AXIS2_PLACEMENT_3D('',#3434,#2815,#2816);
#2209=AXIS2_PLACEMENT_3D('',#3436,#2817,#2818);
#2210=AXIS2_PLACEMENT_3D('',#3437,#2819,#2820);
#2211=AXIS2_PLACEMENT_3D('',#3439,#2821,#2822);
#2212=AXIS2_PLACEMENT_3D('',#3440,#2823,#2824);
#2213=AXIS2_PLACEMENT_3D('',#3442,#2825,#2826);
#2214=AXIS2_PLACEMENT_3D('',#3443,#2827,#2828);
#2215=AXIS2_PLACEMENT_3D('',#3445,#2829,#2830);
#2216=AXIS2_PLACEMENT_3D('',#3446,#2831,#2832);
#2217=AXIS2_PLACEMENT_3D('',#3448,#2833,#2834);
#2218=AXIS2_PLACEMENT_3D('',#3449,#2835,#2836);
#2219=AXIS2_PLACEMENT_3D('',#3451,#2837,#2838);
#2220=DIRECTION('',(0.,0.,1.));
#2221=DIRECTION('',(1.,0.,0.));
#2222=DIRECTION('',(0.,0.,-1.));
#2223=DIRECTION('',(-1.,0.,0.));
#2224=DIRECTION('',(0.,0.,-1.));
#2225=DIRECTION('',(-1.,0.,0.));
#2226=DIRECTION('',(0.,0.,-1.));
#2227=DIRECTION('',(0.,0.,-1.));
#2228=DIRECTION('',(-1.,0.,0.));
#2229=DIRECTION('',(0.,0.,-1.));
#2230=DIRECTION('',(1.,-7.15135981878451E-11,0.));
#2231=DIRECTION('',(7.15135981878451E-11,1.,0.));
#2232=DIRECTION('',(0.,0.,1.));
#2233=DIRECTION('',(-7.15135981878451E-11,-1.,0.));
#2234=DIRECTION('',(0.,0.,-1.));
#2235=DIRECTION('',(7.15135981878451E-11,1.,0.));
#2236=DIRECTION('',(0.681099422968943,0.732190942330873,0.));
#2237=DIRECTION('',(-0.732190942330873,0.681099422968943,0.));
#2238=DIRECTION('',(0.732190942330873,-0.681099422968943,0.));
#2239=DIRECTION('',(0.,0.,-1.));
#2240=DIRECTION('',(-0.732190942330873,0.681099422968943,0.));
#2241=DIRECTION('',(1.,0.,0.));
#2242=DIRECTION('',(0.,0.,-1.));
#2243=DIRECTION('',(0.,0.,1.));
#2244=DIRECTION('',(0.,-1.,0.));
#2245=DIRECTION('',(0.,0.,-1.));
#2246=DIRECTION('',(0.,1.,0.));
#2247=DIRECTION('',(0.,1.,0.));
#2248=DIRECTION('',(0.,0.,1.));
#2249=DIRECTION('',(0.,0.,1.));
#2250=DIRECTION('',(1.,0.,0.));
#2251=DIRECTION('',(0.,0.,-1.));
#2252=DIRECTION('',(-1.,0.,0.));
#2253=DIRECTION('',(1.,0.,0.));
#2254=DIRECTION('',(0.,0.,-1.));
#2255=DIRECTION('',(1.,0.,0.));
#2256=DIRECTION('',(-1.,0.,0.));
#2257=DIRECTION('',(0.,0.,1.));
#2258=DIRECTION('',(0.,1.,0.));
#2259=DIRECTION('',(0.,0.,-1.));
#2260=DIRECTION('',(0.,-1.,0.));
#2261=DIRECTION('',(-0.681099422968943,0.732190942330873,0.));
#2262=DIRECTION('',(-0.732190942330873,-0.681099422968943,0.));
#2263=DIRECTION('',(-0.732190942330873,-0.681099422968943,0.));
#2264=DIRECTION('',(0.,0.,1.));
#2265=DIRECTION('',(0.732190942330873,0.681099422968943,0.));
#2266=DIRECTION('',(0.,0.,-1.));
#2267=DIRECTION('',(-1.,-7.15128439602466E-11,0.));
#2268=DIRECTION('',(7.15128439602466E-11,-1.,0.));
#2269=DIRECTION('',(0.,0.,-1.));
#2270=DIRECTION('',(7.15128439602466E-11,-1.,0.));
#2271=DIRECTION('',(-7.15128439602466E-11,1.,0.));
#2272=DIRECTION('',(0.,0.,-1.));
#2273=DIRECTION('',(-1.,0.,0.));
#2274=DIRECTION('',(0.,0.,-1.));
#2275=DIRECTION('',(-1.,0.,0.));
#2276=DIRECTION('',(0.,0.,-1.));
#2277=DIRECTION('',(0.,0.,-1.));
#2278=DIRECTION('',(-1.,0.,0.));
#2279=DIRECTION('',(0.,0.,-1.));
#2280=DIRECTION('',(0.,0.,-1.));
#2281=DIRECTION('',(1.,1.22464679914735E-16,0.));
#2282=DIRECTION('',(0.,0.,-1.));
#2283=DIRECTION('',(0.,0.,-1.));
#2284=DIRECTION('',(1.,1.22464679914735E-16,0.));
#2285=DIRECTION('',(0.672498511963959,-0.218508012224409,0.707106781186546));
#2286=DIRECTION('',(0.672498511963956,-0.218508012224408,-0.707106781186549));
#2287=DIRECTION('',(0.,0.,1.));
#2288=DIRECTION('',(-0.672498511963959,0.218508012224409,0.707106781186546));
#2289=DIRECTION('',(-0.672498511963956,0.218508012224408,-0.707106781186549));
#2290=DIRECTION('',(0.,0.,-1.));
#2291=DIRECTION('',(-1.,0.,0.));
#2292=DIRECTION('',(0.,0.,1.));
#2293=DIRECTION('',(1.,0.,0.));
#2294=DIRECTION('',(0.,0.,-1.));
#2295=DIRECTION('',(0.,0.,1.));
#2296=DIRECTION('',(1.,0.,0.));
#2297=DIRECTION('',(-0.672498511963954,-0.218508012224408,-0.707106781186551));
#2298=DIRECTION('',(0.672498511963961,0.21850801222441,-0.707106781186544));
#2299=DIRECTION('',(0.,0.,1.));
#2300=DIRECTION('',(0.672498511963957,0.218508012224409,-0.707106781186548));
#2301=DIRECTION('',(-0.672498511963958,-0.218508012224409,-0.707106781186547));
#2302=DIRECTION('',(0.,0.,-1.));
#2303=DIRECTION('',(-1.,0.,0.));
#2304=DIRECTION('',(-0.732190942330873,-0.681099422968943,0.));
#2305=DIRECTION('',(0.,-1.,0.));
#2306=DIRECTION('',(-1.,0.,0.));
#2307=DIRECTION('',(0.,-1.,0.));
#2308=DIRECTION('',(0.,0.,-1.));
#2309=DIRECTION('',(-1.,0.,0.));
#2310=DIRECTION('',(0.,1.,0.));
#2311=DIRECTION('',(-1.,0.,0.));
#2312=DIRECTION('',(0.,1.,0.));
#2313=DIRECTION('',(-0.732190942330873,0.681099422968943,0.));
#2314=DIRECTION('',(7.15135981878451E-11,1.,0.));
#2315=DIRECTION('',(0.,0.,-1.));
#2316=DIRECTION('',(-1.,0.,0.));
#2317=DIRECTION('',(7.15128439602466E-11,-1.,0.));
#2318=DIRECTION('',(0.,0.,-1.));
#2319=DIRECTION('',(-1.,0.,0.));
#2320=DIRECTION('',(0.,0.,-1.));
#2321=DIRECTION('',(-1.,0.,0.));
#2322=DIRECTION('',(0.,0.,1.));
#2323=DIRECTION('',(1.,0.,0.));
#2324=DIRECTION('',(0.,0.,1.));
#2325=DIRECTION('',(1.,0.,0.));
#2326=DIRECTION('',(0.,0.,1.));
#2327=DIRECTION('',(1.,0.,0.));
#2328=DIRECTION('',(0.,0.,1.));
#2329=DIRECTION('',(1.,0.,0.));
#2330=DIRECTION('',(0.,0.,1.));
#2331=DIRECTION('',(1.,0.,0.));
#2332=DIRECTION('',(0.,0.,1.));
#2333=DIRECTION('',(1.,0.,0.));
#2334=DIRECTION('',(0.,0.,1.));
#2335=DIRECTION('',(1.,0.,0.));
#2336=DIRECTION('',(0.,0.,-1.));
#2337=DIRECTION('',(-1.,0.,0.));
#2338=DIRECTION('',(0.,0.,-1.));
#2339=DIRECTION('',(-1.,0.,0.));
#2340=DIRECTION('',(0.,0.,-1.));
#2341=DIRECTION('',(-1.,0.,0.));
#2342=DIRECTION('',(0.,0.,-1.));
#2343=DIRECTION('',(-1.,0.,0.));
#2344=DIRECTION('',(0.,0.,-1.));
#2345=DIRECTION('',(-1.,0.,0.));
#2346=DIRECTION('',(0.,0.,1.));
#2347=DIRECTION('',(1.,0.,0.));
#2348=DIRECTION('',(0.,0.,-1.));
#2349=DIRECTION('',(-1.,0.,0.));
#2350=DIRECTION('',(0.,0.,-1.));
#2351=DIRECTION('',(1.,0.,0.));
#2352=DIRECTION('',(0.,0.,-1.));
#2353=DIRECTION('',(-1.,0.,0.));
#2354=DIRECTION('',(0.,0.,-1.));
#2355=DIRECTION('',(-1.,0.,0.));
#2356=DIRECTION('',(0.,0.,-1.));
#2357=DIRECTION('',(-1.,0.,0.));
#2358=DIRECTION('',(0.,0.,-1.));
#2359=DIRECTION('',(1.,0.,0.));
#2360=DIRECTION('',(0.,0.,1.));
#2361=DIRECTION('',(1.,0.,0.));
#2362=DIRECTION('',(0.,0.,1.));
#2363=DIRECTION('',(1.,0.,0.));
#2364=DIRECTION('',(0.,0.,1.));
#2365=DIRECTION('',(1.,0.,0.));
#2366=DIRECTION('',(0.,0.,-1.));
#2367=DIRECTION('',(-1.,0.,0.));
#2368=DIRECTION('',(0.,0.,1.));
#2369=DIRECTION('',(1.,0.,0.));
#2370=DIRECTION('',(0.,0.,-1.));
#2371=DIRECTION('',(1.,1.22464679914735E-16,0.));
#2372=DIRECTION('',(0.,0.,-1.));
#2373=DIRECTION('',(-1.,0.,0.));
#2374=DIRECTION('',(0.,0.,-1.));
#2375=DIRECTION('',(-1.,0.,0.));
#2376=DIRECTION('',(0.,0.,1.));
#2377=DIRECTION('',(1.,0.,0.));
#2378=DIRECTION('',(0.,0.,1.));
#2379=DIRECTION('',(-1.,1.22464679914735E-16,0.));
#2380=DIRECTION('',(0.,0.,1.));
#2381=DIRECTION('',(1.,0.,0.));
#2382=DIRECTION('',(0.,0.,-1.));
#2383=DIRECTION('',(-1.,0.,0.));
#2384=DIRECTION('',(0.,0.,1.));
#2385=DIRECTION('',(1.,0.,0.));
#2386=DIRECTION('',(0.,0.,1.));
#2387=DIRECTION('',(6.12323399573677E-17,1.,0.));
#2388=DIRECTION('',(0.,0.,1.));
#2389=DIRECTION('',(1.,0.,0.));
#2390=DIRECTION('',(0.,0.,-1.));
#2391=DIRECTION('',(-1.,0.,0.));
#2392=DIRECTION('',(0.,0.,1.));
#2393=DIRECTION('',(1.,0.,0.));
#2394=DIRECTION('',(0.,0.,1.));
#2395=DIRECTION('',(-1.83697019872103E-16,-1.,0.));
#2396=DIRECTION('',(0.,0.,1.));
#2397=DIRECTION('',(1.,0.,0.));
#2398=DIRECTION('',(0.,0.,-1.));
#2399=DIRECTION('',(-1.,0.,0.));
#2400=DIRECTION('',(0.,0.,-1.));
#2401=DIRECTION('',(-1.,0.,0.));
#2402=DIRECTION('',(0.,0.,-1.));
#2403=DIRECTION('',(-1.,0.,0.));
#2404=DIRECTION('',(0.,0.,-1.));
#2405=DIRECTION('',(-1.,0.,0.));
#2406=DIRECTION('',(-1.,0.,0.));
#2407=DIRECTION('',(0.,0.,1.));
#2408=DIRECTION('',(0.,-1.,0.));
#2409=DIRECTION('',(0.,0.,-1.));
#2410=DIRECTION('',(0.,1.,0.));
#2411=DIRECTION('',(0.,0.,1.));
#2412=DIRECTION('',(1.,0.,0.));
#2413=DIRECTION('',(0.,0.,-1.));
#2414=DIRECTION('',(0.,1.,0.));
#2415=DIRECTION('',(0.,0.,-1.));
#2416=DIRECTION('',(0.,1.,0.));
#2417=DIRECTION('',(0.,0.,1.));
#2418=DIRECTION('',(0.,0.,-1.));
#2419=DIRECTION('',(-1.,0.,0.));
#2420=DIRECTION('',(0.,0.,-1.));
#2421=DIRECTION('',(-1.,0.,0.));
#2422=DIRECTION('',(-1.,0.,0.));
#2423=DIRECTION('',(-0.951056516295154,-0.309016994374945,0.));
#2424=DIRECTION('',(0.309016994374945,-0.951056516295155,0.));
#2425=DIRECTION('',(0.,0.,1.));
#2426=DIRECTION('',(-0.309016994374945,0.951056516295155,0.));
#2427=DIRECTION('',(0.309016994374945,-0.951056516295155,0.));
#2428=DIRECTION('',(0.,0.,1.));
#2429=DIRECTION('',(1.,0.,0.));
#2430=DIRECTION('',(0.,0.,1.));
#2431=DIRECTION('',(0.,0.,-1.));
#2432=DIRECTION('',(-1.,0.,0.));
#2433=DIRECTION('',(0.,0.,1.));
#2434=DIRECTION('',(0.,0.,-1.));
#2435=DIRECTION('',(-1.,0.,0.));
#2436=DIRECTION('',(0.970295726273016,-0.241921895611622,0.));
#2437=DIRECTION('',(0.241921895611622,0.970295726273016,0.));
#2438=DIRECTION('',(0.,0.,1.));
#2439=DIRECTION('',(-0.241921895611622,-0.970295726273016,0.));
#2440=DIRECTION('',(0.,0.,1.));
#2441=DIRECTION('',(0.241921895611622,0.970295726273016,0.));
#2442=DIRECTION('',(0.,0.,1.));
#2443=DIRECTION('',(1.,0.,0.));
#2444=DIRECTION('',(0.,0.,1.));
#2445=DIRECTION('',(0.,0.,-1.));
#2446=DIRECTION('',(-1.,0.,0.));
#2447=DIRECTION('',(0.,0.,1.));
#2448=DIRECTION('',(0.,0.,-1.));
#2449=DIRECTION('',(-1.,0.,0.));
#2450=DIRECTION('',(0.,0.,-1.));
#2451=DIRECTION('',(-1.,0.,0.));
#2452=DIRECTION('',(0.,0.,-1.));
#2453=DIRECTION('',(-1.,0.,0.));
#2454=DIRECTION('',(0.,0.,-1.));
#2455=DIRECTION('',(-1.,0.,0.));
#2456=DIRECTION('',(0.309016994374945,-0.951056516295155,0.));
#2457=DIRECTION('',(0.,0.,-1.));
#2458=DIRECTION('',(-1.,0.,0.));
#2459=DIRECTION('',(0.,0.,-1.));
#2460=DIRECTION('',(-1.,0.,0.));
#2461=DIRECTION('',(0.,0.,-1.));
#2462=DIRECTION('',(-1.,0.,0.));
#2463=DIRECTION('',(0.241921895611622,0.970295726273016,0.));
#2464=DIRECTION('',(0.,0.,-1.));
#2465=DIRECTION('',(-1.,0.,0.));
#2466=DIRECTION('',(0.,0.,-1.));
#2467=DIRECTION('',(-1.,0.,0.));
#2468=DIRECTION('',(0.,0.,-1.));
#2469=DIRECTION('',(-1.,0.,0.));
#2470=DIRECTION('',(0.,0.,-1.));
#2471=DIRECTION('',(-1.,0.,0.));
#2472=DIRECTION('',(0.,0.,-1.));
#2473=DIRECTION('',(-1.,0.,0.));
#2474=DIRECTION('',(-0.241921895611622,-0.970295726273016,0.));
#2475=DIRECTION('',(0.,0.,-1.));
#2476=DIRECTION('',(-1.,0.,0.));
#2477=DIRECTION('',(0.,0.,-1.));
#2478=DIRECTION('',(-1.,0.,0.));
#2479=DIRECTION('',(0.,0.,-1.));
#2480=DIRECTION('',(-1.,0.,0.));
#2481=DIRECTION('',(-0.309016994374945,0.951056516295155,0.));
#2482=DIRECTION('',(-0.951056516295155,0.309016994374945,0.));
#2483=DIRECTION('',(-0.309016994374945,-0.951056516295155,0.));
#2484=DIRECTION('',(-0.309016994374945,-0.951056516295155,0.));
#2485=DIRECTION('',(0.,0.,1.));
#2486=DIRECTION('',(0.309016994374945,0.951056516295155,0.));
#2487=DIRECTION('',(0.,0.,1.));
#2488=DIRECTION('',(1.,0.,0.));
#2489=DIRECTION('',(0.,0.,1.));
#2490=DIRECTION('',(0.,0.,-1.));
#2491=DIRECTION('',(-1.,0.,0.));
#2492=DIRECTION('',(0.,0.,1.));
#2493=DIRECTION('',(0.,0.,-1.));
#2494=DIRECTION('',(-1.,0.,0.));
#2495=DIRECTION('',(0.97029572627302,0.241921895611608,0.));
#2496=DIRECTION('',(-0.241921895611608,0.97029572627302,0.));
#2497=DIRECTION('',(0.,0.,1.));
#2498=DIRECTION('',(-0.241921895611608,0.97029572627302,0.));
#2499=DIRECTION('',(0.,0.,1.));
#2500=DIRECTION('',(0.241921895611608,-0.97029572627302,0.));
#2501=DIRECTION('',(0.,0.,1.));
#2502=DIRECTION('',(1.,0.,0.));
#2503=DIRECTION('',(0.,0.,1.));
#2504=DIRECTION('',(0.,0.,-1.));
#2505=DIRECTION('',(-1.,0.,0.));
#2506=DIRECTION('',(0.,0.,1.));
#2507=DIRECTION('',(0.,0.,-1.));
#2508=DIRECTION('',(-1.,0.,0.));
#2509=DIRECTION('',(0.,0.,-1.));
#2510=DIRECTION('',(-1.,0.,0.));
#2511=DIRECTION('',(0.,0.,-1.));
#2512=DIRECTION('',(-1.,0.,0.));
#2513=DIRECTION('',(0.,0.,-1.));
#2514=DIRECTION('',(-1.,0.,0.));
#2515=DIRECTION('',(0.,0.,-1.));
#2516=DIRECTION('',(-1.,0.,0.));
#2517=DIRECTION('',(0.241921895611608,-0.97029572627302,0.));
#2518=DIRECTION('',(0.,0.,-1.));
#2519=DIRECTION('',(-1.,0.,0.));
#2520=DIRECTION('',(0.,0.,-1.));
#2521=DIRECTION('',(-1.,0.,0.));
#2522=DIRECTION('',(0.,0.,-1.));
#2523=DIRECTION('',(-1.,0.,0.));
#2524=DIRECTION('',(0.309016994374945,0.951056516295155,0.));
#2525=DIRECTION('',(0.,0.,-1.));
#2526=DIRECTION('',(-1.,0.,0.));
#2527=DIRECTION('',(0.,0.,-1.));
#2528=DIRECTION('',(-1.,0.,0.));
#2529=DIRECTION('',(0.,0.,-1.));
#2530=DIRECTION('',(-1.,0.,0.));
#2531=DIRECTION('',(-0.309016994374945,-0.951056516295155,0.));
#2532=DIRECTION('',(0.,0.,-1.));
#2533=DIRECTION('',(-1.,0.,0.));
#2534=DIRECTION('',(0.,0.,-1.));
#2535=DIRECTION('',(-1.,0.,0.));
#2536=DIRECTION('',(0.,0.,-1.));
#2537=DIRECTION('',(-1.,0.,0.));
#2538=DIRECTION('',(-0.241921895611608,0.97029572627302,0.));
#2539=DIRECTION('',(0.,0.,-1.));
#2540=DIRECTION('',(-1.,0.,0.));
#2541=DIRECTION('',(0.,0.,-1.));
#2542=DIRECTION('',(-1.,0.,0.));
#2543=DIRECTION('',(0.,0.,-1.));
#2544=DIRECTION('',(-1.,0.,0.));
#2545=DIRECTION('',(0.,0.,-1.));
#2546=DIRECTION('',(-1.,0.,0.));
#2547=DIRECTION('',(0.,0.,-1.));
#2548=DIRECTION('',(1.,1.22464679914735E-16,0.));
#2549=DIRECTION('',(-0.399312269427735,-0.916814982144419,0.));
#2550=DIRECTION('',(0.,0.,-1.));
#2551=DIRECTION('',(-1.,0.,0.));
#2552=DIRECTION('',(-0.399312269427735,0.916814982144419,0.));
#2553=DIRECTION('',(0.,0.,-1.));
#2554=DIRECTION('',(-1.,0.,0.));
#2555=DIRECTION('',(0.,0.,1.));
#2556=DIRECTION('',(1.,0.,0.));
#2557=DIRECTION('',(0.,0.,-1.));
#2558=DIRECTION('',(-1.,0.,0.));
#2559=DIRECTION('',(0.,0.,1.));
#2560=DIRECTION('',(1.,0.,0.));
#2561=DIRECTION('',(0.,0.,1.));
#2562=DIRECTION('',(1.,0.,0.));
#2563=DIRECTION('',(0.,0.,-1.));
#2564=DIRECTION('',(-1.,0.,0.));
#2565=DIRECTION('',(0.,0.,1.));
#2566=DIRECTION('',(1.,0.,0.));
#2567=DIRECTION('',(0.,0.,1.));
#2568=DIRECTION('',(1.,0.,0.));
#2569=DIRECTION('',(0.,0.,-1.));
#2570=DIRECTION('',(-1.,0.,0.));
#2571=DIRECTION('',(0.,0.,-1.));
#2572=DIRECTION('',(-1.,0.,0.));
#2573=DIRECTION('',(0.,0.,-1.));
#2574=DIRECTION('',(-1.,0.,0.));
#2575=DIRECTION('',(0.,0.,1.));
#2576=DIRECTION('',(1.,0.,0.));
#2577=DIRECTION('',(0.,0.,-1.));
#2578=DIRECTION('',(-1.,0.,0.));
#2579=DIRECTION('',(-0.916814982144419,-0.399312269427735,0.));
#2580=DIRECTION('',(0.,0.,1.));
#2581=DIRECTION('',(0.399312269427735,-0.916814982144419,1.24706776975002E-15));
#2582=DIRECTION('',(0.707106781186546,0.,0.707106781186549));
#2583=DIRECTION('',(0.,1.,0.));
#2584=DIRECTION('',(0.577350269189626,0.577350269189628,-0.577350269189623));
#2585=DIRECTION('',(0.656728674277331,-0.370695153412992,-0.656728674277328));
#2586=DIRECTION('',(0.647710756160311,-0.761886327711843,0.));
#2587=DIRECTION('',(0.,0.,-1.));
#2588=DIRECTION('',(0.761886327711843,0.647710756160311,-2.50958648212205E-16));
#2589=DIRECTION('',(0.754111150882974,0.328447768551418,0.568716480724404));
#2590=DIRECTION('',(0.602120860596904,0.,-0.798404953162269));
#2591=DIRECTION('',(-0.175877887402505,-0.733331041961795,0.656728674277331));
#2592=DIRECTION('',(-0.707106781186544,0.,-0.707106781186551));
#2593=DIRECTION('',(0.,1.,0.));
#2594=DIRECTION('',(-0.707106781186551,-6.02957688649261E-15,0.707106781186544));
#2595=DIRECTION('',(0.70166084445441,-0.123871379741488,-0.701660844454402));
#2596=DIRECTION('',(0.,0.707106781186544,0.707106781186551));
#2597=DIRECTION('',(-1.,0.,0.));
#2598=DIRECTION('',(-3.14513285691728E-15,-0.707106781186551,0.707106781186544));
#2599=DIRECTION('',(0.481610020643584,0.517737180445529,0.707106781186548));
#2600=DIRECTION('',(-0.732190942330873,0.681099422968943,0.));
#2601=DIRECTION('',(0.67578403220254,0.29433294696416,-0.675784032181487));
#2602=DIRECTION('',(0.510173086602307,-0.600104129431261,0.61611561865142));
#2603=DIRECTION('',(0.,-0.716353741324589,-0.697737283861386));
#2604=DIRECTION('',(0.,0.,-1.));
#2605=DIRECTION('',(-1.,0.,0.));
#2606=DIRECTION('',(0.577350269189621,0.577350269189624,0.577350269189632));
#2607=DIRECTION('',(0.,-0.707106781186552,0.707106781186543));
#2608=DIRECTION('',(-0.70710678118655,0.707106781186545,6.40987562127841E-17));
#2609=DIRECTION('',(-0.916847577593898,-0.399237422419543,0.));
#2610=DIRECTION('',(0.,0.,-1.));
#2611=DIRECTION('',(0.399237422419543,-0.916847577593898,1.84315253677371E-15));
#2612=DIRECTION('',(0.707106781186545,-5.05677502256751E-11,0.70710678118655));
#2613=DIRECTION('',(7.15135981878451E-11,1.,0.));
#2614=DIRECTION('',(0.655770120899717,-0.374073651885911,-0.655770120926464));
#2615=DIRECTION('',(0.,0.,-1.));
#2616=DIRECTION('',(-1.,0.,0.));
#2617=DIRECTION('',(0.647710756160327,0.76188632771183,0.));
#2618=DIRECTION('',(0.,0.,-1.));
#2619=DIRECTION('',(-0.76188632771183,0.647710756160327,0.));
#2620=DIRECTION('',(0.707106781186545,0.70710678118655,0.));
#2621=DIRECTION('',(0.,0.,-1.));
#2622=DIRECTION('',(0.577350269189628,-0.577350269189625,0.577350269189625));
#2623=DIRECTION('',(0.,0.,-1.));
#2624=DIRECTION('',(-1.,0.,0.));
#2625=DIRECTION('',(0.754953332449274,0.3287412541189,0.567428104400962));
#2626=DIRECTION('',(0.600821761544958,0.,-0.799383018867685));
#2627=DIRECTION('',(-0.510173086602317,-0.600104129431248,0.616115618651426));
#2628=DIRECTION('',(0.,-0.7163537413246,-0.697737283861375));
#2629=DIRECTION('',(0.701660844454408,0.123871379741488,0.701660844454404));
#2630=DIRECTION('',(0.,0.707106781186548,0.707106781186548));
#2631=DIRECTION('',(1.,0.,0.));
#2632=DIRECTION('',(0.577350269189628,0.577350269189625,-0.577350269189625));
#2633=DIRECTION('',(0.916847577593899,-0.399237422419543,0.));
#2634=DIRECTION('',(0.,0.,-1.));
#2635=DIRECTION('',(0.399237422419543,0.916847577593898,-1.6935549968297E-15));
#2636=DIRECTION('',(0.,0.,1.));
#2637=DIRECTION('',(1.,0.,0.));
#2638=DIRECTION('',(0.707106781186545,0.,-0.70710678118655));
#2639=DIRECTION('',(0.,1.,0.));
#2640=DIRECTION('',(-0.70710678118655,6.05733246210823E-15,-0.707106781186545));
#2641=DIRECTION('',(-0.707106781186545,0.70710678118655,0.));
#2642=DIRECTION('',(0.,0.,1.));
#2643=DIRECTION('',(-0.70710678118655,-0.707106781186545,-9.18543318284134E-17));
#2644=DIRECTION('',(-0.754953332449275,0.3287412541189,0.56742810440096));
#2645=DIRECTION('',(0.600821761544956,0.,0.799383018867687));
#2646=DIRECTION('',(0.655770120899715,0.374073651885915,0.655770120926463));
#2647=DIRECTION('',(-0.577350269189622,0.577350269189625,0.57735026918963));
#2648=DIRECTION('',(0.,-0.707106781186551,0.707106781186545));
#2649=DIRECTION('',(2.77555756156289E-17,0.707106781186551,-0.707106781186544));
#2650=DIRECTION('',(-0.707106781186546,-5.05672169062257E-11,0.707106781186549));
#2651=DIRECTION('',(7.15128439602466E-11,-1.,0.));
#2652=DIRECTION('',(-0.675784032202537,0.294332946964169,-0.675784032181486));
#2653=DIRECTION('',(0.,0.707106781186544,0.707106781186551));
#2654=DIRECTION('',(-1.,0.,0.));
#2655=DIRECTION('',(-0.577350269189627,0.577350269189627,-0.577350269189622));
#2656=DIRECTION('',(-0.481610020643582,0.517737180445527,0.707106781186551));
#2657=DIRECTION('',(-0.732190942330873,-0.681099422968943,0.));
#2658=DIRECTION('',(-0.175877887402507,0.733331041961797,-0.656728674277328));
#2659=DIRECTION('',(-0.707106781186544,0.,0.707106781186551));
#2660=DIRECTION('',(0.,-1.,0.));
#2661=DIRECTION('',(0.656728674277334,0.370695153412989,0.656728674277328));
#2662=DIRECTION('',(-0.754111150882972,0.328447768551416,0.568716480724407));
#2663=DIRECTION('',(0.602120860596907,0.,0.798404953162266));
#2664=DIRECTION('',(0.399312269427735,0.916814982144419,0.));
#2665=DIRECTION('',(0.916814982144419,-0.399312269427735,0.));
#2666=DIRECTION('',(0.,0.,1.));
#2667=DIRECTION('',(0.,0.,1.));
#2668=DIRECTION('',(1.,0.,0.));
#2669=DIRECTION('',(0.,0.,-1.));
#2670=DIRECTION('',(-1.,0.,0.));
#2671=DIRECTION('',(0.,0.,-1.));
#2672=DIRECTION('',(-1.,0.,0.));
#2673=DIRECTION('',(0.,0.,1.));
#2674=DIRECTION('',(1.,0.,0.));
#2675=DIRECTION('',(0.,0.,-1.));
#2676=DIRECTION('',(-1.,0.,0.));
#2677=DIRECTION('',(0.,0.,-1.));
#2678=DIRECTION('',(-1.,0.,0.));
#2679=DIRECTION('',(0.,0.,1.));
#2680=DIRECTION('',(1.,0.,0.));
#2681=DIRECTION('',(0.,0.,-1.));
#2682=DIRECTION('',(-1.,0.,0.));
#2683=DIRECTION('',(0.,0.,-1.));
#2684=DIRECTION('',(-1.,0.,0.));
#2685=DIRECTION('',(0.,0.,1.));
#2686=DIRECTION('',(1.,0.,0.));
#2687=DIRECTION('',(0.,0.,-1.));
#2688=DIRECTION('',(-1.,0.,0.));
#2689=DIRECTION('',(0.,0.,-1.));
#2690=DIRECTION('',(-1.,0.,0.));
#2691=DIRECTION('',(0.,0.,1.));
#2692=DIRECTION('',(1.,0.,0.));
#2693=DIRECTION('',(0.,0.,-1.));
#2694=DIRECTION('',(-1.,0.,0.));
#2695=DIRECTION('',(0.,0.,-1.));
#2696=DIRECTION('',(-1.,0.,0.));
#2697=DIRECTION('',(0.,0.,-1.));
#2698=DIRECTION('',(-1.,0.,0.));
#2699=DIRECTION('',(0.,0.,-1.));
#2700=DIRECTION('',(-1.,0.,0.));
#2701=DIRECTION('',(0.,0.,-1.));
#2702=DIRECTION('',(-1.,0.,0.));
#2703=DIRECTION('',(0.,0.,1.));
#2704=DIRECTION('',(1.,0.,0.));
#2705=DIRECTION('',(0.,0.,-1.));
#2706=DIRECTION('',(-1.,0.,0.));
#2707=DIRECTION('',(0.,0.,-1.));
#2708=DIRECTION('',(-1.,0.,0.));
#2709=DIRECTION('',(0.,0.,1.));
#2710=DIRECTION('',(1.,0.,0.));
#2711=DIRECTION('',(0.,0.,-1.));
#2712=DIRECTION('',(-1.,0.,0.));
#2713=DIRECTION('',(0.,0.,-1.));
#2714=DIRECTION('',(-1.,0.,0.));
#2715=DIRECTION('',(0.672498511963959,-0.218508012224409,0.707106781186546));
#2716=DIRECTION('',(-0.309016994374945,-0.951056516295155,0.));
#2717=DIRECTION('',(0.672498511963955,-0.218508012224411,-0.70710678118655));
#2718=DIRECTION('',(0.,0.,1.));
#2719=DIRECTION('',(1.,0.,0.));
#2720=DIRECTION('',(0.16846810174725,0.686744857056591,-0.707106781186548));
#2721=DIRECTION('',(0.,0.,1.));
#2722=DIRECTION('',(1.,0.,0.));
#2723=DIRECTION('',(-0.14662714118742,0.691737292233982,-0.70710678118655));
#2724=DIRECTION('',(0.,0.,1.));
#2725=DIRECTION('',(1.,0.,0.));
#2726=DIRECTION('',(-0.686102687803977,-0.171064612904474,-0.707106781186548));
#2727=DIRECTION('',(-0.686102687803978,-0.171064612904472,0.707106781186547));
#2728=DIRECTION('',(-0.241921895611608,0.97029572627302,0.));
#2729=DIRECTION('',(-0.686102687803978,-0.171064612904474,-0.707106781186547));
#2730=DIRECTION('',(0.,0.,1.));
#2731=DIRECTION('',(1.,0.,0.));
#2732=DIRECTION('',(0.145724601095758,-0.691927988041734,-0.707106781186548));
#2733=DIRECTION('',(0.,0.,-1.));
#2734=DIRECTION('',(-1.,0.,0.));
#2735=DIRECTION('',(-0.143703574642855,-0.69235054895253,-0.707106781186545));
#2736=DIRECTION('',(0.,0.,-1.));
#2737=DIRECTION('',(-1.,0.,0.));
#2738=DIRECTION('',(-0.672498511963959,0.218508012224409,0.707106781186546));
#2739=DIRECTION('',(0.309016994374945,0.951056516295155,0.));
#2740=DIRECTION('',(-0.672498511963955,0.218508012224411,-0.70710678118655));
#2741=DIRECTION('',(0.,0.,-1.));
#2742=DIRECTION('',(-1.,0.,0.));
#2743=DIRECTION('',(-0.16846810174725,-0.686744857056591,-0.707106781186548));
#2744=DIRECTION('',(0.,0.,-1.));
#2745=DIRECTION('',(-1.,0.,0.));
#2746=DIRECTION('',(0.146627141187419,-0.691737292233982,-0.70710678118655));
#2747=DIRECTION('',(0.,0.,-1.));
#2748=DIRECTION('',(-1.,0.,0.));
#2749=DIRECTION('',(0.686102687803976,0.171064612904475,-0.707106781186549));
#2750=DIRECTION('',(0.686102687803978,0.171064612904472,0.707106781186547));
#2751=DIRECTION('',(0.241921895611608,-0.97029572627302,0.));
#2752=DIRECTION('',(0.686102687803978,0.171064612904474,-0.707106781186547));
#2753=DIRECTION('',(0.,0.,-1.));
#2754=DIRECTION('',(-1.,0.,0.));
#2755=DIRECTION('',(-0.145724601095758,0.691927988041734,-0.707106781186548));
#2756=DIRECTION('',(0.,0.,1.));
#2757=DIRECTION('',(1.,0.,0.));
#2758=DIRECTION('',(0.143703574642854,0.692350548952527,-0.707106781186548));
#2759=DIRECTION('',(0.,0.,1.));
#2760=DIRECTION('',(1.,0.,0.));
#2761=DIRECTION('',(0.672498511963957,0.218508012224409,-0.707106781186548));
#2762=DIRECTION('',(-0.309016994374945,0.951056516295155,0.));
#2763=DIRECTION('',(0.672498511963957,0.21850801222441,0.707106781186548));
#2764=DIRECTION('',(0.,0.,1.));
#2765=DIRECTION('',(1.,0.,0.));
#2766=DIRECTION('',(0.16846810174725,-0.686744857056591,0.707106781186548));
#2767=DIRECTION('',(0.,0.,1.));
#2768=DIRECTION('',(1.,0.,0.));
#2769=DIRECTION('',(-0.146627141187421,-0.691737292233985,0.707106781186547));
#2770=DIRECTION('',(0.,0.,1.));
#2771=DIRECTION('',(1.,0.,0.));
#2772=DIRECTION('',(-0.686102687803975,0.171064612904481,0.707106781186548));
#2773=DIRECTION('',(-0.686102687803977,0.171064612904483,-0.707106781186546));
#2774=DIRECTION('',(-0.241921895611622,-0.970295726273016,0.));
#2775=DIRECTION('',(-0.686102687803974,0.171064612904481,0.707106781186549));
#2776=DIRECTION('',(0.,0.,1.));
#2777=DIRECTION('',(1.,0.,0.));
#2778=DIRECTION('',(0.145724601095758,0.691927988041734,0.707106781186548));
#2779=DIRECTION('',(0.,0.,-1.));
#2780=DIRECTION('',(-1.,0.,0.));
#2781=DIRECTION('',(-0.143703574642854,0.692350548952527,0.707106781186548));
#2782=DIRECTION('',(0.,0.,-1.));
#2783=DIRECTION('',(-1.,0.,0.));
#2784=DIRECTION('',(-0.672498511963954,-0.218508012224408,-0.707106781186551));
#2785=DIRECTION('',(0.309016994374945,-0.951056516295155,0.));
#2786=DIRECTION('',(-0.67249851196396,-0.218508012224411,0.707106781186545));
#2787=DIRECTION('',(0.,0.,-1.));
#2788=DIRECTION('',(-1.,0.,0.));
#2789=DIRECTION('',(-0.168468101747251,0.686744857056594,0.707106781186545));
#2790=DIRECTION('',(0.,0.,-1.));
#2791=DIRECTION('',(-1.,0.,0.));
#2792=DIRECTION('',(0.146627141187422,0.691737292233988,0.707106781186543));
#2793=DIRECTION('',(0.,0.,-1.));
#2794=DIRECTION('',(-1.,0.,0.));
#2795=DIRECTION('',(0.686102687803978,-0.171064612904481,0.707106781186545));
#2796=DIRECTION('',(0.686102687803974,-0.171064612904482,-0.707106781186549));
#2797=DIRECTION('',(0.241921895611622,0.970295726273016,0.));
#2798=DIRECTION('',(0.686102687803977,-0.171064612904482,0.707106781186546));
#2799=DIRECTION('',(0.,0.,-1.));
#2800=DIRECTION('',(-1.,0.,0.));
#2801=DIRECTION('',(-0.145724601095758,-0.691927988041737,0.707106781186545));
#2802=DIRECTION('',(0.,0.,1.));
#2803=DIRECTION('',(1.,0.,0.));
#2804=DIRECTION('',(0.143703574642854,-0.69235054895253,0.707106781186545));
#2805=DIRECTION('',(0.,0.,1.));
#2806=DIRECTION('',(1.,0.,0.));
#2807=DIRECTION('',(0.,0.,-1.));
#2808=DIRECTION('',(-1.,0.,0.));
#2809=DIRECTION('',(0.,0.,1.));
#2810=DIRECTION('',(1.,0.,0.));
#2811=DIRECTION('',(0.,1.,0.));
#2812=DIRECTION('',(-1.,0.,0.));
#2813=DIRECTION('',(0.,0.,1.));
#2814=DIRECTION('',(1.,0.,0.));
#2815=DIRECTION('',(-1.,0.,0.));
#2816=DIRECTION('',(0.,-1.,0.));
#2817=DIRECTION('',(0.,0.,1.));
#2818=DIRECTION('',(1.,0.,0.));
#2819=DIRECTION('',(0.,-1.,0.));
#2820=DIRECTION('',(1.,0.,0.));
#2821=DIRECTION('',(0.,0.,1.));
#2822=DIRECTION('',(1.,0.,0.));
#2823=DIRECTION('',(0.,0.,1.));
#2824=DIRECTION('',(-1.,0.,0.));
#2825=DIRECTION('',(0.,0.,1.));
#2826=DIRECTION('',(1.,0.,0.));
#2827=DIRECTION('',(1.,0.,0.));
#2828=DIRECTION('',(0.,1.,0.));
#2829=DIRECTION('',(0.,0.,1.));
#2830=DIRECTION('',(1.,0.,0.));
#2831=DIRECTION('',(-0.577350269189626,0.577350269189626,-0.577350269189626));
#2832=DIRECTION('',(-0.707106781186548,-0.707106781186547,1.11022302462516E-16));
#2833=DIRECTION('',(0.,0.,1.));
#2834=DIRECTION('',(1.,0.,0.));
#2835=DIRECTION('',(-0.718873086818576,0.585048618558824,-0.375419230954334));
#2836=DIRECTION('',(-0.631219061219441,-0.775604600781382,-1.39509964136586E-8));
#2837=DIRECTION('',(0.,0.,1.));
#2838=DIRECTION('',(1.,0.,0.));
#2839=CARTESIAN_POINT('',(0.,0.,0.));
#2840=CARTESIAN_POINT('',(0.,0.,0.));
#2841=CARTESIAN_POINT('',(0.,0.,39.6));
#2842=CARTESIAN_POINT('',(9.67330924658688,-10.3955321277892,39.6));
#2843=CARTESIAN_POINT('',(-9.67330924658688,-10.3955321277892,39.6));
#2844=CARTESIAN_POINT('',(-9.67330924658688,-10.3955321277892,0.));
#2845=CARTESIAN_POINT('',(-9.67330924658688,-10.3955321277892,11.4));
#2846=CARTESIAN_POINT('',(0.,0.,11.4));
#2847=CARTESIAN_POINT('',(9.67330924658688,-10.3955321277892,11.4));
#2848=CARTESIAN_POINT('',(9.67330924658688,-10.3955321277892,0.));
#2849=CARTESIAN_POINT('',(-9.3804773556627,-10.66051802587,46.2));
#2850=CARTESIAN_POINT('',(-9.38047735569184,-11.0680197122001,40.));
#2851=CARTESIAN_POINT('',(-9.38047735569184,-11.0680197122001,11.0915743178348));
#2852=CARTESIAN_POINT('',(-9.38047735569184,-11.0680197122001,39.6));
#2853=CARTESIAN_POINT('',(-9.38047735582719,-12.9605180257253,39.6));
#2854=CARTESIAN_POINT('',(-9.38047735582719,-12.9605180257253,39.6));
#2855=CARTESIAN_POINT('',(-9.38047735582719,-12.9605180257253,46.2));
#2856=CARTESIAN_POINT('',(-9.38047735582719,-12.9605180257253,11.));
#2857=CARTESIAN_POINT('',(-9.3804773556627,-10.66051802587,11.));
#2858=CARTESIAN_POINT('',(-9.38047735570041,-11.1877899772768,11.));
#2859=CARTESIAN_POINT('',(-9.38047735556792,-11.1877899772768,11.));
#2860=CARTESIAN_POINT('',(-9.38047735556506,-11.1478993519329,11.0305676670324));
#2861=CARTESIAN_POINT('',(-9.3804773556947,-11.1079761917013,11.0610927816091));
#2862=CARTESIAN_POINT('',(-9.38047735569184,-11.0680197122001,11.0915743178348));
#2863=CARTESIAN_POINT('',(-9.38047735582719,-12.9605180257253,46.2));
#2864=CARTESIAN_POINT('',(-7.55,-14.6632665831476,39.6));
#2865=CARTESIAN_POINT('',(-7.84287637693235,-14.3908268139601,39.6));
#2866=CARTESIAN_POINT('',(-7.84287637693235,-14.3908268139601,46.2));
#2867=CARTESIAN_POINT('',(-7.84287637693235,-14.3908268139601,11.));
#2868=CARTESIAN_POINT('',(-9.38047735582719,-12.9605180257253,11.));
#2869=CARTESIAN_POINT('',(-7.55,-14.6632665831476,46.2));
#2870=CARTESIAN_POINT('',(-7.55,-15.0632665831476,46.2));
#2871=CARTESIAN_POINT('',(-7.55,-15.0632665831476,11.));
#2872=CARTESIAN_POINT('',(-7.55,-15.0632665831476,39.6));
#2873=CARTESIAN_POINT('',(-7.55,-17.3,39.6));
#2874=CARTESIAN_POINT('',(-7.55,-17.3,39.6));
#2875=CARTESIAN_POINT('',(-7.55,-17.3,46.2));
#2876=CARTESIAN_POINT('',(-7.55,-17.3,11.));
#2877=CARTESIAN_POINT('',(-7.55,-14.6632665831476,11.));
#2878=CARTESIAN_POINT('',(-7.55,-17.3,46.2));
#2879=CARTESIAN_POINT('',(3.9,-17.3,40.));
#2880=CARTESIAN_POINT('',(3.9,-17.3,35.6));
#2881=CARTESIAN_POINT('',(3.9,-17.3,39.6));
#2882=CARTESIAN_POINT('',(7.55,-17.3,39.6));
#2883=CARTESIAN_POINT('',(7.55,-17.3,39.6));
#2884=CARTESIAN_POINT('',(7.55,-17.3,46.2));
#2885=CARTESIAN_POINT('',(7.55,-17.3,11.));
#2886=CARTESIAN_POINT('',(-7.55,-17.3,11.));
#2887=CARTESIAN_POINT('',(-3.5,-17.3,39.6));
#2888=CARTESIAN_POINT('',(-3.9,-17.3,39.6));
#2889=CARTESIAN_POINT('',(-3.9,-17.3,36.));
#2890=CARTESIAN_POINT('',(-3.9,-17.3,35.6));
#2891=CARTESIAN_POINT('',(3.5,-17.3,35.6));
#2892=CARTESIAN_POINT('',(7.55,-17.3,46.2));
#2893=CARTESIAN_POINT('',(7.55,-14.6632665831476,39.6));
#2894=CARTESIAN_POINT('',(7.55,-15.0632665831476,39.6));
#2895=CARTESIAN_POINT('',(7.55,-15.0632665831476,46.2));
#2896=CARTESIAN_POINT('',(7.55,-15.0632665831476,11.));
#2897=CARTESIAN_POINT('',(7.55,-17.3,11.));
#2898=CARTESIAN_POINT('',(7.55,-14.6632665831476,46.2));
#2899=CARTESIAN_POINT('',(7.55,-14.6632665831476,11.));
#2900=CARTESIAN_POINT('',(9.38047735582719,-12.9605180257253,11.));
#2901=CARTESIAN_POINT('',(7.84287637693235,-14.3908268139601,11.));
#2902=CARTESIAN_POINT('',(7.84287637693235,-14.3908268139601,46.2));
#2903=CARTESIAN_POINT('',(7.84287637693235,-14.3908268139601,39.6));
#2904=CARTESIAN_POINT('',(9.38047735582719,-12.9605180257253,39.6));
#2905=CARTESIAN_POINT('',(9.38047735582719,-12.9605180257253,39.6));
#2906=CARTESIAN_POINT('',(9.38047735582719,-12.9605180257253,46.2));
#2907=CARTESIAN_POINT('',(9.38047735582719,-12.9605180257253,46.2));
#2908=CARTESIAN_POINT('',(9.38047735569185,-11.0680197122001,11.));
#2909=CARTESIAN_POINT('',(9.38047735569185,-11.0680197122001,39.6));
#2910=CARTESIAN_POINT('',(9.38047735569185,-11.0680197122001,11.0915743178348));
#2911=CARTESIAN_POINT('',(9.38047735569185,-11.0680197122001,11.0915743178348));
#2912=CARTESIAN_POINT('',(9.3804773556947,-11.1079761916545,11.0610927816447));
#2913=CARTESIAN_POINT('',(9.38047735569756,-11.1478993517982,11.0305676670501));
#2914=CARTESIAN_POINT('',(9.38047735570041,-11.1877899770956,11.0000000000537));
#2915=CARTESIAN_POINT('',(9.38047735570041,-11.1877899770547,11.));
#2916=CARTESIAN_POINT('',(9.38047735582719,-12.9605180257253,11.));
#2917=CARTESIAN_POINT('',(9.38047735566271,-10.66051802587,39.6));
#2918=CARTESIAN_POINT('',(0.,0.,0.));
#2919=CARTESIAN_POINT('',(0.,0.,39.6));
#2920=CARTESIAN_POINT('',(-3.89478557554437,-23.8845273204334,39.6));
#2921=CARTESIAN_POINT('',(3.89478557554435,-23.8845273204334,39.6));
#2922=CARTESIAN_POINT('',(3.89478557554435,-23.8845273204334,0.));
#2923=CARTESIAN_POINT('',(3.89478557554435,-23.8845273204334,35.6));
#2924=CARTESIAN_POINT('',(0.,0.,35.6));
#2925=CARTESIAN_POINT('',(-3.89478557554437,-23.8845273204334,35.6));
#2926=CARTESIAN_POINT('',(-3.89478557554437,-23.8845273204334,0.));
#2927=CARTESIAN_POINT('',(0.,0.,25.));
#2928=CARTESIAN_POINT('',(-5.85417224027294,-23.481240754722,25.));
#2929=CARTESIAN_POINT('',(-7.09676704379021,-23.1360302888411,25.));
#2930=CARTESIAN_POINT('',(-5.85417224027294,-23.481240754722,25.));
#2931=CARTESIAN_POINT('',(-5.57548384692517,-23.5507213189335,24.794917831736));
#2932=CARTESIAN_POINT('',(-5.26791933924626,-23.6223763951344,24.6));
#2933=CARTESIAN_POINT('',(-4.91810657015833,-23.6949831771319,24.6));
#2934=CARTESIAN_POINT('',(-4.91810657015833,-23.6949831771319,24.6));
#2935=CARTESIAN_POINT('',(-4.91810657015833,-23.6949831771319,0.));
#2936=CARTESIAN_POINT('',(-4.91810657015833,-23.6949831771319,20.4));
#2937=CARTESIAN_POINT('',(-4.91810657015833,-23.6949831771319,20.4));
#2938=CARTESIAN_POINT('',(-5.26669497509161,-23.6226305229111,20.4));
#2939=CARTESIAN_POINT('',(-5.57546760070153,-23.5507253693238,20.205094123591));
#2940=CARTESIAN_POINT('',(-5.85417224027307,-23.481240754722,20.0000000000002));
#2941=CARTESIAN_POINT('',(-5.85417224027294,-23.481240754722,20.));
#2942=CARTESIAN_POINT('',(0.,0.,20.));
#2943=CARTESIAN_POINT('',(-7.0967670437902,-23.1360302888411,20.));
#2944=CARTESIAN_POINT('',(0.,0.,20.4));
#2945=CARTESIAN_POINT('',(-7.47821126386363,-23.015567694346,20.4));
#2946=CARTESIAN_POINT('',(-7.47821126386363,-23.015567694346,20.));
#2947=CARTESIAN_POINT('',(-7.47821126386363,-23.015567694346,24.6));
#2948=CARTESIAN_POINT('',(0.,0.,24.6));
#2949=CARTESIAN_POINT('',(0.,0.,18.));
#2950=CARTESIAN_POINT('',(-24.2,0.,18.));
#2951=CARTESIAN_POINT('',(0.,0.,29.));
#2952=CARTESIAN_POINT('',(5.85417224027295,-23.481240754722,29.));
#2953=CARTESIAN_POINT('',(7.0967670437902,-23.1360302888411,29.));
#2954=CARTESIAN_POINT('',(5.85417224027295,-23.481240754722,29.));
#2955=CARTESIAN_POINT('',(5.57548384692519,-23.5507213189335,29.205082168264));
#2956=CARTESIAN_POINT('',(5.26791933924627,-23.6223763951344,29.4));
#2957=CARTESIAN_POINT('',(4.91810657015835,-23.6949831771319,29.4));
#2958=CARTESIAN_POINT('',(4.91810657015835,-23.6949831771319,29.4));
#2959=CARTESIAN_POINT('',(4.91810657015835,-23.6949831771319,0.));
#2960=CARTESIAN_POINT('',(4.91810657015835,-23.6949831771319,33.6));
#2961=CARTESIAN_POINT('',(4.91810657015835,-23.6949831771319,33.6));
#2962=CARTESIAN_POINT('',(5.26669497509163,-23.6226305229111,33.6));
#2963=CARTESIAN_POINT('',(5.57546760070155,-23.5507253693238,33.794905876409));
#2964=CARTESIAN_POINT('',(5.85417224027309,-23.481240754722,33.9999999999998));
#2965=CARTESIAN_POINT('',(5.85417224027295,-23.481240754722,34.));
#2966=CARTESIAN_POINT('',(0.,0.,34.));
#2967=CARTESIAN_POINT('',(7.0967670437902,-23.1360302888411,34.));
#2968=CARTESIAN_POINT('',(0.,0.,33.6));
#2969=CARTESIAN_POINT('',(7.4782112638737,-23.0155676943428,33.6));
#2970=CARTESIAN_POINT('',(7.4782112638737,-23.0155676943428,29.));
#2971=CARTESIAN_POINT('',(7.4782112638737,-23.0155676943428,29.4));
#2972=CARTESIAN_POINT('',(0.,0.,29.4));
#2973=CARTESIAN_POINT('',(14.2,0.,40.));
#2974=CARTESIAN_POINT('',(7.82243976918758,-14.95614296008,40.));
#2975=CARTESIAN_POINT('',(9.78047735583964,-13.1347351915343,40.));
#2976=CARTESIAN_POINT('',(7.95,-14.8374837489683,40.));
#2977=CARTESIAN_POINT('',(7.95,-17.3,40.));
#2978=CARTESIAN_POINT('',(7.95,-17.7,40.));
#2979=CARTESIAN_POINT('',(3.5,-17.7,40.));
#2980=CARTESIAN_POINT('',(3.9,-17.7,40.));
#2981=CARTESIAN_POINT('',(3.9,0.,40.));
#2982=CARTESIAN_POINT('',(3.9,-23.4782878421745,40.));
#2983=CARTESIAN_POINT('',(0.,0.,40.));
#2984=CARTESIAN_POINT('',(-3.9,-23.4782878421745,40.));
#2985=CARTESIAN_POINT('',(-3.9,0.,40.));
#2986=CARTESIAN_POINT('',(-3.9,-17.7,40.));
#2987=CARTESIAN_POINT('',(-7.55,-17.7,40.));
#2988=CARTESIAN_POINT('',(-7.95,-17.7,40.));
#2989=CARTESIAN_POINT('',(-7.95,-14.6632665831476,40.));
#2990=CARTESIAN_POINT('',(-7.95,-14.8374837489683,40.));
#2991=CARTESIAN_POINT('',(-9.65291712501476,-13.2533944026576,40.));
#2992=CARTESIAN_POINT('',(-9.78047735583965,-13.1347351915343,40.));
#2993=CARTESIAN_POINT('',(-9.78047735566271,-10.6605180258414,40.));
#2994=CARTESIAN_POINT('',(-9.78047735567553,-10.83984606418,40.));
#2995=CARTESIAN_POINT('',(0.,0.,40.));
#2996=CARTESIAN_POINT('',(9.78047735567553,-10.83984606418,40.));
#2997=CARTESIAN_POINT('',(9.78047735582718,-12.9605180256967,40.));
#2998=CARTESIAN_POINT('',(-17.35,0.,40.));
#2999=CARTESIAN_POINT('',(-19.3,0.,40.));
#3000=CARTESIAN_POINT('',(17.35,0.,40.));
#3001=CARTESIAN_POINT('',(15.4,0.,40.));
#3002=CARTESIAN_POINT('',(49.2,0.,1.73472347597681E-15));
#3003=CARTESIAN_POINT('',(0.,0.,1.73472347597681E-15));
#3004=CARTESIAN_POINT('',(29.6,0.,1.73472347597681E-15));
#3005=CARTESIAN_POINT('',(0.,0.,1.73472347597681E-15));
#3006=CARTESIAN_POINT('',(48.8,0.,1.73472347597681E-15));
#3007=CARTESIAN_POINT('',(41.,0.,1.73472347597681E-15));
#3008=CARTESIAN_POINT('',(47.6,0.,1.73472347597681E-15));
#3009=CARTESIAN_POINT('',(-3.49655200626575E-15,-41.,1.73472347597681E-15));
#3010=CARTESIAN_POINT('',(6.59999999999999,-41.,1.73472347597681E-15));
#3011=CARTESIAN_POINT('',(-41.,0.,1.73472347597681E-15));
#3012=CARTESIAN_POINT('',(-34.4,0.,1.73472347597681E-15));
#3013=CARTESIAN_POINT('',(0.,41.,1.73472347597681E-15));
#3014=CARTESIAN_POINT('',(6.6,41.,1.73472347597681E-15));
#3015=CARTESIAN_POINT('',(0.,0.,18.));
#3016=CARTESIAN_POINT('',(0.,0.,15.));
#3017=CARTESIAN_POINT('',(-27.2,0.,15.));
#3018=CARTESIAN_POINT('',(27.2,0.,15.));
#3019=CARTESIAN_POINT('',(0.,0.,15.));
#3020=CARTESIAN_POINT('',(-48.8,0.,15.));
#3021=CARTESIAN_POINT('',(0.,0.,0.));
#3022=CARTESIAN_POINT('',(0.,0.,0.400000000000002));
#3023=CARTESIAN_POINT('',(49.2,0.,0.400000000000002));
#3024=CARTESIAN_POINT('',(0.,0.,14.6));
#3025=CARTESIAN_POINT('',(-49.2,0.,14.6));
#3026=CARTESIAN_POINT('',(17.35,0.,40.));
#3027=CARTESIAN_POINT('',(17.35,0.,41.9425184053937));
#3028=CARTESIAN_POINT('',(15.7425184053937,0.,41.9425184053937));
#3029=CARTESIAN_POINT('',(17.35,0.,42.));
#3030=CARTESIAN_POINT('',(17.35,0.,42.));
#3031=CARTESIAN_POINT('',(15.8,0.,42.));
#3032=CARTESIAN_POINT('',(-17.35,0.,40.));
#3033=CARTESIAN_POINT('',(-17.35,0.,41.9425184053937));
#3034=CARTESIAN_POINT('',(-15.7425184053937,0.,41.9425184053937));
#3035=CARTESIAN_POINT('',(-17.35,0.,42.));
#3036=CARTESIAN_POINT('',(-17.35,0.,42.));
#3037=CARTESIAN_POINT('',(-15.8,0.,42.));
#3038=CARTESIAN_POINT('',(0.,41.,1.));
#3039=CARTESIAN_POINT('',(0.,41.,0.600000000000002));
#3040=CARTESIAN_POINT('',(6.,41.,0.600000000000002));
#3041=CARTESIAN_POINT('',(0.,41.,1.));
#3042=CARTESIAN_POINT('',(6.,41.,1.));
#3043=CARTESIAN_POINT('',(0.,41.,1.));
#3044=CARTESIAN_POINT('',(-3.49655200626575E-15,-41.,1.));
#3045=CARTESIAN_POINT('',(-3.49655200626575E-15,-41.,0.600000000000002));
#3046=CARTESIAN_POINT('',(6.,-41.,0.600000000000002));
#3047=CARTESIAN_POINT('',(-3.49655200626575E-15,-41.,1.));
#3048=CARTESIAN_POINT('',(-6.,-41.,1.));
#3049=CARTESIAN_POINT('',(-3.49655200626575E-15,-41.,1.));
#3050=CARTESIAN_POINT('',(-41.,0.,1.));
#3051=CARTESIAN_POINT('',(-41.,0.,0.600000000000002));
#3052=CARTESIAN_POINT('',(-35.,0.,0.600000000000002));
#3053=CARTESIAN_POINT('',(-41.,0.,1.));
#3054=CARTESIAN_POINT('',(-41.,6.,1.));
#3055=CARTESIAN_POINT('',(-41.,0.,1.));
#3056=CARTESIAN_POINT('',(41.,0.,1.));
#3057=CARTESIAN_POINT('',(41.,0.,0.600000000000002));
#3058=CARTESIAN_POINT('',(47.,0.,0.600000000000002));
#3059=CARTESIAN_POINT('',(41.,0.,1.));
#3060=CARTESIAN_POINT('',(41.,-6.,1.));
#3061=CARTESIAN_POINT('',(41.,0.,1.));
#3062=CARTESIAN_POINT('',(41.,0.,1.73472347597681E-15));
#3063=CARTESIAN_POINT('',(-3.49655200626575E-15,-41.,1.73472347597681E-15));
#3064=CARTESIAN_POINT('',(-41.,0.,1.73472347597681E-15));
#3065=CARTESIAN_POINT('',(0.,41.,0.600000000000002));
#3066=CARTESIAN_POINT('',(-3.5,-54.12,36.));
#3067=CARTESIAN_POINT('',(-3.5,-54.12,39.6));
#3068=CARTESIAN_POINT('',(-3.5,-17.7,39.6));
#3069=CARTESIAN_POINT('',(-3.5,-23.5489039415168,39.6));
#3070=CARTESIAN_POINT('',(-3.5,-23.5489039415168,36.));
#3071=CARTESIAN_POINT('',(-3.5,-23.5489039415168,35.9924197605634));
#3072=CARTESIAN_POINT('',(-3.5,-23.5489039415168,35.9924197605634));
#3073=CARTESIAN_POINT('',(-3.5,-23.5463494350868,35.9949465115351));
#3074=CARTESIAN_POINT('',(-3.5,-23.5437949242142,35.9974732580154));
#3075=CARTESIAN_POINT('',(-3.5,-23.5412404088947,36.));
#3076=CARTESIAN_POINT('',(-3.5,-23.5412404088947,36.));
#3077=CARTESIAN_POINT('',(-3.5,-54.12,36.));
#3078=CARTESIAN_POINT('',(-3.5,-17.7,36.));
#3079=CARTESIAN_POINT('',(-3.5,-17.7,40.));
#3080=CARTESIAN_POINT('',(3.5,-54.12,40.));
#3081=CARTESIAN_POINT('',(3.5,-54.12,39.6));
#3082=CARTESIAN_POINT('',(3.5,-23.5489039415168,39.6));
#3083=CARTESIAN_POINT('',(3.5,-17.7,39.6));
#3084=CARTESIAN_POINT('',(3.5,-17.7,36.));
#3085=CARTESIAN_POINT('',(3.5,-17.7,36.));
#3086=CARTESIAN_POINT('',(3.5,-54.12,36.));
#3087=CARTESIAN_POINT('',(3.5,-23.5412404088947,36.));
#3088=CARTESIAN_POINT('',(3.5,-23.5412404088947,36.));
#3089=CARTESIAN_POINT('',(3.5,-23.5437949242142,35.9974732580154));
#3090=CARTESIAN_POINT('',(3.5,-23.5463494350868,35.9949465115351));
#3091=CARTESIAN_POINT('',(3.5,-23.5489039415168,35.9924197605634));
#3092=CARTESIAN_POINT('',(3.5,-23.5489039415168,35.9924197605634));
#3093=CARTESIAN_POINT('',(3.5,-23.5489039415168,40.));
#3094=CARTESIAN_POINT('',(3.5,-54.12,36.));
#3095=CARTESIAN_POINT('',(0.,0.,36.));
#3096=CARTESIAN_POINT('',(-3.5,-17.7,36.));
#3097=CARTESIAN_POINT('',(7.4782112638737,-23.0155676943428,29.));
#3098=CARTESIAN_POINT('',(8.38250961404568,-25.7987118393619,29.));
#3099=CARTESIAN_POINT('',(8.38250961404568,-25.7987118393619,33.6));
#3100=CARTESIAN_POINT('',(8.38250961404568,-25.7987118393619,29.4));
#3101=CARTESIAN_POINT('',(7.47821126387367,-23.0155676943427,29.4));
#3102=CARTESIAN_POINT('',(7.4782112638737,-23.0155676943428,33.6));
#3103=CARTESIAN_POINT('',(0.,0.,29.));
#3104=CARTESIAN_POINT('',(-6.05497307703393,-28.565316400075,29.));
#3105=CARTESIAN_POINT('',(-6.05497307703393,-28.565316400075,33.6));
#3106=CARTESIAN_POINT('',(-6.05497307703393,-28.565316400075,29.4));
#3107=CARTESIAN_POINT('',(0.,0.,29.4));
#3108=CARTESIAN_POINT('',(6.9568963300918,-28.3591536095906,29.4));
#3109=CARTESIAN_POINT('',(6.9568963300918,-28.3591536095906,29.));
#3110=CARTESIAN_POINT('',(6.9568963300918,-28.3591536095906,33.6));
#3111=CARTESIAN_POINT('',(0.,0.,33.6));
#3112=CARTESIAN_POINT('',(-7.06411935185945,-28.332635207172,29.));
#3113=CARTESIAN_POINT('',(-6.57582696322902,-26.3742014049652,29.));
#3114=CARTESIAN_POINT('',(-6.57582696322902,-26.3742014049652,33.6));
#3115=CARTESIAN_POINT('',(-6.57582696322902,-26.3742014049652,29.4));
#3116=CARTESIAN_POINT('',(-6.8179067116277,-27.3451302441869,29.4));
#3117=CARTESIAN_POINT('',(-6.8179067116277,-27.3451302441869,29.4));
#3118=CARTESIAN_POINT('',(-6.8179067116277,-27.3451302441869,29.));
#3119=CARTESIAN_POINT('',(-6.8179067116277,-27.3451302441869,33.6));
#3120=CARTESIAN_POINT('',(-7.06411935185945,-28.332635207172,33.6));
#3121=CARTESIAN_POINT('',(0.,0.,29.));
#3122=CARTESIAN_POINT('',(5.32456165860119,-25.6532462496222,29.));
#3123=CARTESIAN_POINT('',(5.32456165860119,-25.6532462496222,33.6));
#3124=CARTESIAN_POINT('',(5.32456165860119,-25.6532462496222,29.4));
#3125=CARTESIAN_POINT('',(0.,0.,29.4));
#3126=CARTESIAN_POINT('',(-5.39944552971498,-25.6375893557027,29.4));
#3127=CARTESIAN_POINT('',(-5.39944552971498,-25.6375893557027,29.));
#3128=CARTESIAN_POINT('',(-5.39944552971498,-25.6375893557027,33.6));
#3129=CARTESIAN_POINT('',(0.,0.,33.6));
#3130=CARTESIAN_POINT('',(0.,0.,29.));
#3131=CARTESIAN_POINT('',(0.,0.,29.));
#3132=CARTESIAN_POINT('',(-5.48187981261139,-26.0290029336524,29.));
#3133=CARTESIAN_POINT('',(5.40585267628975,-26.0448988641202,29.));
#3134=CARTESIAN_POINT('',(5.12133411437977,-24.6741147133771,29.));
#3135=CARTESIAN_POINT('',(8.00208700752762,-25.9223186371119,29.));
#3136=CARTESIAN_POINT('',(8.00208700752762,-25.9223186371119,29.));
#3137=CARTESIAN_POINT('',(6.48039658145537,-26.4167458281118,29.));
#3138=CARTESIAN_POINT('',(6.86159638036451,-27.9706720532948,29.));
#3139=CARTESIAN_POINT('',(0.,0.,29.));
#3140=CARTESIAN_POINT('',(-5.97202824036223,-28.1740106959644,29.));
#3141=CARTESIAN_POINT('',(-5.84761098535468,-27.5870521397985,29.));
#3142=CARTESIAN_POINT('',(-6.42978842111849,-27.4418990024315,29.));
#3143=CARTESIAN_POINT('',(-6.18770867271982,-26.4709701632099,29.));
#3144=CARTESIAN_POINT('',(-6.18770867271981,-26.4709701632099,29.));
#3145=CARTESIAN_POINT('',(-5.60553123695601,-26.6161233005769,29.));
#3146=CARTESIAN_POINT('',(0.,0.,34.));
#3147=CARTESIAN_POINT('',(5.12133411437977,-24.6741147133771,34.));
#3148=CARTESIAN_POINT('',(5.40585267628975,-26.0448988641202,34.));
#3149=CARTESIAN_POINT('',(0.,0.,34.));
#3150=CARTESIAN_POINT('',(-5.48187981261139,-26.0290029336524,34.));
#3151=CARTESIAN_POINT('',(-5.60553123695601,-26.6161233005769,34.));
#3152=CARTESIAN_POINT('',(-6.18770867271981,-26.4709701632099,34.));
#3153=CARTESIAN_POINT('',(0.388118290509132,-0.0967687582446306,34.));
#3154=CARTESIAN_POINT('',(-6.42978842111849,-27.4418990024315,34.));
#3155=CARTESIAN_POINT('',(-5.84761098535468,-27.5870521397985,34.));
#3156=CARTESIAN_POINT('',(-5.97202824036223,-28.1740106959644,34.));
#3157=CARTESIAN_POINT('',(0.,0.,34.));
#3158=CARTESIAN_POINT('',(6.86159638036451,-27.9706720532948,34.));
#3159=CARTESIAN_POINT('',(6.48039658145537,-26.4167458281118,34.));
#3160=CARTESIAN_POINT('',(8.00208700752762,-25.9223186371119,34.));
#3161=CARTESIAN_POINT('',(-0.380422606518064,-0.123606797749979,34.));
#3162=CARTESIAN_POINT('',(-7.47821126388917,-23.0155676943904,20.));
#3163=CARTESIAN_POINT('',(-7.47821126388917,-23.0155676943904,20.4));
#3164=CARTESIAN_POINT('',(-8.38250961404568,-25.7987118393619,20.4));
#3165=CARTESIAN_POINT('',(-8.38250961404568,-25.7987118393619,20.));
#3166=CARTESIAN_POINT('',(-8.38250961404568,-25.7987118393619,24.6));
#3167=CARTESIAN_POINT('',(-7.47821126387367,-23.0155676943427,24.6));
#3168=CARTESIAN_POINT('',(0.,0.,20.));
#3169=CARTESIAN_POINT('',(-6.95689633009179,-28.3591536095906,20.));
#3170=CARTESIAN_POINT('',(-6.95689633009179,-28.3591536095906,24.6));
#3171=CARTESIAN_POINT('',(-6.95689633009179,-28.3591536095906,20.4));
#3172=CARTESIAN_POINT('',(0.,0.,20.4));
#3173=CARTESIAN_POINT('',(6.05497307703394,-28.565316400075,20.4));
#3174=CARTESIAN_POINT('',(6.05497307703394,-28.565316400075,20.));
#3175=CARTESIAN_POINT('',(6.05497307703394,-28.565316400075,24.6));
#3176=CARTESIAN_POINT('',(0.,0.,24.6));
#3177=CARTESIAN_POINT('',(7.06411935185945,-28.332635207172,20.));
#3178=CARTESIAN_POINT('',(6.81790671162771,-27.3451302441869,20.));
#3179=CARTESIAN_POINT('',(6.81790671162771,-27.3451302441869,24.6));
#3180=CARTESIAN_POINT('',(6.81790671162771,-27.3451302441869,20.4));
#3181=CARTESIAN_POINT('',(7.06411935185945,-28.332635207172,20.4));
#3182=CARTESIAN_POINT('',(6.57582696322905,-26.3742014049652,20.4));
#3183=CARTESIAN_POINT('',(6.57582696322905,-26.3742014049652,20.));
#3184=CARTESIAN_POINT('',(6.57582696322905,-26.3742014049652,24.6));
#3185=CARTESIAN_POINT('',(6.81790671162771,-27.3451302441869,24.6));
#3186=CARTESIAN_POINT('',(0.,0.,20.));
#3187=CARTESIAN_POINT('',(5.399445529715,-25.6375893557027,20.));
#3188=CARTESIAN_POINT('',(5.399445529715,-25.6375893557027,24.6));
#3189=CARTESIAN_POINT('',(5.399445529715,-25.6375893557027,20.4));
#3190=CARTESIAN_POINT('',(0.,0.,20.4));
#3191=CARTESIAN_POINT('',(-5.32456165860117,-25.6532462496222,20.4));
#3192=CARTESIAN_POINT('',(-5.32456165860117,-25.6532462496222,20.));
#3193=CARTESIAN_POINT('',(-5.32456165860117,-25.6532462496222,24.6));
#3194=CARTESIAN_POINT('',(0.,0.,24.6));
#3195=CARTESIAN_POINT('',(0.,0.,20.));
#3196=CARTESIAN_POINT('',(-5.12133411437975,-24.6741147133771,20.));
#3197=CARTESIAN_POINT('',(-5.40585267628973,-26.0448988641202,20.));
#3198=CARTESIAN_POINT('',(0.,0.,20.));
#3199=CARTESIAN_POINT('',(5.48187981261141,-26.0290029336524,20.));
#3200=CARTESIAN_POINT('',(5.60553123695603,-26.6161233005769,20.));
#3201=CARTESIAN_POINT('',(6.18770867271984,-26.4709701632099,20.));
#3202=CARTESIAN_POINT('',(-0.388118290508702,-0.0967687582445169,20.));
#3203=CARTESIAN_POINT('',(6.42978842111851,-27.4418990024315,20.));
#3204=CARTESIAN_POINT('',(5.84761098535469,-27.5870521397985,20.));
#3205=CARTESIAN_POINT('',(5.97202824036224,-28.1740106959644,20.));
#3206=CARTESIAN_POINT('',(0.,0.,20.));
#3207=CARTESIAN_POINT('',(-6.86159638036451,-27.9706720532948,20.));
#3208=CARTESIAN_POINT('',(-6.48039658145537,-26.4167458281118,20.));
#3209=CARTESIAN_POINT('',(-8.00208700752762,-25.9223186371119,20.));
#3210=CARTESIAN_POINT('',(0.380422606518056,-0.123606797749976,20.));
#3211=CARTESIAN_POINT('',(0.,0.,25.));
#3212=CARTESIAN_POINT('',(0.,0.,25.));
#3213=CARTESIAN_POINT('',(5.48187981261141,-26.0290029336524,25.));
#3214=CARTESIAN_POINT('',(-5.40585267628973,-26.0448988641202,25.));
#3215=CARTESIAN_POINT('',(-5.12133411437975,-24.6741147133771,25.));
#3216=CARTESIAN_POINT('',(-8.00208700752762,-25.9223186371119,25.));
#3217=CARTESIAN_POINT('',(-8.00208700752762,-25.9223186371119,25.));
#3218=CARTESIAN_POINT('',(-6.48039658145537,-26.4167458281118,25.));
#3219=CARTESIAN_POINT('',(-6.86159638036451,-27.9706720532948,25.));
#3220=CARTESIAN_POINT('',(0.,0.,25.));
#3221=CARTESIAN_POINT('',(5.97202824036224,-28.1740106959644,25.));
#3222=CARTESIAN_POINT('',(5.84761098535469,-27.5870521397985,25.));
#3223=CARTESIAN_POINT('',(6.42978842111851,-27.4418990024315,25.));
#3224=CARTESIAN_POINT('',(6.18770867271984,-26.4709701632099,25.));
#3225=CARTESIAN_POINT('',(6.18770867271984,-26.4709701632099,25.));
#3226=CARTESIAN_POINT('',(5.60553123695603,-26.6161233005769,25.));
#3227=CARTESIAN_POINT('',(0.,0.,11.));
#3228=CARTESIAN_POINT('',(-19.35,0.,11.));
#3229=CARTESIAN_POINT('',(-20.45,0.,11.));
#3230=CARTESIAN_POINT('',(19.35,0.,11.));
#3231=CARTESIAN_POINT('',(18.25,0.,11.));
#3232=CARTESIAN_POINT('',(0.,0.,11.));
#3233=CARTESIAN_POINT('',(29.2,3.57596865351027E-15,11.));
#3234=CARTESIAN_POINT('',(11.8607439987558,-5.16586300996825,11.));
#3235=CARTESIAN_POINT('',(0.,0.,11.));
#3236=CARTESIAN_POINT('',(-11.8607439987558,-5.16586300996825,11.));
#3237=CARTESIAN_POINT('',(0.,0.,11.));
#3238=CARTESIAN_POINT('',(0.,0.,0.400000000000001));
#3239=CARTESIAN_POINT('',(29.2,0.,0.400000000000001));
#3240=CARTESIAN_POINT('',(19.35,0.,12.));
#3241=CARTESIAN_POINT('',(19.35,0.,12.));
#3242=CARTESIAN_POINT('',(20.45,0.,12.));
#3243=CARTESIAN_POINT('',(19.35,0.,13.1));
#3244=CARTESIAN_POINT('',(19.35,0.,0.));
#3245=CARTESIAN_POINT('',(-19.35,0.,12.));
#3246=CARTESIAN_POINT('',(-19.35,0.,12.));
#3247=CARTESIAN_POINT('',(-18.25,0.,12.));
#3248=CARTESIAN_POINT('',(-19.35,0.,13.1));
#3249=CARTESIAN_POINT('',(-19.35,0.,0.));
#3250=CARTESIAN_POINT('',(17.35,0.,41.6));
#3251=CARTESIAN_POINT('',(-17.35,0.,42.));
#3252=CARTESIAN_POINT('',(0.,0.,0.400000000000001));
#3253=CARTESIAN_POINT('',(0.,0.,1.73472347597681E-15));
#3254=CARTESIAN_POINT('',(0.,0.,14.6));
#3255=CARTESIAN_POINT('',(-7.55,-15.0632665831476,46.2));
#3256=CARTESIAN_POINT('',(-7.69643818846618,-14.7270466985538,39.6));
#3257=CARTESIAN_POINT('',(-7.55,-14.6632665831476,39.6));
#3258=CARTESIAN_POINT('',(-7.55,-17.3,39.6));
#3259=CARTESIAN_POINT('',(-7.95,-14.8374837489683,40.));
#3260=CARTESIAN_POINT('',(-3.89478557554437,-23.8845273204334,0.));
#3261=CARTESIAN_POINT('',(-3.89478557554437,-23.8845273204334,35.6));
#3262=CARTESIAN_POINT('',(-3.76347891961587,-23.7728981569915,35.7313066558552));
#3263=CARTESIAN_POINT('',(-3.63188978620156,-23.6610288478752,35.8621237427367));
#3264=CARTESIAN_POINT('',(-3.5,-23.5489039415168,35.9924197605634));
#3265=CARTESIAN_POINT('',(-3.89478557554437,-23.8845273204334,39.6));
#3266=CARTESIAN_POINT('',(-7.95,-14.8374837489683,40.));
#3267=CARTESIAN_POINT('',(-7.95,-14.8374837489683,40.));
#3268=CARTESIAN_POINT('',(-3.9,0.,40.));
#3269=CARTESIAN_POINT('',(-3.9,-17.7,40.));
#3270=CARTESIAN_POINT('',(-3.66519302952344,-23.5197407230581,39.7651930295234));
#3271=CARTESIAN_POINT('',(-7.55,-17.3,39.6));
#3272=CARTESIAN_POINT('',(-3.9,-17.7,40.));
#3273=CARTESIAN_POINT('',(-9.38047735582719,-12.9605180257253,39.6));
#3274=CARTESIAN_POINT('',(-9.38047735582719,-12.9605180257253,39.6));
#3275=CARTESIAN_POINT('',(-3.89478557554437,-23.8845273204334,39.6));
#3276=CARTESIAN_POINT('',(-3.9,-23.4782878421745,40.));
#3277=CARTESIAN_POINT('',(-3.89829737659518,-23.6137160164288,39.8666814526973));
#3278=CARTESIAN_POINT('',(-3.89655874359473,-23.7491289680664,39.7333479147482));
#3279=CARTESIAN_POINT('',(-3.89478557554437,-23.8845273204334,39.6));
#3280=CARTESIAN_POINT('',(0.,0.,35.6));
#3281=CARTESIAN_POINT('',(3.89478557554435,-23.8845273204334,35.6));
#3282=CARTESIAN_POINT('',(3.76347891961586,-23.7728981569915,35.7313066558552));
#3283=CARTESIAN_POINT('',(3.63188978620156,-23.6610288478752,35.8621237427367));
#3284=CARTESIAN_POINT('',(3.5,-23.5489039415168,35.9924197605634));
#3285=CARTESIAN_POINT('',(-3.9,-17.7,40.));
#3286=CARTESIAN_POINT('',(-3.7,-17.5,39.6));
#3287=CARTESIAN_POINT('',(-9.67330924658688,-10.3955321277892,0.));
#3288=CARTESIAN_POINT('',(-9.5277542144786,-10.7297988350189,39.6));
#3289=CARTESIAN_POINT('',(-9.67330924658688,-10.3955321277892,11.4));
#3290=CARTESIAN_POINT('',(-9.57495143239216,-10.6214105615676,11.3016421857384));
#3291=CARTESIAN_POINT('',(-9.47736759755976,-10.8455115539951,11.198674012603));
#3292=CARTESIAN_POINT('',(-9.38047735569185,-11.0680197122001,11.0915743178348));
#3293=CARTESIAN_POINT('',(-9.3804773556627,-10.66051802587,39.6));
#3294=CARTESIAN_POINT('',(-9.78047735567553,-10.83984606418,40.));
#3295=CARTESIAN_POINT('',(0.,0.,39.6));
#3296=CARTESIAN_POINT('',(3.89478557554435,-23.8845273204334,39.6));
#3297=CARTESIAN_POINT('',(3.89655874359472,-23.7491289680664,39.7333479147482));
#3298=CARTESIAN_POINT('',(3.89829737659518,-23.6137160164288,39.8666814526973));
#3299=CARTESIAN_POINT('',(3.9,-23.4782878421745,40.));
#3300=CARTESIAN_POINT('',(3.89478557554435,-23.8845273204334,0.));
#3301=CARTESIAN_POINT('',(3.69734053876475,-23.716671211955,39.6));
#3302=CARTESIAN_POINT('',(-3.5,-17.7,36.));
#3303=CARTESIAN_POINT('',(-3.5,-17.7,36.));
#3304=CARTESIAN_POINT('',(0.,0.,11.));
#3305=CARTESIAN_POINT('',(9.67330924658688,-10.3955321277892,11.4));
#3306=CARTESIAN_POINT('',(9.57495143239216,-10.6214105615676,11.3016421857384));
#3307=CARTESIAN_POINT('',(9.47736759755976,-10.8455115539951,11.198674012603));
#3308=CARTESIAN_POINT('',(9.38047735569185,-11.0680197122001,11.0915743178348));
#3309=CARTESIAN_POINT('',(-9.78047735567553,-10.83984606418,40.));
#3310=CARTESIAN_POINT('',(-9.67330924658688,-10.3955321277892,39.6));
#3311=CARTESIAN_POINT('',(-9.70830882810865,-10.544320646198,39.7327674365441));
#3312=CARTESIAN_POINT('',(-9.74406958544952,-10.6923893028082,39.8661305502288));
#3313=CARTESIAN_POINT('',(-9.78047735567552,-10.83984606418,40.));
#3314=CARTESIAN_POINT('',(3.9,-23.4782878421745,40.));
#3315=CARTESIAN_POINT('',(3.9,-23.4782878421745,40.));
#3316=CARTESIAN_POINT('',(3.5,-17.7,36.));
#3317=CARTESIAN_POINT('',(2.16666666666666,-19.0333333333333,37.3333333333333));
#3318=CARTESIAN_POINT('',(9.38047735569185,-11.0680197122001,0.));
#3319=CARTESIAN_POINT('',(9.67330924658688,-10.3955321277892,39.6));
#3320=CARTESIAN_POINT('',(0.,0.,40.));
#3321=CARTESIAN_POINT('',(9.78047735567553,-10.83984606418,40.));
#3322=CARTESIAN_POINT('',(9.74406958544953,-10.6923893028082,39.8661305502288));
#3323=CARTESIAN_POINT('',(9.70830882810864,-10.5443206461981,39.7327674365441));
#3324=CARTESIAN_POINT('',(9.67330924658687,-10.3955321277892,39.6));
#3325=CARTESIAN_POINT('',(3.5,-54.12,39.6));
#3326=CARTESIAN_POINT('',(3.9,-17.7,40.));
#3327=CARTESIAN_POINT('',(3.5,-17.7,40.));
#3328=CARTESIAN_POINT('',(3.7,-17.5,39.6));
#3329=CARTESIAN_POINT('',(9.67330924658688,-10.3955321277892,39.6));
#3330=CARTESIAN_POINT('',(9.67137061447974,-10.9020842720881,39.8908932587998));
#3331=CARTESIAN_POINT('',(3.9,-17.7,40.));
#3332=CARTESIAN_POINT('',(3.9,-17.7,40.));
#3333=CARTESIAN_POINT('',(9.38047735582719,-12.9605180257253,39.6));
#3334=CARTESIAN_POINT('',(9.38047735582719,-12.9605180257253,39.6));
#3335=CARTESIAN_POINT('',(-7.55,-17.3,39.6));
#3336=CARTESIAN_POINT('',(7.55,-17.3,39.6));
#3337=CARTESIAN_POINT('',(7.55,-14.6632665831476,39.6));
#3338=CARTESIAN_POINT('',(7.84287637693235,-14.3908268139601,39.6));
#3339=CARTESIAN_POINT('',(7.55,-17.3,39.6));
#3340=CARTESIAN_POINT('',(7.84001826386237,-14.8995637192011,39.8900182638624));
#3341=CARTESIAN_POINT('',(7.84287637693235,-14.3908268139601,39.6));
#3342=CARTESIAN_POINT('',(7.84287637693235,-14.3908268139601,39.6));
#3343=CARTESIAN_POINT('',(7.84287637693235,-14.3908268139601,46.2));
#3344=CARTESIAN_POINT('',(-5.84761098535468,-27.5870521397985,29.));
#3345=CARTESIAN_POINT('',(-5.84761098535468,-27.5870521397985,29.4));
#3346=CARTESIAN_POINT('',(-5.84761098535468,-27.5870521397985,33.6));
#3347=CARTESIAN_POINT('',(-5.60553123695601,-26.6161233005769,29.));
#3348=CARTESIAN_POINT('',(-5.60553123695601,-26.6161233005769,29.4));
#3349=CARTESIAN_POINT('',(-5.60553123695601,-26.6161233005769,33.6));
#3350=CARTESIAN_POINT('',(5.60553123695603,-26.6161233005769,20.));
#3351=CARTESIAN_POINT('',(5.60553123695603,-26.6161233005769,20.4));
#3352=CARTESIAN_POINT('',(5.60553123695603,-26.6161233005769,24.6));
#3353=CARTESIAN_POINT('',(5.84761098535469,-27.5870521397985,20.));
#3354=CARTESIAN_POINT('',(5.84761098535469,-27.5870521397985,20.4));
#3355=CARTESIAN_POINT('',(5.84761098535469,-27.5870521397985,24.6));
#3356=CARTESIAN_POINT('',(-5.12133411437975,-24.6741147133771,20.));
#3357=CARTESIAN_POINT('',(-5.12133411437975,-24.6741147133771,20.4));
#3358=CARTESIAN_POINT('',(-5.12133411437975,-24.6741147133771,24.6));
#3359=CARTESIAN_POINT('',(5.12133411437977,-24.6741147133771,0.));
#3360=CARTESIAN_POINT('',(5.12133411437977,-24.6741147133771,29.4));
#3361=CARTESIAN_POINT('',(5.12133411437977,-24.6741147133771,33.6));
#3362=CARTESIAN_POINT('',(-6.48039658145537,-26.4167458281118,20.));
#3363=CARTESIAN_POINT('',(-6.48039658145537,-26.4167458281118,20.4));
#3364=CARTESIAN_POINT('',(-6.48039658145537,-26.4167458281118,24.6));
#3365=CARTESIAN_POINT('',(6.48039658145537,-26.4167458281118,29.));
#3366=CARTESIAN_POINT('',(6.48039658145537,-26.4167458281118,29.4));
#3367=CARTESIAN_POINT('',(6.48039658145537,-26.4167458281118,33.6));
#3368=CARTESIAN_POINT('',(-7.47821126388917,-23.0155676943904,20.4));
#3369=CARTESIAN_POINT('',(-8.38250961404568,-25.7987118393619,20.4));
#3370=CARTESIAN_POINT('',(-6.48039658145537,-26.4167458281118,20.));
#3371=CARTESIAN_POINT('',(-6.95689633009179,-28.3591536095906,20.4));
#3372=CARTESIAN_POINT('',(0.,0.,20.4));
#3373=CARTESIAN_POINT('',(6.05497307703394,-28.565316400075,20.4));
#3374=CARTESIAN_POINT('',(5.84761098535469,-27.5870521397985,20.));
#3375=CARTESIAN_POINT('',(6.81790671162771,-27.3451302441869,20.4));
#3376=CARTESIAN_POINT('',(7.06411935185945,-28.332635207172,20.4));
#3377=CARTESIAN_POINT('',(6.57582696322905,-26.3742014049652,20.4));
#3378=CARTESIAN_POINT('',(5.60553123695603,-26.6161233005769,20.));
#3379=CARTESIAN_POINT('',(5.399445529715,-25.6375893557027,20.4));
#3380=CARTESIAN_POINT('',(0.,0.,20.4));
#3381=CARTESIAN_POINT('',(-5.32456165860116,-25.6532462496222,20.4));
#3382=CARTESIAN_POINT('',(-5.12133411437975,-24.6741147133771,20.));
#3383=CARTESIAN_POINT('',(0.380422606518057,-0.123606797749976,25.));
#3384=CARTESIAN_POINT('',(-8.00208700752762,-25.9223186371119,25.));
#3385=CARTESIAN_POINT('',(-6.48039658145537,-26.4167458281118,25.));
#3386=CARTESIAN_POINT('',(-6.86159638036451,-27.9706720532948,25.));
#3387=CARTESIAN_POINT('',(0.,0.,25.));
#3388=CARTESIAN_POINT('',(5.97202824036224,-28.1740106959644,25.));
#3389=CARTESIAN_POINT('',(5.84761098535469,-27.5870521397985,25.));
#3390=CARTESIAN_POINT('',(6.42978842111851,-27.4418990024315,25.));
#3391=CARTESIAN_POINT('',(-0.388118290508703,-0.0967687582445172,25.));
#3392=CARTESIAN_POINT('',(6.18770867271984,-26.4709701632099,25.));
#3393=CARTESIAN_POINT('',(5.60553123695603,-26.6161233005769,25.));
#3394=CARTESIAN_POINT('',(5.48187981261141,-26.0290029336524,25.));
#3395=CARTESIAN_POINT('',(0.,0.,25.));
#3396=CARTESIAN_POINT('',(-5.40585267628973,-26.0448988641202,25.));
#3397=CARTESIAN_POINT('',(-5.12133411437975,-24.6741147133771,25.));
#3398=CARTESIAN_POINT('',(-0.380422606518064,-0.123606797749979,29.));
#3399=CARTESIAN_POINT('',(8.00208700752762,-25.9223186371119,29.));
#3400=CARTESIAN_POINT('',(6.48039658145537,-26.4167458281118,29.));
#3401=CARTESIAN_POINT('',(6.86159638036451,-27.9706720532948,29.));
#3402=CARTESIAN_POINT('',(0.,0.,29.));
#3403=CARTESIAN_POINT('',(-5.97202824036223,-28.1740106959644,29.));
#3404=CARTESIAN_POINT('',(-5.84761098535468,-27.5870521397985,29.));
#3405=CARTESIAN_POINT('',(-6.42978842111849,-27.4418990024315,29.));
#3406=CARTESIAN_POINT('',(0.388118290509133,-0.0967687582446308,29.));
#3407=CARTESIAN_POINT('',(-6.18770867271981,-26.4709701632099,29.));
#3408=CARTESIAN_POINT('',(-5.60553123695601,-26.6161233005769,29.));
#3409=CARTESIAN_POINT('',(-5.48187981261139,-26.0290029336524,29.));
#3410=CARTESIAN_POINT('',(0.,0.,29.));
#3411=CARTESIAN_POINT('',(5.40585267628975,-26.0448988641202,29.));
#3412=CARTESIAN_POINT('',(5.12133411437977,-24.6741147133771,29.));
#3413=CARTESIAN_POINT('',(7.4782112638737,-23.0155676943428,33.6));
#3414=CARTESIAN_POINT('',(8.38250961404568,-25.7987118393619,33.6));
#3415=CARTESIAN_POINT('',(6.48039658145537,-26.4167458281118,34.));
#3416=CARTESIAN_POINT('',(6.9568963300918,-28.3591536095906,33.6));
#3417=CARTESIAN_POINT('',(0.,0.,33.6));
#3418=CARTESIAN_POINT('',(-6.05497307703393,-28.565316400075,33.6));
#3419=CARTESIAN_POINT('',(-5.84761098535468,-27.5870521397985,34.));
#3420=CARTESIAN_POINT('',(-6.8179067116277,-27.3451302441869,33.6));
#3421=CARTESIAN_POINT('',(-7.06411935185945,-28.332635207172,33.6));
#3422=CARTESIAN_POINT('',(-6.57582696322902,-26.3742014049652,33.6));
#3423=CARTESIAN_POINT('',(-5.60553123695601,-26.6161233005769,34.));
#3424=CARTESIAN_POINT('',(-5.39944552971498,-25.6375893557027,33.6));
#3425=CARTESIAN_POINT('',(0.,0.,33.6));
#3426=CARTESIAN_POINT('',(5.32456165860118,-25.6532462496222,33.6));
#3427=CARTESIAN_POINT('',(5.12133411437977,-24.6741147133771,34.));
#3428=CARTESIAN_POINT('',(0.,0.,158.075057983398));
#3429=CARTESIAN_POINT('',(0.,0.,0.));
#3430=CARTESIAN_POINT('',(-39.4125384257752,-39.4125384257752,158.075057983398));
#3431=CARTESIAN_POINT('',(0.,-67.471061706543,21.));
#3432=CARTESIAN_POINT('',(0.,0.,0.));
#3433=CARTESIAN_POINT('',(-16.8224250306222,-16.8224250306222,67.471061706543));
#3434=CARTESIAN_POINT('',(67.471061706543,0.,21.));
#3435=CARTESIAN_POINT('',(0.,0.,0.));
#3436=CARTESIAN_POINT('',(-16.8224250306222,-16.8224250306222,67.471061706543));
#3437=CARTESIAN_POINT('',(0.,67.471061706543,21.));
#3438=CARTESIAN_POINT('',(0.,0.,0.));
#3439=CARTESIAN_POINT('',(-16.8224250306222,-16.8224250306222,67.471061706543));
#3440=CARTESIAN_POINT('',(0.,0.,-158.075057983398));
#3441=CARTESIAN_POINT('',(0.,0.,0.));
#3442=CARTESIAN_POINT('',(-39.4125384257752,-39.4125384257752,158.075057983398));
#3443=CARTESIAN_POINT('',(-67.471061706543,0.,21.));
#3444=CARTESIAN_POINT('',(0.,0.,0.));
#3445=CARTESIAN_POINT('',(-16.8224250306222,-16.8224250306222,67.471061706543));
#3446=CARTESIAN_POINT('',(99.3234558105469,-99.3234558105469,120.323455810547));
#3447=CARTESIAN_POINT('',(0.,0.,0.));
#3448=CARTESIAN_POINT('',(-45.9156533791206,-45.9156533791206,184.157627500172));
#3449=CARTESIAN_POINT('',(99.3045719059355,-80.8181631996162,72.8601214776578));
#3450=CARTESIAN_POINT('',(0.,0.,0.));
#3451=CARTESIAN_POINT('',(-36.4076303042359,-36.4076303042359,146.023029757871));
#3452=MECHANICAL_DESIGN_GEOMETRIC_PRESENTATION_REPRESENTATION('',(#1970),
#3453);
#3453=(
GEOMETRIC_REPRESENTATION_CONTEXT(3)
GLOBAL_UNCERTAINTY_ASSIGNED_CONTEXT((#3454))
GLOBAL_UNIT_ASSIGNED_CONTEXT((#3457,#3456,#3455))
REPRESENTATION_CONTEXT('Supporto','TOP_LEVEL_ASSEMBLY_PART')
);
#3454=UNCERTAINTY_MEASURE_WITH_UNIT(LENGTH_MEASURE(0.0508),#3457,
'DISTANCE_ACCURACY_VALUE','Maximum Tolerance applied to model');
#3455=(
NAMED_UNIT(*)
SI_UNIT($,.STERADIAN.)
SOLID_ANGLE_UNIT()
);
#3456=(
NAMED_UNIT(*)
PLANE_ANGLE_UNIT()
SI_UNIT($,.RADIAN.)
);
#3457=(
LENGTH_UNIT()
NAMED_UNIT(*)
SI_UNIT(.MILLI.,.METRE.)
);
#3458=PRODUCT_DEFINITION_SHAPE('','',#3459);
#3459=PRODUCT_DEFINITION('','',#3461,#3460);
#3460=PRODUCT_DEFINITION_CONTEXT('',#3467,'design');
#3461=PRODUCT_DEFINITION_FORMATION_WITH_SPECIFIED_SOURCE('','',#3463,
 .NOT_KNOWN.);
#3462=PRODUCT_RELATED_PRODUCT_CATEGORY('','',(#3463));
#3463=PRODUCT('Supporto','Supporto','Supporto',(#3465));
#3464=PRODUCT_CATEGORY('','');
#3465=PRODUCT_CONTEXT('',#3467,'mechanical');
#3466=APPLICATION_PROTOCOL_DEFINITION('international standard',
'ap242_managed_model_based_3d_engineering',2020,#3467);
#3467=APPLICATION_CONTEXT('managed model based 3d engineering');
ENDSEC;
END-ISO-10303-21;
